Keyword,Count,Percentage
"worker",9592,83.92
"pre-existing condition",1168,10.22
"pain",1165,10.19
"employer",1159,10.14
"injury",1149,10.05
"shoulder",1059,9.27
"work",1000,8.75
"benefits",889,7.78
"accident",842,7.37
"impairment",818,7.16
"psychotraumatic disability",611,5.35
"knee",592,5.18
"entitlement",504,4.41
"work-related injury",468,4.09
"earnings",393,3.44
"reconsideration",389,3.40
"neck",388,3.39
"return to work",329,2.88
"low",311,2.72
"labour market re-entry",307,2.69
"wrist",292,2.55
"rating",285,2.49
"suitable",283,2.48
"permanent impairment",272,2.38
"symptoms",264,2.31
"time limit",256,2.24
"psychological",240,2.10
"delay",226,1.98
"modified duties",226,1.98
"representative",220,1.92
"ankle",208,1.82
"severity",194,1.70
"rotator cuff",193,1.69
"access",183,1.60
"greater severity than a normal",178,1.56
"hip",174,1.52
"pre-existing conditions",173,1.51
"threshold test",171,1.50
"surgery",171,1.50
"duties",167,1.46
"elbow",167,1.46
"recurrence",164,1.43
"modified work",155,1.36
"information",147,1.29
"work-related injury disease",146,1.28
"noted",135,1.18
"evidence",133,1.16
"proposed resolution",132,1.15
"file",130,1.14
"cost relief",130,1.14
"chronic pain",130,1.14
"time extension",129,1.13
"redetermination",126,1.10
"entitlement to benefits",126,1.10
"significant deterioration",125,1.09
"extension",122,1.07
"hours",121,1.06
"low back pain",120,1.05
"anxiety",117,1.02
"workplace accident",113,0.99
"disc herniation",109,0.95
"concussion",109,0.95
"medical",107,0.94
"indicated that the worker",106,0.93
"loss",103,0.90
"liable to develop a disability",102,0.89
"exposure",102,0.89
"accident employer",98,0.86
"tear",94,0.82
"depression",93,0.81
"report",91,0.80
"bilateral",89,0.78
"request for a time extension",89,0.78
"offset",88,0.77
"rotator cuff tear",84,0.73
"deterioration",84,0.73
"foot",82,0.72
"employment",79,0.69
"find",78,0.68
"headaches",77,0.67
"reconsideration request",76,0.66
"osteoarthritis",76,0.66
"adjournment",76,0.66
"travailleur",75,0.66
"hand",75,0.66
"policy",75,0.66
"health care",74,0.65
"work-related accident",74,0.65
"ear",73,0.64
"compensable",72,0.63
"process",72,0.63
"worker representative",72,0.63
"recovery",72,0.63
"time",71,0.62
"shoulder injury",70,0.61
"exposures",69,0.60
"leg",69,0.60
"disablement",67,0.59
"disability benefits",67,0.59
"modified",66,0.58
"arm",66,0.58
"pre-accident disability",65,0.57
"organic",65,0.57
"low back injury",64,0.56
"find that the worker",64,0.56
"restrictions",61,0.53
"skills",60,0.52
"substantial work-related stressor",60,0.52
"degenerative changes",59,0.52
"thumb",59,0.52
"pre-injury earnings",59,0.52
"pandemic",59,0.52
"workers’ compensation",59,0.52
"enhanced",58,0.51
"carpal tunnel syndrome",57,0.50
"mental stress",57,0.50
"degrees",56,0.49
"job",55,0.48
"lumbar spine",55,0.48
"fibromyalgia",54,0.47
"treatment",54,0.47
"knee injury",53,0.46
"lung cancer",53,0.46
"access to the worker",53,0.46
"worker s representative",51,0.45
"noise",51,0.45
"disc",51,0.45
"released to the employer",51,0.45
"audiogram",49,0.43
"competitively unemployable",49,0.43
"refd",48,0.42
"workplace health and safety",48,0.42
"retroactive adjustment",47,0.41
"moderate",47,0.41
"smoking",47,0.41
"ongoing",47,0.41
"travailleuse",46,0.40
"degenerative",46,0.40
"six-month statutory time limit",46,0.40
"permanent disability",46,0.40
"minimum wage",46,0.40
"meniscal tear",45,0.39
"truck",45,0.39
"long-term average earnings",45,0.39
"cervical spine",44,0.38
"non-compensable conditions",44,0.38
"noise exposure",44,0.38
"entitled to full benefits",44,0.38
"entitlement for psychotraumatic disability",44,0.38
"relief",44,0.38
"reassessment",44,0.38
"degenerative disc disease",44,0.38
"statutory time-limit",44,0.38
"disability",43,0.38
"objection",43,0.38
"tendinosis",43,0.38
"cervical",43,0.38
"stated",43,0.38
"clarification",42,0.37
"initial entitlement",42,0.37
"compensable accident",42,0.37
"original",42,0.37
"pre-accident impairment",42,0.37
"traumatic",42,0.37
"low back strain",41,0.36
"tinnitus",41,0.36
"upper",40,0.35
"harassment",40,0.35
"lock-in date",39,0.34
"appealing",39,0.34
"entry-level wages",39,0.34
"knees",39,0.34
"benefits under the insurance plan",38,0.33
"clinical",38,0.33
"advised that the worker",38,0.33
"incident",37,0.32
"worker from returning to pre-injury",37,0.32
"termination",37,0.32
"upper extremity",36,0.31
"complex integrated cerebral functions",36,0.31
"pre-injury job",35,0.31
"tenosynovitis",35,0.31
"medical marijuana",35,0.31
"layoff",35,0.31
"determined that the worker",35,0.31
"injuries",34,0.30
"physiotherapist",34,0.30
"repetitive",33,0.29
"disruption",33,0.29
"eye",33,0.29
"diagnosis",33,0.29
"noted that the worker",33,0.29
"post-concussion syndrome",33,0.29
"diabetes",32,0.28
"letter",32,0.28
"pre-accident earnings",32,0.28
"indicates that the worker",32,0.28
"loss of earnings",31,0.27
"physiotherapy",31,0.27
"program",31,0.27
"supplementary benefits",31,0.27
"disc bulge",31,0.27
"independent operator",30,0.26
"chronic pain disability",30,0.26
"asbestos",29,0.25
"review",29,0.25
"supraspinatus tendon",29,0.25
"non-economic loss",29,0.25
"expiry",29,0.25
"short-term average earnings",28,0.24
"job duties",28,0.24
"worsening",28,0.24
"adhesive capsulitis",28,0.24
"lateral epicondylitis",28,0.24
"medical cannabis",28,0.24
"psychological impairment",27,0.24
"labral tear",27,0.24
"partial benefits",27,0.24
"lumbar",26,0.23
"obesity",26,0.23
"quantum",26,0.23
"classification",26,0.23
"training",26,0.23
"hour",26,0.23
"medial",26,0.23
"spinal stenosis",26,0.23
"psychological condition",26,0.23
"pre-existing degenerative",25,0.22
"family doctor",25,0.22
"fracture",25,0.22
"full-time hours",25,0.22
"part-time basis",25,0.22
"temporary work disruption",25,0.22
"premises",25,0.22
"re-employment obligation",24,0.21
"clinical notes",24,0.21
"presbycusis",24,0.21
"non-permanent employment",24,0.21
"onset",24,0.21
"six-month time limit",24,0.21
"average earnings",24,0.21
"thoracic spine",24,0.21
"asthma",24,0.21
"reporting",24,0.21
"work-related impairment",23,0.20
"exposure to asbestos",23,0.20
"cashier",23,0.20
"psychotraumatic",23,0.20
"supplement",23,0.20
"shoulder pain",23,0.20
"inguinal hernia",23,0.20
"employability",23,0.20
"tendon",23,0.20
"finds that the worker",23,0.20
"noise intolerance",23,0.20
"non-work-related injuries diseases",23,0.20
"bilateral shoulder",23,0.20
"arising from the above-referenced",23,0.20
"workplace harassment",23,0.20
"motor vehicle accident",22,0.19
"neck pain",22,0.19
"disc protrusion",22,0.19
"finger",22,0.19
"minor",22,0.19
"test for granting a reconsideration",22,0.19
"ability to earn minimum wage",22,0.19
"groin",22,0.19
"assessors",21,0.18
"pre-existing psychological",21,0.18
"personal injury by accident",21,0.18
"dizziness",21,0.18
"clarification request",21,0.18
"cognitive",21,0.18
"pre-existing",21,0.18
"asbestos exposure",21,0.18
"pleural plaques",21,0.18
"recalculation",21,0.18
"strain",21,0.18
"estate",21,0.18
"arrears date",21,0.18
"benefits for psychotraumatic disability",20,0.17
"radiculopathy",20,0.17
"tendinopathy",20,0.17
"personal work-related injury",20,0.17
"nerve root",20,0.17
"documents",20,0.17
"full benefits",20,0.17
"low back condition",20,0.17
"emotional",20,0.17
"forklift",20,0.17
"silica",20,0.17
"gait",20,0.17
"appeals",20,0.17
"pre-injury duties",20,0.17
"entitled to partial benefits",20,0.17
"merits",19,0.17
"bus",19,0.17
"supraspinatus",19,0.17
"wage",19,0.17
"reimbursement",19,0.17
"grip strength",19,0.17
"lower",19,0.17
"rated",19,0.17
"psycho-vocational assessment",19,0.17
"traumatic brain injury",19,0.17
"redacted",19,0.17
"pre-hearing conference",19,0.17
"videoconference",19,0.17
"chronic mental stress",19,0.17
"labour market",19,0.17
"plan",18,0.16
"pension",18,0.16
"notice",18,0.16
"activity",18,0.16
"neck injury",18,0.16
"executive officer",18,0.16
"sensorineural hearing loss",18,0.16
"worker s pre-existing",18,0.16
"wage loss",18,0.16
"full-time basis",18,0.16
"transferable skills",18,0.16
"request for reconsideration",18,0.16
"work-related injuries",18,0.16
"tears",17,0.15
"time limit to object",17,0.15
"worker is entitled to partial",17,0.15
"wrist injury",17,0.15
"functional abilities",17,0.15
"permanent",17,0.15
"walk-in clinic",17,0.15
"plantar fasciitis",17,0.15
"safe return to work",17,0.15
"vision",17,0.15
"ladder",17,0.15
"teeth",17,0.15
"impairments",17,0.15
"severely impaired",17,0.15
"jurisdiction",17,0.15
"downside risk",17,0.15
"forearm",17,0.15
"traumatic mental stress",17,0.15
"pre-existing degenerative changes",17,0.15
"sequential",17,0.15
"suitable employment",17,0.15
"pre-existing psychological condition",17,0.15
"relevance",17,0.15
"shoulders",16,0.14
"work accident",16,0.14
"sensorineural",16,0.14
"student",16,0.14
"prolonged",16,0.14
"occupational",16,0.14
"dependent contractor",16,0.14
"knee pain",16,0.14
"minutes",16,0.14
"ulnar nerve",16,0.14
"workplace",16,0.14
"hernia",16,0.14
"course",16,0.14
"condition",16,0.14
"ongoing entitlement",16,0.14
"panic attacks",16,0.14
"stenosis",16,0.14
"worker is competitively unemployable",16,0.14
"entry-level wage",16,0.14
"submitted that the worker",16,0.14
"parking lot",15,0.13
"firefighter",15,0.13
"error",15,0.13
"annular tear",15,0.13
"prejudicial",15,0.13
"supervisor",15,0.13
"co-worker",15,0.13
"chondromalacia",15,0.13
"date",15,0.13
"wrists",15,0.13
"submitted",15,0.13
"moderate pre-existing condition",15,0.13
"post-traumatic stress disorder",15,0.13
"dust",15,0.13
"worker is entitled to full",15,0.13
"antalgic gait",15,0.13
"customer service",15,0.13
"time limit extension",15,0.13
"responder",15,0.13
"epicondylitis",15,0.13
"dispatcher",15,0.13
"rotator cuff tears",15,0.13
"carpal tunnel",15,0.13
"worker is entitled",15,0.13
"exposure to benzene",15,0.13
"prior to the expiry",15,0.13
"infection",14,0.12
"hands",14,0.12
"doctor",14,0.12
"walking",14,0.12
"entry level wages",14,0.12
"six-month statutory",14,0.12
"thoracic",14,0.12
"dental",14,0.12
"ulnar neuropathy",14,0.12
"shoulder rotator cuff tear",14,0.12
"ulnar",14,0.12
"dispute",14,0.12
"receptionist",14,0.12
"disease",14,0.12
"cancer",14,0.12
"business",14,0.12
"spine",14,0.12
"chest",14,0.12
"post-concussive syndrome",14,0.12
"trigger finger",14,0.12
"ultrasound",14,0.12
"death",14,0.12
"compression fracture",14,0.12
"fall",14,0.12
"reported",14,0.12
"stroke",13,0.11
"ankle injury",13,0.11
"elemental",13,0.11
"respiratory",13,0.11
"granting a time extension",13,0.11
"meniscus",13,0.11
"slip",13,0.11
"full thickness tear",13,0.11
"disfigurement",13,0.11
"mild",13,0.11
"worker s pre-existing condition",13,0.11
"calcific tendonitis",13,0.11
"chiropractor",13,0.11
"marked life disruption",13,0.11
"application",13,0.11
"significant contributing factor",13,0.11
"full-time employment",13,0.11
"entitled to benefits",13,0.11
"sciatica",13,0.11
"driving",13,0.11
"suitability",13,0.11
"part-time work",13,0.11
"modified work duties",13,0.11
"damages",13,0.11
"inactive status",13,0.11
"statutory appeal time limit",13,0.11
"intertwined",12,0.10
"video",12,0.10
"arguable case on the merits",12,0.10
"acromion",12,0.10
"rheumatoid arthritis",12,0.10
"suitable occupation",12,0.10
"long-term earnings basis",12,0.10
"bilateral knee",12,0.10
"cubital tunnel syndrome",12,0.10
"elbow injury",12,0.10
"occupational asthma",12,0.10
"boxes",12,0.10
"earnings basis",12,0.10
"inactive",12,0.10
"teleconference",12,0.10
"bullying",12,0.10
"amputation",12,0.10
"bursitis",12,0.10
"retirement",12,0.10
"concussions",12,0.10
"period expires",12,0.10
"partial thickness tear",12,0.10
"work-related stressor",12,0.10
"entitled to claim benefits",12,0.10
"residents",12,0.10
"spouse",12,0.10
"index finger",12,0.10
"agenda",12,0.10
"cane",12,0.10
"redactions",12,0.10
"occupational exposures",12,0.10
"email",12,0.10
"entitlement to full benefits",12,0.10
"returning to pre-injury employment",11,0.10
"secondary",11,0.10
"lifting",11,0.10
"suitable for the worker",11,0.10
"reports",11,0.10
"worker stated",11,0.10
"retail",11,0.10
"coverage",11,0.10
"chance event",11,0.10
"found that the worker",11,0.10
"worker s file",11,0.10
"exceptional circumstances",11,0.10
"transferrable skills",11,0.10
"attend",11,0.10
"retroactive",11,0.10
"spondylolisthesis",11,0.10
"disorder",11,0.10
"comité",11,0.10
"psychomotor retardation",11,0.10
"arrears",11,0.10
"regular duties",11,0.10
"lower extremity",11,0.10
"machine",11,0.10
"knee condition",11,0.10
"object",11,0.10
"meniscal tears",11,0.10
"assessment",11,0.10
"constructive dismissal",11,0.10
"causation",11,0.10
"materials",11,0.10
"pre-existing non-compensable",11,0.10
"gradual onset",11,0.10
"care",11,0.10
"neuropathic pain",11,0.10
"osteoporosis",11,0.10
"worker has entitlement",11,0.10
"thigh",11,0.10
"sedentary",11,0.10
"computer",11,0.10
"sensitive",11,0.10
"holistic",11,0.10
"work-related disability",11,0.10
"pre-existing low back condition",11,0.10
"sleep apnea",10,0.09
"épaule droite",10,0.09
"request",10,0.09
"major depressive disorder",10,0.09
"relevant",10,0.09
"frequencies",10,0.09
"fumes",10,0.09
"stated that the worker",10,0.09
"part-time hours",10,0.09
"thresholds",10,0.09
"umbilical hernia",10,0.09
"esophageal cancer",10,0.09
"parts",10,0.09
"debilitating",10,0.09
"assessor",10,0.09
"tooth",10,0.09
"abdominal",10,0.09
"activities",10,0.09
"cardiac",10,0.09
"calculation",10,0.09
"medial meniscal tear",10,0.09
"skin",10,0.09
"worker had a pre-existing condition",10,0.09
"compatibility",10,0.09
"réexamen",10,0.09
"total knee replacement",10,0.09
"six-month time",10,0.09
"ongoing work-related impairment",10,0.09
"asbestosis",10,0.09
"sue",10,0.09
"myofascial pain",10,0.09
"soft tissue",10,0.09
"objectively traumatic",10,0.09
"bilateral carpal tunnel syndrome",10,0.09
"overuse",10,0.09
"interim",10,0.09
"withdraws",10,0.09
"non-compensable condition",10,0.09
"significant temporary deterioration",10,0.09
"incidents",10,0.09
"limp",10,0.09
"closes",10,0.09
"smoking history",10,0.09
"life disruption",10,0.09
"withdrawal",10,0.09
"six-month statutory time-limit for appealing",10,0.09
"study",10,0.09
"withdrawn",10,0.09
"occupational hygienist",10,0.09
"patient",10,0.09
"clinically compatible with the original",10,0.09
"reported that the worker",10,0.09
"placement",9,0.08
"six-month statutory time-limit",9,0.08
"employer s representative",9,0.08
"vocational rehabilitation",9,0.08
"range",9,0.08
"apportionment",9,0.08
"bias",9,0.08
"minor pre-existing condition",9,0.08
"frozen shoulder",9,0.08
"former representative",9,0.08
"arthritis",9,0.08
"pre-existing osteoarthritis",9,0.08
"risk",9,0.08
"medical significance",9,0.08
"marijuana",9,0.08
"worker is entitled to benefits",9,0.08
"work disruption",9,0.08
"migraines",9,0.08
"survivors",9,0.08
"cyst",9,0.08
"non-work-related injuries",9,0.08
"income",9,0.08
"thoracic outlet syndrome",9,0.08
"age",9,0.08
"prostate cancer",9,0.08
"mental health",9,0.08
"pelvis",9,0.08
"entitlement for the right shoulder",9,0.08
"medial meniscus",9,0.08
"exacerbation",9,0.08
"workplace injury",9,0.08
"home",9,0.08
"overpayment",9,0.08
"soft tissue injuries",9,0.08
"participate as amicus curiae",9,0.08
"documentation",9,0.08
"benefit",9,0.08
"ability to earn entry-level wages",9,0.08
"pre-existing asthma",9,0.08
"work-related factors",9,0.08
"shoulder impairment",9,0.08
"oven cleanouts",9,0.08
"appeal allowed in part | workplace health and safety",9,0.08
"meniscal",8,0.07
"recalculation period",8,0.07
"heel",8,0.07
"hips",8,0.07
"clinical compatibility",8,0.07
"knee meniscal tear",8,0.07
"injections",8,0.07
"physician",8,0.07
"pre-existing disability",8,0.07
"non-compensable",8,0.07
"pre-accident state",8,0.07
"jobs",8,0.07
"permanent work disruption",8,0.07
"fingers",8,0.07
"worker reported",8,0.07
"massage therapy",8,0.07
"net business income",8,0.07
"elemental service job",8,0.07
"long-term earnings",8,0.07
"lung",8,0.07
"employer representative",8,0.07
"chondromalacia patella",8,0.07
"orthopaedic surgeon",8,0.07
"coronary artery disease",8,0.07
"pre-existing back condition",8,0.07
"modified work offered",8,0.07
"leukemia",8,0.07
"values",8,0.07
"rotator cuff tendinopathy",8,0.07
"benefits for traumatic mental stress",8,0.07
"shoulder condition",8,0.07
"wife",8,0.07
"interstitial lung disease",8,0.07
"post-concussion symptoms",8,0.07
"vertigo",8,0.07
"predicted",8,0.07
"net average earnings",8,0.07
"procedure",8,0.07
"pattern",8,0.07
"suicidal ideation",8,0.07
"specialty clinic",8,0.07
"academic upgrading",8,0.07
"biceps",8,0.07
"repetitive strain injury",8,0.07
"biceps tendon",8,0.07
"secondary condition",8,0.07
"work-related",8,0.07
"brain injury",8,0.07
"benzene",8,0.07
"elemental service job category",8,0.07
"adjournment request",8,0.07
"chiropractic treatment",8,0.07
"calcific tendinopathy",8,0.07
"stairs",8,0.07
"functional",8,0.07
"strength",8,0.07
"part-time employment",8,0.07
"vehicle",8,0.07
"related to the work-related injury",8,0.07
"motor vehicle",8,0.07
"low back strain sprain",8,0.07
"myocardial infarction",8,0.07
"migrant agricultural workers",8,0.07
"gradual onset disablement",8,0.07
"tha",8,0.07
"fundamental error",8,0.07
"confirms that the worker",8,0.07
"prejudice",8,0.07
"deadline",7,0.06
"cervical radiculopathy",7,0.06
"entitlement for the left shoulder",7,0.06
"correspondence",7,0.06
"employment pattern",7,0.06
"respirable dust",7,0.06
"contract",7,0.06
"x-ray",7,0.06
"psychiatric",7,0.06
"eye injury",7,0.06
"assault",7,0.06
"six-month statutory time-limit for objecting",7,0.06
"douleur",7,0.06
"myofascial pain syndrome",7,0.06
"psoriatic arthritis",7,0.06
"flexion",7,0.06
"welding",7,0.06
"bilateral shoulders",7,0.06
"commissaire aux appels",7,0.06
"compression fractures",7,0.06
"worker had a pre-existing",7,0.06
"pre-accident job",7,0.06
"pulmonary embolism",7,0.06
"window",7,0.06
"ankylosing spondylitis",7,0.06
"overhead",7,0.06
"motorized scooter",7,0.06
"spraying",7,0.06
"mild traumatic brain injury",7,0.06
"audiologist",7,0.06
"ionizing radiation",7,0.06
"long-term care facility",7,0.06
"vocational",7,0.06
"compensable injury",7,0.06
"cart",7,0.06
"experience rating",7,0.06
"security guard",7,0.06
"paramedic",7,0.06
"traumatic events",7,0.06
"taken away",7,0.06
"disc herniations",7,0.06
"format",7,0.06
"re-employment obligations",7,0.06
"mesothelioma",7,0.06
"sarcoidosis",7,0.06
"non-cooperation",7,0.06
"appointments",7,0.06
"occupational noise exposure",7,0.06
"substantial new evidence",7,0.06
"non-organic condition",7,0.06
"hip replacement surgery",7,0.06
"shift",7,0.06
"pulmonary fibrosis",7,0.06
"medial meniscus tear",7,0.06
"market re-entry",7,0.06
"heavy equipment operator",7,0.06
"testimony",7,0.06
"seizures",7,0.06
"reconvened",7,0.06
"dementia",7,0.06
"retraining",7,0.06
"elbows",7,0.06
"unable to return to work",7,0.06
"ability to earn",7,0.06
"outstanding",7,0.06
"deleted",7,0.06
"work duties",7,0.06
"work-related condition",7,0.06
"survivor",7,0.06
"daily living",7,0.06
"greeter",7,0.06
"apprentice",7,0.06
"ribs",7,0.06
"mental stress injury",7,0.06
"mechanical low back pain",7,0.06
"anterolisthesis",7,0.06
"wrongful dismissal",7,0.06
"impairment rating",7,0.06
"work-related low back injury",7,0.06
"lbs",7,0.06
"kidney cancer",7,0.06
"medial femoral condyle",7,0.06
"idiopathic pulmonary fibrosis",7,0.06
"abandoned",7,0.06
"file an on-time",7,0.06
"filing an on-time",7,0.06
"threshold test for granting",7,0.06
"appeal denied",7,0.06
"osteopenia",6,0.05
"colorectal cancer",6,0.05
"crush injury",6,0.05
"employeur",6,0.05
"worker s right shoulder",6,0.05
"sprain strain",6,0.05
"entitled to a redetermination",6,0.05
"totally disabled",6,0.05
"worker s left knee",6,0.05
"earning capacity",6,0.05
"hypertension",6,0.05
"health care measures",6,0.05
"post-concussive",6,0.05
"permanent worsening",6,0.05
"syncope",6,0.05
"sorting",6,0.05
"tendonitis",6,0.05
"low back symptoms",6,0.05
"overcompensation",6,0.05
"scar",6,0.05
"welder",6,0.05
"non-co-operation",6,0.05
"abnormality",6,0.05
"bipolar disorder",6,0.05
"calf",6,0.05
"advisable",6,0.05
"company",6,0.05
"medical reporting",6,0.05
"unemployable",6,0.05
"hospital",6,0.05
"rate",6,0.05
"unable to perform any work",6,0.05
"seasonal",6,0.05
"wrote to the worker",6,0.05
"knee replacement surgery",6,0.05
"temporary total disability benefits",6,0.05
"assistive devices",6,0.05
"nerve",6,0.05
"memo",6,0.05
"herbicide",6,0.05
"avascular necrosis",6,0.05
"psycho-vocational",6,0.05
"truck driver",6,0.05
"statutory time limit",6,0.05
"contributing factor",6,0.05
"health care information",6,0.05
"knee osteoarthritis",6,0.05
"scooter",6,0.05
"bicep",6,0.05
"biceps tenosynovitis",6,0.05
"freezer",6,0.05
"period",6,0.05
"permanent worsening date",6,0.05
"self-represented worker",6,0.05
"mouse",6,0.05
"migraine",6,0.05
"paralegal",6,0.05
"patients",6,0.05
"proceedings",6,0.05
"medications",6,0.05
"describes",6,0.05
"cannabis",6,0.05
"accommodations",6,0.05
"commute",6,0.05
"shifts",6,0.05
"entitlement to partial benefits",6,0.05
"joint",6,0.05
"crane",6,0.05
"bowel",6,0.05
"disc bulges",6,0.05
"opined that the worker",6,0.05
"will",6,0.05
"workplace exposures",6,0.05
"rib",6,0.05
"rubber",6,0.05
"thickness",6,0.05
"foot injury",6,0.05
"pre-injury average earnings",6,0.05
"heart attack",6,0.05
"consciousness",6,0.05
"misstatement",6,0.05
"work-related permanent impairment",6,0.05
"measurements",6,0.05
"stress",6,0.05
"labral",6,0.05
"non-organic",6,0.05
"toe",6,0.05
"occupation",6,0.05
"indemnisable",6,0.05
"concluded that the worker",6,0.05
"trochanteric bursitis",6,0.05
"low back impairment",6,0.05
"mediation",6,0.05
"outcome",6,0.05
"attendant",6,0.05
"compensable low back injury",6,0.05
"trays",6,0.05
"subject to the time limit",6,0.05
"time period",6,0.05
"fire",6,0.05
"occupational disease",6,0.05
"benefits for a psychotraumatic disability",6,0.05
"pre-injury",6,0.05
"request for a time limit",6,0.05
"request for a time",6,0.05
"overtime",6,0.05
"subscapularis",6,0.05
"type acromion",6,0.05
"historic trade-off",6,0.05
"widow",6,0.05
"air quality",6,0.05
"epidemiological",6,0.05
"labour market re-entry plan",6,0.05
"unsuitable",6,0.05
"nurse practitioner",6,0.05
"femur",6,0.05
"representative submitted that the worker",6,0.05
"post-concussive symptoms",6,0.05
"bladder cancer",6,0.05
"mood",6,0.05
"maximum medical recovery",6,0.05
"original injury disease",6,0.05
"renal cell carcinoma",6,0.05
"presumption",6,0.05
"breast cancer",6,0.05
"records",6,0.05
"hip injury",6,0.05
"expert",6,0.05
"gym",6,0.05
"equals",6,0.05
"allergic contact dermatitis",6,0.05
"suitable work",6,0.05
"workstation",6,0.05
"incident exposure",6,0.05
"rib fractures",6,0.05
"worker has an arguable",6,0.05
"entitlement to a redetermination",6,0.05
"offer",6,0.05
"work-relatedness",6,0.05
"vaccine",6,0.05
"beyond the usual healing time",6,0.05
"appeal allowed in part",6,0.05
"entitlement to benefits for psychotraumatic",5,0.04
"worker was self-represented",5,0.04
"bilateral knees",5,0.04
"nurse",5,0.04
"entitlement to medical marijuana",5,0.04
"job placement",5,0.04
"foot drop",5,0.04
"low back sprain strain",5,0.04
"decay",5,0.04
"pinch strength",5,0.04
"worker s pre-injury",5,0.04
"closure",5,0.04
"equipment",5,0.04
"medial epicondylitis",5,0.04
"independent operator status",5,0.04
"exposure to noise",5,0.04
"pre-existing right shoulder",5,0.04
"knee strain",5,0.04
"work part-time",5,0.04
"health care benefits",5,0.04
"wkr",5,0.04
"objecting",5,0.04
"neuropathy",5,0.04
"medical evidence",5,0.04
"pre-existing degenerative disc disease",5,0.04
"lock",5,0.04
"cold",5,0.04
"rotator cuff tendonitis",5,0.04
"aggravation",5,0.04
"bilateral knee osteoarthritis",5,0.04
"work injury",5,0.04
"garbage",5,0.04
"shoulder adhesive capsulitis",5,0.04
"seizure",5,0.04
"wheelchair",5,0.04
"ability to adjudicate",5,0.04
"roofer",5,0.04
"elemental service",5,0.04
"attendant care",5,0.04
"sleep",5,0.04
"laundry",5,0.04
"bottles",5,0.04
"abilities",5,0.04
"gripping",5,0.04
"fractures",5,0.04
"median",5,0.04
"real estate",5,0.04
"opioid",5,0.04
"ankles",5,0.04
"scapholunate",5,0.04
"taxi",5,0.04
"pre-existing depression",5,0.04
"calcific tendinosis",5,0.04
"vocational rehabilitation program",5,0.04
"return-to-work plan",5,0.04
"surveillance",5,0.04
"added peril",5,0.04
"repetitive strain",5,0.04
"bilateral shoulder condition",5,0.04
"pension re-assessment",5,0.04
"finality",5,0.04
"diesel exhaust",5,0.04
"functioning",5,0.04
"cleaning",5,0.04
"wages",5,0.04
"premium",5,0.04
"rotation",5,0.04
"video surveillance",5,0.04
"neurological",5,0.04
"travel",5,0.04
"lay-off",5,0.04
"travel expenses",5,0.04
"ankle impairment",5,0.04
"gun",5,0.04
"decision-making process",5,0.04
"drivers",5,0.04
"resignation",5,0.04
"dog",5,0.04
"pre-existing right shoulder condition",5,0.04
"major pre-existing condition",5,0.04
"benefits for chronic mental stress",5,0.04
"electrocution",5,0.04
"blood pressure",5,0.04
"neck condition",5,0.04
"pre-existing degenerative conditions",5,0.04
"delivery driver",5,0.04
"hematoma",5,0.04
"work-related permanent",5,0.04
"earn entry-level wages",5,0.04
"statutory accident benefits",5,0.04
"worker has entitlement to partial",5,0.04
"strike",5,0.04
"middle finger",5,0.04
"hand wrist",5,0.04
"entitlement for fibromyalgia",5,0.04
"arthroplasty",5,0.04
"interpreter",5,0.04
"fires",5,0.04
"trailer",5,0.04
"explanation for the delay",5,0.04
"suicide",5,0.04
"typing",5,0.04
"bilateral knee condition",5,0.04
"scheduled",5,0.04
"low back strain injury",5,0.04
"functional restrictions",5,0.04
"intervenors",5,0.04
"reclassification",5,0.04
"neck strain",5,0.04
"trapezius",5,0.04
"knee surgery",5,0.04
"nerve root irritation",5,0.04
"light delivery driver",5,0.04
"mechanic",5,0.04
"family physician",5,0.04
"prior",5,0.04
"release",5,0.04
"difference between the pre-accident earnings",5,0.04
"electrician",5,0.04
"drywall",5,0.04
"benefits for a permanent impairment",5,0.04
"concurrent employment",5,0.04
"enhanced due to a pre-existing",5,0.04
"offered by the accident employer",5,0.04
"telemarketer",5,0.04
"pre-existing condition pre-accident disability",5,0.04
"pre-existing degenerative change",5,0.04
"coffee",5,0.04
"syncope episode",5,0.04
"based on a deemed ability",5,0.04
"age-related degeneration",5,0.04
"calcific tendinitis",5,0.04
"childhood",5,0.04
"mild to moderate emotional disturbance",5,0.04
"hamstring",5,0.04
"expenses",5,0.04
"intentional infliction",5,0.04
"knee medial meniscal tear",5,0.04
"lower leg",5,0.04
"stale",5,0.04
"two-month delay",5,0.04
"entitlement for a neck injury",5,0.04
"established for the compensable accident",5,0.04
"somatic symptom disorder",5,0.04
"psychological restrictions",5,0.04
"time-limit extension",5,0.04
"unrepresented",5,0.04
"total knee replacement surgery",5,0.04
"entitlement for a right shoulder",5,0.04
"edition",5,0.04
"working duties",5,0.04
"psychologist",5,0.04
"internally coherent",5,0.04
"ability to work",5,0.04
"appeal denied | workplace health and safety",5,0.04
"appeal denied | evidence",5,0.04
"sief cost relief",5,0.04
"ganglion",4,0.03
"ergonomic",4,0.03
"bundles",4,0.03
"non-compensable surgery",4,0.03
"original vice-chair",4,0.03
"occurred in the course",4,0.03
"subacromial bursitis",4,0.03
"irritant contact dermatitis",4,0.03
"short-term earnings basis",4,0.03
"sprain",4,0.03
"adjudicate",4,0.03
"entitlement for a recurrence",4,0.03
"lateral flexion",4,0.03
"hip pain",4,0.03
"complaints",4,0.03
"threshold",4,0.03
"atrophy",4,0.03
"trailers",4,0.03
"gangrene",4,0.03
"caseworker",4,0.03
"dry mouth",4,0.03
"shipper receiver",4,0.03
"machinery",4,0.03
"ulnar neuritis",4,0.03
"pre-existing condition prolonged",4,0.03
"divisible",4,0.03
"soft tissue injury",4,0.03
"states that the worker",4,0.03
"falls",4,0.03
"identified",4,0.03
"worker s psychological condition",4,0.03
"increase",4,0.03
"nerve root impingement",4,0.03
"brace",4,0.03
"co-workers",4,0.03
"platform",4,0.03
"material handler",4,0.03
"employment with the accident employer",4,0.03
"flare-ups",4,0.03
"negligence",4,0.03
"injury-related wage loss",4,0.03
"bas du dos",4,0.03
"supplément",4,0.03
"entitlement for the left knee",4,0.03
"medical information",4,0.03
"sister",4,0.03
"hardware",4,0.03
"painter",4,0.03
"worker s left shoulder",4,0.03
"worker s request for reconsideration",4,0.03
"osteomyelitis",4,0.03
"tailbone",4,0.03
"disc protrusions",4,0.03
"bilateral shoulder injury",4,0.03
"seat",4,0.03
"post-traumatic osteoarthritis",4,0.03
"disc extrusion",4,0.03
"six-month deadline",4,0.03
"driver",4,0.03
"agreement",4,0.03
"cauda equina syndrome",4,0.03
"metatarsal",4,0.03
"pre",4,0.03
"literacy",4,0.03
"procedural fairness",4,0.03
"wrist fracture",4,0.03
"examination for discovery",4,0.03
"unusual physical exertion",4,0.03
"staff",4,0.03
"medication",4,0.03
"diagnosed",4,0.03
"daughter",4,0.03
"noise-induced hearing loss",4,0.03
"lésion",4,0.03
"offered",4,0.03
"fainted",4,0.03
"confidentiality",4,0.03
"services",4,0.03
"coccyx",4,0.03
"spinal",4,0.03
"déficience",4,0.03
"public transit",4,0.03
"buses",4,0.03
"impingement syndrome",4,0.03
"silicosis",4,0.03
"spirometry",4,0.03
"tools",4,0.03
"trauma",4,0.03
"épaule gauche",4,0.03
"prestations",4,0.03
"ongoing entitlement to benefits",4,0.03
"wrist pain",4,0.03
"bricklayer",4,0.03
"entitled to a non-economic loss",4,0.03
"initial entitlement to benefits",4,0.03
"events",4,0.03
"procedural",4,0.03
"pre-injury employment",4,0.03
"mopping",4,0.03
"nasal",4,0.03
"advised",4,0.03
"sessions",4,0.03
"adjustment",4,0.03
"formulary",4,0.03
"clinic",4,0.03
"stressors",4,0.03
"voluntarily under-employed",4,0.03
"vibration",4,0.03
"meat",4,0.03
"coworker",4,0.03
"sexual dysfunction",4,0.03
"migraine headaches",4,0.03
"pre-existing left knee condition",4,0.03
"audiograms",4,0.03
"facial disfigurement",4,0.03
"work-related psychological condition",4,0.03
"post-injury earnings",4,0.03
"cleaner",4,0.03
"neural foraminal narrowing",4,0.03
"entitlement to psychotraumatic disability",4,0.03
"request to withdraw",4,0.03
"entitlement to medical cannabis",4,0.03
"pain symptoms",4,0.03
"upper extremities",4,0.03
"transferrable",4,0.03
"pre-existing pathology",4,0.03
"box",4,0.03
"work-related right shoulder injury",4,0.03
"bilateral elbow",4,0.03
"subacromial impingement",4,0.03
"challenge",4,0.03
"shoulder surgery",4,0.03
"records that the worker",4,0.03
"impingement",4,0.03
"minimum wage on a part-time",4,0.03
"bending",4,0.03
"father",4,0.03
"compensable psychological impairment",4,0.03
"retroactivity",4,0.03
"work-related stressors",4,0.03
"conductive",4,0.03
"review date",4,0.03
"lumbar strain",4,0.03
"supraspinatus tear",4,0.03
"dump truck",4,0.03
"manager",4,0.03
"firefighting",4,0.03
"plant",4,0.03
"report advised that the worker",4,0.03
"concussion symptoms",4,0.03
"farm",4,0.03
"meralgia paresthetica",4,0.03
"allowance",4,0.03
"median nerve",4,0.03
"swelling",4,0.03
"entitlement for a permanent impairment",4,0.03
"kneeling",4,0.03
"door",4,0.03
"bus driver",4,0.03
"earning minimum wage",4,0.03
"batch",4,0.03
"work-related injuring process",4,0.03
"remain off work",4,0.03
"report noted that the worker",4,0.03
"ring finger",4,0.03
"disturbances",4,0.03
"ability to work part-time hours",4,0.03
"elective",4,0.03
"withdraw",4,0.03
"nose",4,0.03
"stair lift",4,0.03
"isocyanates",4,0.03
"tendinitis",4,0.03
"non-compensable stressors",4,0.03
"teacher",4,0.03
"repetitive strain injuries",4,0.03
"health care providers",4,0.03
"digit",4,0.03
"six-month time limit for appealing",4,0.03
"erectile dysfunction",4,0.03
"regarding",4,0.03
"self-serve gas bar attendant",4,0.03
"client",4,0.03
"post-traumatic headaches",4,0.03
"retinal tear",4,0.03
"roofing",4,0.03
"return to his pre-injury",4,0.03
"conjugal relationship",4,0.03
"nightmares",4,0.03
"pre-existing psychological conditions",4,0.03
"preinjury",4,0.03
"tennis elbow",4,0.03
"work-related neck injury",4,0.03
"scapholunate ligament",4,0.03
"level",4,0.03
"non-work-related conditions",4,0.03
"time extension application",4,0.03
"shoulder injuries",4,0.03
"roughly",4,0.03
"store",4,0.03
"sensory deficit",4,0.03
"production",4,0.03
"post-concussion",4,0.03
"studies",4,0.03
"lateral femoral condyle",4,0.03
"totes",4,0.03
"pre-existing fibromyalgia",4,0.03
"ability to work part-time",4,0.03
"retail salesperson",4,0.03
"withdrawing",4,0.03
"potential downside risk",4,0.03
"adverse",4,0.03
"fight",4,0.03
"thumb injury",4,0.03
"alcohol",4,0.03
"eye cataract",4,0.03
"tendency to avoid anxiety-creating situations",4,0.03
"work-related low",4,0.03
"workplace duties",4,0.03
"general labour market",4,0.03
"bladder",4,0.03
"cortisone injection",4,0.03
"skid",4,0.03
"person would perceive as egregious",4,0.03
"bin",4,0.03
"psychotraumatic disability policy",4,0.03
"laryngeal cancer",4,0.03
"entitlement for a left shoulder",4,0.03
"observers",4,0.03
"entitlement for tinnitus",4,0.03
"ppm",4,0.03
"hip labral tear",4,0.03
"earnings benefits",4,0.03
"reconsideration process",4,0.03
"hour shifts",4,0.03
"inclusive",4,0.03
"practice directive",4,0.03
"adverse reaction",4,0.03
"brain",4,0.03
"non-work-related change",4,0.03
"multiple myeloma",4,0.03
"physical",4,0.03
"severe",4,0.03
"filing",4,0.03
"compensable psychological condition",4,0.03
"cirrhosis",4,0.03
"concussion injury",4,0.03
"relevant non-occupational diagnosis",4,0.03
"worker filed an on-time",4,0.03
"literature",4,0.03
"benefits entitlement",4,0.03
"modified duties offered",4,0.03
"medical reports",4,0.03
"virus",4,0.03
"entitlement denied | workplace health and safety",4,0.03
"full loe benefits awarded | workplace health and safety",4,0.03
"appeal denied | labour and employment",4,0.03
"rubber industry",3,0.03
"tray",3,0.03
"bins",3,0.03
"desk",3,0.03
"psychotraumatic condition",3,0.03
"prorogation",3,0.03
"worker s former representative",3,0.03
"notes",3,0.03
"benefits based on her ability",3,0.03
"full-time",3,0.03
"worker s short-term average earnings",3,0.03
"worker s testimony",3,0.03
"video surveillance evidence",3,0.03
"bilateral plantar fasciitis",3,0.03
"tasks",3,0.03
"carpal boss",3,0.03
"worker s left wrist",3,0.03
"parking lot attendant",3,0.03
"worker s estate",3,0.03
"entitlement to reimbursement",3,0.03
"rib fracture",3,0.03
"customer service representative",3,0.03
"business activity",3,0.03
"website",3,0.03
"ganglion cyst",3,0.03
"orthopedic surgeon",3,0.03
"orthotics",3,0.03
"footwear",3,0.03
"cardboard",3,0.03
"schizophrenia",3,0.03
"scaffold",3,0.03
"xerostomia",3,0.03
"arms",3,0.03
"non-organic conditions",3,0.03
"meniscus tear",3,0.03
"moderate severity",3,0.03
"eye retinal detachment",3,0.03
"lock-in",3,0.03
"machine operator",3,0.03
"individual",3,0.03
"worker s functional abilities",3,0.03
"foreign body",3,0.03
"non-compensable motor vehicle accident",3,0.03
"burn",3,0.03
"indicates the worker",3,0.03
"findings",3,0.03
"production clerk",3,0.03
"pre-existing condition that prolonged",3,0.03
"contact dermatitis",3,0.03
"feet",3,0.03
"reimbursement for medical marijuana",3,0.03
"percentile",3,0.03
"worker s pain",3,0.03
"gradual onset disablement injury",3,0.03
"compartment",3,0.03
"work-related activity",3,0.03
"full-thickness tear",3,0.03
"snow",3,0.03
"post-hearing memorandum",3,0.03
"umbilical",3,0.03
"mail",3,0.03
"upgrading",3,0.03
"limping",3,0.03
"poignet",3,0.03
"expected to cause",3,0.03
"gains",3,0.03
"stenosing tenosynovitis",3,0.03
"compensable low back impairment",3,0.03
"transitional provisions",3,0.03
"motion",3,0.03
"knee as a secondary condition",3,0.03
"meniscectomy",3,0.03
"cement",3,0.03
"hernie discale",3,0.03
"parking",3,0.03
"congenital",3,0.03
"graduated",3,0.03
"rash",3,0.03
"spotter",3,0.03
"pulmonary function",3,0.03
"worker s long-term earnings basis",3,0.03
"time limits",3,0.03
"colon cancer",3,0.03
"gastro-intestinal",3,0.03
"jaw",3,0.03
"cysts",3,0.03
"relevance is outweighed",3,0.03
"pursuing",3,0.03
"psychovocational assessment",3,0.03
"dermatitis",3,0.03
"optional",3,0.03
"peroneal",3,0.03
"lymphoma",3,0.03
"breast reduction surgery",3,0.03
"thyroid cancer",3,0.03
"tendons",3,0.03
"psycho-vocational report",3,0.03
"incontinence",3,0.03
"independent living allowance",3,0.03
"hotel",3,0.03
"food",3,0.03
"urinary tract infection",3,0.03
"shoveling snow",3,0.03
"work placement",3,0.03
"temporary",3,0.03
"funding for medical marijuana",3,0.03
"opioids",3,0.03
"benzene exposure",3,0.03
"solvents",3,0.03
"bakery",3,0.03
"acromioplasty",3,0.03
"facet arthrosis",3,0.03
"hyperacusis",3,0.03
"interest",3,0.03
"audit",3,0.03
"physiotherapy treatment",3,0.03
"massage",3,0.03
"bone conduction values",3,0.03
"foundry",3,0.03
"empyema",3,0.03
"worker s pre-accident",3,0.03
"facsimile",3,0.03
"non-compensable accident",3,0.03
"sternoclavicular joint",3,0.03
"work full-time",3,0.03
"six-month time period",3,0.03
"compensable injuries",3,0.03
"carbon monoxide",3,0.03
"office",3,0.03
"dietary aide",3,0.03
"pharmacy",3,0.03
"olecranon bursitis",3,0.03
"scoliosis",3,0.03
"permanent disability pension",3,0.03
"event",3,0.03
"granted",3,0.03
"significant contribution",3,0.03
"pre-existing impairment",3,0.03
"direct entry",3,0.03
"crane operator",3,0.03
"noise-induced sensorineural hearing loss",3,0.03
"accumulated investment income",3,0.03
"contributions",3,0.03
"janitor",3,0.03
"dysfunction",3,0.03
"ulcerative colitis",3,0.03
"doctrine",3,0.03
"chickens",3,0.03
"temporary partial disability benefits",3,0.03
"text messages",3,0.03
"partner",3,0.03
"bookkeeper",3,0.03
"prescribed rating schedule",3,0.03
"von",3,0.03
"hardware store",3,0.03
"infraspinatus",3,0.03
"trigger point injections",3,0.03
"drug formulary",3,0.03
"bruxism",3,0.03
"one-year-prior time period",3,0.03
"one-month delay",3,0.03
"programme",3,0.03
"inventory",3,0.03
"temporary disability benefits",3,0.03
"numbness",3,0.03
"sheet metal",3,0.03
"chemical",3,0.03
"fainting episode",3,0.03
"category",3,0.03
"temporomandibular joint",3,0.03
"post-traumatic arthritis",3,0.03
"irritable larynx syndrome",3,0.03
"ears",3,0.03
"psychotraumatic disability benefits",3,0.03
"percentage",3,0.03
"based on entry-level wages",3,0.03
"pre-accident",3,0.03
"modified job",3,0.03
"foot stress fracture",3,0.03
"diplopia",3,0.03
"sexual assault",3,0.03
"chiropractic",3,0.03
"intent to object",3,0.03
"custodian",3,0.03
"tibial plateau fracture",3,0.03
"shock",3,0.03
"genou",3,0.03
"abdominal wall",3,0.03
"lower back pain",3,0.03
"return to gainful employment",3,0.03
"ulcer",3,0.03
"texted",3,0.03
"worksite",3,0.03
"neurological deficits",3,0.03
"diesel",3,0.03
"flour",3,0.03
"contemporaneous",3,0.03
"estoppel",3,0.03
"surgeries",3,0.03
"decompression",3,0.03
"pump truck",3,0.03
"long-term average earnings rate",3,0.03
"x-ray report",3,0.03
"respirable",3,0.03
"compulsorily covered",3,0.03
"payroll",3,0.03
"hoist",3,0.03
"travelling",3,0.03
"personal care",3,0.03
"therapy",3,0.03
"jambe gauche",3,0.03
"bicipital tenosynovitis",3,0.03
"decibels",3,0.03
"union",3,0.03
"lupus",3,0.03
"non-economic loss assessment",3,0.03
"husband",3,0.03
"cellulitis",3,0.03
"hostess",3,0.03
"material change",3,0.03
"election",3,0.03
"bronchiectasis",3,0.03
"lunch",3,0.03
"facet",3,0.03
"grams",3,0.03
"re-enter the labour market",3,0.03
"eyes",3,0.03
"work-related impairment disability",3,0.03
"hip replacement",3,0.03
"partnership",3,0.03
"internship",3,0.03
"job search",3,0.03
"premiums",3,0.03
"post-concussion headaches",3,0.03
"medical documentation",3,0.03
"prorogation du délai",3,0.03
"groin pain",3,0.03
"bed",3,0.03
"addiction",3,0.03
"arthrosis",3,0.03
"painting",3,0.03
"pneumonia",3,0.03
"indicated",3,0.03
"paint",3,0.03
"mask",3,0.03
"optional insurance",3,0.03
"big toe",3,0.03
"learner",3,0.03
"devices",3,0.03
"workload",3,0.03
"blanching",3,0.03
"ligament",3,0.03
"spondylolytic spondylolisthesis",3,0.03
"post-traumatic stress",3,0.03
"adjudication",3,0.03
"instability",3,0.03
"work re-integration",3,0.03
"rate group",3,0.03
"adenocarcinoma",3,0.03
"hydrotherapy",3,0.03
"modifications",3,0.03
"settlement",3,0.03
"pre-existing low",3,0.03
"entitled to partial benefits based",3,0.03
"sensory",3,0.03
"diabetes mellitus",3,0.03
"renal cancer",3,0.03
"skin disorder",3,0.03
"platinum sensitization",3,0.03
"altered gait",3,0.03
"work-related injury disease impacts",3,0.03
"work transition",3,0.03
"alcohol use disorder",3,0.03
"future",3,0.03
"shoulder labral tear",3,0.03
"entitlement for a right knee",3,0.03
"adjustment disorder",3,0.03
"ankle foot",3,0.03
"complex integrated cerebral",3,0.03
"injection",3,0.03
"ulnocarpal abutment",3,0.03
"underemployed",3,0.03
"paper",3,0.03
"ankle pain",3,0.03
"pre-existing conditions pre-accident disabilities",3,0.03
"secondary conditions",3,0.03
"business activities",3,0.03
"hospitalization",3,0.03
"conveyor belt",3,0.03
"smoke",3,0.03
"splint",3,0.03
"whole person impairment",3,0.03
"organic injuries",3,0.03
"occipital neuralgia",3,0.03
"pre-existing cardiac condition",3,0.03
"noise induced hearing loss",3,0.03
"entry-level earnings",3,0.03
"pre-existing shoulder",3,0.03
"worsened",3,0.03
"bilateral shoulder injuries",3,0.03
"cubital tunnel",3,0.03
"pre-existing right knee condition",3,0.03
"barred",3,0.03
"self-represented",3,0.03
"vestibular",3,0.03
"syncopal episode",3,0.03
"interpersonal",3,0.03
"brachial plexus injury",3,0.03
"pre-recurrence earnings",3,0.03
"dissection",3,0.03
"entitlement for a psychotraumatic disability",3,0.03
"diagnoses",3,0.03
"escort",3,0.03
"medical appointments",3,0.03
"tearing",3,0.03
"hose",3,0.03
"forms",3,0.03
"shoulder tendonitis",3,0.03
"permanent psychotraumatic disability",3,0.03
"return to work process",3,0.03
"ability to earn minimum wages",3,0.03
"bilateral hip osteoarthritis",3,0.03
"chest wall",3,0.03
"days",3,0.03
"transfer",3,0.03
"long-term disability benefits",3,0.03
"stabilized",3,0.03
"full-time work",3,0.03
"questionnaire",3,0.03
"deficits",3,0.03
"family",3,0.03
"intent to object form",3,0.03
"resident",3,0.03
"knee sprain",3,0.03
"patella",3,0.03
"psychiatrist",3,0.03
"arachnoid cyst",3,0.03
"kyphosis",3,0.03
"weeks",3,0.03
"substantial connection",3,0.03
"healthcare providers",3,0.03
"impairment measured",3,0.03
"mobility",3,0.03
"wilful misconduct",3,0.03
"cell phone",3,0.03
"designated condition",3,0.03
"initial entitlement for a low",3,0.03
"breaks",3,0.03
"motorcycle",3,0.03
"friend",3,0.03
"crutches",3,0.03
"respirologist",3,0.03
"foam",3,0.03
"formaldehyde",3,0.03
"worker was unable to work",3,0.03
"adjustment disorder with mixed anxiety",3,0.03
"owner-operator",3,0.03
"voice",3,0.03
"inmate",3,0.03
"hours per shift",3,0.03
"visual acuity",3,0.03
"vision therapy",3,0.03
"traumatic event",3,0.03
"hypothyroidism",3,0.03
"courses",3,0.03
"history",3,0.03
"gastritis",3,0.03
"systemic amyloidosis",3,0.03
"oxide",3,0.03
"climbing",3,0.03
"concurrent",3,0.03
"arguably relevant",3,0.03
"seized",3,0.03
"occupational exposure to asbestos",3,0.03
"ongoing impairment",3,0.03
"clutch",3,0.03
"arachnoiditis",3,0.03
"volunteer firefighter",3,0.03
"worker has initial entitlement",3,0.03
"mandatory",3,0.03
"subpoenas",3,0.03
"severity than a normal person",3,0.03
"hip osteoarthritis",3,0.03
"subject to further statutory reviews",3,0.03
"holistic approach",3,0.03
"work-related psychotraumatic disability",3,0.03
"foot ankle",3,0.03
"pre-existing condition for the purposes",3,0.03
"cadmium",3,0.03
"dose",3,0.03
"conventional treatments",3,0.03
"rescheduled",3,0.03
"hernias",3,0.03
"constitutional",3,0.03
"bilateral epicondylitis",3,0.03
"truss",3,0.03
"medial compartment",3,0.03
"settled",3,0.03
"administrative error",3,0.03
"disclosure",3,0.03
"microbreaks",3,0.03
"pre-injury hours",3,0.03
"long-term benefits",3,0.03
"chlorinated solvents",3,0.03
"co-applicant",3,0.03
"responders",3,0.03
"assurance contre les accidents",3,0.03
"trucks",3,0.03
"work-related concussion",3,0.03
"rating schedule",3,0.03
"pre-existing condition was moderate",3,0.03
"stool",3,0.03
"updates",3,0.03
"migrant",3,0.03
"pre-existing degenerative condition",3,0.03
"on-time appeal find",3,0.03
"criteria",3,0.03
"chondrosis",3,0.03
"carpenter",3,0.03
"documented",3,0.03
"rebuttable presumption",3,0.03
"scents",3,0.03
"worker returned to his pre-accident",3,0.03
"upper back strain",3,0.03
"worker doesn t have entitlement",3,0.03
"chemicals",3,0.03
"specialist",3,0.03
"permanent restrictions",3,0.03
"latency",3,0.03
"one-half months after the expiry",3,0.03
"summonses",3,0.03
"pre-existing anxiety",3,0.03
"ppea",3,0.03
"shoulder sprain strain",3,0.03
"liver",3,0.03
"preinjury job",3,0.03
"building",3,0.03
"return to work plan",3,0.03
"pre-accident duties",3,0.03
"footnote omitted",3,0.03
"sexual harassment",3,0.03
"worker reached maximum medical recovery",3,0.03
"isn",3,0.03
"relevant to the employer",3,0.03
"neural foraminal stenosis",3,0.03
"loss of earnings benefits",3,0.03
"expert evidence",3,0.03
"appeal dismissed | workplace health and safety",3,0.03
"benefit of the doubt",3,0.03
"tribunal practice",3,0.03
"wsia, s. 43",3,0.03
"loss of earnings (loe)",3,0.03
"recurrences",3,0.03
"appeal allowed | workplace health and safety",3,0.03
"labour and employment",3,0.03
"typo",2,0.02
"updated entry level wages",2,0.02
"worker s occupational exposures",2,0.02
"worker s lung cancer",2,0.02
"pack",2,0.02
"subacromial",2,0.02
"sinter plant",2,0.02
"anti-injured worker animus",2,0.02
"prestations pour totale",2,0.02
"tips",2,0.02
"worker s right wrist",2,0.02
"worker s long-term average earnings",2,0.02
"prolapsed disc",2,0.02
"tarp",2,0.02
"supraglottic",2,0.02
"safety boots",2,0.02
"delay in filing",2,0.02
"self-represented at the time",2,0.02
"indicative of an independent operator",2,0.02
"investigators",2,0.02
"malingering",2,0.02
"proceed",2,0.02
"original injury",2,0.02
"stair climbing",2,0.02
"elemental services",2,0.02
"lipoma",2,0.02
"hockey",2,0.02
"request for clarification",2,0.02
"urgent care clinic",2,0.02
"worker s pre-injury earnings",2,0.02
"bone conduction",2,0.02
"zoom boom",2,0.02
"weight",2,0.02
"reasonably to minimize post-injury wage",2,0.02
"delay in filing the notice",2,0.02
"optic neuropathy",2,0.02
"entitlement for the left hip",2,0.02
"edema",2,0.02
"cardiac condition",2,0.02
"cataract",2,0.02
"scar tissue",2,0.02
"soutien à l autonomie",2,0.02
"tibial plateau",2,0.02
"furnace",2,0.02
"person",2,0.02
"questionnaires",2,0.02
"disability impairment",2,0.02
"permanent layoff",2,0.02
"crossing guard",2,0.02
"compensable right knee injury",2,0.02
"total right knee replacement surgery",2,0.02
"posterior vitreous detachment",2,0.02
"permanent part-time",2,0.02
"direct-entry",2,0.02
"informed",2,0.02
"ranges",2,0.02
"volar beak ligament",2,0.02
"hit",2,0.02
"sacroiliitis",2,0.02
"fatality",2,0.02
"rebate",2,0.02
"healed",2,0.02
"scissor lift",2,0.02
"bipolar",2,0.02
"broad approach to relevance",2,0.02
"mortgage agent",2,0.02
"entitlement for medical marijuana",2,0.02
"personality disorder",2,0.02
"based on his actual earnings",2,0.02
"lateral meniscus",2,0.02
"pick-up truck",2,0.02
"troubles au cou",2,0.02
"déficience permanente",2,0.02
"site",2,0.02
"implant",2,0.02
"worker s right hand",2,0.02
"plaza",2,0.02
"delete",2,0.02
"focused on self-directed work reintegration",2,0.02
"waiting list",2,0.02
"home modifications",2,0.02
"earn full pre-accident wages",2,0.02
"wood dust",2,0.02
"promissory estoppel",2,0.02
"debt",2,0.02
"airflow obstruction",2,0.02
"cheville droite",2,0.02
"low back disability",2,0.02
"arthritic",2,0.02
"détérioration importante",2,0.02
"device",2,0.02
"troubles à l épaule droite",2,0.02
"concurrent employer",2,0.02
"heavy",2,0.02
"lost time",2,0.02
"clinical findings",2,0.02
"triangular fibrocartilage complex",2,0.02
"service job on a part-time",2,0.02
"job on a part-time basis",2,0.02
"deterioration in the work-related",2,0.02
"voluntary overtime",2,0.02
"workplace events",2,0.02
"pre-existing left shoulder",2,0.02
"self-directed efforts",2,0.02
"snow removal",2,0.02
"sural nerve",2,0.02
"valgus",2,0.02
"hepatitis",2,0.02
"preliminary",2,0.02
"packing",2,0.02
"elevator",2,0.02
"employer s premises",2,0.02
"urinary incontinence",2,0.02
"subacromial enthesophyte",2,0.02
"tendon tear",2,0.02
"epidemiology",2,0.02
"pails",2,0.02
"due diligence",2,0.02
"myelopathy",2,0.02
"zero",2,0.02
"discogenic",2,0.02
"suicidal",2,0.02
"prostate",2,0.02
"worker s pre-existing low",2,0.02
"sensitivities",2,0.02
"worker s representative submitted",2,0.02
"exposure to radon",2,0.02
"tractor trailer",2,0.02
"brother",2,0.02
"racks",2,0.02
"human",2,0.02
"feels",2,0.02
"cable",2,0.02
"deteriorated",2,0.02
"handle",2,0.02
"pre-existing condition was minor",2,0.02
"sternum",2,0.02
"urosepsis",2,0.02
"beer",2,0.02
"ulnar styloid fracture",2,0.02
"malignant melanoma",2,0.02
"daily",2,0.02
"downside risk in appeals",2,0.02
"lids",2,0.02
"suitable modified work",2,0.02
"stopped working",2,0.02
"witness",2,0.02
"grain silo",2,0.02
"casual",2,0.02
"apprentice electrician",2,0.02
"unionized",2,0.02
"memorandum",2,0.02
"garage door",2,0.02
"amalgamation",2,0.02
"acupuncture treatment",2,0.02
"customers",2,0.02
"pre-existing asthma condition",2,0.02
"forklift operator",2,0.02
"threshold test for reconsideration",2,0.02
"colonized",2,0.02
"piriformis syndrome",2,0.02
"fax",2,0.02
"short-term disability",2,0.02
"work station",2,0.02
"joint arthritis",2,0.02
"millwright",2,0.02
"entitlement to supplementary benefits",2,0.02
"approximated her pre-accident earnings",2,0.02
"sciatic nerve",2,0.02
"pelvic fracture",2,0.02
"tâches modifiées",2,0.02
"depot",2,0.02
"low back surgery",2,0.02
"emphysema",2,0.02
"pes planus",2,0.02
"posterior tibial tendon dysfunction",2,0.02
"implementation",2,0.02
"facial",2,0.02
"stump",2,0.02
"pre-accident condition",2,0.02
"entitlement for permanent psychological impairment",2,0.02
"medical chart",2,0.02
"addressed",2,0.02
"work reintegration",2,0.02
"construction",2,0.02
"project",2,0.02
"permanent aggravation",2,0.02
"indemnisables",2,0.02
"abdomen",2,0.02
"tâches",2,0.02
"treating physician",2,0.02
"delivery",2,0.02
"actual earnings from self-employment",2,0.02
"age-related degenerative changes",2,0.02
"physical violence",2,0.02
"version",2,0.02
"ergonomist",2,0.02
"dusts",2,0.02
"rateable",2,0.02
"bilateral ankles",2,0.02
"ongoing psychotraumatic disability",2,0.02
"occupational exposure to mold",2,0.02
"poignet gauche",2,0.02
"coccydynia",2,0.02
"restaurant",2,0.02
"contusion",2,0.02
"muscle wasting",2,0.02
"coude",2,0.02
"lésion indemnisable",2,0.02
"hyperextension",2,0.02
"tote",2,0.02
"severely impaired worker",2,0.02
"support dog",2,0.02
"herniation",2,0.02
"worker s long-term",2,0.02
"indemnity",2,0.02
"liver cancer",2,0.02
"peripheral nervous system disorder",2,0.02
"plantar",2,0.02
"legs",2,0.02
"average",2,0.02
"transverse process",2,0.02
"worker is co-operating",2,0.02
"fatal claim premium",2,0.02
"wood dunnage",2,0.02
"facet joint irritation",2,0.02
"due to a pre-existing condition",2,0.02
"worker s recovery",2,0.02
"sewing",2,0.02
"abuse",2,0.02
"including frontal lobe dysfunction",2,0.02
"anger",2,0.02
"subluxation",2,0.02
"sustained a traumatic brain injury",2,0.02
"non-work related",2,0.02
"chronic",2,0.02
"in-person",2,0.02
"costs",2,0.02
"benefits for chronic pain disability",2,0.02
"flu",2,0.02
"influenza",2,0.02
"exemption",2,0.02
"competitively employable",2,0.02
"retail store",2,0.02
"monotainer",2,0.02
"work-related stress",2,0.02
"memory",2,0.02
"renal",2,0.02
"work transition services",2,0.02
"subscapularis tendon",2,0.02
"pain clinic",2,0.02
"availability",2,0.02
"reconsideration requests",2,0.02
"e-mail",2,0.02
"personal errand",2,0.02
"van",2,0.02
"periods",2,0.02
"mid-level wages",2,0.02
"coke",2,0.02
"on-time appeals",2,0.02
"hygienist",2,0.02
"arising from the accident",2,0.02
"scleroderma",2,0.02
"return to modified work",2,0.02
"bilateral inguinal hernias",2,0.02
"returns to the pre-accident state",2,0.02
"healthcare",2,0.02
"authorization",2,0.02
"shoulder entitlement",2,0.02
"load",2,0.02
"chain",2,0.02
"dump truck driver",2,0.02
"median wage rate",2,0.02
"excavator",2,0.02
"silo",2,0.02
"desiccation",2,0.02
"thoughts",2,0.02
"narcotic dependence",2,0.02
"work-related back injury",2,0.02
"temporary partial disability",2,0.02
"external rotation",2,0.02
"physical exertion",2,0.02
"humeral",2,0.02
"osteopath",2,0.02
"form",2,0.02
"prior to the release",2,0.02
"symptômes",2,0.02
"self-directed program",2,0.02
"aircast",2,0.02
"phone",2,0.02
"learning",2,0.02
"bilateral hand",2,0.02
"snow blower",2,0.02
"work-related left knee injury",2,0.02
"average unskilled worker",2,0.02
"laxity",2,0.02
"steel",2,0.02
"newspapers",2,0.02
"request for an adjournment",2,0.02
"students",2,0.02
"psychotraumatic entitlement",2,0.02
"non-resident worker",2,0.02
"knee replacement",2,0.02
"pulmonary",2,0.02
"cardiac arrest",2,0.02
"psychotraumatic impairment",2,0.02
"due to non-compensable factors",2,0.02
"metal",2,0.02
"pre-engineered",2,0.02
"buildings",2,0.02
"respirable dust exposure",2,0.02
"cone",2,0.02
"time-limit to object",2,0.02
"medically documented",2,0.02
"somatic",2,0.02
"burgdorferi",2,0.02
"garinii",2,0.02
"ticks",2,0.02
"fusion",2,0.02
"plank",2,0.02
"shoulder partial thickness tear",2,0.02
"compensable neck strain injury",2,0.02
"videotape",2,0.02
"chronic pain syndrome",2,0.02
"gloves",2,0.02
"garage",2,0.02
"stations",2,0.02
"bathing",2,0.02
"gainful employment",2,0.02
"dolly",2,0.02
"prior psychic trauma",2,0.02
"frequency",2,0.02
"entitlement for a thoracic strain",2,0.02
"neural foramen",2,0.02
"casino",2,0.02
"stacker",2,0.02
"stitches",2,0.02
"discipline",2,0.02
"belt",2,0.02
"swan neck deformity",2,0.02
"mallet finger",2,0.02
"grinding",2,0.02
"gauche",2,0.02
"payer",2,0.02
"boilermaker",2,0.02
"related entities",2,0.02
"co-applicants",2,0.02
"fund",2,0.02
"wage on a part-time basis",2,0.02
"pleural",2,0.02
"foraminal narrowing",2,0.02
"optional coverage",2,0.02
"flare ups",2,0.02
"hood",2,0.02
"returned to her pre-injury",2,0.02
"witnesses",2,0.02
"corporation",2,0.02
"entitlement to cost relief",2,0.02
"pre-existing neck condition",2,0.02
"positive ulnar variance",2,0.02
"allergic reaction",2,0.02
"tumour",2,0.02
"cupboard",2,0.02
"ankle sprain",2,0.02
"meal preparation",2,0.02
"post-traumatic",2,0.02
"cervical myelopathy",2,0.02
"fire extinguisher",2,0.02
"infections",2,0.02
"non-dominant hand training",2,0.02
"automotive",2,0.02
"ligamentum flavum hypertrophy",2,0.02
"graduated return to work",2,0.02
"injured worker",2,0.02
"physiotherapy treatments",2,0.02
"distal clavicle",2,0.02
"mushrooms",2,0.02
"brokers",2,0.02
"psychological treatment",2,0.02
"score",2,0.02
"hemiarthroplasty",2,0.02
"hindfoot",2,0.02
"patellofemoral syndrome",2,0.02
"pedal",2,0.02
"mines",2,0.02
"organic injury",2,0.02
"specific work-related muscular effort",2,0.02
"peroneus brevis",2,0.02
"hip as a secondary condition",2,0.02
"éclaircissement",2,0.02
"entitlement for the right knee",2,0.02
"compensable left knee injury",2,0.02
"effective",2,0.02
"cookies",2,0.02
"adjusts the final refund",2,0.02
"right-sided",2,0.02
"cream",2,0.02
"roller",2,0.02
"fatigue",2,0.02
"long-term care",2,0.02
"cervical dystonia",2,0.02
"skin condition",2,0.02
"conveyor",2,0.02
"epilepsy",2,0.02
"indirect inguinal hernia",2,0.02
"personal coverage",2,0.02
"low back sprain strain injury",2,0.02
"biceps tendon tear",2,0.02
"driving a forklift",2,0.02
"spinal cord",2,0.02
"severe noise intolerance",2,0.02
"helmet",2,0.02
"carts",2,0.02
"biopsy",2,0.02
"survivor benefits",2,0.02
"hand-arm vibration",2,0.02
"recess",2,0.02
"breast",2,0.02
"substantial work-related",2,0.02
"scented",2,0.02
"frames",2,0.02
"mild subacromial subdeltoid bursitis",2,0.02
"return-to-work specialist",2,0.02
"femoral",2,0.02
"entitlement to tinnitus",2,0.02
"entitlement for slipped rib syndrome",2,0.02
"deburring",2,0.02
"thickness tear",2,0.02
"inextricably linked",2,0.02
"thumb osteoarthritis",2,0.02
"entitlement to a retroactive adjustment",2,0.02
"traditional approach",2,0.02
"nausea",2,0.02
"claimed",2,0.02
"bowstringing",2,0.02
"premium adjustments",2,0.02
"cups",2,0.02
"brachial neuritis",2,0.02
"furniture",2,0.02
"shuttle driver",2,0.02
"facility",2,0.02
"representatives",2,0.02
"right-sided sciatica",2,0.02
"annular tears",2,0.02
"firing",2,0.02
"posterior horn",2,0.02
"building contractor",2,0.02
"gate",2,0.02
"candies",2,0.02
"distal radius",2,0.02
"enhanced the worker",2,0.02
"benefits for an umbilical hernia",2,0.02
"chronic low back pain",2,0.02
"accountant",2,0.02
"pushing down on the foam",2,0.02
"anti-vibration gloves",2,0.02
"platinum exposure",2,0.02
"cement finisher",2,0.02
"moderate pre-existing condition pre-accident disability",2,0.02
"psychological difficulties",2,0.02
"limit",2,0.02
"graduated return to work plan",2,0.02
"notes that the worker",2,0.02
"fibromyalgia was non-compensable",2,0.02
"kinesiologist",2,0.02
"bag",2,0.02
"upper limb",2,0.02
"earning the entry-level wage",2,0.02
"denture",2,0.02
"impairment exists that prevents",2,0.02
"credibility",2,0.02
"weekly",2,0.02
"addbacks",2,0.02
"accident date",2,0.02
"bulge",2,0.02
"headache",2,0.02
"clinical evidence",2,0.02
"language barrier",2,0.02
"cervicogenic headaches",2,0.02
"coils",2,0.02
"loads",2,0.02
"mechanical back pain",2,0.02
"non-compensable left knee",2,0.02
"mould",2,0.02
"allergy",2,0.02
"opined",2,0.02
"pre-existing psychological impairment",2,0.02
"coccyx fracture",2,0.02
"fatal claim premium adjustment",2,0.02
"diff",2,0.02
"subsequently arising non-compensable",2,0.02
"scan",2,0.02
"arthroscopic surgery",2,0.02
"central disc herniation",2,0.02
"mild disc bulge",2,0.02
"physio",2,0.02
"wrist hand",2,0.02
"waist",2,0.02
"socialization",2,0.02
"herniated disc",2,0.02
"service provider",2,0.02
"neurogenic claudication",2,0.02
"scoop tram",2,0.02
"satchel",2,0.02
"experienced worker",2,0.02
"postings",2,0.02
"exceptional",2,0.02
"anxiété",2,0.02
"slipped",2,0.02
"missing case materials",2,0.02
"pathology",2,0.02
"abeyance",2,0.02
"total left knee replacement",2,0.02
"slap",2,0.02
"strain injury",2,0.02
"mass",2,0.02
"non-compensable injuries",2,0.02
"leather",2,0.02
"capable",2,0.02
"mid-back",2,0.02
"imaging",2,0.02
"dislocation",2,0.02
"retinitis pigmentosa",2,0.02
"genetic",2,0.02
"actual earnings",2,0.02
"cabinets",2,0.02
"updated entry-level wage",2,0.02
"node",2,0.02
"beryllium",2,0.02
"arthritic changes",2,0.02
"tile",2,0.02
"sidewalk",2,0.02
"manifest",2,0.02
"prep",2,0.02
"police officer",2,0.02
"predominant cause",2,0.02
"allergies",2,0.02
"neurological disorders",2,0.02
"outbreak",2,0.02
"contaminant",2,0.02
"triggers",2,0.02
"latency period",2,0.02
"spinal decompression therapy",2,0.02
"road",2,0.02
"mine",2,0.02
"chronic pain disorder",2,0.02
"personal",2,0.02
"entitled to a retroactive adjustment",2,0.02
"cleanouts",2,0.02
"elbow lateral epicondylitis",2,0.02
"forceful",2,0.02
"chart notes",2,0.02
"accommodation",2,0.02
"jurisdictional",2,0.02
"ready to proceed",2,0.02
"compensable impairments",2,0.02
"coffee shop",2,0.02
"pillows",2,0.02
"seizure syncope episode",2,0.02
"beams",2,0.02
"psycho-traumatic disability",2,0.02
"ankle fracture",2,0.02
"protrusion",2,0.02
"nerve block injections",2,0.02
"epidural lipomatosis",2,0.02
"bilateral knee pain",2,0.02
"deli",2,0.02
"report indicated that the worker",2,0.02
"entitlement for injuries",2,0.02
"fainting",2,0.02
"pneumothorax",2,0.02
"weakness",2,0.02
"defect",2,0.02
"designated",2,0.02
"benefit-related debt",2,0.02
"child",2,0.02
"wage loss benefits",2,0.02
"myocarditis",2,0.02
"noted the worker",2,0.02
"ongoing right shoulder",2,0.02
"ice",2,0.02
"occurred",2,0.02
"deviated septum",2,0.02
"bags",2,0.02
"entitled to a reassessment",2,0.02
"underlying",2,0.02
"withdrew",2,0.02
"restore his pre-injury earnings",2,0.02
"anemia",2,0.02
"opioid medication",2,0.02
"health care practitioner",2,0.02
"copied",2,0.02
"screws",2,0.02
"keyboard",2,0.02
"particles",2,0.02
"reinitiating",2,0.02
"machines",2,0.02
"service dog",2,0.02
"degrees lateral flexion",2,0.02
"myelomalacia",2,0.02
"average earnings before the injury",2,0.02
"departure on a personal errand",2,0.02
"vulnerability",2,0.02
"age-related macular degeneration",2,0.02
"small engine repair",2,0.02
"tank",2,0.02
"ferruginous bodies",2,0.02
"injury to his left knee",2,0.02
"electrical technician",2,0.02
"assembly line",2,0.02
"modified work duties offered",2,0.02
"multi-storey home",2,0.02
"brain cancer",2,0.02
"muscle spasms",2,0.02
"windshields",2,0.02
"shunt truck",2,0.02
"licensee",2,0.02
"represent the worker",2,0.02
"deemed ability to earn entry",2,0.02
"near-normal range",2,0.02
"drugless practitioner",2,0.02
"return to the workforce",2,0.02
"wand",2,0.02
"deep vein thrombosis",2,0.02
"blood clots",2,0.02
"cough",2,0.02
"whole person impairment rating",2,0.02
"pre-existing heart condition",2,0.02
"pre-existing lupus",2,0.02
"intervening event",2,0.02
"deemed ability to earn minimum",2,0.02
"apprenticeship",2,0.02
"college",2,0.02
"work-related lumbar strain",2,0.02
"jackhammer",2,0.02
"rivet buster",2,0.02
"lease",2,0.02
"cou",2,0.02
"work-injury-related health condition",2,0.02
"air gun",2,0.02
"discretionary",2,0.02
"homebound",2,0.02
"entitlement for chronic pain disability",2,0.02
"minor pre-existing",2,0.02
"pen",2,0.02
"audience",2,0.02
"hypersensitivity",2,0.02
"leukocytoclastic vasculitis",2,0.02
"earning entry level wages",2,0.02
"partial benefits based",2,0.02
"insurer",2,0.02
"psychological symptoms",2,0.02
"insomnia",2,0.02
"lunch break",2,0.02
"psoriasis",2,0.02
"local labour market",2,0.02
"attempt to re-argue",2,0.02
"paralabral cyst",2,0.02
"principal",2,0.02
"pre-existing ventral hernia",2,0.02
"bilateral hips",2,0.02
"shoulder as a secondary condition",2,0.02
"lift",2,0.02
"index",2,0.02
"benefits to age",2,0.02
"statistical information",2,0.02
"reasonable apprehension",2,0.02
"dysesthesia",2,0.02
"neuropsychological",2,0.02
"accident history",2,0.02
"spasticity",2,0.02
"orthopaedic mattress",2,0.02
"timely fashion",2,0.02
"breathing difficulties",2,0.02
"dyspnea",2,0.02
"left-sided",2,0.02
"expected to cause non-disabling",2,0.02
"aggravated damages",2,0.02
"mental distress",2,0.02
"personal injury",2,0.02
"medical cannabis marijuana",2,0.02
"pre-existing osteoporosis",2,0.02
"work-related low back strain injury",2,0.02
"compensable right ankle",2,0.02
"license",2,0.02
"representative submitted",2,0.02
"dealership",2,0.02
"hot tub",2,0.02
"bathroom",2,0.02
"follow-up appointment",2,0.02
"shoulder strain",2,0.02
"resolution",2,0.02
"esthetician",2,0.02
"approximate her pre-injury earnings",2,0.02
"tunnel syndrome",2,0.02
"modified work offer",2,0.02
"grip",2,0.02
"health care equipment supplies",2,0.02
"median wage",2,0.02
"clerk",2,0.02
"scapholunate ligament tear",2,0.02
"suspect",2,0.02
"crate",2,0.02
"accounting clerk",2,0.02
"dependants",2,0.02
"statutory six-month appeal time limit",2,0.02
"absences",2,0.02
"long-haul truck driver",2,0.02
"courier",2,0.02
"work-related duties",2,0.02
"chicken",2,0.02
"hypopharyngeal cancer",2,0.02
"work-related neck strain injury",2,0.02
"season",2,0.02
"shoulder full-thickness tear",2,0.02
"fibreglass",2,0.02
"able",2,0.02
"pothole",2,0.02
"five-year rule",2,0.02
"sexual dysfunction conditions",2,0.02
"myopia",2,0.02
"lateness",2,0.02
"union hiring hall",2,0.02
"loose bodies",2,0.02
"patellofemoral chondromalacia",2,0.02
"published",2,0.02
"supraspinatus tendinosis",2,0.02
"vehicle modification",2,0.02
"septic arthritis",2,0.02
"meals",2,0.02
"trim",2,0.02
"statute barred",2,0.02
"gradual onset basis",2,0.02
"train",2,0.02
"cardiac event",2,0.02
"humidity",2,0.02
"suitable direct-entry employment",2,0.02
"follow-up assessment",2,0.02
"pail",2,0.02
"spur",2,0.02
"cookie bite",2,0.02
"benefit entitlement",2,0.02
"calcific",2,0.02
"injury concussion",2,0.02
"retinal detachment",2,0.02
"obese",2,0.02
"central disc bulge",2,0.02
"severely impaired workers",2,0.02
"reported as work-related",2,0.02
"independent living devices",2,0.02
"genou gauche",2,0.02
"insurable earnings",2,0.02
"whiplash",2,0.02
"cross-appeal",2,0.02
"hole",2,0.02
"sole proprietor",2,0.02
"numbered company",2,0.02
"annular",2,0.02
"generalized anxiety disorder",2,0.02
"work-related motor vehicle accident",2,0.02
"myeloma",2,0.02
"chronic sinusitis",2,0.02
"blackouts",2,0.02
"pre-existing degenerative condition which symptoms",2,0.02
"labour market re-entry services",2,0.02
"updated entry-level",2,0.02
"shoveling",2,0.02
"chondromalacia patellae",2,0.02
"statutorily barred",2,0.02
"job site",2,0.02
"varus deformity",2,0.02
"myelogram",2,0.02
"occasional basis",2,0.02
"downside risk for the employer",2,0.02
"directory",2,0.02
"extend the time limit",2,0.02
"pre-hearing conference call",2,0.02
"hospital bed",2,0.02
"cupola",2,0.02
"neck injuries",2,0.02
"sepsis",2,0.02
"ocular melanoma",2,0.02
"likely experienced a permanent worsening",2,0.02
"eight-hour shifts",2,0.02
"disabling injury",2,0.02
"cabinetmaker foreman",2,0.02
"melanoma",2,0.02
"acute myeloid leukemia",2,0.02
"sue application",2,0.02
"stale that it cannot",2,0.02
"ear pain",2,0.02
"ceruminosis",2,0.02
"phobic",2,0.02
"deformity",2,0.02
"strains",2,0.02
"mattress",2,0.02
"prior concussions",2,0.02
"temporary layoff",2,0.02
"warfarin",2,0.02
"combined values chart",2,0.02
"unable to reach the worker",2,0.02
"tractor",2,0.02
"scaphoid",2,0.02
"ill person",2,0.02
"audio recording",2,0.02
"thigh injury",2,0.02
"modifications to the apartment",2,0.02
"disc bulging",2,0.02
"forearms",2,0.02
"medication regimen",2,0.02
"spondylitic spondylolisthesis",2,0.02
"knee brace",2,0.02
"age-related degenerative",2,0.02
"timely",2,0.02
"dysphonia",2,0.02
"co-existing condition",2,0.02
"inguinal",2,0.02
"contracture",2,0.02
"claimant",2,0.02
"cheese",2,0.02
"rack",2,0.02
"school",2,0.02
"shoes",2,0.02
"ear plugs",2,0.02
"two-week delay",2,0.02
"covid",2,0.02
"cancers",2,0.02
"nerve roots",2,0.02
"vaccination",2,0.02
"smell",2,0.02
"stemming",2,0.02
"work-related neck",2,0.02
"neuropsychological assessment",2,0.02
"trigger thumb",2,0.02
"tics",2,0.02
"exposed to hazardous noise",2,0.02
"non-organic pain",2,0.02
"hammer",2,0.02
"ankle brace",2,0.02
"webbing",2,0.02
"labrum tear",2,0.02
"pages",2,0.02
"greater trochanteric bursitis",2,0.02
"prejudice to the employer",2,0.02
"trapezius strain",2,0.02
"antidepressant medication",2,0.02
"thoracolumbar spine",2,0.02
"warrant a re-opening",2,0.02
"grounds",2,0.02
"steering wheel",2,0.02
"beyond",2,0.02
"duties offered by the accident",2,0.02
"laceration",2,0.02
"entitlement to a non-economic loss",2,0.02
"upper urinary tract",2,0.02
"compensable right shoulder injury",2,0.02
"salivary gland cancer",2,0.02
"suitable occupation for the worker",2,0.02
"depressed mood",2,0.02
"secondment",2,0.02
"anterior",2,0.02
"abnormal motion",2,0.02
"bilateral wrists",2,0.02
"emotional reaction",2,0.02
"pay stubs",2,0.02
"overlap",2,0.02
"rating for psychotraumatic disability",2,0.02
"return-to-work meeting",2,0.02
"nerve palsy",2,0.02
"deliveries",2,0.02
"concussive symptoms",2,0.02
"whole person adjudication",2,0.02
"water",2,0.02
"glasses",2,0.02
"occupational hygienist report",2,0.02
"dentist",2,0.02
"disorders",2,0.02
"roster",2,0.02
"based on full-time employment",2,0.02
"documentary evidence",2,0.02
"symptomatic",2,0.02
"hydrocephalus",2,0.02
"shoulder supraspinatus tendon tear",2,0.02
"storage trailer",2,0.02
"pregnancy",2,0.02
"miscarriage",2,0.02
"deemed ability to earn entry-level",2,0.02
"os acromiale",2,0.02
"room",2,0.02
"laneway",2,0.02
"atopic individual",2,0.02
"shoulder impingement syndrome",2,0.02
"masks",2,0.02
"upper back injury",2,0.02
"entitled to a variance",2,0.02
"neck symptoms",2,0.02
"wrote to the worker advising",2,0.02
"chairs",2,0.02
"language skills",2,0.02
"acupuncture",2,0.02
"participating",2,0.02
"return to work meeting",2,0.02
"plating",2,0.02
"peripheral nervous system disorders",2,0.02
"wasn",2,0.02
"warehouse",2,0.02
"pre-accident medical",2,0.02
"work-related low back strain",2,0.02
"satisfied that the worker",2,0.02
"obstructive sleep apnea",2,0.02
"diverticulitis",2,0.02
"maintenance treatment",2,0.02
"significant new incident exposure",2,0.02
"pre-existing psychological health",2,0.02
"working full-time",2,0.02
"pre-existing diabetes",2,0.02
"lead hand",2,0.02
"splenectomy",2,0.02
"cervicothoracic myofascial pain syndrome",2,0.02
"pre-existing psychological vulnerability",2,0.02
"shoulder symptoms",2,0.02
"syndrome",2,0.02
"esophageal carcinoma",2,0.02
"metalworking fluids",2,0.02
"foot permanent impairment",2,0.02
"prior to the work-related accident",2,0.02
"lumbar spondylosis",2,0.02
"illegible",2,0.02
"medical reports contained",2,0.02
"knee meniscus tear",2,0.02
"return to their pre-injury job",2,0.02
"aids",2,0.02
"tra uma tic",2,0.02
"mop",2,0.02
"clearly related to the work-related",2,0.02
"finger injuries",2,0.02
"farming income",2,0.02
"lawyer",2,0.02
"unexpected non-work-related factor",2,0.02
"non-earning periods",2,0.02
"current",2,0.02
"kgs",2,0.02
"shoulder bursitis",2,0.02
"constructive wrongful dismissal",2,0.02
"return-to-work process",2,0.02
"multi-level degenerative disc disease",2,0.02
"leaf blower",2,0.02
"compensable low",2,0.02
"brain fog",2,0.02
"soil",2,0.02
"lidocaine infusion",2,0.02
"skilled attendant care",2,0.02
"social worker",2,0.02
"punitive damages",2,0.02
"benefit for psychotraumatic disability",2,0.02
"interpersonal conflict",2,0.02
"psychosis",2,0.02
"chronic myelomonocytic leukemia",2,0.02
"anterior cruciate ligament",2,0.02
"delayed onset",2,0.02
"early retirement",2,0.02
"agricultural",2,0.02
"radicular",2,0.02
"heel pain",2,0.02
"seven-month delay",2,0.02
"psychogenic non-epileptic seizures",2,0.02
"returned to its pre-accident state",2,0.02
"dysphagia",2,0.02
"perfluorooctanoic acid",2,0.02
"hypersensitivity pneumonitis",2,0.02
"boxing",2,0.02
"non-agency attendants",2,0.02
"subject to the time-limit provisions",2,0.02
"recycling",2,0.02
"work with the accident employer",2,0.02
"thin skull",2,0.02
"burst fracture",2,0.02
"vaccine mandate",2,0.02
"entry level earnings",2,0.02
"aggravation basis",2,0.02
"concurrent non-compensable health",2,0.02
"pre-existing medical",2,0.02
"sprain strain injury",2,0.02
"entitlement for plantar fasciitis",2,0.02
"bilateral upper extremity",2,0.02
"work-related impairments",2,0.02
"lateral meniscal tear",2,0.02
"non-compensable factors",2,0.02
"worker has a pre-existing condition",2,0.02
"worker was unable",2,0.02
"cage",2,0.02
"right-sided carpal tunnel syndrome",2,0.02
"upper back pain",2,0.02
"persistent depressive disorder",2,0.02
"statute-barred",2,0.02
"converting",2,0.02
"survivors benefits",2,0.02
"stretcher",2,0.02
"minus any payments already",2,0.02
"full time hours",2,0.02
"leg length discrepancy",2,0.02
"delays",2,0.02
"closed as abandoned",2,0.02
"fully recovered",2,0.02
"complex regional pain syndrome",2,0.02
"tested positive",2,0.02
"fell",2,0.02
"scientific",2,0.02
"representation",2,0.02
"partial thickness",2,0.02
"moderate to severe",2,0.02
"arguable case for the proposed",2,0.02
"pre-existing condition caused",2,0.02
"co-operation obligations",2,0.02
"caucused",2,0.02
"rotator cuff impingement tendinopathy",2,0.02
"chest pain",2,0.02
"mental health crisis",2,0.02
"subordinate co-worker",2,0.02
"denied the worker",2,0.02
"benefit of the doubt under wsia s.124(2) considered",2,0.02
"tribunal jurisdiction",2,0.02
"appeal allowed",2,0.02
"significant contribution test under wsia",2,0.02
"standard of proof",2,0.02
"whether evidence for and against is approximately equal in weight",2,0.02
"alternative dispute resolution",2,0.02
"early intervention program",2,0.02
"case management",2,0.02
"modified work unsuitable | workplace health and safety",2,0.02
"reconsiderations",2,0.02
"wsia s. 43",2,0.02
"accident severity",2,0.02
"wsia",2,0.02
"significant contribution test applied",2,0.02
"wsia framework",2,0.02
"wsia, s. 43(1)",2,0.02
"confidentiality conditions",2,0.02
"non-economic loss (nel)",2,0.02
"wsia, s. 46",2,0.02
"entitlement granted | workplace health and safety",2,0.02
"non‑economic loss (nel)",2,0.02
"access granted | workplace health and safety",2,0.02
"wsib premiums",2,0.02
"appeal allowed | administrative law",2,0.02
"risk of lung cancer",1,0.01
"polycyclic aromatic hydrocarbons",1,0.01
"worker s benefit",1,0.01
"capable of full-time",1,0.01
"significance of the pre-existing condition",1,0.01
"severity of the accident",1,0.01
"tear of the supraspinatus tendon",1,0.01
"rent-free accommodation",1,0.01
"salary",1,0.01
"cooler",1,0.01
"whole-person assessment",1,0.01
"disabled",1,0.01
"notifying",1,0.01
"ticketer",1,0.01
"entitlement for left ankle osteoarthritis",1,0.01
"diagnosed septic olecranon bursitis",1,0.01
"wages associated",1,0.01
"chemical manufacturer",1,0.01
"phenoxy herbicides",1,0.01
"hexavalent chromium in welding",1,0.01
"cavus",1,0.01
"shuttle bus",1,0.01
"nickel",1,0.01
"neurocognitive",1,0.01
"dishwasher",1,0.01
"stationnement",1,0.01
"arriéré",1,0.01
"poignets",1,0.01
"work-related right index finger injury",1,0.01
"finds",1,0.01
"vertebral artery dissection occlusion",1,0.01
"packer",1,0.01
"elbow surgery",1,0.01
"thickness bursal side insertional tear",1,0.01
"worker s left shoulder condition",1,0.01
"lymphedema",1,0.01
"radicular symptomatology",1,0.01
"trips",1,0.01
"reached maximum medical recovery",1,0.01
"toe contracture",1,0.01
"bilateral lateral epicondylitis",1,0.01
"working part-time hours",1,0.01
"proof of accident",1,0.01
"hour workweek",1,0.01
"skeletal spinal",1,0.01
"treadmill",1,0.01
"annular fibers",1,0.01
"annular fissure",1,0.01
"inclusive should be deleted",1,0.01
"flex mat",1,0.01
"counselling sessions",1,0.01
"eosinophilic bronchitis",1,0.01
"tarps",1,0.01
"medial collateral ligament",1,0.01
"work as a roofer",1,0.01
"anti-fatigue mats",1,0.01
"somatic anxious arousal",1,0.01
"presents with mild to moderate",1,0.01
"development of renal cancer",1,0.01
"kidney",1,0.01
"dorsal ganglion",1,0.01
"worker s daughter",1,0.01
"current representative",1,0.01
"inflammation",1,0.01
"sacroiliac joint dysfunction disorder",1,0.01
"mailed",1,0.01
"worker s family doctor",1,0.01
"prior to the accident",1,0.01
"non-co-operation in health care measures",1,0.01
"due to non-co-operation in health",1,0.01
"therapists",1,0.01
"course of employment",1,0.01
"range of motion",1,0.01
"deferred",1,0.01
"wage supplement",1,0.01
"conflict of interest",1,0.01
"former",1,0.01
"mobility in the legal profession",1,0.01
"calcific tendonitis with subacromial bursitis",1,0.01
"finishing",1,0.01
"compensable permanent disability",1,0.01
"truck driving",1,0.01
"plasma rich platelet",1,0.01
"quadriceps",1,0.01
"mechanic helper",1,0.01
"pair",1,0.01
"regular care for his callus",1,0.01
"cyclone system",1,0.01
"buckets",1,0.01
"average industrial wage",1,0.01
"full loss of earnings benefits",1,0.01
"epithelial",1,0.01
"non-compensable events",1,0.01
"obligation to co-operate",1,0.01
"dollies",1,0.01
"accept that this self-represented worker",1,0.01
"entitlement to partial",1,0.01
"already granted during this period",1,0.01
"bus driver seat model",1,0.01
"seat model from the manufacturer",1,0.01
"specifications of the bus driver",1,0.01
"stud",1,0.01
"find that this supports granting",1,0.01
"spinous erectus",1,0.01
"permanent worsening of the worker",1,0.01
"worker s nephew",1,0.01
"worker s permanent disability",1,0.01
"last reassessment",1,0.01
"horizontal",1,0.01
"entitlement for urinary incontinence",1,0.01
"urinary incontinence as a secondary",1,0.01
"entitlement for erectile dysfunction",1,0.01
"six-day delay",1,0.01
"lime dust",1,0.01
"disablement basis",1,0.01
"precautions",1,0.01
"vision loss",1,0.01
"cervical disc",1,0.01
"delivery helper",1,0.01
"entitlement for left knee surgery",1,0.01
"mitral valve",1,0.01
"heart failure",1,0.01
"braiding",1,0.01
"calendering",1,0.01
"ventilation system",1,0.01
"steel plates",1,0.01
"corneal",1,0.01
"partial sacralization",1,0.01
"enhanced the worker s disability",1,0.01
"wrist surgery",1,0.01
"pre-existing atrial fibrillation",1,0.01
"rapid atrial fibrillation",1,0.01
"travailleur atteint d une déficience",1,0.01
"able to work",1,0.01
"tile setter",1,0.01
"screw gun",1,0.01
"tester",1,0.01
"evidence to suggest a pre-existing",1,0.01
"moulds",1,0.01
"buffing",1,0.01
"melt",1,0.01
"left-sided disc herniation",1,0.01
"caster area",1,0.01
"industrial hygienist",1,0.01
"dust exposure",1,0.01
"mixing",1,0.01
"probationary agreement",1,0.01
"shutdown",1,0.01
"trip",1,0.01
"bilateral elbow lateral epicondylitis",1,0.01
"subchondral fracture",1,0.01
"jig",1,0.01
"self-employed farmer",1,0.01
"fan room",1,0.01
"maintenance worker electrician",1,0.01
"left-sided herniated disc",1,0.01
"prior non-work-related condition",1,0.01
"medical clearance",1,0.01
"hot press",1,0.01
"greeter ticket taker usher",1,0.01
"pre-accident regular duties",1,0.01
"neck strain injury",1,0.01
"defect in the decision-making process",1,0.01
"balcony",1,0.01
"partial meniscal tear",1,0.01
"placement employer",1,0.01
"sham designed to avoid premiums",1,0.01
"optometrist",1,0.01
"follows",1,0.01
"entitlement for the mid-back",1,0.01
"chuck",1,0.01
"lathe",1,0.01
"exposure to diesel exhaust fumes",1,0.01
"distal esophageal adenocarcinoma",1,0.01
"whole body vibration",1,0.01
"polio",1,0.01
"corresponding award for the coccyx",1,0.01
"set-up person",1,0.01
"thoracic outlet",1,0.01
"work-related injury in question",1,0.01
"enhanced the worker s recovery",1,0.01
"mild ankylosing spondylitis",1,0.01
"bar",1,0.01
"foreman",1,0.01
"premium adjustment",1,0.01
"undifferentiated somatoform disorder",1,0.01
"non-specific visual symptoms visual disturbance",1,0.01
"oven room",1,0.01
"knee bursitis",1,0.01
"ceiling",1,0.01
"manic episode",1,0.01
"on-line courses",1,0.01
"tickler system",1,0.01
"knee tricompartmental arthritis",1,0.01
"knee mild patellar apex chondromalacia",1,0.01
"debridement",1,0.01
"inter-related",1,0.01
"snow fence",1,0.01
"worker s umbilical hernia",1,0.01
"belly button",1,0.01
"axonal sensory nerve injury",1,0.01
"chiropractic treatments",1,0.01
"vacuuming",1,0.01
"shoulder tendinosis",1,0.01
"entrepreneurs et contremaîtres en charpenterie",1,0.01
"diplôme d études secondaires",1,0.01
"calculations",1,0.01
"sealer gun",1,0.01
"services representatives financial institutions",1,0.01
"contained in the case materials",1,0.01
"worker s pre-existing diabetes",1,0.01
"licensed hairstylist",1,0.01
"minor s rate",1,0.01
"worker s pre-existing right knee",1,0.01
"mid-body tear",1,0.01
"coffee pouring duties",1,0.01
"start date",1,0.01
"drum",1,0.01
"wrist strain",1,0.01
"third party service provider",1,0.01
"non-cooperative",1,0.01
"work as a cashier",1,0.01
"shielded",1,0.01
"acting in an employment-related",1,0.01
"non-working foreman",1,0.01
"worker s hearing loss",1,0.01
"thrombus in his popliteal artery",1,0.01
"worker s psoriatic polyarthritis",1,0.01
"drywaller boardman",1,0.01
"worker s multiple sclerosis",1,0.01
"strongly towards physical trauma changing",1,0.01
"worker s uncontradicted sworn testimony",1,0.01
"neuropathic",1,0.01
"laminator",1,0.01
"worker co-operated",1,0.01
"partial denture",1,0.01
"extraction",1,0.01
"asymptomatic",1,0.01
"salting",1,0.01
"carpet",1,0.01
"thalassemia",1,0.01
"colitis",1,0.01
"chip wagon",1,0.01
"option",1,0.01
"partial thickness rotator cuff tears",1,0.01
"parts manufacturer",1,0.01
"worker s post-injury earnings",1,0.01
"volunteer",1,0.01
"residual slipperiness wetness",1,0.01
"operating room",1,0.01
"wet",1,0.01
"chronic post-accident headaches",1,0.01
"laundry room",1,0.01
"epigastric hernias",1,0.01
"window cleaner",1,0.01
"inability to earn full pre-accident",1,0.01
"shoulder calcific tendonitis",1,0.01
"nasopharyngeal cancer",1,0.01
"mild acetabular chondrosis",1,0.01
"awkward gait",1,0.01
"pre-existing popliteal cyst",1,0.01
"worker that the overpayment",1,0.01
"knee sprain strain",1,0.01
"non-compensable degenerative changes",1,0.01
"library clerk",1,0.01
"perte auditive due au bruit",1,0.01
"worker s pre-existing psychological condition",1,0.01
"fatty atrophy",1,0.01
"handwritten",1,0.01
"joints",1,0.01
"triggering",1,0.01
"lunotriquetral ligaments",1,0.01
"worker s right supraspinatus tear",1,0.01
"meter",1,0.01
"overtime hours",1,0.01
"cord",1,0.01
"light-medium",1,0.01
"conclude that the worker",1,0.01
"compressor",1,0.01
"landscape foreman",1,0.01
"douloureux régional complexe",1,0.01
"co-worker to whom the worker",1,0.01
"reported the injury",1,0.01
"knee septic arthritis",1,0.01
"microtrauma",1,0.01
"worker s right knee",1,0.01
"non-occupational degenerative changes",1,0.01
"breached its re-employment",1,0.01
"joint proposal",1,0.01
"worker s neurological conditions",1,0.01
"guard shack",1,0.01
"perineal",1,0.01
"secondary to pudendal nerve entrapment",1,0.01
"entitlement for pudendal neuralgia",1,0.01
"kettles",1,0.01
"active",1,0.01
"femoral condyle",1,0.01
"roast beef",1,0.01
"rôti",1,0.01
"floor",1,0.01
"eyesight",1,0.01
"deterioration in the work-related impairment",1,0.01
"sudden chance event",1,0.01
"wear a hard hat",1,0.01
"academic",1,0.01
"coke oven workers",1,0.01
"developing prostate cancer",1,0.01
"submitted that the evidence supports",1,0.01
"work incident",1,0.01
"benefits for urinary incontinence retention",1,0.01
"worker s accident",1,0.01
"changes",1,0.01
"sensitised",1,0.01
"entitled to a perforated colon",1,0.01
"worker s net average earnings",1,0.01
"worker s bilateral pleural",1,0.01
"varicose veins",1,0.01
"aerosols",1,0.01
"emissions from the coating",1,0.01
"base salariale à long terme",1,0.01
"maximum annual insurable earnings ceiling",1,0.01
"recall duties",1,0.01
"causal connection between the compensable",1,0.01
"carding",1,0.01
"worker s functional",1,0.01
"temporary partial",1,0.01
"pelvic floor dysfunction pain",1,0.01
"employers",1,0.01
"worker was ready to proceed",1,0.01
"service station attendant",1,0.01
"chemical pneumonitis",1,0.01
"psychic trauma resulting from life",1,0.01
"pre-accident vulnerability",1,0.01
"young person commit suicide",1,0.01
"non-compensable impairment",1,0.01
"central canal",1,0.01
"gastrointestinal",1,0.01
"worker s pre-accident job",1,0.01
"cataracts",1,0.01
"learning disability",1,0.01
"difficulty with digital dexterity",1,0.01
"environmental",1,0.01
"laminating",1,0.01
"partial knee replacement surgery",1,0.01
"dusty gold mining",1,0.01
"tinnitus hearing loss",1,0.01
"worker s psychological",1,0.01
"difficulties",1,0.01
"anorexia nervosa",1,0.01
"agoraphobia",1,0.01
"maladaptive coping",1,0.01
"otosclerosis",1,0.01
"prestations d invalidité",1,0.01
"colonne thoracique",1,0.01
"work-related respiratory",1,0.01
"mid-to high-range",1,0.01
"silent heart attack",1,0.01
"arrhythmia",1,0.01
"comminuted sesamoid bone",1,0.01
"sesamoiditis",1,0.01
"jigs",1,0.01
"carpometacarpal arthritis",1,0.01
"worker s pre-existing osteoporosis",1,0.01
"worker s right ankle",1,0.01
"entitlement for post-traumatic arthritis",1,0.01
"moderate-severe",1,0.01
"worker has a permanent impairment",1,0.01
"épicondylite latérale gauche",1,0.01
"restores your pre-injury earnings",1,0.01
"confirmed that post-surgery this remains",1,0.01
"station",1,0.01
"fourth digit trigger finger",1,0.01
"reports the disablement as work-related",1,0.01
"short-term earnings",1,0.01
"worker s left ankle",1,0.01
"worker s impairment",1,0.01
"loading bay",1,0.01
"benefits for bilateral knee surgery",1,0.01
"upper extremity impairments",1,0.01
"training on the job opportunity",1,0.01
"vocational assessment",1,0.01
"counter clerk salesperson",1,0.01
"meniscus tears",1,0.01
"hygiene",1,0.01
"poor",1,0.01
"worker s low",1,0.01
"osteochondritis dissecans",1,0.01
"goniometer",1,0.01
"garbage bag",1,0.01
"compensable left inguinal hernia",1,0.01
"wires",1,0.01
"assignment",1,0.01
"biceps tenodesis",1,0.01
"intercostal neuralgia",1,0.01
"language",1,0.01
"angina",1,0.01
"distal radioulnar joint",1,0.01
"twenty hours",1,0.01
"traumatic hearing loss",1,0.01
"exposure to hazardous noise",1,0.01
"graphic design",1,0.01
"sustainability benefit",1,0.01
"bone growth stimulator",1,0.01
"shuffling",1,0.01
"spinal fractures",1,0.01
"modified work on a full-time",1,0.01
"pre-hearing conference that the convened",1,0.01
"issued following a pre-hearing conference",1,0.01
"mechanical bed",1,0.01
"care benefits for a walker",1,0.01
"basal cell carcinoma",1,0.01
"tablets",1,0.01
"typographical",1,0.01
"grocery store",1,0.01
"enterococcus faecalis",1,0.01
"decision-maker",1,0.01
"worker s employment duties",1,0.01
"diagnostic imaging",1,0.01
"leg symptoms",1,0.01
"disk herniation",1,0.01
"re-assessment",1,0.01
"undersurface",1,0.01
"transcript",1,0.01
"referenced by a decision-maker",1,0.01
"significant defect",1,0.01
"co-worker spouse",1,0.01
"stairwell",1,0.01
"pre-existing condition affecting the worker",1,0.01
"muscle atrophy",1,0.01
"entry hourly wage",1,0.01
"termination pay",1,0.01
"pay in lieu",1,0.01
"tibia-fibula fracture",1,0.01
"tib-fib",1,0.01
"healing",1,0.01
"employer s request for reconsideration",1,0.01
"window sill",1,0.01
"full thickness",1,0.01
"hinge",1,0.01
"damage to the gate",1,0.01
"design",1,0.01
"swing gate",1,0.01
"gates",1,0.01
"multidisciplinary",1,0.01
"academic upgrade",1,0.01
"gastric ulcer",1,0.01
"fentanyl",1,0.01
"pre-recurrence long-term average earnings",1,0.01
"pre-injury long-term",1,0.01
"prednisone",1,0.01
"bone density loss",1,0.01
"employer s industry",1,0.01
"silos",1,0.01
"otherwise than for the purposes",1,0.01
"worker s left hip",1,0.01
"bone graft",1,0.01
"picnic tables",1,0.01
"sudden cardiac death",1,0.01
"humid",1,0.01
"methotrexate",1,0.01
"fume hood",1,0.01
"glass sash",1,0.01
"platelet rich plasma injections",1,0.01
"entitled to an increase",1,0.01
"operating area",1,0.01
"organizational level",1,0.01
"rib injury",1,0.01
"chiropodist",1,0.01
"custom made orthotics",1,0.01
"urinary bladder condition",1,0.01
"notes indicated that the worker",1,0.01
"clinical notes indicated",1,0.01
"worker s actual earnings",1,0.01
"pilots",1,0.01
"geophysical",1,0.01
"aerial",1,0.01
"data",1,0.01
"testing",1,0.01
"air conduction values",1,0.01
"tramadol",1,0.01
"occupational health nurse",1,0.01
"worker s treating physicians",1,0.01
"exposure to respirable dust",1,0.01
"exposure to manganese",1,0.01
"thoracotomy with decortication",1,0.01
"hypokalemia",1,0.01
"supraspinatus tendinopathy",1,0.01
"tibial",1,0.01
"worker s pre-existing conditions",1,0.01
"psychosocial stressors",1,0.01
"worker s regular duties",1,0.01
"cervical strain",1,0.01
"blank",1,0.01
"rating for the pre-existing condition",1,0.01
"body",1,0.01
"area",1,0.01
"retail store manager",1,0.01
"self-directed job",1,0.01
"bedroll",1,0.01
"tumbler",1,0.01
"entitlement for multiple staphylococcus folliculitis",1,0.01
"furunculosis as compensable workplace injuries",1,0.01
"cuts",1,0.01
"personal protective equipment",1,0.01
"three-week delay in filing",1,0.01
"prejudiced by the three-week delay",1,0.01
"back-up home generator",1,0.01
"installed",1,0.01
"outage",1,0.01
"treating health care providers",1,0.01
"remain off work completely",1,0.01
"coccyx pain",1,0.01
"lines",1,0.01
"joint dysfunction",1,0.01
"roster physician",1,0.01
"six-month time frame",1,0.01
"lésions indemnisables",1,0.01
"mailroom",1,0.01
"smaller annular tear",1,0.01
"platinum",1,0.01
"steel mill",1,0.01
"asbestos siding",1,0.01
"primes",1,0.01
"rajustement",1,0.01
"cricket",1,0.01
"worker s exposures",1,0.01
"underground",1,0.01
"non-medical socio-economic factors",1,0.01
"coil",1,0.01
"traumatic intracranial hemorrhage",1,0.01
"subdural hematoma",1,0.01
"seizure like episode",1,0.01
"amended by deleting",1,0.01
"grip pinch strength",1,0.01
"call bell cord",1,0.01
"prior compensable",1,0.01
"distal",1,0.01
"thin skull doctrine",1,0.01
"chronic retinal detachment",1,0.01
"swarf",1,0.01
"lumbar disc herniation",1,0.01
"landing",1,0.01
"reasons",1,0.01
"lex loci delicti rule",1,0.01
"page",1,0.01
"deletions",1,0.01
"sentence",1,0.01
"sacrum",1,0.01
"crash truck",1,0.01
"implicitly",1,0.01
"cafeteria",1,0.01
"liable to pay",1,0.01
"prohibited from suing",1,0.01
"assisting occupations in support",1,0.01
"aka",1,0.01
"escalated",1,0.01
"plica",1,0.01
"medial patellar cartilage fissure",1,0.01
"school board",1,0.01
"lawn",1,0.01
"indemnisable au bas du dos",1,0.01
"worker s pleural plaques",1,0.01
"motion for the lumbar spine",1,0.01
"classified",1,0.01
"homebuilding",1,0.01
"ability to earn updated entry-level",1,0.01
"earn updated entry-level wages",1,0.01
"wage rate",1,0.01
"gall bladder",1,0.01
"worker was hired",1,0.01
"date he secured full-time employment",1,0.01
"arm injury",1,0.01
"disposition",1,0.01
"neuromas",1,0.01
"satisfied that the proposed resolution",1,0.01
"sedentary elemental service occupation",1,0.01
"abuse in the workplace",1,0.01
"cubital tunnel syndrome ulnar neuropathy",1,0.01
"constitute re-argument",1,0.01
"fluorescent lighting",1,0.01
"photosensitivity",1,0.01
"bulges",1,0.01
"dissecting aneurysm",1,0.01
"femoral artery",1,0.01
"approximate her pre-accident earnings",1,0.01
"cannabis clinic",1,0.01
"élève",1,0.01
"chips",1,0.01
"truckers",1,0.01
"auditor",1,0.01
"min wk",1,0.01
"wheelchair accessible",1,0.01
"re-streaming",1,0.01
"surgical rating",1,0.01
"interrelated",1,0.01
"caused the worker s mesothelioma",1,0.01
"police force",1,0.01
"light assembly",1,0.01
"psychovocational",1,0.01
"rating schedules",1,0.01
"chemonucleolysis",1,0.01
"tour guide",1,0.01
"travel to work",1,0.01
"forty-hour work",1,0.01
"passengers",1,0.01
"public domain",1,0.01
"admissibility",1,0.01
"disciplinary",1,0.01
"formal appointment",1,0.01
"barrier",1,0.01
"ability to earn the entry-level",1,0.01
"malignant spindle cell neoplasm",1,0.01
"sarcomatoid",1,0.01
"cigarette smoking",1,0.01
"production bonus",1,0.01
"bilateral custom orthotics",1,0.01
"worker s bilateral plantar fasciitis",1,0.01
"seasonal layoff",1,0.01
"moldy",1,0.01
"noise exposure level",1,0.01
"loss-of-earnings benefit",1,0.01
"self-directed medical",1,0.01
"noise-induced",1,0.01
"worker s benefits",1,0.01
"drive-thru window",1,0.01
"headset",1,0.01
"able to work full-time",1,0.01
"ligamentous laxity",1,0.01
"annular tear small disc protrusion",1,0.01
"measurement",1,0.01
"co-operating in the worker",1,0.01
"sorter",1,0.01
"discopathie dégénérative",1,0.01
"entitlement for bilateral carpal tunnel",1,0.01
"sawzall",1,0.01
"taper",1,0.01
"drywaller",1,0.01
"unfilled pillow",1,0.01
"toolbox",1,0.01
"wheels",1,0.01
"osseointegration surgery",1,0.01
"prosthetic",1,0.01
"socket",1,0.01
"worker s death",1,0.01
"oxycodone",1,0.01
"entitlement to survivor s benefits",1,0.01
"loss consistent with noise-induced sensorineural",1,0.01
"worker withdraws all other aspects",1,0.01
"undisplaced",1,0.01
"atonic bladder",1,0.01
"traumatisme crânien",1,0.01
"cogné la tête",1,0.01
"déchirure du tendon sus-épineux",1,0.01
"interested",1,0.01
"brought",1,0.01
"short-term disability benefits",1,0.01
"drops",1,0.01
"cholangiocarcinoma",1,0.01
"evaluation",1,0.01
"refereeing",1,0.01
"discophytes",1,0.01
"enduring",1,0.01
"pharmacotherapy",1,0.01
"unprepared to proceed",1,0.01
"attribuable à un traumatisme psychique",1,0.01
"alopecia",1,0.01
"synovitis",1,0.01
"skating",1,0.01
"patinoire",1,0.01
"chip fracture",1,0.01
"divisor",1,0.01
"walk-in bathtub",1,0.01
"urinary tract",1,0.01
"prostatitis",1,0.01
"based upon her ability",1,0.01
"rapid acceleration vibratory tools",1,0.01
"miner",1,0.01
"worker s employment",1,0.01
"jackleg",1,0.01
"continuous employment on high frequency",1,0.01
"usual healing time",1,0.01
"vertebra",1,0.01
"welding screens",1,0.01
"return to regular duties",1,0.01
"rural",1,0.01
"music festival",1,0.01
"security",1,0.01
"turkey hunting license",1,0.01
"non-compensable intervening event",1,0.01
"worker s pre-existing degenerative condition",1,0.01
"guardshack",1,0.01
"rectus diastasis",1,0.01
"worker s neck pain",1,0.01
"lordosis",1,0.01
"degenerative disc disease with radiculopathy",1,0.01
"pre-existing condition was major",1,0.01
"worker s permanent impairment",1,0.01
"claiming entitlement to full benefits",1,0.01
"pre-existing cervical degenerative disc disease",1,0.01
"région lombaire",1,0.01
"dental entitlement",1,0.01
"community acquired pneumonia",1,0.01
"entitlement for degenerative changes",1,0.01
"significant contribution to the worker",1,0.01
"personality",1,0.01
"worker s asthma",1,0.01
"worker s low back condition",1,0.01
"calls",1,0.01
"pre-existing psychological difficulties",1,0.01
"call",1,0.01
"employment on a pre-existing degenerative",1,0.01
"benefits for a non-organic injury",1,0.01
"full thickness supraspinatus tendon tear",1,0.01
"frostbite",1,0.01
"tuberosity",1,0.01
"demeanor",1,0.01
"claimed recurrence",1,0.01
"spinal canal stenosis",1,0.01
"worker s cognitive",1,0.01
"elections",1,0.01
"demeanour",1,0.01
"gastrocnemius musculotendinous junction partial tear",1,0.01
"cast saws",1,0.01
"worker s stress-induced cardiomyopathy",1,0.01
"carrying on business in construction",1,0.01
"worker s neck",1,0.01
"included in the case materials",1,0.01
"benefits for dorsal extensor tenosynovitis",1,0.01
"distal humerus fracture",1,0.01
"exposure to mould",1,0.01
"histoplasmic",1,0.01
"worker s left index finger",1,0.01
"abrasion",1,0.01
"index finger cellulitis was work-related",1,0.01
"pre-existing wrist condition",1,0.01
"radiocarpal strain",1,0.01
"dominant hand retraining",1,0.01
"glove sorter job",1,0.01
"worker withdraws all aspects",1,0.01
"involving the co-worker",1,0.01
"urban planning",1,0.01
"entry",1,0.01
"earn minimum wage working",1,0.01
"occupations",1,0.01
"mild degenerative disc disease",1,0.01
"spinal compression fractures",1,0.01
"dorsal spine",1,0.01
"uticaria",1,0.01
"paracentral disc protrusion",1,0.01
"anterior talofibular ligament",1,0.01
"allergic",1,0.01
"hives",1,0.01
"fire-proofing",1,0.01
"physical distancing",1,0.01
"health",1,0.01
"customer",1,0.01
"inventory checker counter",1,0.01
"blades",1,0.01
"onwards",1,0.01
"kidney disease",1,0.01
"hemodialysis",1,0.01
"creatinine",1,0.01
"worker s right elbow",1,0.01
"supination",1,0.01
"pronation",1,0.01
"worker s actual",1,0.01
"worker was working fewer hours",1,0.01
"return to her pre-accident state",1,0.01
"direct-entry suitable occupation available",1,0.01
"pension for the right hip",1,0.01
"baccalauréat technologique",1,0.01
"fournisseuse",1,0.01
"modified work on a part-time",1,0.01
"modified kitting duties",1,0.01
"counting",1,0.01
"navicular",1,0.01
"occupational rhinitis",1,0.01
"allergic rhinitis",1,0.01
"patch",1,0.01
"work-related injury illness",1,0.01
"cluster fly",1,0.01
"drop foot",1,0.01
"work reintegration services",1,0.01
"debilitating pain",1,0.01
"primary biliary cirrhosis",1,0.01
"dry cleaning",1,0.01
"perchloroethylene",1,0.01
"sheet metal worker",1,0.01
"nitrogen tanks",1,0.01
"truck driver instructor",1,0.01
"joint arthropathy significant spinal stenosis",1,0.01
"worker s neck symptoms",1,0.01
"physiotherapy treatment for the period",1,0.01
"lex loci delicti",1,0.01
"required to perform his employment",1,0.01
"microangiopathie ou vasculopathie",1,0.01
"gelures",1,0.01
"extrusion",1,0.01
"os calcis",1,0.01
"net average weekly pre-injury earnings",1,0.01
"owner",1,0.01
"executive",1,0.01
"combined",1,0.01
"prescribed medical marijuana",1,0.01
"non-expert opinion evidence",1,0.01
"affidavit",1,0.01
"deemed withdrawn",1,0.01
"steps he is proposing",1,0.01
"cerebellar ataxia",1,0.01
"nystagmus",1,0.01
"gastrointestinal cancer",1,0.01
"furnaces",1,0.01
"worker s representative then explained",1,0.01
"ratchet",1,0.01
"worker s work duties",1,0.01
"accès",1,0.01
"drugs",1,0.01
"trialed",1,0.01
"entitlement for the disc herniation",1,0.01
"air ride",1,0.01
"inextricably inter-related",1,0.01
"dietary assistant job",1,0.01
"rhinosinusitis",1,0.01
"cognitive behavioural therapy",1,0.01
"bender machine",1,0.01
"alcohol dependence",1,0.01
"feeling unwell",1,0.01
"fall on ice",1,0.01
"discogenic low back pain",1,0.01
"arm deformity",1,0.01
"escort fees",1,0.01
"drain",1,0.01
"self-directed vocational rehabilitation",1,0.01
"benefits from the date",1,0.01
"hallucinations",1,0.01
"bleach",1,0.01
"term earnings basis",1,0.01
"pre-existing spondylosis",1,0.01
"massive rotator cuff tear",1,0.01
"pre-existing varicose veins",1,0.01
"vascular surgeon",1,0.01
"venous insufficiency",1,0.01
"stockings",1,0.01
"satellite dish",1,0.01
"colostomy",1,0.01
"peri-stomal",1,0.01
"driver loader",1,0.01
"proof",1,0.01
"onus",1,0.01
"bears the burden",1,0.01
"proving",1,0.01
"attend physiotherapy",1,0.01
"two-year period",1,0.01
"congestive heart",1,0.01
"pleural plaques significantly contributed",1,0.01
"catch basin",1,0.01
"entitlement for the right wrist",1,0.01
"data entry clerk",1,0.01
"gauntlet brace",1,0.01
"basement",1,0.01
"main floor",1,0.01
"space",1,0.01
"hammersmith",1,0.01
"brake pads",1,0.01
"autoscrubber",1,0.01
"recover his pre-injury earnings",1,0.01
"episode",1,0.01
"speech",1,0.01
"ambulance",1,0.01
"modified job duties",1,0.01
"supraspinatus tendon tear",1,0.01
"cartilage loss",1,0.01
"occupational exposure to noise",1,0.01
"worker suffers a significant deterioration",1,0.01
"object that struck the worker",1,0.01
"robber",1,0.01
"dusting",1,0.01
"traffic controller",1,0.01
"migraine condition",1,0.01
"stationnement des sous-traitants",1,0.01
"contractor parking lot",1,0.01
"aire",1,0.01
"lens implant",1,0.01
"iris surgery",1,0.01
"depression became manifest",1,0.01
"voice mail",1,0.01
"right-sided visual",1,0.01
"hernies discales",1,0.01
"mental stress provisions",1,0.01
"wording",1,0.01
"trimming",1,0.01
"trees",1,0.01
"return to her pre-injury job",1,0.01
"power tools",1,0.01
"gunpoint",1,0.01
"independent operators",1,0.01
"tracking",1,0.01
"bilateral upper extremities",1,0.01
"metal-on-metal implant",1,0.01
"elbow tendinitis",1,0.01
"wrapped",1,0.01
"exertional compartment syndrome",1,0.01
"auto body repairer",1,0.01
"trailer hitch",1,0.01
"wave machine",1,0.01
"uninjured",1,0.01
"medical examiners",1,0.01
"regular",1,0.01
"posterior inferior",1,0.01
"skull",1,0.01
"pre-existing arthritis",1,0.01
"paranoid psychosis",1,0.01
"hydrocele",1,0.01
"discitis",1,0.01
"contractors",1,0.01
"pushing",1,0.01
"reconsideration on its own motion",1,0.01
"request for an re-assessment",1,0.01
"sirens",1,0.01
"liftgate",1,0.01
"bilateral shoulder calcific tendonitis",1,0.01
"synovial cyst",1,0.01
"unspool",1,0.01
"wear bullet-proof vests",1,0.01
"entitled to benefits for chronic",1,0.01
"apathy",1,0.01
"aisle",1,0.01
"glazier",1,0.01
"glass",1,0.01
"entitlement for the recognition",1,0.01
"vascular risk factors",1,0.01
"restoration",1,0.01
"ventral hernia",1,0.01
"enterocutaneous fistula with skin necrosis",1,0.01
"injury decision denied the worker",1,0.01
"ring trigger finger as causally",1,0.01
"accident indemnisable",1,0.01
"cervical thoracic lumbar spine",1,0.01
"long-term rate",1,0.01
"time period under consideration",1,0.01
"substantial connection to the province",1,0.01
"scanner",1,0.01
"traps",1,0.01
"retire",1,0.01
"prior menisci damage identified",1,0.01
"acute aggravation",1,0.01
"entitlement to a recalculation",1,0.01
"related to the pleural plaques",1,0.01
"truck dispatcher",1,0.01
"operating",1,0.01
"work-related pain",1,0.01
"post lock-in",1,0.01
"spinal fusion surgery",1,0.01
"non-earning period",1,0.01
"shop helper",1,0.01
"playing hopscotch",1,0.01
"text",1,0.01
"pending",1,0.01
"ligament loss",1,0.01
"pay stub information",1,0.01
"hexavalent chromium",1,0.01
"talonavicular osteoarthritis",1,0.01
"fibers cc",1,0.01
"ear cochlear implant surgery",1,0.01
"garbage bags",1,0.01
"factory",1,0.01
"business college",1,0.01
"re-employ the worker",1,0.01
"somatoform pain disorder",1,0.01
"airbags",1,0.01
"tricompartment osteoarthritis",1,0.01
"deny any work-related permanent impairment",1,0.01
"faxed",1,0.01
"thighs",1,0.01
"stores keeper",1,0.01
"causally linked",1,0.01
"videoconference hearing format",1,0.01
"toxicology report",1,0.01
"pilot escort",1,0.01
"seasonal lay-offs",1,0.01
"video conference",1,0.01
"necessitate an in-person",1,0.01
"adjourned",1,0.01
"approximate her pre-accident",1,0.01
"work-related right ankle injuries",1,0.01
"palette",1,0.01
"recurrent ventral hernia",1,0.01
"surgeon",1,0.01
"non-organic impairment",1,0.01
"divisible injury",1,0.01
"pre-dated its release",1,0.01
"transverse arches",1,0.01
"regular work",1,0.01
"return to his pre-injury job",1,0.01
"heavy lifting",1,0.01
"cerebellar stroke",1,0.01
"arterial dissection",1,0.01
"redundant interatrial septum",1,0.01
"nursing coordinator",1,0.01
"vacuum",1,0.01
"mastoidectomy",1,0.01
"questions",1,0.01
"changed to the following",1,0.01
"blood sugars",1,0.01
"glycemic",1,0.01
"job postings",1,0.01
"failed back syndrome",1,0.01
"boot clips",1,0.01
"pipefitter plumber",1,0.01
"entitlement to disability benefits",1,0.01
"marine engineer",1,0.01
"ulcers",1,0.01
"shoplifter",1,0.01
"spinner knob",1,0.01
"mittens",1,0.01
"aggravated her underlying osteoarthritic condition",1,0.01
"basal",1,0.01
"work full-time hours",1,0.01
"employable",1,0.01
"language ability",1,0.01
"vertebral body height",1,0.01
"temporary total",1,0.01
"inconsistent with organic findings",1,0.01
"gas pumps",1,0.01
"multidisciplinary pain",1,0.01
"patrol",1,0.01
"utility belt",1,0.01
"part-time schedule",1,0.01
"congenitally narrow spinal canal",1,0.01
"reintegration",1,0.01
"rail",1,0.01
"exposure to silica dust",1,0.01
"recommissioning",1,0.01
"exposure to airborne silica",1,0.01
"flatbed",1,0.01
"trigger thumb on a disablement",1,0.01
"thumb condition",1,0.01
"scaphotrapezial",1,0.01
"distal interphalangeal joints",1,0.01
"lésion au bas du dos",1,0.01
"part-time bartender",1,0.01
"regular job duties",1,0.01
"ischemic stroke",1,0.01
"elemental occupation",1,0.01
"medial femoral condyle chondromalacia",1,0.01
"condition arising from his work-related",1,0.01
"maxi brake",1,0.01
"buyout package",1,0.01
"immediate cause",1,0.01
"double vision symptoms",1,0.01
"auxiliaire juridique",1,0.01
"inner part",1,0.01
"permanent low back impairment",1,0.01
"determinations",1,0.01
"co-operation",1,0.01
"sequencing",1,0.01
"hard count room",1,0.01
"worker had full functional abilities",1,0.01
"abrasion contusion",1,0.01
"overnight shift",1,0.01
"engine kit tugger",1,0.01
"non-compensable health",1,0.01
"joint osteoarthritis",1,0.01
"marijuana to treat the worker",1,0.01
"heat pad",1,0.01
"plantar branch",1,0.01
"scapular",1,0.01
"quiz builder",1,0.01
"on-call driver",1,0.01
"ancillary workers",1,0.01
"quarry",1,0.01
"automotive parts manufacturer",1,0.01
"hangers",1,0.01
"question is no longer required",1,0.01
"moot",1,0.01
"shoulder arthroplasty",1,0.01
"right-sided epicondylitis",1,0.01
"strapping",1,0.01
"guardshack duties",1,0.01
"de-gloving",1,0.01
"breathing",1,0.01
"automotive inventory clerk",1,0.01
"grade",1,0.01
"sedentary physical demands level",1,0.01
"significant symptomatic pre-accident medical conditions",1,0.01
"hour ambulatory blood pressure monitor",1,0.01
"wax",1,0.01
"cervical disc herniation",1,0.01
"scoop truck",1,0.01
"anonymization",1,0.01
"long-term average earnings calculation",1,0.01
"narcotic addiction",1,0.01
"oxycontin",1,0.01
"open lung biopsy",1,0.01
"spacer",1,0.01
"osteomalacia",1,0.01
"bacterial infection",1,0.01
"gas bar attendant",1,0.01
"loose body",1,0.01
"requesting for a withdrawal",1,0.01
"slats",1,0.01
"tracks",1,0.01
"berry box",1,0.01
"neural foramina",1,0.01
"reimbursement for massage therapy treatments",1,0.01
"radio-ulnar interosseous ligament damage",1,0.01
"aircraft maintenance engineer",1,0.01
"self-directed work transition",1,0.01
"hospice",1,0.01
"minimum hazardous noise exposure",1,0.01
"dosimetry",1,0.01
"housekeeper",1,0.01
"later than three weeks",1,0.01
"moussing",1,0.01
"swamper",1,0.01
"landfill site",1,0.01
"objective",1,0.01
"equipment salesperson",1,0.01
"compensable low back strain",1,0.01
"facet arthropathy",1,0.01
"net",1,0.01
"welder fitter",1,0.01
"transfer case fell",1,0.01
"told",1,0.01
"coding",1,0.01
"post-accident",1,0.01
"costotransverse junction",1,0.01
"racking",1,0.01
"diagnosed as urticaria pigmentosa",1,0.01
"brake line",1,0.01
"countertop",1,0.01
"crown molding",1,0.01
"meningioma",1,0.01
"increased risk",1,0.01
"leg radiculopathy",1,0.01
"attic",1,0.01
"stacking",1,0.01
"disability benefits should be offset",1,0.01
"disability benefits were awarded",1,0.01
"existing issue agenda",1,0.01
"operating level",1,0.01
"injury as a secondary condition",1,0.01
"axial loading injury",1,0.01
"roof truss",1,0.01
"work-related injury affecting the worker",1,0.01
"personal work-related injury affecting",1,0.01
"duties as a banquet waiter",1,0.01
"receive benefits",1,0.01
"withdraw his claim for benefits",1,0.01
"cold environment",1,0.01
"post-accident condition",1,0.01
"elemental service occupation",1,0.01
"pant leg getting caught",1,0.01
"employment duties",1,0.01
"clerk receptionist",1,0.01
"anxiety-creating situations",1,0.01
"tower crane",1,0.01
"fence",1,0.01
"bilateral knee disability",1,0.01
"disability insurer",1,0.01
"noneconomic loss",1,0.01
"interventional",1,0.01
"subchondral cysts",1,0.01
"subject to any benefit payments",1,0.01
"screw",1,0.01
"licensed producer",1,0.01
"spinal cord compression",1,0.01
"heavy equipment mechanic",1,0.01
"upper extremity condition",1,0.01
"prior to his suspension",1,0.01
"psychological well-being",1,0.01
"wrongful dismissal amongst other things",1,0.01
"workers compensation",1,0.01
"cut",1,0.01
"tanks",1,0.01
"licensing",1,0.01
"total hip arthroplasty",1,0.01
"flamer",1,0.01
"knee revision surgery",1,0.01
"paving",1,0.01
"bridge",1,0.01
"cataract surgery",1,0.01
"rear-loader truck",1,0.01
"widening",1,0.01
"dietary porter",1,0.01
"horse",1,0.01
"brake",1,0.01
"eversion",1,0.01
"plywood",1,0.01
"floor polishers",1,0.01
"vacuum cleaners",1,0.01
"strippers",1,0.01
"septic discitis",1,0.01
"acupuncture treatments",1,0.01
"redaction",1,0.01
"references to the worker",1,0.01
"jugs",1,0.01
"cords",1,0.01
"pre-and post-accident",1,0.01
"mandatorily",1,0.01
"forgets",1,0.01
"arbitrator",1,0.01
"pad",1,0.01
"pelvic organ prolapse",1,0.01
"cumulative dust exposure",1,0.01
"ulnar nerve entrapment",1,0.01
"alcohol abuse",1,0.01
"non-facial disfigurement",1,0.01
"foot blister ulcer cellulitis condition",1,0.01
"worker states",1,0.01
"fatty liver",1,0.01
"stomach",1,0.01
"strenuous",1,0.01
"elastic bands",1,0.01
"squatted",1,0.01
"operate the mast climber",1,0.01
"ancillary services",1,0.01
"diamond driller",1,0.01
"non-compensable medical conditions",1,0.01
"sustainable for the worker",1,0.01
"compensable left hip injury",1,0.01
"scaphoid fracture",1,0.01
"demolition",1,0.01
"prank",1,0.01
"senior co-worker",1,0.01
"peroneal nerve entrapment",1,0.01
"cortical testing",1,0.01
"interjeter",1,0.01
"retard",1,0.01
"cortisone",1,0.01
"sustain the health",1,0.01
"lipodermatosclerosis",1,0.01
"incident to a co-worker",1,0.01
"lung cancer risk",1,0.01
"pre-existing coronary artery disease",1,0.01
"pricing",1,0.01
"bilateral medial",1,0.01
"reconvened hearing is requested",1,0.01
"slab haulers",1,0.01
"dissociative episodes",1,0.01
"psycho-traumatic",1,0.01
"motor vehicle accidents",1,0.01
"groin strain",1,0.01
"tires",1,0.01
"reversal",1,0.01
"summonsed",1,0.01
"doctors",1,0.01
"burler seamer",1,0.01
"includes unoperated herniated nucleus pulposus",1,0.01
"toe fracture",1,0.01
"dresser",1,0.01
"shoulder dislocations",1,0.01
"cervical strain injury",1,0.01
"cervical spondylitic radiculomyelopathy",1,0.01
"trucking company",1,0.01
"purported",1,0.01
"domes",1,0.01
"dome",1,0.01
"topical",1,0.01
"rolling",1,0.01
"assembler",1,0.01
"perform any work",1,0.01
"sedentary-light physical demands level",1,0.01
"undersurface bony spur",1,0.01
"reemerged",1,0.01
"posttraumatic ankle arthritis",1,0.01
"polymyalgia",1,0.01
"pre-existing right knee",1,0.01
"second right knee arthroscopy",1,0.01
"potatoes",1,0.01
"triquetrum avulsion fracture",1,0.01
"adjustable bed",1,0.01
"asthma symptoms",1,0.01
"non-compensable coronary cardiac condition",1,0.01
"assessors noted that the worker",1,0.01
"non-organic impairments",1,0.01
"compensable irritant contact dermatitis",1,0.01
"statements",1,0.01
"self-directed transition plan agreement",1,0.01
"jewellery",1,0.01
"leg sciatica",1,0.01
"flare-up",1,0.01
"duties as a runner loader",1,0.01
"nerve conduction studies",1,0.01
"pre-existing hernia",1,0.01
"processus vaginalis",1,0.01
"ill",1,0.01
"blindness",1,0.01
"president",1,0.01
"secretary",1,0.01
"farming business",1,0.01
"pre-existing disc herniation",1,0.01
"aortic aneurysm",1,0.01
"foot pain",1,0.01
"tarsometatarsal",1,0.01
"horseplay",1,0.01
"lift the gator",1,0.01
"redact references to suggested psychological",1,0.01
"bombement",1,0.01
"opioid dependency",1,0.01
"opiates",1,0.01
"subject to the hazards",1,0.01
"curry",1,0.01
"foot fracture",1,0.01
"veneer",1,0.01
"prisoner",1,0.01
"wear safety shoes",1,0.01
"policy came into effect",1,0.01
"backdate the worker",1,0.01
"measurable pre-existing condition",1,0.01
"concentration",1,0.01
"retired",1,0.01
"strain injuries to his neck",1,0.01
"rotating telehandler",1,0.01
"larking",1,0.01
"concrete",1,0.01
"ankle strain",1,0.01
"needed to self-care",1,0.01
"accounts receivable",1,0.01
"tongue cancer",1,0.01
"plant closure",1,0.01
"ongoing entitlement for left wrist",1,0.01
"based on minimum wage earnings",1,0.01
"grapple skidder",1,0.01
"grocery shopping",1,0.01
"raid",1,0.01
"phenomenon",1,0.01
"cold-induced",1,0.01
"nipple",1,0.01
"abscess",1,0.01
"mastitis",1,0.01
"offset by two-thirds",1,0.01
"pepper spray",1,0.01
"lachrymator",1,0.01
"pants",1,0.01
"chipper grinder refined shapes",1,0.01
"copper refinery",1,0.01
"residuals",1,0.01
"fresheners",1,0.01
"reach truck",1,0.01
"pre-existing calcific tendinosis",1,0.01
"short-term layoff",1,0.01
"graft",1,0.01
"incarceration",1,0.01
"part-time",1,0.01
"hearsay",1,0.01
"benefits for the period",1,0.01
"depressed",1,0.01
"weekly wage",1,0.01
"job as a flooring installer",1,0.01
"bilateral chondromalacia patella",1,0.01
"crewman",1,0.01
"digging",1,0.01
"small left biceps sheath effusion",1,0.01
"solar panels",1,0.01
"draftsman",1,0.01
"peroneal neuropathy",1,0.01
"vasculitis as a secondary condition",1,0.01
"thumb metacarpal",1,0.01
"ability to earn minimum",1,0.01
"minimum wages on a part-time",1,0.01
"lumber yard",1,0.01
"continued",1,0.01
"chronic regional pain syndrome",1,0.01
"hip socket",1,0.01
"bipolar uncemented hemiarthroplasty",1,0.01
"partial benefits based on self-employment",1,0.01
"manifold",1,0.01
"instruments",1,0.01
"non-organic injuries",1,0.01
"entitlement for bilateral shoulder injuries",1,0.01
"partial thickness intrasubstance tear",1,0.01
"proximal patellar tendon",1,0.01
"surviving spouses",1,0.01
"re-enter the workforce",1,0.01
"worker to re-enter the labour",1,0.01
"labour market re-entry assessment",1,0.01
"boss",1,0.01
"orthopaedic footwear with custom orthotics",1,0.01
"fifth toe",1,0.01
"assessors noted",1,0.01
"knee amputation",1,0.01
"laundry services",1,0.01
"permanent left hip impairment",1,0.01
"onset disablement involving her hands",1,0.01
"superior lateral acetabulum",1,0.01
"contusions",1,0.01
"medical records",1,0.01
"injury to the left elbow",1,0.01
"long-tern earnings rate to exclude",1,0.01
"school bus",1,0.01
"entitlement to a time extension",1,0.01
"oil spray technician",1,0.01
"in-class training",1,0.01
"insect bites",1,0.01
"out-of-province training",1,0.01
"pension reassessment",1,0.01
"eight-month delay",1,0.01
"write",1,0.01
"cut-off date",1,0.01
"second request for reconsideration",1,0.01
"medial humeral epicondylitis",1,0.01
"perform the essential duties",1,0.01
"bone density",1,0.01
"filters",1,0.01
"front-line manager",1,0.01
"seniors unit",1,0.01
"victims",1,0.01
"questioning",1,0.01
"compensable permanent impairment",1,0.01
"recommended",1,0.01
"insurer from whom statutory accident",1,0.01
"backhoe excavator into a retail",1,0.01
"paint store",1,0.01
"lobe",1,0.01
"lymph",1,0.01
"salt bags",1,0.01
"particulate",1,0.01
"lumbar sprain",1,0.01
"streetcar operator",1,0.01
"acetaldehyde",1,0.01
"entitlement for cervical radiculopathy",1,0.01
"attendant due to the work-related",1,0.01
"due to the work-related injury",1,0.01
"herniation resulting from a workplace",1,0.01
"disc herniation resulting",1,0.01
"escalated pre-injury wages",1,0.01
"post-injury updated entry-level wages restored",1,0.01
"determine the post-injury earnings",1,0.01
"neuritis",1,0.01
"dock door",1,0.01
"inspections",1,0.01
"film industry",1,0.01
"entitled to interest",1,0.01
"payment",1,0.01
"interest policy",1,0.01
"payments",1,0.01
"delayed",1,0.01
"erection",1,0.01
"penile",1,0.01
"mild to moderate erectile dysfunction",1,0.01
"pars interarticularis fractures",1,0.01
"invalidité",1,0.01
"plantar fibroma",1,0.01
"unistrut",1,0.01
"gas",1,0.01
"garage business",1,0.01
"pumps",1,0.01
"window washing squeegee duties",1,0.01
"cervicothoracic region",1,0.01
"cervicothoracic facet syndrome",1,0.01
"chute",1,0.01
"jams",1,0.01
"talonavicular",1,0.01
"routine",1,0.01
"high degree",1,0.01
"episodic neurological disorders",1,0.01
"caries",1,0.01
"executive director",1,0.01
"knife",1,0.01
"reported intermittent left knee pain",1,0.01
"knee pain which he rated",1,0.01
"converted",1,0.01
"clinical entry",1,0.01
"playing soccer",1,0.01
"stroller",1,0.01
"fired",1,0.01
"pre-existing symptomatic hemorrhoid impairment",1,0.01
"rectal",1,0.01
"inserting gears into casings",1,0.01
"van conversion",1,0.01
"insulated",1,0.01
"traffic incident",1,0.01
"total hip replacement",1,0.01
"compensable surgery",1,0.01
"overhead press",1,0.01
"pin",1,0.01
"pied gauche",1,0.01
"cellphone application",1,0.01
"internet installer",1,0.01
"bilateral hip injury",1,0.01
"provided by the union",1,0.01
"chin",1,0.01
"full-time employment earning minimum wage",1,0.01
"based on full-time employment earning",1,0.01
"heavy equipment",1,0.01
"supraspinatus tendon interstitial tears",1,0.01
"escalator checker",1,0.01
"rescind his request to withdraw",1,0.01
"restriction",1,0.01
"palmar cutaneous neuroma",1,0.01
"companion",1,0.01
"bi-weekly sessions",1,0.01
"ingredients",1,0.01
"posterior annular tear",1,0.01
"inactivity",1,0.01
"tunnel leg machine operator",1,0.01
"adjuster assembler job",1,0.01
"injuries to the neck",1,0.01
"older worker option",1,0.01
"self-directed work reintegration to achieve",1,0.01
"advisable to reconsider",1,0.01
"benefits based on part-time hours",1,0.01
"work as a welder pipefitter",1,0.01
"acromioclavicular joint derangement",1,0.01
"joint employers",1,0.01
"obtain full-time employment",1,0.01
"contractual part-time",1,0.01
"second hand smoke",1,0.01
"formally",1,0.01
"étage",1,0.01
"welding shop",1,0.01
"symptomology",1,0.01
"sacral torsion injury",1,0.01
"entitlement for a sacral torsion",1,0.01
"lumbar contusion strain",1,0.01
"villa",1,0.01
"heavy care residents to bed",1,0.01
"acute insult to the brain",1,0.01
"low back difficulties",1,0.01
"lumbar spondylosis disk disease",1,0.01
"mould maker",1,0.01
"self-directed activities",1,0.01
"seek new employment",1,0.01
"walking on uneven ground",1,0.01
"wages earned during this period",1,0.01
"prosthesis",1,0.01
"rebuilding his self-concept",1,0.01
"leaf blower incident",1,0.01
"bilateral metatarsalgia",1,0.01
"pedals",1,0.01
"x-ray imaging",1,0.01
"cement mixer labourer",1,0.01
"eggs",1,0.01
"osteotomy",1,0.01
"sacroiliac",1,0.01
"kitty litter",1,0.01
"wised",1,0.01
"wished to pursue",1,0.01
"lost shifts",1,0.01
"periodontitis",1,0.01
"dodgeball",1,0.01
"full supplement",1,0.01
"vocational rehabilitation file",1,0.01
"incarcerated umbilical hernia",1,0.01
"brake drums",1,0.01
"non-work-related hernia is aggravated",1,0.01
"subacromial bone spur",1,0.01
"supports the allowance",1,0.01
"sophistication",1,0.01
"completing",1,0.01
"actual post-injury earnings",1,0.01
"impact",1,0.01
"spinal cord stimulator",1,0.01
"carpel tunnel syndrome",1,0.01
"subarachnoid hemorrhage",1,0.01
"aneurysm",1,0.01
"dependent contractors",1,0.01
"deductions",1,0.01
"reimbursement for chiropractic treatments",1,0.01
"cards",1,0.01
"dealer",1,0.01
"poker",1,0.01
"ongoing entitlement for the low",1,0.01
"denial",1,0.01
"garbage bin",1,0.01
"rescheduled peremptory to the employer",1,0.01
"worker had entitlement to benefits",1,0.01
"subacromial spur",1,0.01
"mitigate his losses",1,0.01
"pre-existing disability prolonged",1,0.01
"post-traumatic impairments",1,0.01
"post-concussion cognitive",1,0.01
"therapies to treat his work-related",1,0.01
"degenerative osteoarthropathy",1,0.01
"school board accident employer",1,0.01
"anterior wedging",1,0.01
"recording",1,0.01
"stopped smoking",1,0.01
"trucking",1,0.01
"pelvic girdle dysfunction",1,0.01
"trucking industry questionnaire",1,0.01
"multi-factorial test",1,0.01
"worker independent operator status",1,0.01
"ownership",1,0.01
"bilateral shoulder tears",1,0.01
"shoulder tear",1,0.01
"microwave",1,0.01
"flagman job",1,0.01
"flagpole",1,0.01
"seasonal worker",1,0.01
"advertisements",1,0.01
"billboard",1,0.01
"medication cart",1,0.01
"charge nurse",1,0.01
"paint booth",1,0.01
"robots",1,0.01
"practicum",1,0.01
"entry level",1,0.01
"disability benefit offset worker understands",1,0.01
"correctly rated",1,0.01
"hog",1,0.01
"stamping",1,0.01
"grading he scored",1,0.01
"bimalleolar ankle fracture",1,0.01
"bank teller",1,0.01
"investment advisor",1,0.01
"entitlement for bilateral epicondylitis",1,0.01
"ring trigger finger",1,0.01
"long-term care facilities",1,0.01
"pre-existing venous condition",1,0.01
"gastroparesis",1,0.01
"repack order picker",1,0.01
"efficacy",1,0.01
"entrapment",1,0.01
"restructuring",1,0.01
"engineering technologist",1,0.01
"congédiement injustifié",1,0.01
"lésion corporelle",1,0.01
"right-sided symptoms",1,0.01
"multi-vehicle accident",1,0.01
"golf business",1,0.01
"quadriceps strain",1,0.01
"crouching",1,0.01
"reason to doubt the correctness",1,0.01
"leave",1,0.01
"good reason to doubt",1,0.01
"exposed to hazardous levels",1,0.01
"congenital fusion",1,0.01
"operations",1,0.01
"feeding",1,0.01
"injury was work-related",1,0.01
"snowboarding",1,0.01
"remote worksite",1,0.01
"percent",1,0.01
"bony abnormality",1,0.01
"scaphocapitate pain",1,0.01
"setup",1,0.01
"masonry",1,0.01
"bowel perforation",1,0.01
"sigmoid perforation",1,0.01
"hip fracture",1,0.01
"swivel",1,0.01
"hydrants",1,0.01
"product",1,0.01
"triquetrum",1,0.01
"mail delivery",1,0.01
"post-hearing status check",1,0.01
"removed",1,0.01
"pothole incident",1,0.01
"tables",1,0.01
"pre-existing condition should be determined",1,0.01
"flyers",1,0.01
"personal work-related",1,0.01
"flat packer",1,0.01
"in-person assessment by a health",1,0.01
"lieux",1,0.01
"benefits based on his actual",1,0.01
"seasonal employment",1,0.01
"organic brain syndrome",1,0.01
"notification date",1,0.01
"test",1,0.01
"pre-injury earnings basis",1,0.01
"part-time concurrent",1,0.01
"remote audio teleconference",1,0.01
"jurisdiction to consider the worker",1,0.01
"hemangioma",1,0.01
"anti-depressant medication",1,0.01
"significant rotator cuff tear",1,0.01
"neck entitlement",1,0.01
"tendon tears",1,0.01
"obtain the videotape",1,0.01
"woods",1,0.01
"idiopathic osteoarthritis",1,0.01
"bedsores",1,0.01
"immunotherapy",1,0.01
"chemotherapy",1,0.01
"along with event-related sleep problems",1,0.01
"picker",1,0.01
"coughing",1,0.01
"radial",1,0.01
"indexing",1,0.01
"potential lost wage increases",1,0.01
"scaphoid exostosis",1,0.01
"based on deemed post-accident earnings",1,0.01
"return to work attempt",1,0.01
"reaction",1,0.01
"complex",1,0.01
"sidewalks",1,0.01
"long-standing injury",1,0.01
"myofascial",1,0.01
"attempt to reargue the original",1,0.01
"duct work",1,0.01
"pre-existing left inguinal hernia",1,0.01
"entitlement for the hernia surgery",1,0.01
"work-site",1,0.01
"right-sided brachial plexus injury",1,0.01
"entitlement for a right-sided brachial",1,0.01
"heel condition",1,0.01
"peroneal nerve",1,0.01
"infection control audits",1,0.01
"entitlement for the right hip",1,0.01
"upper back neck area",1,0.01
"aluminum cable tray assembly job",1,0.01
"construction estimator project manager",1,0.01
"knee suprapatellar fat pad impingement",1,0.01
"mediopatellar plica",1,0.01
"paresthesia",1,0.01
"bilateral flexor carpi radialis tendinosis",1,0.01
"ends",1,0.01
"guitar strap",1,0.01
"bilateral shoulder tendinitis",1,0.01
"resolved to its pre-injury state",1,0.01
"diving",1,0.01
"handyman",1,0.01
"initial short-term",1,0.01
"gross weekly",1,0.01
"worker returned to his regular",1,0.01
"chiro",1,0.01
"application for a time extension",1,0.01
"decades",1,0.01
"actions",1,0.01
"supraspinatus partial tearing",1,0.01
"conveyer belt",1,0.01
"compensable sprain strain injuries",1,0.01
"intraplaque hemorrhage",1,0.01
"coronary artery",1,0.01
"major component",1,0.01
"carwash",1,0.01
"attendance",1,0.01
"fragility fracture",1,0.01
"streetcar operators",1,0.01
"massothérapie",1,0.01
"fell on her right wrist",1,0.01
"perform his regular duties",1,0.01
"vehicle inspections",1,0.01
"provider",1,0.01
"non-organic disabilities",1,0.01
"middle toe fracture",1,0.01
"stubs",1,0.01
"relation to the work-related injury",1,0.01
"brachioradialis tear",1,0.01
"employable on a full-time",1,0.01
"compensable right wrist injury",1,0.01
"granulomas",1,0.01
"essential duties of her pre-accident",1,0.01
"emploi d avant l accident",1,0.01
"duties of her pre-accident employment",1,0.01
"intercostal strain",1,0.01
"abdominal injury",1,0.01
"supraspinatus partial thickness tear",1,0.01
"double-crush syndrome",1,0.01
"contractor",1,0.01
"auto mechanic",1,0.01
"automotive service",1,0.01
"shrapnel",1,0.01
"overuse syndrome",1,0.01
"douleur myofasciale",1,0.01
"injections aux points gâchettes",1,0.01
"occipital",1,0.01
"tiles",1,0.01
"seuils",1,0.01
"perte auditive",1,0.01
"conduction osseuse",1,0.01
"oreille",1,0.01
"garage door opener",1,0.01
"springs",1,0.01
"pre-dated the compensable accident",1,0.01
"public roadway",1,0.01
"bad days",1,0.01
"non-dominant left hand",1,0.01
"records pertaining to the worker",1,0.01
"solicitation letters",1,0.01
"clinical medical records pertaining",1,0.01
"re-argue",1,0.01
"restaurant co-owner",1,0.01
"altercation",1,0.01
"cow cotton wrapper removal",1,0.01
"ormal",1,0.01
"bowling ball",1,0.01
"tripped over his shoelace",1,0.01
"disabling mental reaction when exposed",1,0.01
"psychological difficulties that pre-existed",1,0.01
"mootness doctrine",1,0.01
"insurance broker",1,0.01
"temporomandibular joint pathology",1,0.01
"certification",1,0.01
"settings",1,0.01
"entitled to a pension supplement",1,0.01
"transfer station",1,0.01
"elbow pain",1,0.01
"ongoing entitlement for the upper",1,0.01
"woman that the worker",1,0.01
"cohabitation agreement",1,0.01
"worker was living",1,0.01
"nets",1,0.01
"stringing",1,0.01
"co-operate",1,0.01
"eligibility adjudicator",1,0.01
"pancreatic",1,0.01
"blastomycosis",1,0.01
"influenza vaccine",1,0.01
"exposed to infectious disease",1,0.01
"labour market re-entry program",1,0.01
"tow truck driver",1,0.01
"timbers",1,0.01
"zygomatic",1,0.01
"chiropractie pour le cou",1,0.01
"psycho traumatic disability entitlement",1,0.01
"topical cream",1,0.01
"pre-existing allergic condition",1,0.01
"plastic wrap",1,0.01
"advice",1,0.01
"severance",1,0.01
"salary continuation",1,0.01
"post-injury earnings for the purposes",1,0.01
"pre-existing condition made the worker",1,0.01
"neurotoxic brain injury",1,0.01
"worker resumed full-time hours",1,0.01
"denied entitlement for psychotraumatic disability",1,0.01
"ready-mix",1,0.01
"motorcycle accident",1,0.01
"os trigonum",1,0.01
"sinus tarsi",1,0.01
"splitter",1,0.01
"scanning job",1,0.01
"constipation",1,0.01
"syncopal",1,0.01
"software",1,0.01
"modified excavator operator",1,0.01
"tibia fracture",1,0.01
"multi-level disc herniations",1,0.01
"honey line",1,0.01
"subscapularis calcific tendinosis",1,0.01
"notcher",1,0.01
"provisional",1,0.01
"competitively",1,0.01
"clavicle fracture",1,0.01
"pre-existing os acromiale condition",1,0.01
"work for four-hour shifts",1,0.01
"ability to work for four-hour",1,0.01
"dorsiflexion",1,0.01
"gigs",1,0.01
"term repetitive",1,0.01
"garbage tags",1,0.01
"walkway",1,0.01
"bicipital tendinitis",1,0.01
"ischemic colitis",1,0.01
"returned to full-time",1,0.01
"taunting",1,0.01
"rolled his ankle over inwardly",1,0.01
"ledge",1,0.01
"loose gravel",1,0.01
"acquired brain injury",1,0.01
"parameniscal cyst",1,0.01
"psychotropic medication",1,0.01
"inextricably linked test",1,0.01
"status as an independent operator",1,0.01
"gains moyens",1,0.01
"wrist soft tissue injury",1,0.01
"postural left ulnar nerve neuritis",1,0.01
"abnormal range",1,0.01
"stake",1,0.01
"pre-injury job as a welder",1,0.01
"pawnshop",1,0.01
"intracranial hypotension",1,0.01
"spinal fluid leakage",1,0.01
"deductibles co-payments",1,0.01
"minimus",1,0.01
"audited financial",1,0.01
"melt deck operator",1,0.01
"gets",1,0.01
"bilateral hip",1,0.01
"wheelbarrow",1,0.01
"pre-existing patellofemoral arthritis",1,0.01
"stress disorder",1,0.01
"sabotage",1,0.01
"pre-existing non-compensable degenerative disc disease",1,0.01
"injury to her right ankle",1,0.01
"automotive service advisor",1,0.01
"laboratory technologist",1,0.01
"extensor tendons",1,0.01
"scaphotrapezial trapezoid arthritis",1,0.01
"bed board",1,0.01
"elemental service occupations",1,0.01
"asbestos-related lung disease",1,0.01
"entitlement to benefits for asbestosis",1,0.01
"foot plantar fasciitis",1,0.01
"cauda equina",1,0.01
"epidural injections",1,0.01
"contribute to carpal tunnel syndrome",1,0.01
"benefits for a recurrence",1,0.01
"withdrawal request",1,0.01
"lower extremities",1,0.01
"spondylolysis",1,0.01
"herniated nucleus pulposus",1,0.01
"mud",1,0.01
"stuck",1,0.01
"focal right foraminal disc protrusion",1,0.01
"traversing nerve root",1,0.01
"central annular tear",1,0.01
"psychotraumatic disability entitlement",1,0.01
"emphysematous",1,0.01
"vocational characteristics",1,0.01
"gingival hyperplasia",1,0.01
"report a material change",1,0.01
"tailbone injury",1,0.01
"aggravation injury",1,0.01
"anterior wedge compression fracture",1,0.01
"volunteer firefighter activities",1,0.01
"dominant pain",1,0.01
"in-time appeals",1,0.01
"denied entitlement to benefits",1,0.01
"on-time",1,0.01
"closely connected to an on-time",1,0.01
"litigious barriers",1,0.01
"portioning",1,0.01
"interior design services",1,0.01
"group",1,0.01
"team lead",1,0.01
"repetitive nature",1,0.01
"parking lots",1,0.01
"one-day delay",1,0.01
"disc protrusion herniation",1,0.01
"overdose",1,0.01
"recoverable",1,0.01
"mechanism",1,0.01
"arm pain",1,0.01
"insufficiency fractures",1,0.01
"axilla",1,0.01
"required to self-isolate",1,0.01
"rarely",1,0.01
"non-compensable aneurysm",1,0.01
"vasculitis",1,0.01
"pardon",1,0.01
"shot blaster",1,0.01
"functional overlay",1,0.01
"blurred vision",1,0.01
"elevator door closed",1,0.01
"assessment to ascertain his degree",1,0.01
"injury entitlement includes medical treatment",1,0.01
"psychotraumatic disability effective",1,0.01
"lower range",1,0.01
"eye retinal tear",1,0.01
"conversion disorder",1,0.01
"dressing",1,0.01
"chondral calcinosis",1,0.01
"work-related incidents",1,0.01
"bilateral tinnitus",1,0.01
"wash",1,0.01
"broomstick",1,0.01
"cheville gauche",1,0.01
"disabled to perform any gainful",1,0.01
"shelving unit",1,0.01
"lifter",1,0.01
"posterior capsular tightness",1,0.01
"clavicle stress fracture",1,0.01
"non-occupational noise exposure",1,0.01
"union dues",1,0.01
"medical expenses",1,0.01
"terminal apron",1,0.01
"slicer",1,0.01
"flu-like symptoms",1,0.01
"gradual return to work",1,0.01
"bipolar affective disorder",1,0.01
"nail",1,0.01
"gradual disablement",1,0.01
"extended time limit",1,0.01
"pre-accident right ankle",1,0.01
"job the worker would likely",1,0.01
"répartiteur",1,0.01
"atherosclerosis",1,0.01
"work-related muscular effort",1,0.01
"plantar fasciitis sprain",1,0.01
"calcaneal bone spur",1,0.01
"pulling a skid",1,0.01
"paint stripper",1,0.01
"inhalation",1,0.01
"bronchitis",1,0.01
"bi-weekly",1,0.01
"informatics",1,0.01
"sufficiency",1,0.01
"injury-related psychological condition",1,0.01
"invalidité totale temporaire",1,0.01
"ligament tears",1,0.01
"post-surgical release",1,0.01
"cyanide",1,0.01
"lead nitrate",1,0.01
"powder",1,0.01
"follow-up assessment report",1,0.01
"chondral",1,0.01
"entitlement for meniscal tears",1,0.01
"viscosupplementation",1,0.01
"pisotriquetral",1,0.01
"coxa valga",1,0.01
"knee patellofemoral chondral traumatic chondromalacia",1,0.01
"frozen yogurt shop",1,0.01
"vascular",1,0.01
"carpal metacarpal joint",1,0.01
"osteocartilaginous bar",1,0.01
"watchman",1,0.01
"offered by the employer",1,0.01
"active health care treatment",1,0.01
"rooms",1,0.01
"approximate his escalated pre-injury earnings",1,0.01
"auto wrecking company",1,0.01
"granulomatous",1,0.01
"paracentral disc extrusion",1,0.01
"exposure to fiberglass",1,0.01
"xxxxx",1,0.01
"lawn mower",1,0.01
"bilateral ulnar neuropathy",1,0.01
"five-member panel was assigned",1,0.01
"withdrawn as abandoned",1,0.01
"mobility scooter",1,0.01
"cheque",1,0.01
"retreats to the basement",1,0.01
"emails from the worker",1,0.01
"cerebrovascular ischemia",1,0.01
"annulus fibrosis",1,0.01
"epidural",1,0.01
"propane truck",1,0.01
"woodworking",1,0.01
"statutory minimum",1,0.01
"completed",1,0.01
"wiring",1,0.01
"ancillary",1,0.01
"pre-patellar bursitis",1,0.01
"patellar tendinitis",1,0.01
"billiards",1,0.01
"intent",1,0.01
"consd",1,0.01
"follow-up visit",1,0.01
"subclavian vein stenosis",1,0.01
"pre-existing tendinosis",1,0.01
"significant pre-existing",1,0.01
"persistent intercostal neuralgia",1,0.01
"profit-sharing plan",1,0.01
"non-compensable car accident",1,0.01
"capacités fonctionnelles",1,0.01
"moderate chondromalacia patella",1,0.01
"modified job offer",1,0.01
"ongoing entitlement for bilateral",1,0.01
"threats",1,0.01
"long-term rate recalculation future",1,0.01
"amputation injury",1,0.01
"hoists",1,0.01
"appetite",1,0.01
"machinist",1,0.01
"charged with criminal offences",1,0.01
"arrested",1,0.01
"bindery",1,0.01
"locker",1,0.01
"text message",1,0.01
"x-ray machine",1,0.01
"bylaw enforcement officer",1,0.01
"patrol supervisor",1,0.01
"approximate his pre-accident",1,0.01
"maintenance massage therapy",1,0.01
"muscles",1,0.01
"instruction cards",1,0.01
"changeover",1,0.01
"call-centre agent",1,0.01
"extended disablement",1,0.01
"fibrosis",1,0.01
"memoranda",1,0.01
"posts",1,0.01
"assistive",1,0.01
"amiodarone therapy",1,0.01
"degenerative pseudo spondylolisthesis",1,0.01
"workshop",1,0.01
"straight leg raising",1,0.01
"urethane seal",1,0.01
"dunnage process",1,0.01
"scaphoid non-union",1,0.01
"descriptive",1,0.01
"server",1,0.01
"costs to purchase medical marijuana",1,0.01
"hospital to undergo surgery",1,0.01
"bays",1,0.01
"pre-existing chronic mechanical",1,0.01
"spinal canal",1,0.01
"bifurcation",1,0.01
"escalated pre-injury",1,0.01
"file number ending",1,0.01
"computer skills",1,0.01
"spinal fusion",1,0.01
"arthropathy",1,0.01
"non-scheduled impairments",1,0.01
"halluces longus",1,0.01
"chevilles",1,0.01
"providing legal services",1,0.01
"status",1,0.01
"counting bricks",1,0.01
"duties as a cake decorator",1,0.01
"trochanteric",1,0.01
"soft-tissue lesion",1,0.01
"six-month appeal time limit",1,0.01
"crutch",1,0.01
"becomes manifest post-accident",1,0.01
"risk for recurrent",1,0.01
"postconcussion",1,0.01
"anterior cervical discectomy",1,0.01
"peremptory",1,0.01
"connecting to the remote electronic",1,0.01
"vascular impairment",1,0.01
"burns",1,0.01
"buzzer",1,0.01
"console",1,0.01
"ulna",1,0.01
"rating protocol",1,0.01
"rental basis",1,0.01
"treatment by an osteopath",1,0.01
"functional loss",1,0.01
"knee avulsion fracture",1,0.01
"post-hearing process to refer",1,0.01
"representative requested clarification reconsideration",1,0.01
"utilized",1,0.01
"refer the representative to materials",1,0.01
"water blaster",1,0.01
"troubles lombaires",1,0.01
"pancarpal arthritis",1,0.01
"work hardening",1,0.01
"mail-outs",1,0.01
"focal chondrosis",1,0.01
"suprapatellar fat pad",1,0.01
"corrections",1,0.01
"feeling",1,0.01
"forks",1,0.01
"reached into the cab",1,0.01
"controls",1,0.01
"intervertebral",1,0.01
"work as a construction supervisor",1,0.01
"adduction",1,0.01
"raising chickens",1,0.01
"continues",1,0.01
"work-related right hand impairment",1,0.01
"work-related finger injury",1,0.01
"interim ruling",1,0.01
"obtain",1,0.01
"endplate",1,0.01
"bilateral upper extremity condition",1,0.01
"lagging",1,0.01
"carpal tunnel release surgery",1,0.01
"stress-induced cardiomyopathy",1,0.01
"granite company",1,0.01
"shoulder complex",1,0.01
"kiosk",1,0.01
"subfloor",1,0.01
"mall",1,0.01
"protruding",1,0.01
"corner",1,0.01
"minimum wages on a full-time",1,0.01
"stenosis with spinal cord compression",1,0.01
"osteo-chondral",1,0.01
"auditory hallucinations",1,0.01
"crew",1,0.01
"reimbursement for travel expenses",1,0.01
"visits",1,0.01
"partial tear",1,0.01
"pain associated with post-traumatic arthritis",1,0.01
"rating for other non-scheduled impairments",1,0.01
"airway",1,0.01
"updated entry-level wages",1,0.01
"kettleman potman",1,0.01
"worksite meeting",1,0.01
"neck strain injuries",1,0.01
"shoe shop",1,0.01
"boutique",1,0.01
"chaussures",1,0.01
"entitlement for facial disfigurement",1,0.01
"scarring",1,0.01
"thumb strain",1,0.01
"maternity leave",1,0.01
"distal fibula fracture",1,0.01
"respiratory condition",1,0.01
"leg-length discrepancy",1,0.01
"ready to be re-scheduled",1,0.01
"re-scheduled for a future",1,0.01
"clerical occupations-general office skills reception",1,0.01
"non-organic overlay",1,0.01
"oversight",1,0.01
"offset to the worker",1,0.01
"depressive disorder",1,0.01
"colleague",1,0.01
"on-line assembly",1,0.01
"bilateral leg pain",1,0.01
"light delivery truck driver",1,0.01
"retroactive periods",1,0.01
"calcaneal spur",1,0.01
"intermittent major depressive episodes",1,0.01
"mild posterior disc bulging",1,0.01
"bacs",1,0.01
"maux",1,0.01
"small appliance repair",1,0.01
"post-shoulder surgery",1,0.01
"box room",1,0.01
"measurable",1,0.01
"chicken pieces",1,0.01
"bloodwork",1,0.01
"health conditions",1,0.01
"torque",1,0.01
"entitlement for a skin disorder",1,0.01
"exposure to platinum",1,0.01
"term",1,0.01
"quality control inspection duties",1,0.01
"tendon soft tissue injury",1,0.01
"clarification requested by the worker",1,0.01
"acupuncturist",1,0.01
"rolled his ankle",1,0.01
"asymptomatic pre-existing conditions",1,0.01
"reimbursement for parking expenses",1,0.01
"pre-approved treatment",1,0.01
"mileage",1,0.01
"one-half",1,0.01
"dialectical",1,0.01
"bucket handle tear",1,0.01
"perform the suitable modified duties",1,0.01
"benefits based on an ability",1,0.01
"friends",1,0.01
"entitlement for a left knee",1,0.01
"kidney popper",1,0.01
"knee strain sprain",1,0.01
"develop bilateral plantar fasciitis",1,0.01
"bilateral tendonitis",1,0.01
"significant contributing factor causing",1,0.01
"leather boots full-time",1,0.01
"distal biceps tendon",1,0.01
"construction foreman",1,0.01
"labourer",1,0.01
"benefits for various periods",1,0.01
"small meniscal tear",1,0.01
"pre-existing right rotator cuff tear",1,0.01
"sensory motor polyneuropathy",1,0.01
"carbon monoxide exposure",1,0.01
"parallel",1,0.01
"approximate his pre-injury earnings",1,0.01
"self-directed plan",1,0.01
"glenohumeral arthrosis",1,0.01
"baffle",1,0.01
"fast-paced",1,0.01
"benefits for colon cancer",1,0.01
"return",1,0.01
"sustainable",1,0.01
"indemnité pour un kyste",1,0.01
"escalated pre-injury earnings",1,0.01
"tibial tendinopathy",1,0.01
"vertebral",1,0.01
"transient osteoporosis",1,0.01
"welds",1,0.01
"disc lesion",1,0.01
"flap",1,0.01
"bone cyst",1,0.01
"able to secure",1,0.01
"compressed air",1,0.01
"blast",1,0.01
"influx",1,0.01
"tendonitis injury",1,0.01
"shirt",1,0.01
"business expenses",1,0.01
"partial",1,0.01
"supply chain management",1,0.01
"self-directed rehabilitation program",1,0.01
"bilateral on a disablement basis",1,0.01
"comminuted left tibial plateau fracture",1,0.01
"pre-existing smoking habit",1,0.01
"central canal stenosis",1,0.01
"basilar artery thrombosis",1,0.01
"polyarteritis nodosa",1,0.01
"minivan",1,0.01
"cars",1,0.01
"widen his driveway",1,0.01
"exit",1,0.01
"vitrectomy",1,0.01
"post-vitrectomy",1,0.01
"request to withdraw the appeals",1,0.01
"wished",1,0.01
"bicep tear",1,0.01
"viper tower",1,0.01
"paint shop",1,0.01
"second metacarpal",1,0.01
"worker reaches age",1,0.01
"hip leg injury",1,0.01
"spina bifida",1,0.01
"pending the outcome",1,0.01
"adjustable",1,0.01
"group therapy",1,0.01
"duties as a bricklayer",1,0.01
"puncture",1,0.01
"work-related coccyx injury",1,0.01
"distal ulna",1,0.01
"pre-existing right knee osteoarthritis",1,0.01
"lifting her dog",1,0.01
"toughen",1,0.01
"pre-existing neck",1,0.01
"cookie",1,0.01
"synovial chondromatosis",1,0.01
"myotendinous junction",1,0.01
"worker to develop psoriatic arthritis",1,0.01
"drinking",1,0.01
"déficience permanente liée",1,0.01
"worker with lumbar disc disease",1,0.01
"diagnosed the worker with lumbar",1,0.01
"flagging",1,0.01
"broad based disc protrusion",1,0.01
"body odor",1,0.01
"patellar maltracking",1,0.01
"commuting pattern",1,0.01
"residence",1,0.01
"diaper",1,0.01
"broad-based central disc protrusion",1,0.01
"mild facet hypertrophy",1,0.01
"mild central stenosis",1,0.01
"cohabitating",1,0.01
"reasonable for the worker",1,0.01
"service therapy dog",1,0.01
"mill",1,0.01
"worker was fired for reasons",1,0.01
"reply evidence",1,0.01
"solicited",1,0.01
"cumulative effect",1,0.01
"periscapular referred pain",1,0.01
"hand fingers amputation",1,0.01
"sided neural foramen narrowing",1,0.01
"pre-existing diabetic condition",1,0.01
"non-work-injury-related health condition",1,0.01
"pre-existing chronic",1,0.01
"somatic symptom disorder with predominant",1,0.01
"disputing an adjudicative finding",1,0.01
"apicoectomy apical curettage",1,0.01
"short-term average earnings to long-term",1,0.01
"brake pedal",1,0.01
"peroneus longus tendon",1,0.01
"sleeve labelling",1,0.01
"audiological",1,0.01
"province",1,0.01
"non-resident employer",1,0.01
"asymptomatic pre-existing condition",1,0.01
"single level dwelling",1,0.01
"highest mid-range",1,0.01
"disc extrusion with impingement",1,0.01
"injuring process",1,0.01
"floorboards",1,0.01
"entitled",1,0.01
"deal with the public",1,0.01
"bucket",1,0.01
"return to modified duties",1,0.01
"menus",1,0.01
"selector packer",1,0.01
"lamination line",1,0.01
"regarded as an independent operator",1,0.01
"gym membership",1,0.01
"raw value",1,0.01
"awarded for permanent partial disability",1,0.01
"motorhome",1,0.01
"electric scooter",1,0.01
"swan neck deformities",1,0.01
"recuse",1,0.01
"life coach",1,0.01
"life plan",1,0.01
"cruiser",1,0.01
"request to withdraw the application",1,0.01
"preside",1,0.01
"caselaw",1,0.01
"crew room",1,0.01
"shot",1,0.01
"second-hand tobacco smoke",1,0.01
"alpha-one antitrypsin deficiency",1,0.01
"peppers",1,0.01
"awkward",1,0.01
"mild multi-level degenerative disc disease",1,0.01
"bilateral knee injury",1,0.01
"autobody shop",1,0.01
"punching the wall",1,0.01
"upper respiratory tract infection",1,0.01
"home swim spa",1,0.01
"atypical panic disorder",1,0.01
"glutaraldehyde",1,0.01
"entitlement for a concussion",1,0.01
"benign vertigo",1,0.01
"arthroplastie complète",1,0.01
"provided",1,0.01
"heavy pails",1,0.01
"pool",1,0.01
"hot tub swim up spa",1,0.01
"hot-tub swim up spa",1,0.01
"ie a part-time job",1,0.01
"triscaphe",1,0.01
"injury to her right knee",1,0.01
"homeowner",1,0.01
"pedestrian",1,0.01
"extensor carpi radialis brevis",1,0.01
"ladder climbing",1,0.01
"cost relief granted",1,0.01
"dyes",1,0.01
"paraplegia",1,0.01
"post-surgical",1,0.01
"shuttle",1,0.01
"quit",1,0.01
"glioblastoma multiforme",1,0.01
"escalated pre-injury average earnings",1,0.01
"phobia",1,0.01
"limited transferrable skills",1,0.01
"alcoholic cirrhosis",1,0.01
"vinyl chloride",1,0.01
"prescribed",1,0.01
"toluene exposure",1,0.01
"psycho-organic brain syndrome",1,0.01
"bone stimulator",1,0.01
"front teeth",1,0.01
"independent living",1,0.01
"dairy department",1,0.01
"sedentary office duties",1,0.01
"long-term hardship",1,0.01
"available documentary evidence",1,0.01
"actually delivered to the worker",1,0.01
"absence from work",1,0.01
"abnormal gait",1,0.01
"post-surgical neuropathic pain",1,0.01
"exaggeration",1,0.01
"formation d appoint en informatique",1,0.01
"dystonia",1,0.01
"downside risk for the worker",1,0.01
"remainder",1,0.01
"apply for a time extension",1,0.01
"rotator cuff tendinosis",1,0.01
"clavicle",1,0.01
"extensor origin",1,0.01
"special cleaning project",1,0.01
"team",1,0.01
"functional abnormality",1,0.01
"disc protrusion with right-sided radicular",1,0.01
"subrange",1,0.01
"maladaptive",1,0.01
"blackout tape",1,0.01
"gluteal",1,0.01
"backyard deck",1,0.01
"relocation",1,0.01
"on-the-job training",1,0.01
"garden centre",1,0.01
"self-employment",1,0.01
"minibus",1,0.01
"superimposed on pre-existing non-compensable",1,0.01
"work-related low back strain sprain",1,0.01
"entitlement to health care benefits",1,0.01
"organic low back work-related injury",1,0.01
"mild prepatellar edema bursitis",1,0.01
"medial tibial plateau",1,0.01
"skid training",1,0.01
"work-related right thumb injury",1,0.01
"functional restrictions for her work-related",1,0.01
"fiberglass",1,0.01
"custom seat cushion",1,0.01
"prescription",1,0.01
"full",1,0.01
"emotional distress",1,0.01
"wrongful constructive dismissal",1,0.01
"shop rag",1,0.01
"abroad",1,0.01
"yrs",1,0.01
"low-grade focal tear",1,0.01
"non-work-related condition",1,0.01
"meetings",1,0.01
"co-op placement",1,0.01
"union steward",1,0.01
"tugging",1,0.01
"dexterity",1,0.01
"hypoesthetic condition",1,0.01
"nerve conduction",1,0.01
"olecranon spur",1,0.01
"statutory six-month time limit",1,0.01
"postconcussion syndrome",1,0.01
"non-organic symptomology",1,0.01
"substances",1,0.01
"commute to the workplace",1,0.01
"support an ongoing work-related impairment",1,0.01
"subchondral cyst",1,0.01
"carpal instability",1,0.01
"organic left finger injury",1,0.01
"claudication",1,0.01
"ringing",1,0.01
"abandoning",1,0.01
"lateral antebrachial cutaneous nerve",1,0.01
"fact-finding meeting",1,0.01
"skylight",1,0.01
"roof",1,0.01
"covers",1,0.01
"former client",1,0.01
"bathroom renovation",1,0.01
"instructor",1,0.01
"family members",1,0.01
"diffusing capacity",1,0.01
"extremely low",1,0.01
"caractéristiques vocationnelles personnelles",1,0.01
"inemployable sur le marché",1,0.01
"pre-existing impairments",1,0.01
"hanche droite",1,0.01
"résidents",1,0.01
"entitlement for a circulation booster",1,0.01
"prescription eye glasses",1,0.01
"waving",1,0.01
"sign",1,0.01
"torn left knee meniscus",1,0.01
"pre-existing left knee osteoarthritis",1,0.01
"pound boxes",1,0.01
"amblyopia",1,0.01
"pre-injury wage",1,0.01
"suitable on a part-time basis",1,0.01
"part-time basis worker is entitled",1,0.01
"redetermination for the left shoulder",1,0.01
"work-related left shoulder strain",1,0.01
"audioconference",1,0.01
"entitlement for bilateral upper extremity",1,0.01
"entitlement for neck",1,0.01
"roughly five days",1,0.01
"anatomical predisposition",1,0.01
"patella dislocations",1,0.01
"measurements taken",1,0.01
"subcategories",1,0.01
"worker nor the worker",1,0.01
"thoracic hypomobility",1,0.01
"post-concussion syndrome injury",1,0.01
"co-worker stated",1,0.01
"second co-worker",1,0.01
"provoked the co-worker",1,0.01
"pre-existing non-organic",1,0.01
"specialty clinic report",1,0.01
"occupational irritant contact dermatitis",1,0.01
"hand dermatitis",1,0.01
"dermographism",1,0.01
"inconsistent with the organic findings",1,0.01
"rehabilitation institute",1,0.01
"tube",1,0.01
"tubes",1,0.01
"prior on-time",1,0.01
"bilateral superficial vein thrombosis",1,0.01
"entitlement for medical cannabis",1,0.01
"decompression surgery",1,0.01
"logistics",1,0.01
"non-cooperation with a health care",1,0.01
"due to non-cooperation",1,0.01
"flare",1,0.01
"rejecting",1,0.01
"intraneural root fibrosis",1,0.01
"muscle tension dysphonia",1,0.01
"laryngitis",1,0.01
"recovery from his work-related neck",1,0.01
"full recovery from his work-related",1,0.01
"tremors",1,0.01
"pizza making",1,0.01
"part-time cashier",1,0.01
"paperwork",1,0.01
"lrazuzta",1,0.01
"returning to full-time employment",1,0.01
"foundation",1,0.01
"washing",1,0.01
"pre-existing left ulnar impaction syndrome",1,0.01
"coursework",1,0.01
"amount",1,0.01
"pandemic-related",1,0.01
"statutory review",1,0.01
"rubber process emissions",1,0.01
"tire",1,0.01
"treating family physician",1,0.01
"non-work accident",1,0.01
"disputed phrases",1,0.01
"deferred profit-sharing plan",1,0.01
"non-work-related conditions that contributed",1,0.01
"weight-bearing",1,0.01
"memos",1,0.01
"voicemail",1,0.01
"outlined",1,0.01
"reflux laryngitis",1,0.01
"diagnosed as vocal cord nodules",1,0.01
"buy-out package",1,0.01
"entitlement for a right inguinal",1,0.01
"bi-polar",1,0.01
"lacunar infarcts",1,0.01
"asthma exacerbation",1,0.01
"legal services",1,0.01
"as-needed basis",1,0.01
"compensable low back condition",1,0.01
"light cleaning housekeeping",1,0.01
"worker has occupational restrictions",1,0.01
"gatekeeper",1,0.01
"six-month appeal time limit worker",1,0.01
"denying entitlement to bronchial asthma",1,0.01
"diffuse idiopathic skeletal hyperostosis",1,0.01
"roughly seven days",1,0.01
"wedge",1,0.01
"beam",1,0.01
"histories",1,0.01
"decreased visual acuity",1,0.01
"unrepairable",1,0.01
"landscaping",1,0.01
"transgender",1,0.01
"holster",1,0.01
"disruptions",1,0.01
"syndrome du canal carpien",1,0.01
"biscuits",1,0.01
"épicondylite",1,0.01
"basis to re-open",1,0.01
"lattice",1,0.01
"virement",1,0.01
"vice-président",1,0.01
"summer break",1,0.01
"work-transition services",1,0.01
"suitable alternative work",1,0.01
"full-time earnings",1,0.01
"vertebral artery",1,0.01
"worker withdraws his objection",1,0.01
"cash desk",1,0.01
"duties as a plumber",1,0.01
"pre-accident hours",1,0.01
"slusher",1,0.01
"bulldozer",1,0.01
"medical receptionist",1,0.01
"pet hotel",1,0.01
"exposure to uranium",1,0.01
"recurrent right renal urolithiasis",1,0.01
"cerebral microvascular ischemic changes",1,0.01
"benign prostate hypertrophy",1,0.01
"investigation",1,0.01
"fault",1,0.01
"calcaneus",1,0.01
"anteroinferior aspect",1,0.01
"post-traumatic migraine",1,0.01
"ratings",1,0.01
"fully co-operated",1,0.01
"equilibrium",1,0.01
"yelling",1,0.01
"screaming",1,0.01
"subject to the statutory",1,0.01
"heated hand grips",1,0.01
"reimbursement for the cost",1,0.01
"accommodate",1,0.01
"heel fracture",1,0.01
"tray filler",1,0.01
"serious",1,0.01
"journeyperson",1,0.01
"hertz",1,0.01
"medication pick-up",1,0.01
"work-related pleural plaques",1,0.01
"sensitivity",1,0.01
"powers",1,0.01
"produce",1,0.01
"relation to the worker",1,0.01
"ruling",1,0.01
"bursal tear",1,0.01
"pre-injury hourly wage",1,0.01
"shoulder showed low-grade partial-thickness tears",1,0.01
"strut",1,0.01
"treat the work-related",1,0.01
"breaks for positional changes",1,0.01
"chalet",1,0.01
"left-sided neck",1,0.01
"employer breached their re-employment obligation",1,0.01
"referenced",1,0.01
"worker indicated",1,0.01
"compatibility between the compensable accident",1,0.01
"exposure to arsenic trioxide",1,0.01
"tetrachlorodibenzo-p-dioxin",1,0.01
"pre-existing rotator cuff tendinopathy",1,0.01
"pre-existing major depressive disorder",1,0.01
"work offered by the employer",1,0.01
"global pandemic",1,0.01
"staffing shortages caused",1,0.01
"detraining",1,0.01
"de-training",1,0.01
"post-traumatic vision syndrome",1,0.01
"heat",1,0.01
"facial abrasion",1,0.01
"revised hearing ready letter",1,0.01
"pre-existing history",1,0.01
"janitorial work",1,0.01
"fraying",1,0.01
"partial tearing undersurface",1,0.01
"sprains",1,0.01
"approximated her pre-injury earnings",1,0.01
"kiln pit",1,0.01
"programmable logic control technician",1,0.01
"worker failed to co-operate",1,0.01
"semester",1,0.01
"psychoprofessionnelle",1,0.01
"combined value chart",1,0.01
"stiffness",1,0.01
"low back radiculopathy",1,0.01
"interstitial fibrosis",1,0.01
"lung transplant",1,0.01
"immobility",1,0.01
"chronic osteitis pubis",1,0.01
"carpi ulnaris tenosynovitis",1,0.01
"cochlear-vestibular",1,0.01
"gun belt",1,0.01
"mold",1,0.01
"aggravation exacerbation",1,0.01
"cubic meter",1,0.01
"long term average earnings",1,0.01
"whether the board was correct to recalculate long term average earnings under s. 53 wsia",1,0.01
"workers in permanent employment and short term average earnings under opm doc. no. 18-02-03",1,0.01
"mechanical application versus fairness principle per decision no. 1734/07",1,0.01
"long term recalculation equals short term recalculation",1,0.01
"appeal granted | workplace health and safety",1,0.01
"whether the suitable occupation of truck driver was suitable under opm docs. nos. 19-03-03 and 19-03-05",1,0.01
"psycho-vocational assessment did not identify truck driver",1,0.01
"emotional, psychological and physical permanent impairment symptomology considered",1,0.01
"driving not tolerated per treating physician",1,0.01
"board to determine another so without training at entry-level wages",1,0.01
"further wt services directed",1,0.01
"labelling",1,0.01
"tendinosis disablement",1,0.01
"breach",1,0.01
"lower extremity sensory",1,0.01
"urinary symptoms",1,0.01
"motor dysfunction",1,0.01
"thickness subscapularis rotator cuff tear",1,0.01
"hiatal",1,0.01
"significant non-compensable",1,0.01
"representative submitted that the employer",1,0.01
"closely connected",1,0.01
"notch",1,0.01
"pre-printed checklist",1,0.01
"workers’ compensation benefits",1,0.01
"medical authorization to be off work between specified dates",1,0.01
"functional abilities form indicating full duties as of december 4",1,0.01
"whether worker entitled to loe from november 23 to december 4",1,0.01
"wsia framework applied",1,0.01
"medical evidence accepted",1,0.01
"loe benefits awarded | workplace health and safety",1,0.01
"whether worker had psychotraumatic disability pi at mmr",1,0.01
"adjustment disorder with worry and flashbacks found",1,0.01
"reliance on wsib community mental health program report",1,0.01
"comparator to decision no. 700/20 discussed",1,0.01
"nel quantum assessed",1,0.01
"10% nel awarded | workplace health and safety",1,0.01
"entitlement precluded by policy",1,0.01
"whether cpd benefits available where psychotraumatic disability pi granted",1,0.01
"board policy barring dual entitlement applied",1,0.01
"cpd issue rendered moot by psychotraumatic disability finding",1,0.01
"claim for cpd considered and rejected",1,0.01
"cpd benefits denied",1,0.01
"chemical inhalation",1,0.01
"department responsible for ensuring on-time",1,0.01
"misidentified",1,0.01
"gap",1,0.01
"gross post-injury determined earnings",1,0.01
"closely linked to an on-time",1,0.01
"anxiety arousals",1,0.01
"neighbor",1,0.01
"novel coronavirus",1,0.01
"maintenance",1,0.01
"workforce",1,0.01
"days lost due to illness",1,0.01
"pre-existing mental",1,0.01
"episodic neurological",1,0.01
"worker had a moderate pre-existing",1,0.01
"obligation to re-employ the worker",1,0.01
"states that a worker",1,0.01
"bilateral cervical brachial syndrome",1,0.01
"minimum wage hourly rate",1,0.01
"copper wire technician",1,0.01
"medial gastrocnemius tear",1,0.01
"cramps",1,0.01
"classroom",1,0.01
"unpredictable",1,0.01
"diffuse annular disc bulge present",1,0.01
"orthopaedic mattress with adjustable base",1,0.01
"restore her pre-accident earnings",1,0.01
"negligent",1,0.01
"cost",1,0.01
"ongoing left knee problems",1,0.01
"self-serve gas station attendant",1,0.01
"high-end wages",1,0.01
"worker cooperated",1,0.01
"shingles",1,0.01
"mydriasis",1,0.01
"ride-share company",1,0.01
"non-covered self-employment",1,0.01
"summons",1,0.01
"return to full-time",1,0.01
"bread",1,0.01
"bucket-handle",1,0.01
"shirts",1,0.01
"real world real employer concept",1,0.01
"fraud",1,0.01
"cleaners",1,0.01
"subject to the statutory reviews",1,0.01
"rectal cancer",1,0.01
"insulation",1,0.01
"roasters",1,0.01
"wherever this document occurs",1,0.01
"updated access to the worker",1,0.01
"pre-existing cervical spine impairment",1,0.01
"chartered accountant",1,0.01
"entitled to commence",1,0.01
"torticollis",1,0.01
"wkr stated",1,0.01
"toluene",1,0.01
"respiratory irritant",1,0.01
"odour",1,0.01
"full-time employee",1,0.01
"hip bursitis",1,0.01
"sad",1,0.01
"lung pleural effusion",1,0.01
"atypical",1,0.01
"grafting",1,0.01
"entrapment neuropathy",1,0.01
"elevator incident",1,0.01
"concussion with post-concussion syndrome",1,0.01
"otolaryngologist",1,0.01
"modified pre-injury job",1,0.01
"syncope-type",1,0.01
"restaurant owner",1,0.01
"employer breached its re-employment obligation",1,0.01
"servers",1,0.01
"breach its re-employment obligation",1,0.01
"whole-body impairment",1,0.01
"inadvertent administrative error",1,0.01
"exacerbated",1,0.01
"private home-care service",1,0.01
"hypochlorite",1,0.01
"injured",1,0.01
"reoccurrence",1,0.01
"electronics",1,0.01
"knee meniscal tears",1,0.01
"clinical rating specialist",1,0.01
"arterial wall",1,0.01
"exertion",1,0.01
"soreness",1,0.01
"bullous",1,0.01
"hypoplastic trochlea",1,0.01
"bilateral elbow condition",1,0.01
"anorectal function",1,0.01
"request for commutation",1,0.01
"financial",1,0.01
"epoxy",1,0.01
"pronator teres syndrome",1,0.01
"peremptory to the worker",1,0.01
"rescheduled hearing date",1,0.01
"syrinx",1,0.01
"alcoholism",1,0.01
"nerve irritation stimulation",1,0.01
"criterion is met",1,0.01
"occasionally",1,0.01
"nonorganic",1,0.01
"keloids",1,0.01
"getting worse",1,0.01
"worker was diagnosed",1,0.01
"integrated cerebral functions",1,0.01
"cross the picket line",1,0.01
"recondition",1,0.01
"full pre-accident wages",1,0.01
"entitlement to benefits for bilateral",1,0.01
"aggravating her pre-existing bilateral",1,0.01
"emploi",1,0.01
"pre-injury work",1,0.01
"savoir",1,0.01
"therapeutic hot tub",1,0.01
"dysplastic trochlea",1,0.01
"patellar",1,0.01
"qhs",1,0.01
"able to obtain employment",1,0.01
"bilateral calcific tendinopathy",1,0.01
"partial supraspinatus tear",1,0.01
"molded pipe",1,0.01
"amalgamate",1,0.01
"cerebral aneurysm",1,0.01
"reconsideration clarification",1,0.01
"performance review",1,0.01
"rotator cuff shoulder tendinosis",1,0.01
"upper trapezius strain",1,0.01
"cervical myofascial strain",1,0.01
"benefits for post-traumatic stress disorder",1,0.01
"entitled to benefits for post-traumatic",1,0.01
"shoulder arthroscopic",1,0.01
"letter advised that the worker",1,0.01
"backache",1,0.01
"gradual-onset injury",1,0.01
"furnace rebuilds",1,0.01
"ticket taker",1,0.01
"ferry docks",1,0.01
"partially disabled from working",1,0.01
"chronic neuropathic pain",1,0.01
"gel mattress",1,0.01
"pubic ramus fracture",1,0.01
"moderate acromioclavicular joint space arthropathy",1,0.01
"assembly",1,0.01
"mast-climber",1,0.01
"wood planking",1,0.01
"drill",1,0.01
"inspector packer",1,0.01
"sacrococcygeal",1,0.01
"injury to the left upper",1,0.01
"uveal melanoma",1,0.01
"discussion paper",1,0.01
"patello-femoral",1,0.01
"equina",1,0.01
"bifurcate",1,0.01
"douleur chronique",1,0.01
"compensable subdural hematoma",1,0.01
"carotid artery dissection",1,0.01
"neuroforaminal stenosis",1,0.01
"based on entry level wages",1,0.01
"tier",1,0.01
"sit stand stool",1,0.01
"ventral hernias",1,0.01
"table tops",1,0.01
"lethargy",1,0.01
"chondropathy",1,0.01
"pre-existing non-compensable right shoulder",1,0.01
"ear infection",1,0.01
"initial entitlement for bilateral",1,0.01
"metastatic",1,0.01
"med cart",1,0.01
"rotator cuff tendon tear",1,0.01
"enthesophyte formation with mild subacromial",1,0.01
"non-compensable knee surgery",1,0.01
"cartilage",1,0.01
"firefighters",1,0.01
"asphalt",1,0.01
"paver",1,0.01
"pancreatitis",1,0.01
"calcification",1,0.01
"fat pad",1,0.01
"pre-existing chondrosis",1,0.01
"psychological assessment",1,0.01
"distal biceps",1,0.01
"hired",1,0.01
"process server",1,0.01
"reimbursement for the costs",1,0.01
"medical cannabis subsequent",1,0.01
"breached their re-employment obligation",1,0.01
"shunt",1,0.01
"radial ulnar joint",1,0.01
"joint instability",1,0.01
"boom",1,0.01
"cauda equine",1,0.01
"proceeding",1,0.01
"placed on inactive status",1,0.01
"reinitiated",1,0.01
"potential",1,0.01
"worker was non-compliant",1,0.01
"wear a mask",1,0.01
"birthing centre",1,0.01
"computer programmer",1,0.01
"relapsing polychondritis",1,0.01
"junior forest ranger",1,0.01
"plantar fascia",1,0.01
"three-step test",1,0.01
"adjudicated",1,0.01
"shin",1,0.01
"reasonable self-directed vocational rehabilitation activities",1,0.01
"sensation",1,0.01
"facetogenic dysfunction",1,0.01
"shoulder sprain",1,0.01
"disc desiccation",1,0.01
"left-sided sciatic leg symptoms",1,0.01
"cupons",1,0.01
"polishing",1,0.01
"thrown from a horse",1,0.01
"towels",1,0.01
"post-accident earnings",1,0.01
"time limit provisions",1,0.01
"distal femur fracture",1,0.01
"lateral meniscal tears",1,0.01
"beyond the six-month statutory time",1,0.01
"rotator cuff pathology",1,0.01
"shoulder biceps tendonitis",1,0.01
"orthopaedic bed",1,0.01
"work disruption lay-off",1,0.01
"appropriate clinical assessment",1,0.01
"dried",1,0.01
"picking up garbage",1,0.01
"earn income through new employment",1,0.01
"ongoing left elbow condition",1,0.01
"snowmobile",1,0.01
"smoke detector carbon monoxide unit",1,0.01
"pre-existing blood clot condition",1,0.01
"post-traumatic migraines",1,0.01
"respiratory impairment",1,0.01
"double lung transplant yields",1,0.01
"worker entitlement to medical cannabis",1,0.01
"visual",1,0.01
"parking lot attendant ticket taker",1,0.01
"additional physiotherapy treatments",1,0.01
"subchondral collapse",1,0.01
"ankle replacement",1,0.01
"trench",1,0.01
"ball",1,0.01
"dust collector",1,0.01
"hexavalent",1,0.01
"cutting machine",1,0.01
"procedural evidentiary issue was encountered",1,0.01
"request for entitlement for osteoarthritis",1,0.01
"anteriorly indents the thecal sac",1,0.01
"disk",1,0.01
"repositioning",1,0.01
"self-employed truck driver",1,0.01
"characterized as a worker",1,0.01
"lattice degeneration",1,0.01
"prism glasses",1,0.01
"replacement eyewear",1,0.01
"polysensibilité chimique",1,0.01
"symptômes neuropathiques",1,0.01
"relevant documentary evidence is preserved",1,0.01
"hobby",1,0.01
"seroma",1,0.01
"fitness testing",1,0.01
"debt collector",1,0.01
"two-week period",1,0.01
"purchase",1,0.01
"accessibility",1,0.01
"foot impairments",1,0.01
"common extensor tendon tear",1,0.01
"sent to the employer",1,0.01
"knee arthroplasty",1,0.01
"compensable left ankle",1,0.01
"perineural cyst",1,0.01
"compensation for future loss",1,0.01
"diminutive",1,0.01
"psychological concerns",1,0.01
"lettre",1,0.01
"milk crate",1,0.01
"redact",1,0.01
"non-compensable shoulder",1,0.01
"psychological report",1,0.01
"walk-in tub",1,0.01
"shower",1,0.01
"part-time capacity",1,0.01
"syncopal episodes",1,0.01
"otolithic",1,0.01
"sporadic lost time",1,0.01
"hamstring tear",1,0.01
"tight subacromial space",1,0.01
"worker pursued decisions on non-organic",1,0.01
"operating a vehicle",1,0.01
"conference",1,0.01
"pre-existing right hip condition",1,0.01
"compensable left ankle injury",1,0.01
"indirect hernia",1,0.01
"cord lipoma",1,0.01
"post-operative frozen shoulder condition",1,0.01
"rendered him partially impaired",1,0.01
"occasional basis tasks that involve",1,0.01
"deemed ability to earn",1,0.01
"deemed to be a worker",1,0.01
"medical transcriptionist",1,0.01
"heart monitor",1,0.01
"heart test",1,0.01
"travel-related expenses associated with undergoing",1,0.01
"reimbursement for travel-related expenses associated",1,0.01
"valgus alignment",1,0.01
"cuboid",1,0.01
"by-law officer",1,0.01
"peer outreach worker",1,0.01
"funding",1,0.01
"minimum wage rate",1,0.01
"technician",1,0.01
"tenosynovitis bilateral wrist median neuritis",1,0.01
"bread trays",1,0.01
"bilateral elbow epicondylitis",1,0.01
"full-thickness tears",1,0.01
"productive",1,0.01
"drug",1,0.01
"non-competition clause",1,0.01
"deep peroneal neuroma",1,0.01
"posterior tibialis",1,0.01
"post-traumatic symptoms",1,0.01
"tingling",1,0.01
"roller rework shop were suitable",1,0.01
"immobilization",1,0.01
"renal colic",1,0.01
"jumping",1,0.01
"positional vertigo",1,0.01
"tinnitus must accompany a compensable",1,0.01
"posterior",1,0.01
"internal impingement",1,0.01
"compensable left wrist injury",1,0.01
"squamous cell carcinoma",1,0.01
"pre-press department",1,0.01
"total right knee replacement",1,0.01
"hip lower extremity",1,0.01
"joint degeneration",1,0.01
"jack hammer",1,0.01
"subdeltoid bursitis",1,0.01
"shows that the worker",1,0.01
"aggressor provoker",1,0.01
"disc protrusion with compression",1,0.01
"seniors residence",1,0.01
"carpentry",1,0.01
"worker with the necessary skills",1,0.01
"tendon nodules",1,0.01
"funds-in-lieu",1,0.01
"methodology",1,0.01
"longitudinal tear",1,0.01
"above-noted",1,0.01
"sill assembly",1,0.01
"convene",1,0.01
"dorsal root pain",1,0.01
"chemical exposure",1,0.01
"lateral epicondylosis",1,0.01
"ulnar neuralgia",1,0.01
"storage rooms",1,0.01
"peptic ulcer disease",1,0.01
"pylori infection",1,0.01
"on-time appeal on hold",1,0.01
"kyste",1,0.01
"racine nerveuse",1,0.01
"wood",1,0.01
"organization",1,0.01
"classification unit",1,0.01
"pre-existing bilateral arthritis",1,0.01
"pre-existing bilateral hand",1,0.01
"entitlement for a hot tub",1,0.01
"hot tub as an eligible",1,0.01
"beddings",1,0.01
"beds",1,0.01
"customer service clerk",1,0.01
"locked unit",1,0.01
"work-related strain injuries",1,0.01
"pool area",1,0.01
"chlorine",1,0.01
"plumbing",1,0.01
"shoulder girdle area",1,0.01
"granted under a claim established",1,0.01
"benefits based upon actual earnings",1,0.01
"entitled to a recalculation",1,0.01
"large bowel",1,0.01
"lower quadrant hernia",1,0.01
"small bowel",1,0.01
"union representative with the initials",1,0.01
"paper roll",1,0.01
"rolls",1,0.01
"widow will be permitted",1,0.01
"beneficiaries",1,0.01
"cable technician",1,0.01
"osteopaths",1,0.01
"contusion with parascapular muscle spasms",1,0.01
"focal annular posterior disc tears",1,0.01
"stuffing",1,0.01
"overcompensating",1,0.01
"retinal tears",1,0.01
"height",1,0.01
"malign",1,0.01
"criminal",1,0.01
"pain medications",1,0.01
"facet joint arthritis",1,0.01
"lumbar disc disease",1,0.01
"refer to cellulitis",1,0.01
"computers",1,0.01
"infectious flexor tenosynovitis",1,0.01
"pathogenic bacteria",1,0.01
"cardiologist",1,0.01
"full thickness supraspinatus tear",1,0.01
"epidural injection",1,0.01
"firm file",1,0.01
"privacy",1,0.01
"submits",1,0.01
"compatible with the original",1,0.01
"lacerated liver",1,0.01
"caps",1,0.01
"employer-worker relationship",1,0.01
"early-and-safe-return-to-work",1,0.01
"entitlement for lumbar degenerative disc",1,0.01
"myofascial strain",1,0.01
"midfoot",1,0.01
"shaving",1,0.01
"letter carrier",1,0.01
"water heater",1,0.01
"pollicis brevis",1,0.01
"pre-existing psychological vulnerabilities",1,0.01
"basic self-care",1,0.01
"worker testified that the doctor",1,0.01
"lathe operator",1,0.01
"jib",1,0.01
"secondhand smoke",1,0.01
"reimbursement for registered mail",1,0.01
"bilateral elbows",1,0.01
"metal dust",1,0.01
"able to sustain full-time employment",1,0.01
"pre-existing spondylolytic spondylolisthesis",1,0.01
"work disruptions",1,0.01
"based upon entry-level wage",1,0.01
"minor work-related",1,0.01
"gluteus medius tendon",1,0.01
"jarring",1,0.01
"rhomboid",1,0.01
"textile",1,0.01
"sewing machines",1,0.01
"moderate insertional tendinosis",1,0.01
"entitlement for a neck condition",1,0.01
"bath mat",1,0.01
"bilateral ulnar nerve entrapment",1,0.01
"psycho-vocational testing",1,0.01
"pre-existing non-compensable psychological impairment",1,0.01
"ongoing work-related psychological",1,0.01
"five-year general",1,0.01
"worker sustained a recurrence",1,0.01
"ligamentous injury",1,0.01
"silica exposure",1,0.01
"psychotraumatic disability became manifest",1,0.01
"heat exposure",1,0.01
"high temperatures",1,0.01
"urethra",1,0.01
"compensable neck injury",1,0.01
"recovered her pre-injury earnings",1,0.01
"pneumonia due to esophageal dysmotility",1,0.01
"vibratory tools",1,0.01
"annual review",1,0.01
"glaucoma",1,0.01
"optic",1,0.01
"lesser occipital neuralgia",1,0.01
"atypical carcinoid tumour",1,0.01
"lung function",1,0.01
"organic findings",1,0.01
"subject to any applicable statutory",1,0.01
"ability to earn entry-level minimum",1,0.01
"subscapularis muscle strain",1,0.01
"abdominal muscle tear",1,0.01
"moderate with moderate-severe anxious distress",1,0.01
"stronger than the non-dominant hand",1,0.01
"incorrect",1,0.01
"downside",1,0.01
"work-related hernia",1,0.01
"fundamental errors",1,0.01
"entitlement for prescription drug addiction",1,0.01
"exposure to diesel exhaust",1,0.01
"patellofemoral",1,0.01
"work-hardening program",1,0.01
"plastic surgeon",1,0.01
"due to the global pandemic",1,0.01
"cocaine",1,0.01
"throwing a football",1,0.01
"scarring which is cosmetically offensive",1,0.01
"training program",1,0.01
"initial pre-injury average earnings",1,0.01
"probationary work",1,0.01
"exposure to cold temperatures",1,0.01
"oiler sander",1,0.01
"clearing ice off rail switches",1,0.01
"lifting a tote",1,0.01
"bonus",1,0.01
"quantum for the cervical spine",1,0.01
"dictum",1,0.01
"superolateral humeral",1,0.01
"mild supraspinatus tendinosis",1,0.01
"temporary lay-off",1,0.01
"entitlement to a reassessment",1,0.01
"bench welder",1,0.01
"key",1,0.01
"cumulative respirable dust dose",1,0.01
"work-related causes",1,0.01
"incisor",1,0.01
"work-related left wrist injury",1,0.01
"pre-existing non-compensable left shoulder condition",1,0.01
"rigging",1,0.01
"fish",1,0.01
"pin boning",1,0.01
"benefits following the closure",1,0.01
"work-related right knee impairment",1,0.01
"pre-shift morning report",1,0.01
"welding cable",1,0.01
"non-permanent employee",1,0.01
"knee left lower leg",1,0.01
"lateral tibial",1,0.01
"attempt to renew",1,0.01
"partial deltoid ligament tear",1,0.01
"transplant",1,0.01
"worker was competitively unemployable",1,0.01
"traumatic mydriasis",1,0.01
"decubitus ulcer",1,0.01
"radiating",1,0.01
"cavernous hemangioma",1,0.01
"coal tar",1,0.01
"zip-lining",1,0.01
"rally",1,0.01
"benefits for fibromyalgia",1,0.01
"coal tar pitch volatiles",1,0.01
"non-occupational risk factors",1,0.01
"winter boots",1,0.01
"bilateral hip arthritis",1,0.01
"orthopedic footwear",1,0.01
"pre-existing spinal stenosis",1,0.01
"dealers",1,0.01
"games",1,0.01
"shoulder impingement",1,0.01
"deleted from the case materials",1,0.01
"temporary non-structural soft tissue exacerbation",1,0.01
"low mood",1,0.01
"stress tolerance",1,0.01
"treating physicians",1,0.01
"entitlement to the recognition",1,0.01
"rescheduled peremptory to the worker",1,0.01
"cor pulmonale",1,0.01
"benefits for pulmonary hypertension",1,0.01
"compensable work-related injury",1,0.01
"non-organic condition that prevents",1,0.01
"deadline for objecting",1,0.01
"benefits due to non-co-operation",1,0.01
"epidemiological studies",1,0.01
"pain medication",1,0.01
"periods where the worker",1,0.01
"worker was previously awarded full",1,0.01
"concussive",1,0.01
"subject to any time limits",1,0.01
"sister-in-law",1,0.01
"need for on-time appeals",1,0.01
"flexor carpi ulnaris",1,0.01
"mental health problems",1,0.01
"coiffe des rotateurs",1,0.01
"tendon sus-épineux",1,0.01
"benefits for a right knee",1,0.01
"knee patellar dislocation",1,0.01
"post-traumatic degenerative arthropathy changes",1,0.01
"suspected partial scapholunate ligament tear",1,0.01
"cleaning bunker gear",1,0.01
"benefits for prostate cancer",1,0.01
"high somatic focus perception",1,0.01
"deactivation related primarily to pain",1,0.01
"journeyperson employed by the employer",1,0.01
"permanent disability benefits",1,0.01
"backdating",1,0.01
"scaffolder",1,0.01
"wrist scapholunate ligament tear",1,0.01
"functional stump",1,0.01
"intercondylar notch",1,0.01
"ischium",1,0.01
"propane tank",1,0.01
"on-the-job training with extensive accommodations",1,0.01
"thoracic strain sprain resulting",1,0.01
"automated floor washer",1,0.01
"hip contusion",1,0.01
"urinary",1,0.01
"travailleuse a témoigné",1,0.01
"chantier",1,0.01
"jurisdiction to determine",1,0.01
"mixed anxiety",1,0.01
"stair-climbing",1,0.01
"knee problems",1,0.01
"causal relationship between the worker",1,0.01
"tax auditor",1,0.01
"speech-language pathologist",1,0.01
"erythromelalgia",1,0.01
"recent rib fracture",1,0.01
"bronchial asthma",1,0.01
"partial meniscectomy",1,0.01
"suprapatellar enthesophyte",1,0.01
"worker was non-co-operative",1,0.01
"bi-monthly",1,0.01
"wrist ganglion cyst",1,0.01
"high school diploma",1,0.01
"resume",1,0.01
"job search list",1,0.01
"duodenum",1,0.01
"knee tear",1,0.01
"disc herniation with nerve impingement",1,0.01
"copy",1,0.01
"attached",1,0.01
"shoulder injury as a secondary",1,0.01
"expiration du délai",1,0.01
"frequent vomiting",1,0.01
"entitlement to future economic loss",1,0.01
"chewing",1,0.01
"implants",1,0.01
"dental impairment",1,0.01
"entry-level wage associated",1,0.01
"hosting duties",1,0.01
"entitlement to an adjustable bed",1,0.01
"weighted furniture",1,0.01
"knee contusion abrasion injury",1,0.01
"requirements",1,0.01
"voluntary under-employment",1,0.01
"missionary",1,0.01
"disc bulge herniation",1,0.01
"contemporaneous medical record",1,0.01
"sex crimes unit",1,0.01
"post-concussive migraines",1,0.01
"found",1,0.01
"second-hand smoke",1,0.01
"bilateral adhesive capsulitis",1,0.01
"mechanical engineering technician",1,0.01
"non-compensable hip",1,0.01
"cognitive impairment",1,0.01
"exceptional circumstance supporting a time",1,0.01
"delay filing an on-time",1,0.01
"undated",1,0.01
"subluxating ulnar nerve",1,0.01
"benefits under the plan",1,0.01
"psychotraumatic disability rating schedule",1,0.01
"administrative assistant",1,0.01
"non-destructive quality technician",1,0.01
"creatinine clearance",1,0.01
"ml min",1,0.01
"knee medial meniscus tear",1,0.01
"control",1,0.01
"off-season",1,0.01
"find that the two-month delay",1,0.01
"mistakenly",1,0.01
"including entitlement to the recognition",1,0.01
"forty-four percent",1,0.01
"neurogenic",1,0.01
"related corrective surgeries",1,0.01
"tiny posterior central disc herniation",1,0.01
"baler",1,0.01
"experience as an insulator",1,0.01
"ptosis",1,0.01
"nasal polypectomy",1,0.01
"ulnar positive variance",1,0.01
"shoulder rotator cuff tendinopathy",1,0.01
"benefits flowing from the allowance",1,0.01
"chronic post-traumatic headaches",1,0.01
"compression stockings",1,0.01
"dermatological",1,0.01
"offered modified work",1,0.01
"ability to adjudicate the worker",1,0.01
"secondary entitlement for dental decay",1,0.01
"disability benefits offset",1,0.01
"psychopathology",1,0.01
"non-work-related concussion",1,0.01
"work-related mental health condition",1,0.01
"flexor tenosynovitis",1,0.01
"attended a walk-in clinic",1,0.01
"prior low back condition",1,0.01
"tendon rupture",1,0.01
"workplace incident",1,0.01
"pre-existing myofascial pain",1,0.01
"sit stand desk",1,0.01
"eosinophilic lung disease",1,0.01
"coverage for the medication benralizumab",1,0.01
"work-related lung",1,0.01
"syncope episodes",1,0.01
"tripped",1,0.01
"thoracolumbar",1,0.01
"bilateral trigger thumb",1,0.01
"bilateral wrist tendonitis",1,0.01
"wrist thumb injury",1,0.01
"initial entitlement for psychotraumatic disability",1,0.01
"repetitive movements",1,0.01
"permanent neck impairment",1,0.01
"cervical spinal stenosis",1,0.01
"osteochondral bar",1,0.01
"prescription eyewear",1,0.01
"work-related accident where a specific",1,0.01
"medical literature",1,0.01
"root canal therapy",1,0.01
"weekly minutes",1,0.01
"care needs",1,0.01
"statutory reviews",1,0.01
"joint settlement proposal",1,0.01
"physical abnormality",1,0.01
"work-related right knee injury",1,0.01
"ankle sprain strain",1,0.01
"messages",1,0.01
"considered a substantial work-related stressor",1,0.01
"redetermination evaluation",1,0.01
"added peril exception",1,0.01
"pizza dough",1,0.01
"fridge",1,0.01
"limited transferable skills",1,0.01
"accident-related driving restrictions",1,0.01
"electrode",1,0.01
"hobby equipment",1,0.01
"side-by-side type",1,0.01
"intrahepatic cholangiocarcinoma",1,0.01
"banding cart",1,0.01
"dizzy",1,0.01
"valves",1,0.01
"pulling",1,0.01
"pre-existing carpal tunnel syndrome cubital",1,0.01
"posture",1,0.01
"grader",1,0.01
"slumlord",1,0.01
"homeless",1,0.01
"extension to the statutory time-limit",1,0.01
"bowel obstruction",1,0.01
"must",1,0.01
"crates",1,0.01
"toilet seat bidet",1,0.01
"email copy enclosed",1,0.01
"affected by a one-month delay",1,0.01
"catwalk",1,0.01
"derailment",1,0.01
"protective muscle tightness",1,0.01
"scapula-thoracic area",1,0.01
"statutory lock-in",1,0.01
"mandible",1,0.01
"entitlement for a substance abuse",1,0.01
"substance abuse disorder",1,0.01
"policy referral",1,0.01
"right-sided tinnitus",1,0.01
"partial thickness rotator cuff tear",1,0.01
"grade partial thickness rotator cuff",1,0.01
"peripheral neuropathy",1,0.01
"rotator cuff repair",1,0.01
"deep peroneal nerve",1,0.01
"suspected right hip labral tear",1,0.01
"conductive element",1,0.01
"values for the left ear",1,0.01
"leg neuropathic pain",1,0.01
"four-year delay",1,0.01
"pallet",1,0.01
"joint separation",1,0.01
"hoods",1,0.01
"tornado",1,0.01
"pre-accident anxiety",1,0.01
"retrain",1,0.01
"partial amputation",1,0.01
"hip arthritis",1,0.01
"polyneuropathy",1,0.01
"exposure to acrylic chemicals",1,0.01
"skids",1,0.01
"work-related neck strain",1,0.01
"biceps tendonitis",1,0.01
"vice-présidente",1,0.01
"passages",1,0.01
"entitlement for right biceps tenosynovitis",1,0.01
"biceps tenosynovitis injury",1,0.01
"small supraspinatus partial thickness defect",1,0.01
"rotator cuff syndrome",1,0.01
"welding fumes",1,0.01
"inextricably linked to the worker",1,0.01
"waking hours",1,0.01
"amiodarone",1,0.01
"guideline",1,0.01
"helper",1,0.01
"foot fifth metatarsal",1,0.01
"full tear",1,0.01
"leg pain",1,0.01
"low-level wages",1,0.01
"hemorrhage",1,0.01
"embryo transfer",1,0.01
"achilles tendinitis",1,0.01
"orthotic devices",1,0.01
"hallux limitus compensatory limp leg",1,0.01
"plane",1,0.01
"flying",1,0.01
"sleep disorder",1,0.01
"zoom",1,0.01
"worker is required to travel",1,0.01
"lodge away from home",1,0.01
"baking",1,0.01
"bilateral shoulder sprain strain",1,0.01
"criterion",1,0.01
"bilateral wrist",1,0.01
"taxi company",1,0.01
"low back injury occurring",1,0.01
"cashiers self-service gas bar attendants",1,0.01
"synovial osteochondromatosis",1,0.01
"pre-existing condition for purposes",1,0.01
"earning",1,0.01
"rape",1,0.01
"returning to any type",1,0.01
"stair ladder climbing",1,0.01
"fifth metatarsal",1,0.01
"liaison organization",1,0.01
"flex",1,0.01
"arm fracture",1,0.01
"union representative",1,0.01
"representative submits",1,0.01
"rotator cuff injury",1,0.01
"seat pans",1,0.01
"entitlement for colon cancer",1,0.01
"braiding department",1,0.01
"approximately two-and-one-half",1,0.01
"corneal transplant",1,0.01
"ocular impairments",1,0.01
"pre-accident levels",1,0.01
"ongoing symptoms",1,0.01
"wasted",1,0.01
"chronic granulomatous disease",1,0.01
"pulmonary alveolar proteinosis",1,0.01
"entitlement for bilateral plantar fasciitis",1,0.01
"boilers",1,0.01
"aptitudes",1,0.01
"developing pulmonary fibrosis",1,0.01
"exposure to metal dusts",1,0.01
"ping-pong",1,0.01
"acknowledge",1,0.01
"identifies",1,0.01
"post-initial determination period expires",1,0.01
"undressing",1,0.01
"cyclops lesion",1,0.01
"entitlement for a mid-back injury",1,0.01
"colour blindness",1,0.01
"shoulder rotator cuff injury",1,0.01
"peroneal tear",1,0.01
"shoulder arthropathy",1,0.01
"rotator cuff arthropathy",1,0.01
"overactive bladder",1,0.01
"wa ge",1,0.01
"pa rtia l benefit ra",1,0.01
"pplica",1,0.01
"disc disease",1,0.01
"work-related left shoulder arm injury",1,0.01
"down-sloped acromion",1,0.01
"chemical neurotoxicity due",1,0.01
"ability to work full-time",1,0.01
"master rolls",1,0.01
"subacromial bursitis with bicipital tenosynovitis",1,0.01
"treating orthopaedic surgeon",1,0.01
"symptom disorder predominantly pain persistent",1,0.01
"posterior cruciate ligament",1,0.01
"bent knee",1,0.01
"iliotibial band herniation",1,0.01
"dividend income",1,0.01
"due to his psychological state",1,0.01
"subject to statutory reviews",1,0.01
"osteonecrosis",1,0.01
"aggravating her pre-existing left knee",1,0.01
"rock haul vehicle drivers",1,0.01
"mining company",1,0.01
"workers",1,0.01
"pre-injury net average earnings",1,0.01
"entitlement to additional supplementary benefits",1,0.01
"receiving the maximum benefits allowed",1,0.01
"compensable hernia",1,0.01
"pancreatic cancer",1,0.01
"chlorinated hydrocarbons",1,0.01
"wedging",1,0.01
"non-compensable psychological",1,0.01
"diploma",1,0.01
"special dispensation",1,0.01
"exposure to aversive details",1,0.01
"hiring",1,0.01
"treatments",1,0.01
"prestations d invalidité totale temporaire",1,0.01
"vocational college",1,0.01
"criminal record",1,0.01
"casebook",1,0.01
"sacral torsion",1,0.01
"midrange",1,0.01
"jello pudding line",1,0.01
"patella-femoral joint",1,0.01
"application for judicial review",1,0.01
"lower facet joint arthrosis",1,0.01
"freezer door",1,0.01
"ankle ligament tear",1,0.01
"rough-in work",1,0.01
"noncompensable surgery",1,0.01
"travel agent",1,0.01
"pre-existing migraine headaches",1,0.01
"telephone headset",1,0.01
"vestibular component",1,0.01
"autoimmune",1,0.01
"known aryl hydrocarbon receptor agonist",1,0.01
"benefits for relapsing polychondritis",1,0.01
"common extensor origin strain-partial thickness",1,0.01
"extensor origin strain-partial thickness tear",1,0.01
"full-time hours on modified duties",1,0.01
"open labour market",1,0.01
"shoulder impairments",1,0.01
"cervical strain fully resolved",1,0.01
"determination for the work-related concussive",1,0.01
"appealing is quite",1,0.01
"pre-existing adductus deformity",1,0.01
"custom orthotic footwear",1,0.01
"bony callus",1,0.01
"entitlement for a permanent disability",1,0.01
"colonne cervicale",1,0.01
"augmentation",1,0.01
"abdominal pain",1,0.01
"deceased",1,0.01
"pre-hearing videoconference call",1,0.01
"anticipates",1,0.01
"retroperitoneal",1,0.01
"abdominal bleed",1,0.01
"somatic symptom",1,0.01
"rapid acceleration vibratory tools immediately",1,0.01
"shoulder strain sprain",1,0.01
"biceps tendinosis with partial tearing",1,0.01
"partial rotator cuff tear",1,0.01
"thoracic lumbar strain",1,0.01
"partial full-thickness tear",1,0.01
"shoulder supraspinatus tendon",1,0.01
"weight gain",1,0.01
"morbidly obese",1,0.01
"pounds",1,0.01
"zygoma fracture",1,0.01
"benefits for post-concussive syndrome",1,0.01
"basketball",1,0.01
"tryouts",1,0.01
"address",1,0.01
"letter transmitting",1,0.01
"hoistman",1,0.01
"rollator",1,0.01
"physically unable to work",1,0.01
"pre-existing condition disability",1,0.01
"bilateral hip trochanteric bursitis",1,0.01
"steroid injections",1,0.01
"carpentry supervisor",1,0.01
"disorder with concurrent mood dysfunction",1,0.01
"pain disorder with concurrent mood",1,0.01
"rating guideline",1,0.01
"sinusitis",1,0.01
"non-compensable medical condition",1,0.01
"summer layoff",1,0.01
"work-related left shoulder injury",1,0.01
"spoke with the worker last",1,0.01
"non-compensable fall",1,0.01
"former union representative",1,0.01
"necessary documents needed to adjudicate",1,0.01
"pre-existing headaches",1,0.01
"ongoing psychological treatment",1,0.01
"self-report",1,0.01
"work-related left knee ligament contusion",1,0.01
"end-range pain",1,0.01
"massage therapy treatment",1,0.01
"breakfast",1,0.01
"except grocery store",1,0.01
"complex migraine variant",1,0.01
"removed from the case materials",1,0.01
"forester",1,0.01
"knee disability",1,0.01
"karate",1,0.01
"following his work-cessation",1,0.01
"femoroacetabular impingement",1,0.01
"bilateral knees assessment",1,0.01
"entitlement for acute torticollis",1,0.01
"multilevel degenerative",1,0.01
"fifth digit",1,0.01
"sledge hammer",1,0.01
"frontal lobe dysfunction",1,0.01
"emotional disturbances",1,0.01
"traumatic brain injury should attract",1,0.01
"cervical spine stenosis with resulting",1,0.01
"waste",1,0.01
"electricity",1,0.01
"generation",1,0.01
"median neuropathy",1,0.01
"feller buncher",1,0.01
"underlying inflammatory arthropathy",1,0.01
"voiturier",1,0.01
"rajustées",1,0.01
"adhesive capsulitis frozen shoulder",1,0.01
"glenohumeral osteophyte",1,0.01
"below-knee amputation as a secondary",1,0.01
"work-related right leg impairment",1,0.01
"tibia shaft fracture",1,0.01
"approximately two weeks",1,0.01
"purifier",1,0.01
"initial entitlement for the low",1,0.01
"liver disease",1,0.01
"cannabis as an allowable health",1,0.01
"pharmaceutical cannabinoid",1,0.01
"irritant bronchitis",1,0.01
"appropriate on a part-time basis",1,0.01
"webpage",1,0.01
"shoulder supraspinatus tendinopathy",1,0.01
"specific psychological restrictions",1,0.01
"paddleboard",1,0.01
"beach town",1,0.01
"investigator",1,0.01
"concussion clinic",1,0.01
"tablet",1,0.01
"calf injury",1,0.01
"gastrocnemius muscle",1,0.01
"accident mechanism",1,0.01
"lifts",1,0.01
"knee gave",1,0.01
"worker independent operator",1,0.01
"conflict",1,0.01
"relationship",1,0.01
"spleen",1,0.01
"brachial plexus",1,0.01
"meal expenses while attending medical",1,0.01
"entitlement for the reimbursement",1,0.01
"expenses while attending medical appointments",1,0.01
"round trip",1,0.01
"entitlement to restless leg syndrome",1,0.01
"incident report",1,0.01
"maintain suitable employment by reducing",1,0.01
"rehabilitative measure",1,0.01
"repurchase",1,0.01
"hydro-vac holes",1,0.01
"hazard",1,0.01
"boots",1,0.01
"adjustment disorder with depressed mood",1,0.01
"re-entry into the labour market",1,0.01
"tasks requiring",1,0.01
"heat stroke",1,0.01
"non-occupational diagnosis",1,0.01
"shotcrete",1,0.01
"self-modify his work",1,0.01
"extend the statutory time-limit",1,0.01
"trouble préexistant",1,0.01
"self-employment as a float operator",1,0.01
"aircraft components",1,0.01
"shoulder complaints",1,0.01
"entitlement for a redetermination",1,0.01
"placed into inactive status",1,0.01
"thickness bursal-sided supraspinatus tendon tear",1,0.01
"whiplash associated disorder",1,0.01
"received entitlement to benefits",1,0.01
"employment income",1,0.01
"transitional lumbosacral vertebra",1,0.01
"foraminal narrowing with radicular features",1,0.01
"personal care attendant needs",1,0.01
"esophagus",1,0.01
"shelf-stocker",1,0.01
"worker was unrepresented",1,0.01
"peak flow readings",1,0.01
"methacholine challenge",1,0.01
"immunological impairment",1,0.01
"assisting with supper meals",1,0.01
"answering call bells",1,0.01
"lifting from floor to mid-thigh",1,0.01
"right-sided radicular",1,0.01
"temporary total rate using",1,0.01
"low back aggravation",1,0.01
"asthma overlap",1,0.01
"prodromal",1,0.01
"reasonably be addressed without waiving",1,0.01
"investigations",1,0.01
"long-term pre-injury average earnings",1,0.01
"offered modified duties",1,0.01
"dreams",1,0.01
"physical therapy",1,0.01
"arrears date for the worker",1,0.01
"increased",1,0.01
"re-assessed",1,0.01
"thecal sac",1,0.01
"sensory loss",1,0.01
"loan-out agreement",1,0.01
"film",1,0.01
"nosing",1,0.01
"macular",1,0.01
"shoulder partial tear",1,0.01
"mallet",1,0.01
"reschedule",1,0.01
"manufacturing technician",1,0.01
"lumbar spine left radicular pain",1,0.01
"pain disorder",1,0.01
"bilateral trigger thumbs",1,0.01
"rotators grade",1,0.01
"stries angioïdes",1,0.01
"dégénérescence maculaire",1,0.01
"spinal manipulation therapy",1,0.01
"sizer job",1,0.01
"constitute workplace harassment",1,0.01
"regardless",1,0.01
"pre-emptory",1,0.01
"associated mid-level wages",1,0.01
"drilling incident",1,0.01
"five-point test",1,0.01
"compensable thumb injuries",1,0.01
"lost wages",1,0.01
"lumbago",1,0.01
"ending",1,0.01
"posterior lateral disc protrusion",1,0.01
"protrusion with an annular tear",1,0.01
"disc protrusion condition",1,0.01
"grain truck",1,0.01
"alleged sexual harassment",1,0.01
"arsenic",1,0.01
"barely touches the traversing",1,0.01
"injured his left knee",1,0.01
"removing wax from a slippery",1,0.01
"revised appeal time limit",1,0.01
"revised appeal time-limit for objecting",1,0.01
"entire clinical",1,0.01
"worker has requested redactions",1,0.01
"scars",1,0.01
"misfiled",1,0.01
"reviewed by legal personnel",1,0.01
"pay",1,0.01
"cross",1,0.01
"commutation",1,0.01
"illiteracy",1,0.01
"hip femur fracture",1,0.01
"sacroiliac joint disorder",1,0.01
"posterior labral tear",1,0.01
"patellofemoral changes",1,0.01
"visual therapy",1,0.01
"longer able to sustain employment",1,0.01
"wedge fracture",1,0.01
"transport company",1,0.01
"central sensitization",1,0.01
"left-sided symptoms",1,0.01
"de-gloving injury",1,0.01
"confirmed that the worker",1,0.01
"shoulder range",1,0.01
"movement",1,0.01
"rail cars",1,0.01
"workplace tasks",1,0.01
"pedicures",1,0.01
"physiatrist",1,0.01
"bilateral thumb",1,0.01
"mild noise intolerance",1,0.01
"light hypersensitivity",1,0.01
"coloboma",1,0.01
"files",1,0.01
"work-related upper",1,0.01
"entitlement for myelitis",1,0.01
"distal radial malunion",1,0.01
"non-compensable right shoulder injury",1,0.01
"non-compensable incident",1,0.01
"post-hearing",1,0.01
"unilaterally",1,0.01
"temp",1,0.01
"return to her pre-injury",1,0.01
"work site",1,0.01
"minutes weekly",1,0.01
"ozone exposure",1,0.01
"pulmonary sarcoidosis",1,0.01
"worker entitlement to full benefits",1,0.01
"helicopter crash",1,0.01
"assessment team",1,0.01
"drop foot condition",1,0.01
"motor vehicle accident occurred",1,0.01
"extinguished",1,0.01
"tractor-trailer",1,0.01
"timely objection",1,0.01
"lower leg soft tissue injury",1,0.01
"trauma-related symptoms",1,0.01
"recycling box",1,0.01
"snow shoveling",1,0.01
"ruminations",1,0.01
"aid for the right ear",1,0.01
"entitlement to a hearing aid",1,0.01
"work-related hearing loss",1,0.01
"organic right hip adductor strain",1,0.01
"medical rehabilitation",1,0.01
"missed",1,0.01
"chipping gun",1,0.01
"gout",1,0.01
"interpersonal conflicts",1,0.01
"huddle",1,0.01
"organic concussion injury",1,0.01
"physiotherapy assessment",1,0.01
"lab",1,0.01
"diazepam",1,0.01
"sprinkler fitter",1,0.01
"abusive callers",1,0.01
"post-traumatic temporal lobe epilepsy",1,0.01
"interictal epileptiform discharges",1,0.01
"salad bar",1,0.01
"fibromyalgia syndrome",1,0.01
"bilateral rotator cuff tears",1,0.01
"tolerances",1,0.01
"cervical degenerative disc disease",1,0.01
"bilateral wrist pain",1,0.01
"work-related soft tissue injuries",1,0.01
"organic brain syndrome secondary",1,0.01
"diffuse axonal injury",1,0.01
"non-work-related",1,0.01
"self-serve gas station cashier",1,0.01
"renovations",1,0.01
"socioeconomic factors",1,0.01
"dextroscoliosis",1,0.01
"slitter machine",1,0.01
"extant issue agenda",1,0.01
"adopted drug formularies to assist",1,0.01
"appropriate",1,0.01
"non-formulary",1,0.01
"minor pre-accident condition which prolonged",1,0.01
"thigh deboning",1,0.01
"letters",1,0.01
"sustainability",1,0.01
"summer shut",1,0.01
"gross",1,0.01
"re-instatement",1,0.01
"chest tightness",1,0.01
"aspirin",1,0.01
"troponin",1,0.01
"eighth rib fracture sustained",1,0.01
"bundle",1,0.01
"twisting",1,0.01
"restraints",1,0.01
"refund",1,0.01
"premium increase",1,0.01
"secondary condition from overcompensating",1,0.01
"mobile elevating platform",1,0.01
"trigeminal nerve",1,0.01
"eyelid",1,0.01
"relapse",1,0.01
"epilepsy condition",1,0.01
"sequelae caused",1,0.01
"four-wheel walker",1,0.01
"educational assistant",1,0.01
"recent claim for psychotraumatic disability",1,0.01
"math",1,0.01
"demotion",1,0.01
"difficulty",1,0.01
"flank pain",1,0.01
"sinusitis condition",1,0.01
"prone to flare-ups",1,0.01
"compensable rhinitis",1,0.01
"jaundice",1,0.01
"liver dysfunction",1,0.01
"long-standing neck pain",1,0.01
"residual permanent impairment",1,0.01
"reimbursement for purchases",1,0.01
"log loader",1,0.01
"prior psychic trauma resulting",1,0.01
"general five-year review period",1,0.01
"rotator cuff tendinitis",1,0.01
"provide a safe work environment",1,0.01
"unsafe workplace",1,0.01
"escorted by a non-professional escort",1,0.01
"growler",1,0.01
"tick",1,0.01
"elbow replacement",1,0.01
"shoulder strain sprain injury",1,0.01
"ongoing entitlement to health care",1,0.01
"shlder",1,0.01
"slippery floors",1,0.01
"impairment rating guidelines for acromioplasty",1,0.01
"log books",1,0.01
"practise",1,0.01
"neighbour",1,0.01
"provide legal services",1,0.01
"peripheral artery disease",1,0.01
"foot crush injury",1,0.01
"unable to secure full-time",1,0.01
"integrated cerebral function disturbances",1,0.01
"snake",1,0.01
"shelter",1,0.01
"rateable impairment",1,0.01
"chronic migraine headaches",1,0.01
"plasma cell",1,0.01
"find no evidence",1,0.01
"on-time appeal would be prejudiced",1,0.01
"bilateral trigger finger",1,0.01
"atrial fibrillation",1,0.01
"cardioembolic stroke",1,0.01
"respiratory disease",1,0.01
"heart",1,0.01
"bilateral forearms",1,0.01
"pacer",1,0.01
"mats",1,0.01
"mat",1,0.01
"scanning gun",1,0.01
"inventory clerk",1,0.01
"motor vehicle causing bodily harm",1,0.01
"driving while disqualified",1,0.01
"criminal offence",1,0.01
"intent to cause harm",1,0.01
"indoor",1,0.01
"outdoor",1,0.01
"chronic neck pain",1,0.01
"pudendal neuralgia",1,0.01
"re-tear",1,0.01
"indemnité pour des troubles",1,0.01
"osteochondral lesion",1,0.01
"median level wages",1,0.01
"lbs on occasional basis",1,0.01
"estimator",1,0.01
"neurosurgeon wrote",1,0.01
"fungus",1,0.01
"self-employment earnings",1,0.01
"approve",1,0.01
"allodynia",1,0.01
"entitlement for the left wrist",1,0.01
"find the eight-day delay",1,0.01
"apld",1,0.01
"entitled to a long-term earnings",1,0.01
"long-term earnings review",1,0.01
"enclosed",1,0.01
"concurrently employed",1,0.01
"used to determine",1,0.01
"panhypopituitarism",1,0.01
"magnifying glass",1,0.01
"dosimeter",1,0.01
"able to perform suitable work",1,0.01
"fourth finger",1,0.01
"organ system",1,0.01
"pre-injury escalated earnings",1,0.01
"locked-in benefit",1,0.01
"self-esteem",1,0.01
"rates",1,0.01
"alleged workplace harassment",1,0.01
"cognition",1,0.01
"objected",1,0.01
"predicted single breath",1,0.01
"palliative care",1,0.01
"demolition labourer",1,0.01
"cashier duties",1,0.01
"worker had a pre-accident impairment",1,0.01
"blackjack",1,0.01
"game",1,0.01
"roulette",1,0.01
"cuff tendinopathy with dynamic impingement",1,0.01
"analyzing time-limit extension requests",1,0.01
"fragrances",1,0.01
"eosinophilic esophagitis",1,0.01
"vomiting",1,0.01
"flare-ups continued to negatively impact",1,0.01
"elbow difficulties",1,0.01
"entitlement for occupational asthma",1,0.01
"piriformis strains",1,0.01
"serving",1,0.01
"psychotraumatic disability was correctly assessed",1,0.01
"mould growth",1,0.01
"dispatch office",1,0.01
"tugger",1,0.01
"hea ring",1,0.01
"pa rty",1,0.01
"ttend",1,0.01
"origina",1,0.01
"appropriately",1,0.01
"cutter shaver",1,0.01
"hammering",1,0.01
"work-related traumatic brain",1,0.01
"electronics assembler light assembly",1,0.01
"graffiti",1,0.01
"pushing pulling",1,0.01
"menta l stress",1,0.01
"psychotherapist",1,0.01
"eliminated",1,0.01
"entitlement to benefits for tinnitus",1,0.01
"trisomy",1,0.01
"liquid asphalt",1,0.01
"cla im",1,0.01
"non-compensable left shoulder",1,0.01
"distention",1,0.01
"subacromial subdeltoid bursa",1,0.01
"consideration",1,0.01
"entitlement to a re-determination",1,0.01
"pre-injury average earnings basis",1,0.01
"mild to moderate central stenosis",1,0.01
"ea rnings",1,0.01
"bour ma rket re-entry",1,0.01
"ble",1,0.01
"fa mily",1,0.01
"impa irment",1,0.01
"ctivities",1,0.01
"noise intolera nce",1,0.01
"pension specialist",1,0.01
"mild bilateral ulnar neuropathy",1,0.01
"representa tive",1,0.01
"ina ctive sta tus",1,0.01
"dvising tha",1,0.01
"pre-existing hypertension",1,0.01
"high blood pressure",1,0.01
"appointed",1,0.01
"lower back sprain strain injury",1,0.01
"pain no clinical findings",1,0.01
"diagnosis was provided",1,0.01
"find that this favours granting",1,0.01
"injury for the worker",1,0.01
"plica bands",1,0.01
"arthrofibrosis",1,0.01
"worker isn t entitled",1,0.01
"calcaneus fracture",1,0.01
"co-existing conditions",1,0.01
"hypothyroid condition",1,0.01
"stone",1,0.01
"company vehicle",1,0.01
"total left knee replacement surgery",1,0.01
"significant reminder",1,0.01
"moderate tendinosis",1,0.01
"line",1,0.01
"entitlement for bilateral knee osteoarthritis",1,0.01
"pipe",1,0.01
"severe central canal stenosis",1,0.01
"dividends",1,0.01
"employment earnings",1,0.01
"toxins",1,0.01
"skull fracture",1,0.01
"sewing machine operator",1,0.01
"hour care",1,0.01
"nursing",1,0.01
"actual earnings from his employment",1,0.01
"worker has entitlement to full",1,0.01
"misstatement regarding the particulars",1,0.01
"substance",1,0.01
"thin skulled",1,0.01
"bricklaying",1,0.01
"crimping machines",1,0.01
"low-end estimate",1,0.01
"individual susceptibility to noise varies",1,0.01
"compensable right shoulder strain tendonitis",1,0.01
"subluxing",1,0.01
"cortisone injections",1,0.01
"spotting duties",1,0.01
"wayfinding",1,0.01
"hand signaling",1,0.01
"myelofibrosis",1,0.01
"paint thinner",1,0.01
"roll",1,0.01
"wrap",1,0.01
"objective clinical evidence",1,0.01
"non-compensable schizophrenia",1,0.01
"sinus tarsi syndrome",1,0.01
"deep peroneal",1,0.01
"extensor pollicis brevis tendon",1,0.01
"entitled to a left wrist",1,0.01
"wrist ulnocarpal abutment syndrome",1,0.01
"non-compensable motor vehicle",1,0.01
"progressing well towards her goals",1,0.01
"requires further in-vivo exposure work",1,0.01
"responsive to occupational therapy treatment",1,0.01
"infectious disease specialist",1,0.01
"avoiding concrete floors",1,0.01
"re-assigned to hear",1,0.01
"requested an adjournment",1,0.01
"partial benefit rate",1,0.01
"pulmonary carcinoid tumors",1,0.01
"autopsy",1,0.01
"plants",1,0.01
"wool",1,0.01
"entitlement for the herniated discs",1,0.01
"extends to the final lock-in",1,0.01
"hours a week earning minimum",1,0.01
"pre-existing medical factor",1,0.01
"non-occupational illness",1,0.01
"worker was totally disabled",1,0.01
"radicular symptoms",1,0.01
"ccess",1,0.01
"pra ctice a nd procedure",1,0.01
"uthority",1,0.01
"returned",1,0.01
"pulmonary nodules",1,0.01
"entitlement for interstitial fibrosis",1,0.01
"pre-existing cigarette smoking",1,0.01
"die cast operator",1,0.01
"adolescent trauma",1,0.01
"modified duties on graduated hours",1,0.01
"lbs on rare basis",1,0.01
"ear total hearing loss",1,0.01
"retrolisthesis",1,0.01
"outbursts",1,0.01
"foot conditions",1,0.01
"radiation treatment",1,0.01
"entitlement for multiple myeloma claimed",1,0.01
"nickel-smelting",1,0.01
"causal connection between silica exposure",1,0.01
"entitlement to benefits for sarcoidosis",1,0.01
"radicular features",1,0.01
"distal palmar crease",1,0.01
"thumb stenosing tenosynovitis with development",1,0.01
"serotonergic medications",1,0.01
"leg tremors",1,0.01
"high-risk prostate cancer",1,0.01
"yarn",1,0.01
"acted diligently",1,0.01
"perma nent disa bility",1,0.01
"nearly",1,0.01
"medial elbow",1,0.01
"common flexor tendon",1,0.01
"printing industry",1,0.01
"scientific papers",1,0.01
"four-hour shift",1,0.01
"chronic myofascial pain",1,0.01
"myofascial neck pain",1,0.01
"psychotraumatic disability permanent impairment",1,0.01
"voices",1,0.01
"psychological impairments",1,0.01
"straps",1,0.01
"tibia",1,0.01
"pertaining to the quantum",1,0.01
"pre-existing sciatica",1,0.01
"work-related non-organic chronic pain disability",1,0.01
"contributed to a work-related non-organic",1,0.01
"re-assessment for his low",1,0.01
"congenitally short pedicles",1,0.01
"cervical sprain strain",1,0.01
"washroom",1,0.01
"likely have produced a different",1,0.01
"landscaping job",1,0.01
"receive the full practical benefit",1,0.01
"long-term earnings rate",1,0.01
"partial-thickness tear",1,0.01
"methodological error",1,0.01
"mucus retention cysts",1,0.01
"monitors",1,0.01
"sweets",1,0.01
"pre-existing low back impairment",1,0.01
"machine shop",1,0.01
"compensable right knee impairment",1,0.01
"workplace fall",1,0.01
"modified palletizing",1,0.01
"body shop",1,0.01
"vicarious liability",1,0.01
"unprotected",1,0.01
"right-side macula off retinal detachment",1,0.01
"retinal detachment with full-thickness macular",1,0.01
"detachment with full-thickness macular hole",1,0.01
"full-thickness macular hole injury",1,0.01
"brief interlude",1,0.01
"eight-hour workday",1,0.01
"incurred",1,0.01
"upfront",1,0.01
"pre-injury gross average earnings",1,0.01
"elbow osteoarthritis",1,0.01
"entitlement to a supplement",1,0.01
"work-related right elbow epicondylitis",1,0.01
"groin injury",1,0.01
"elbow traumatic distal biceps tear",1,0.01
"subject to redactions already",1,0.01
"age-related hearing loss",1,0.01
"board expenses",1,0.01
"remitted to the to adjudicate",1,0.01
"workstations",1,0.01
"gestational diabetes",1,0.01
"hemochromatosis",1,0.01
"cervical spine injury",1,0.01
"company nurse",1,0.01
"radiated into the left hip",1,0.01
"job share arrangement",1,0.01
"resign",1,0.01
"respiratory symptoms",1,0.01
"little finger",1,0.01
"functionality",1,0.01
"amputated",1,0.01
"meeting the time-limit",1,0.01
"aging factor",1,0.01
"chemical sensitivity",1,0.01
"neurofeedback treatment",1,0.01
"neurofeedback machine",1,0.01
"recommendations",1,0.01
"ctua l employment ea rnings",1,0.01
"reconsider",1,0.01
"duties as a tile setter",1,0.01
"pliers",1,0.01
"bilateral hand wrist strain",1,0.01
"proximal biceps tendon",1,0.01
"heterogeneous signal changes",1,0.01
"medial subluxation",1,0.01
"postpartum depression",1,0.01
"policing",1,0.01
"residential treatment",1,0.01
"health care product service",1,0.01
"entitlement for arthrofibrosis",1,0.01
"bilateral avascular necrosis",1,0.01
"hip stress fracture",1,0.01
"recovery period",1,0.01
"trapeziometacarpal",1,0.01
"aging",1,0.01
"perform her regular full-time employment",1,0.01
"common forearm flexor tendinosis",1,0.01
"participate via videoconference",1,0.01
"medica",1,0.01
"cla rifica",1,0.01
"reda cted",1,0.01
"psw",1,0.01
"min",1,0.01
"iron deficiency anemia",1,0.01
"reel",1,0.01
"diminished stress tolerance",1,0.01
"passive suicidal ideation",1,0.01
"spinal function lesion",1,0.01
"post-accident weight gain",1,0.01
"significantly contributed to his death",1,0.01
"depression anxiety",1,0.01
"compensable silicosis",1,0.01
"baby scale",1,0.01
"home visits",1,0.01
"anxious",1,0.01
"radial nerve palsy",1,0.01
"bipolar depressive episode",1,0.01
"entitlement to travel expenses",1,0.01
"recovery from his work-related low",1,0.01
"pump",1,0.01
"suffered a measurable permanent deterioration",1,0.01
"paracentral",1,0.01
"entitlement for right wrist osteoarthritis",1,0.01
"sprain strain-type injury",1,0.01
"compensable right shoulder impairment",1,0.01
"shoulder rotator cuff tears",1,0.01
"over-rely on his left shoulder",1,0.01
"home traction device",1,0.01
"developing idiopathic pulmonary fibrosis",1,0.01
"personal cigarette smoking",1,0.01
"floral arrangements",1,0.01
"florist",1,0.01
"eye pterygium",1,0.01
"employment as a welder",1,0.01
"one-handed typing",1,0.01
"hip disability",1,0.01
"stand-up tugger",1,0.01
"carnival",1,0.01
"laser shockwave therapy machine",1,0.01
"vessel",1,0.01
"four-week pre-accident period",1,0.01
"entitlement for post-traumatic headaches",1,0.01
"distal biceps tendon tear",1,0.01
"ride along",1,0.01
"pizza kiosk",1,0.01
"replica gun",1,0.01
"working part-time",1,0.01
"noise cancelling headphones",1,0.01
"cook",1,0.01
"osteochondroma",1,0.01
"lumber stack",1,0.01
"trochlear facets",1,0.01
"unpaved lot",1,0.01
"parked",1,0.01
"partial posterior cruciate ligament",1,0.01
"bunion formation",1,0.01
"restored her pre-injury earnings",1,0.01
"camp",1,0.01
"stove",1,0.01
"remodeling",1,0.01
"inflammatory",1,0.01
"deadlifts",1,0.01
"fear",1,0.01
"cervical-thoracic-lumbar strain",1,0.01
"meat department",1,0.01
"relatively minor left knee impairment",1,0.01
"torn meniscus",1,0.01
"high-grade localized prostate cancer",1,0.01
"well-established risk factors",1,0.01
"carpool",1,0.01
"reached maximum psychological recovery",1,0.01
"bicep tendonitis",1,0.01
"greater trochanteric pain syndrome",1,0.01
"worker restored her pre-injury earnings",1,0.01
"suitable modified duties",1,0.01
"weren",1,0.01
"stair glide",1,0.01
"accessible walk-in closet",1,0.01
"shooting",1,0.01
"meal delivery",1,0.01
"based on the hours",1,0.01
"coolers",1,0.01
"entitlement to left wrist tenosynovitis",1,0.01
"supermarkets",1,0.01
"patellar chondrosis",1,0.01
"bilateral pes planus",1,0.01
"rating for the left wrist",1,0.01
"instructed his former representative",1,0.01
"pre-trip inspections",1,0.01
"brooming",1,0.01
"pharmacy assistant",1,0.01
"traumatic rotator cuff tear bursal",1,0.01
"pre-existing chronic myofascial pain condition",1,0.01
"bilateral shoulder girdle pain",1,0.01
"ongoing upper back strain injury",1,0.01
"diffuse large cell lymphoma",1,0.01
"significance that the worker",1,0.01
"laundry attendant",1,0.01
"avoiding a customer-facing role",1,0.01
"low average general learning ability",1,0.01
"sarcomas",1,0.01
"pericardial liposarcoma",1,0.01
"dioxins",1,0.01
"pre-existing bilateral spondylolisthesis",1,0.01
"sprain strain low back injury",1,0.01
"significantly worsened",1,0.01
"crusted scabies",1,0.01
"scabies mites",1,0.01
"immunocompromised",1,0.01
"mite",1,0.01
"injury-related medical factors",1,0.01
"front tooth",1,0.01
"lower back sprain strain",1,0.01
"supply chain",1,0.01
"piglets",1,0.01
"permanent left shoulder impairment",1,0.01
"corticosteroid injections",1,0.01
"anti-inflammatory medication",1,0.01
"non-surgical treatment",1,0.01
"granted the worker entitlement",1,0.01
"non-organic symptoms",1,0.01
"lifting accident",1,0.01
"vertigo dizzy spells",1,0.01
"unwelcome",1,0.01
"hockey jersey",1,0.01
"collision",1,0.01
"mental health conditions",1,0.01
"laryngeal fibrosis condition",1,0.01
"tire casings",1,0.01
"six-month delay",1,0.01
"employer has an arguable",1,0.01
"spraying lactic acid",1,0.01
"capping bungs",1,0.01
"three-month period",1,0.01
"project manager",1,0.01
"property owner",1,0.01
"drive shaft",1,0.01
"non-compensable disabilities",1,0.01
"entitlement to benefits for shingles",1,0.01
"benefits for occupational asthma",1,0.01
"shingles on a secondary basis",1,0.01
"gas bar cashier",1,0.01
"non-compensable causes",1,0.01
"re-establish his pre-accident earnings",1,0.01
"available",1,0.01
"drug overdose",1,0.01
"average worker test",1,0.01
"prognosis for return to work",1,0.01
"paracentral disc herniation",1,0.01
"pole",1,0.01
"alternate job",1,0.01
"mental health decline",1,0.01
"parietal lobe",1,0.01
"negative prognostic",1,0.01
"two-year anniversary",1,0.01
"radial-sided",1,0.01
"entitlement for a work-related injury",1,0.01
"direct entry sedentary",1,0.01
"rendered unsuitable",1,0.01
"specialty bed",1,0.01
"stimulant abuse disorder",1,0.01
"non-compensable degenerative low back condition",1,0.01
"pre-existing degenerative low back condition",1,0.01
"contributing",1,0.01
"desquamative interstitial pneumonia respiratory bronchiolitis",1,0.01
"persuaded that the worker meets",1,0.01
"phobic pattern",1,0.01
"upper range",1,0.01
"facet rhizotomies",1,0.01
"pre-accident psychiatric records",1,0.01
"severance package",1,0.01
"quantum for the brain injury",1,0.01
"episodic neurological disorders is confirmed",1,0.01
"board",1,0.01
"aromatic amines",1,0.01
"epidemiological evidence",1,0.01
"non-compensable reasons",1,0.01
"computer upskilling",1,0.01
"objective clinical",1,0.01
"jurisdiction to hear",1,0.01
"hand wrist sprain",1,0.01
"plaster",1,0.01
"engineering consultancy",1,0.01
"ongoing work-related",1,0.01
"hitting",1,0.01
"non-dominant hand",1,0.01
"thoracic pain",1,0.01
"calcific tendonitis was a pre-existing",1,0.01
"returned to work",1,0.01
"attributable to a work-related injury",1,0.01
"clawing deformity",1,0.01
"conflit sous-acromial",1,0.01
"pull-down shutters",1,0.01
"rear entrance",1,0.01
"deck",1,0.01
"pull-down porch snow guards exterior",1,0.01
"elbow permanent impairment",1,0.01
"pallets",1,0.01
"responders to his co-worker",1,0.01
"thoracic spine strain sprain",1,0.01
"due to her work-related injury",1,0.01
"knee osteoarthritis as a secondary",1,0.01
"biceps tear",1,0.01
"cardiac arrhythmias",1,0.01
"heart palpitations",1,0.01
"supraventricular ectopy",1,0.01
"spontaneous osteonecrosis",1,0.01
"exposure to respirable",1,0.01
"work-related psychological",1,0.01
"patellofemoral arthrosis",1,0.01
"psychological injury",1,0.01
"hepatic encephalopathy",1,0.01
"stress related disorder",1,0.01
"work-site meeting",1,0.01
"benefits for a left knee",1,0.01
"mechanic trades",1,0.01
"reduced hours",1,0.01
"tightening a bolt",1,0.01
"noise levels",1,0.01
"attending physician",1,0.01
"worker sustained a traumatic crush",1,0.01
"neck cervical spine",1,0.01
"mixer",1,0.01
"injury employer",1,0.01
"prior disability",1,0.01
"grout machine",1,0.01
"representative is to contact",1,0.01
"manifest post-accident",1,0.01
"return-to-work program",1,0.01
"rating for the right knee",1,0.01
"lower extremity rating",1,0.01
"kiddie pool",1,0.01
"campground",1,0.01
"shift picking-up small light-weight garbage",1,0.01
"inside the cargo control room",1,0.01
"emergency stop button",1,0.01
"luggage",1,0.01
"paradoxical vocal fold movement disorder",1,0.01
"pre-existing cervical spine condition",1,0.01
"non-ergonomic workstation",1,0.01
"low back as a secondary",1,0.01
"bilateral carpometacarpal",1,0.01
"dismissal",1,0.01
"sleep clinic",1,0.01
"social services worker",1,0.01
"slot machine attendant",1,0.01
"temporary entitlement for psychotraumatic disability",1,0.01
"ability to work four-hour shifts",1,0.01
"psychotraumatic disability on an aggravation",1,0.01
"canal carpien non indemnisable",1,0.01
"marché du travail",1,0.01
"cashier self-service gas bar attendant",1,0.01
"below-the-knee amputation",1,0.01
"blister",1,0.01
"annular tearing",1,0.01
"sawyer",1,0.01
"radiator",1,0.01
"multiple sclerosis",1,0.01
"released from work",1,0.01
"entitlement for a right abdominal",1,0.01
"arising from the work incident",1,0.01
"stanchions",1,0.01
"offloading",1,0.01
"basal ganglia hemorrhagic stroke",1,0.01
"prescription blood thinners",1,0.01
"post-injury net average earnings",1,0.01
"segment elevation myocardial infarction",1,0.01
"wrist disablement injury",1,0.01
"funding for medical cannabis",1,0.01
"pepperettes",1,0.01
"work on the assembly line",1,0.01
"observe",1,0.01
"jitney",1,0.01
"wheel",1,0.01
"non-touch freight",1,0.01
"overcompensating for the left knee",1,0.01
"fibular fracture",1,0.01
"emotional disturbance under ordinary stress",1,0.01
"ability to perform the modified",1,0.01
"holiday",1,0.01
"excluding",1,0.01
"regular pre-accident wages",1,0.01
"steroid injection",1,0.01
"spermatic cord",1,0.01
"pre-existing joint osteoarthritis",1,0.01
"soft tissue neck injury",1,0.01
"specialty reporting",1,0.01
"work as a truck driver",1,0.01
"via",1,0.01
"work-related left index finger injury",1,0.01
"post-accident non-work-related change",1,0.01
"gardien",1,0.01
"comité d audience",1,0.01
"four-wheeled rollator walker",1,0.01
"abnormal sympathetic nervous system function",1,0.01
"pins",1,0.01
"effusion",1,0.01
"degenerative tearing myxoid degeneration involving",1,0.01
"knee sprain strain injury",1,0.01
"direct-entry suitable occupation",1,0.01
"birth",1,0.01
"perfumes",1,0.01
"posttraumatic stress disorder",1,0.01
"presumptive",1,0.01
"applications",1,0.01
"advise",1,0.01
"pain is inconsistent with organic",1,0.01
"pre-existing medical barriers",1,0.01
"post-accident non-work-related injury",1,0.01
"post-accident non-work-related condition",1,0.01
"non-measurable",1,0.01
"working",1,0.01
"explosion accident",1,0.01
"steel beam",1,0.01
"bondable",1,0.01
"two-year college diploma",1,0.01
"duties offered to the worker",1,0.01
"thrombose veineuse profonde",1,0.01
"jambe gauche du travailleur",1,0.01
"speaks to reflex sympathetic dystrophy",1,0.01
"personal injuries",1,0.01
"five-point check system",1,0.01
"hours the worker",1,0.01
"conjunctivitis",1,0.01
"allergen",1,0.01
"encampment",1,0.01
"inability to file an on-time",1,0.01
"entitlement for a hospital bed",1,0.01
"specialty",1,0.01
"employer demonstrated an intent",1,0.01
"treating health care provider",1,0.01
"reactions",1,0.01
"products",1,0.01
"pre-existing asymptomatic degenerative",1,0.01
"pre-existing atopic dermatitis",1,0.01
"eczema",1,0.01
"shoulder rotator cuff",1,0.01
"pre-existing asymptomatic condition",1,0.01
"right-sided sciatica on an aggravation",1,0.01
"chap",1,0.01
"intent to file an on-time",1,0.01
"entitlement for the cervical spine",1,0.01
"temporal lobe",1,0.01
"sacrolisation",1,0.01
"audio",1,0.01
"landlord",1,0.01
"specialty program",1,0.01
"objective clinical findings",1,0.01
"batnigi",1,0.01
"grommets",1,0.01
"shocks",1,0.01
"based on the ability",1,0.01
"across her body",1,0.01
"mover",1,0.01
"worker is cooperating",1,0.01
"atopy",1,0.01
"staff sergeant",1,0.01
"cervical arthritis",1,0.01
"urticaria",1,0.01
"subject to the worker",1,0.01
"benefits for lung cancer",1,0.01
"entitlement for a psychotraumatic condition",1,0.01
"decreased proprioception",1,0.01
"compensable left ankle posterior talar",1,0.01
"initial entitlement for tinnitus",1,0.01
"accepted claim for occupational noise-induced",1,0.01
"occupational noise-induced hearing loss",1,0.01
"non-pulsatile tinnitus",1,0.01
"injury to his left ear",1,0.01
"barriers to return to occupational",1,0.01
"subsyndromal",1,0.01
"re-employment payment",1,0.01
"knee degenerative medial meniscus",1,0.01
"patella fracture",1,0.01
"crumbling skull",1,0.01
"primary cancer site",1,0.01
"oropharyngeal cancer",1,0.01
"squamous cell cancer",1,0.01
"lighter duties less demanding workload",1,0.01
"pre-existing opioid",1,0.01
"gotten worse since attempting",1,0.01
"skid plates",1,0.01
"bolts",1,0.01
"assembly process",1,0.01
"rear door",1,0.01
"seeking medical treatment",1,0.01
"executive officers",1,0.01
"land",1,0.01
"individuals",1,0.01
"perforation",1,0.01
"spurring",1,0.01
"clinical specialist",1,0.01
"brain injury permanent impairment",1,0.01
"by-application employer",1,0.01
"segments",1,0.01
"introduced",1,0.01
"facet hypertrophy",1,0.01
"predominant cause test",1,0.01
"harassed",1,0.01
"challenge is deemed withdrawn",1,0.01
"pre-existing migraine condition",1,0.01
"inversion",1,0.01
"girlfriend",1,0.01
"aortic dissection",1,0.01
"mixing cement",1,0.01
"leaf blowing",1,0.01
"limbic system",1,0.01
"elbow olecranon bone spur",1,0.01
"triceps",1,0.01
"recall",1,0.01
"warehouses",1,0.01
"elbow gradual onset disablement",1,0.01
"returning to his pre-accident",1,0.01
"angiogram",1,0.01
"sxs",1,0.01
"drowsiness",1,0.01
"thyroid",1,0.01
"overshot the pallet",1,0.01
"drug dependency program",1,0.01
"entitled direct selling establishments",1,0.01
"classification change",1,0.01
"reclassification effectiveness date",1,0.01
"reserve",1,0.01
"aren",1,0.01
"pain management program",1,0.01
"paw sorting",1,0.01
"prolonged the worker",1,0.01
"enable the worker to re-enter",1,0.01
"psycho-vocational assessment report",1,0.01
"non-compensable impairments",1,0.01
"door structure",1,0.01
"subject to actual earnings",1,0.01
"potential weekly gross earnings",1,0.01
"employer with a coverage start",1,0.01
"disputing its liability",1,0.01
"right-sided paraspinal sprain strain",1,0.01
"degenerative intervertebral disc disease",1,0.01
"lower back condition",1,0.01
"oxygen",1,0.01
"incidental",1,0.01
"bumper",1,0.01
"returned to his pre-accident state",1,0.01
"pre-existing low back conditions",1,0.01
"ergo arm",1,0.01
"neuropathy ulnar nerve compression cubital",1,0.01
"pre-existing scoliosis",1,0.01
"locking screws",1,0.01
"work-related left knee",1,0.01
"handle on the right-sided crutch",1,0.01
"long-term pre-injury earnings recalculation",1,0.01
"short-term average earnings profile",1,0.01
"long-term average earnings profile",1,0.01
"non-organic work-related impairments",1,0.01
"light duty construction worker",1,0.01
"marked as is a copy",1,0.01
"examination for discovery transcript",1,0.01
"myasthenia gravis",1,0.01
"wrist elbow",1,0.01
"proximal bicep tear",1,0.01
"arm elbow",1,0.01
"amalgamated",1,0.01
"thoracic spine disc protrusions",1,0.01
"cerebrospinal fluid",1,0.01
"contributed to the compensable accident",1,0.01
"bartender",1,0.01
"enthesophytes",1,0.01
"school bus driver",1,0.01
"electronics assembler",1,0.01
"date she secured new employment",1,0.01
"repetitive over the shoulder movement",1,0.01
"cosmetician",1,0.01
"pre-existing non-work-related condition",1,0.01
"permanent impairment for psychotraumatic disability",1,0.01
"environmental engineering technologist",1,0.01
"full benefits should commence",1,0.01
"request has been met",1,0.01
"online",1,0.01
"in-person training",1,0.01
"memo indicates that the worker",1,0.01
"worker was a non-permanent worker",1,0.01
"five-year guideline",1,0.01
"sleep disturbance",1,0.01
"entitled to a recurrence",1,0.01
"non-occupational medical condition",1,0.01
"secure temporary detention",1,0.01
"secure custody",1,0.01
"claimants",1,0.01
"entry-level minimum wage",1,0.01
"incisional epigastric hernia",1,0.01
"investigative powers",1,0.01
"left-sided inguinal hernia",1,0.01
"water jug",1,0.01
"pre-existing vulnerability",1,0.01
"pre-existing left shoulder osteoarthritis",1,0.01
"scrotal",1,0.01
"allowing a time extension",1,0.01
"common-law spouse",1,0.01
"cohabitation",1,0.01
"conjugal relationship outside marriage",1,0.01
"living",1,0.01
"service advisor",1,0.01
"service manager",1,0.01
"pickling",1,0.01
"myeloid",1,0.01
"closest to the accident",1,0.01
"leg tucked underneath",1,0.01
"wrist impairment",1,0.01
"reduced grip strength",1,0.01
"wker",1,0.01
"male co-worker",1,0.01
"pre-existing moderate facet osteoarthritis",1,0.01
"work-related impairment that is demonstrated",1,0.01
"airport terminal building",1,0.01
"pre-existing degenerative osteoarthritic changes",1,0.01
"multi-level degenerative changes",1,0.01
"risk factors",1,0.01
"work related",1,0.01
"golf",1,0.01
"acknowledge the employer representative",1,0.01
"summons the corporate lawyer",1,0.01
"scheduling",1,0.01
"privilege has been waived",1,0.01
"difficulty with prolonged driving",1,0.01
"increase her work hours beyond",1,0.01
"long-term earnings calculation",1,0.01
"peanuts",1,0.01
"colleagues",1,0.01
"concerning past back injuries",1,0.01
"work-related injury to the low",1,0.01
"access to a worker",1,0.01
"return to his former work",1,0.01
"press",1,0.01
"work from home",1,0.01
"shoulder tears",1,0.01
"taxi service",1,0.01
"psychotraumatic disability impairment",1,0.01
"worker representative submits",1,0.01
"recurrent",1,0.01
"glenoid rim",1,0.01
"travailleur a témoigné",1,0.01
"non-compensable intervening",1,0.01
"joint arthrosis",1,0.01
"non-occupational diagnoses",1,0.01
"fluoride tests",1,0.01
"backlog",1,0.01
"thyroid disease",1,0.01
"particulars",1,0.01
"full-time worker",1,0.01
"prior to the seasonal slowdown",1,0.01
"based on a short-term average",1,0.01
"entry-level earnings rate",1,0.01
"non co-operation",1,0.01
"flares",1,0.01
"worker was unemployable",1,0.01
"hunting",1,0.01
"rifle",1,0.01
"pre-existing cervical spine degenerative changes",1,0.01
"welding arc",1,0.01
"entitlement to a assessment",1,0.01
"compensable psychotraumatic disability",1,0.01
"non lymphoma",1,0.01
"date the worker turns age",1,0.01
"osteopathy",1,0.01
"systems design",1,0.01
"consultancy",1,0.01
"language difficulties",1,0.01
"re-employment options",1,0.01
"denied the worker entitlement",1,0.01
"epithelioid type",1,0.01
"claimed malignant peritoneal mesothelioma",1,0.01
"rollator walker",1,0.01
"will reconvene as an oral",1,0.01
"hand sanitizer",1,0.01
"skin cancer",1,0.01
"mineral oil",1,0.01
"sun exposure",1,0.01
"lesions",1,0.01
"email address",1,0.01
"slinky",1,0.01
"bilateral knee strains",1,0.01
"airborne irritants",1,0.01
"compensable injury had resolved",1,0.01
"functus officio",1,0.01
"fracture clinic",1,0.01
"compensable sprain strain injury",1,0.01
"suspected fibromyalgia",1,0.01
"barriers",1,0.01
"constitutes re-argument",1,0.01
"utility cover",1,0.01
"subsequent",1,0.01
"mental health condition",1,0.01
"entitlement to medical cannabis purchased",1,0.01
"incubation period for the common",1,0.01
"home unit",1,0.01
"comité estime",1,0.01
"methylisothiazolinone",1,0.01
"gluteus medius",1,0.01
"asthma overlap syndrome",1,0.01
"normal aging process",1,0.01
"kanbans",1,0.01
"work as a mechanic",1,0.01
"shortened the recalculation period",1,0.01
"sécheresse oculaire",1,0.01
"seven-year delay",1,0.01
"garment industry",1,0.01
"overruling",1,0.01
"unemployability",1,0.01
"seven-day delay",1,0.01
"ongoing entitlement for psychotraumatic disability",1,0.01
"deckman",1,0.01
"shaft maintenance worker",1,0.01
"frequency rapid acceleration vibratory tools",1,0.01
"full-time as an entry-level employee",1,0.01
"unable to return to gainful",1,0.01
"policies",1,0.01
"sue applications",1,0.01
"remain seized",1,0.01
"calender windup",1,0.01
"mill room",1,0.01
"non-working foreperson foreperson assistant",1,0.01
"harassment he experienced",1,0.01
"mini-strokes",1,0.01
"cholesterol",1,0.01
"worker has ongoing entitlement",1,0.01
"mild carpal tunnel syndrome",1,0.01
"entitlement for the right elbow",1,0.01
"work-related left leg injury",1,0.01
"peroneus longus tenosynovitis",1,0.01
"right-sided plantar fasciitis",1,0.01
"central broad-based disc protrusion",1,0.01
"tuberculosis",1,0.01
"great toe",1,0.01
"low back injuries",1,0.01
"edging",1,0.01
"secondary entitlement for alcohol",1,0.01
"liver disease claimed",1,0.01
"worker was entitled to benefits",1,0.01
"representatives informed",1,0.01
"determine whether the worker",1,0.01
"time limit for appealing",1,0.01
"entitlement for her left shoulder",1,0.01
"impairment as a secondary condition",1,0.01
"relevant non-occupational diagnoses identified",1,0.01
"entitlement for irritant contact dermatitis",1,0.01
"mask wearing",1,0.01
"pre-existing lumbosacral degenerative changes",1,0.01
"dyslipidemia neck pain",1,0.01
"worker had returned to work",1,0.01
"index finger could sublux",1,0.01
"non-work-related factors",1,0.01
"worker experienced a significant deterioration",1,0.01
"entitlement to benefits beyond",1,0.01
"left-hand injury",1,0.01
"bilateral elbow injuries",1,0.01
"ankylosed",1,0.01
"sonographers",1,0.01
"probe",1,0.01
"approximated his pre-injury earnings",1,0.01
"syndrome douloureux régional complexe",1,0.01
"spread",1,0.01
"propagation",1,0.01
"motion measurements",1,0.01
"wages on a part-time basis",1,0.01
"refractory",1,0.01
"entitlement for lung cancer",1,0.01
"data entry",1,0.01
"cart crash incident",1,0.01
"reflux",1,0.01
"statutory time-limit matter was closed",1,0.01
"ligament tear",1,0.01
"staircase incident",1,0.01
"stating it is rounded",1,0.01
"dorsi-flexion",1,0.01
"ankle impairment ratings",1,0.01
"reacher grabber",1,0.01
"lazy boy chair",1,0.01
"violated",1,0.01
"medication listed",1,0.01
"upper back strains",1,0.01
"post-operative follow-up",1,0.01
"prevented him from objecting",1,0.01
"entitlement to survivors benefits",1,0.01
"hypothermia",1,0.01
"hemorrhagic stroke",1,0.01
"abdominal hernia",1,0.01
"lumbar contusion",1,0.01
"rating for the right thumb",1,0.01
"partial right thumb amputation",1,0.01
"translates",1,0.01
"extra-territoriality",1,0.01
"worker was co-operating",1,0.01
"whole-person basis",1,0.01
"worker was granted",1,0.01
"therapist",1,0.01
"memory loss",1,0.01
"grapevine",1,0.01
"personal information",1,0.01
"compensable coccyx injury",1,0.01
"soft tissue coccyx injury",1,0.01
"gladhand locks",1,0.01
"discreditable conduct deceit",1,0.01
"cost-of-living escalations",1,0.01
"fusion surgery",1,0.01
"chondral damage to the humeral",1,0.01
"permanent psychological impairment",1,0.01
"pre-existing condition for the purpose",1,0.01
"lateral femoral cutaneous nerve",1,0.01
"entitlement to wage loss benefits",1,0.01
"peripheral nerve injury",1,0.01
"total knee arthroplasty",1,0.01
"abnormal",1,0.01
"visual symptoms",1,0.01
"compensable concussion",1,0.01
"occult fracture was given crutches",1,0.01
"entry-level minimum wage whereby",1,0.01
"neck injury as a secondary",1,0.01
"opioid medications",1,0.01
"humerus fracture",1,0.01
"sick for her scheduled shift",1,0.01
"worker was completely disabled",1,0.01
"rating for the low",1,0.01
"impairments due to specific disorders",1,0.01
"initial entitlement to a work-related",1,0.01
"left-hand middle finger",1,0.01
"spine with right-sided neuroforaminal narrowing",1,0.01
"high-grade partial thickness tear",1,0.01
"subject to any statutory reviews",1,0.01
"thoracic spine condition",1,0.01
"shiatsu massage",1,0.01
"reassessment for the thoracolumbar spine",1,0.01
"employer representative submits",1,0.01
"total impairment rating",1,0.01
"sewing machine operators",1,0.01
"psychological treatment beyond",1,0.01
"initial entitlement for a concussion",1,0.01
"health care expenses",1,0.01
"granted an extension",1,0.01
"document",1,0.01
"entitlement for the bilateral feet",1,0.01
"degenerative lumbar spinal stenosis",1,0.01
"disablement injury",1,0.01
"foot great toenail avulsion",1,0.01
"subsequent subungual hematoma",1,0.01
"causal link",1,0.01
"arthrocentesis",1,0.01
"hinged knee brace",1,0.01
"fibular collateral ligament",1,0.01
"late evidence",1,0.01
"disclosure period",1,0.01
"exposure therapy",1,0.01
"ulnocarpal impaction",1,0.01
"pre-existing positive ulnar variance",1,0.01
"suitable work on a full-time",1,0.01
"benefits should have been locked-in",1,0.01
"assume responsibility for the safety",1,0.01
"duties as a forklift",1,0.01
"neurocognitive disorder",1,0.01
"déchirure du ligament croisé antérieur",1,0.01
"mental suffering",1,0.01
"pre-accident work",1,0.01
"counter-tops",1,0.01
"ankle foot injury",1,0.01
"respirable dust dose",1,0.01
"dislocated ulnar nerve",1,0.01
"infraspinatus partial thickness tear",1,0.01
"pre-hearing procedures",1,0.01
"motor deficits",1,0.01
"staircase",1,0.01
"knee pain symptoms",1,0.01
"sent to the wrong address",1,0.01
"yoga",1,0.01
"panic attack",1,0.01
"salesperson isn t a suitable",1,0.01
"compensable right thumb",1,0.01
"permanent disability award assessment",1,0.01
"withdraw its application",1,0.01
"attempted murder",1,0.01
"prior left knee meniscal tear",1,0.01
"electronic transmission",1,0.01
"commensurate with his graduated return-to-work",1,0.01
"graduated return-to-work plan",1,0.01
"unredacted",1,0.01
"three-year review period",1,0.01
"waterproofing",1,0.01
"digit classification code",1,0.01
"pre-existing rotator cuff tear",1,0.01
"patellar tendon",1,0.01
"shortened leg",1,0.01
"work-related activities",1,0.01
"fixed workplace",1,0.01
"upper trapezius",1,0.01
"somatization",1,0.01
"manufacturing",1,0.01
"tomatoes",1,0.01
"lettuce",1,0.01
"batter",1,0.01
"objecting worker",1,0.01
"closed-loop hot water heating system",1,0.01
"participating employers",1,0.01
"acromial spur",1,0.01
"pre-existing tear",1,0.01
"drive",1,0.01
"retail setting",1,0.01
"non-work-related factor",1,0.01
"kyphoscoliosis",1,0.01
"worker returned to her pre-accident",1,0.01
"worker underwent non-compensable surgery",1,0.01
"forearm hand",1,0.01
"discitis-osteomyelitis",1,0.01
"cauda equina compression from epidural",1,0.01
"grade spinal cord injury",1,0.01
"herbicides",1,0.01
"exposure to isocyanates",1,0.01
"levels",1,0.01
"modified work that was offered",1,0.01
"isn t a suitable occupation",1,0.01
"cervical symptoms",1,0.01
"benign hypermobility syndrome",1,0.01
"long-term pain",1,0.01
"non-compensable arthritis",1,0.01
"ranitidine",1,0.01
"pre-existing non-compensable right elbow osteoarthritis",1,0.01
"year-old melon",1,0.01
"multi-level hypertrophy",1,0.01
"reasonable self-directed efforts",1,0.01
"lab technician contract ended",1,0.01
"canes",1,0.01
"pre-existing subclinical asthma",1,0.01
"exotic mushrooms",1,0.01
"statutory illegality",1,0.01
"laminectomy",1,0.01
"unit clerk",1,0.01
"low back left leg symptoms",1,0.01
"lung disease",1,0.01
"self-paced work",1,0.01
"recovered from the work-related psychological",1,0.01
"worker recovered from the work-related",1,0.01
"programs",1,0.01
"authors",1,0.01
"possible downside risk",1,0.01
"articular surface tear",1,0.01
"developmental dysplasia",1,0.01
"unable to adapt to changing",1,0.01
"hot",1,0.01
"construction worksite",1,0.01
"cervical dorsal myofascial strain",1,0.01
"cores",1,0.01
"accounts receivable clerk",1,0.01
"mid back pain",1,0.01
"downsloping acromion",1,0.01
"multiple long-term care facilities",1,0.01
"pre-existing left hip",1,0.01
"mild traumatic brain injury concussion",1,0.01
"pulley",1,0.01
"arm tendonitis",1,0.01
"references to family members",1,0.01
"concerts",1,0.01
"evaluating team",1,0.01
"dental assistant",1,0.01
"spiral ganglion",1,0.01
"hair cells",1,0.01
"cochlear",1,0.01
"ankle sprains",1,0.01
"osteoarthritic changes",1,0.01
"ulnar nerve injury",1,0.01
"hydrodissection",1,0.01
"upskilling",1,0.01
"actual loss",1,0.01
"claw toe",1,0.01
"meal",1,0.01
"appreciates",1,0.01
"self-represented persons",1,0.01
"anti-depressant",1,0.01
"minor disabling injury",1,0.01
"compensable right shoulder",1,0.01
"file a cross-appeal",1,0.01
"five-month delay",1,0.01
"occupational exposure to welding fumes",1,0.01
"benefits for optic neuropathy",1,0.01
"conversion",1,0.01
"bilateral hand tendonitis",1,0.01
"intolerance",1,0.01
"worker testified that the bin",1,0.01
"tabagisme",1,0.01
"emphysème",1,0.01
"hamstring injury",1,0.01
"cervicogenic neck pain",1,0.01
"non-compensable medical event",1,0.01
"sit-stand desk",1,0.01
"need for ongoing psychological treatment",1,0.01
"employer filed their cross-appeal",1,0.01
"filing the cross-appeal",1,0.01
"three-month delay",1,0.01
"perpetuated",1,0.01
"mid-to-low back strain injury",1,0.01
"severely injured",1,0.01
"definitional",1,0.01
"partial thickness supraspinatus tear",1,0.01
"emergency department",1,0.01
"shooting occurred",1,0.01
"moderate severity accident",1,0.01
"flag",1,0.01
"bacteria",1,0.01
"recharacterization",1,0.01
"scapholunate ligament tear injuries",1,0.01
"initiated",1,0.01
"worker contacted the office",1,0.01
"worker was partially disabled",1,0.01
"permanently accommodated sanitation duties",1,0.01
"bereavement",1,0.01
"neurogenic condition",1,0.01
"anterolisthesis with bilateral spondylosis",1,0.01
"neural foramen narrowing",1,0.01
"short-term rate",1,0.01
"functional abilities information",1,0.01
"drywall taper",1,0.01
"hip sprain strain",1,0.01
"pre-accident ultrasound",1,0.01
"dependent on his representative",1,0.01
"social insurance number",1,0.01
"hand index finger tendonitis",1,0.01
"crowds",1,0.01
"substance abuse program",1,0.01
"attendant damages",1,0.01
"elbow forearm injury",1,0.01
"permanently laid off the worker",1,0.01
"voluntarily underemployed",1,0.01
"low upper",1,0.01
"wrist thumb",1,0.01
"cognitive symptoms",1,0.01
"episodic neurological disorder",1,0.01
"week-old baby",1,0.01
"food services supervisor",1,0.01
"kitchen",1,0.01
"correctional facility",1,0.01
"medial unloader brace",1,0.01
"anterior labral tears",1,0.01
"piping",1,0.01
"pre-existing health conditions",1,0.01
"injuries diseases",1,0.01
"scapular dyskinesia",1,0.01
"mechanical lumbar strain with radiculopathy",1,0.01
"binders",1,0.01
"charts",1,0.01
"worker was a non-smoker",1,0.01
"light smoker",1,0.01
"deputants",1,0.01
"compensable left-hand injury",1,0.01
"occupational health file",1,0.01
"lung condition",1,0.01
"binaural",1,0.01
"heel spur fracture",1,0.01
"calcaneal spur fracture",1,0.01
"shoulder anterior labrum tear",1,0.01
"radial tunnel syndrome",1,0.01
"nerve injury",1,0.01
"closest to the workplace accident",1,0.01
"psychological health",1,0.01
"patient registration clerk",1,0.01
"worker only worked part-time",1,0.01
"duties as a meat clerk",1,0.01
"polycythemia vera",1,0.01
"hematological",1,0.01
"mutation",1,0.01
"cleaning chemical",1,0.01
"entire section titled",1,0.01
"substantial workplace stressor",1,0.01
"mental stress that occurred",1,0.01
"vested",1,0.01
"functional limitations",1,0.01
"indemnité pour une névralgie sciatique",1,0.01
"entitlement for sciatic neuralgia",1,0.01
"psychological disorder",1,0.01
"ladders",1,0.01
"dyslexia",1,0.01
"benefits for native vertebral osteomyelitis",1,0.01
"unresponsive",1,0.01
"intention to proceed",1,0.01
"role",1,0.01
"integrally related",1,0.01
"mattress on the floor",1,0.01
"post-accident non-compensable change",1,0.01
"return to full-time work",1,0.01
"two-hour shifts",1,0.01
"plant-wide labourer",1,0.01
"mild vascular neurocognitive disorder",1,0.01
"perioperative stroke",1,0.01
"neurodegenerative",1,0.01
"pigeonholes",1,0.01
"clenching",1,0.01
"annual reviews",1,0.01
"jurisdiction to decide the worker",1,0.01
"mood swings",1,0.01
"great toe injury",1,0.01
"correctly",1,0.01
"rare",1,0.01
"treating psychiatrist",1,0.01
"oral testimony",1,0.01
"expert witness",1,0.01
"working on a part-time basis",1,0.01
"based on the entry-level",1,0.01
"formed a bona fide intention",1,0.01
"application to excuse the lateness",1,0.01
"lumbar stenosis",1,0.01
"excuse the lateness",1,0.01
"noncooperation",1,0.01
"ability to earn entry-level earnings",1,0.01
"entitlement to partial benefits based",1,0.01
"hours per week effective",1,0.01
"benefits based upon his ability",1,0.01
"limitations",1,0.01
"strain with neurogenic claudicant leg",1,0.01
"unresolved lumbar strain",1,0.01
"diagnosed as left knee osteoarthritis",1,0.01
"upper back myofascial pain",1,0.01
"chiropractors",1,0.01
"work offered to the worker",1,0.01
"foam vinyl over a mold",1,0.01
"stapling",1,0.01
"entitled to full loss",1,0.01
"maintain work within the occupation",1,0.01
"pinch measurements",1,0.01
"used to backdate",1,0.01
"temperature",1,0.01
"intracranial hemorrhage",1,0.01
"cultivator",1,0.01
"relied upon his sister",1,0.01
"tickertape",1,0.01
"minutes for meal preparation",1,0.01
"small meals",1,0.01
"due to covid concerns",1,0.01
"metastatic disease",1,0.01
"navigator log",1,0.01
"respond",1,0.01
"worker is entitled to loss",1,0.01
"anti-inflammatories",1,0.01
"early days after an injury",1,0.01
"abdominal strain injuries",1,0.01
"inappropriate behaviour by a co-worker",1,0.01
"doesn t have ongoing entitlement",1,0.01
"pain experience",1,0.01
"doesn t have initial entitlement",1,0.01
"premium rate",1,0.01
"go-kart track",1,0.01
"locomotives",1,0.01
"chipper trail",1,0.01
"subacromial space",1,0.01
"work-related low back sprain strain",1,0.01
"disc tear",1,0.01
"duties offered by the employer",1,0.01
"worker has difficulty",1,0.01
"date the calculation was completed",1,0.01
"benefits review",1,0.01
"eight-hour shift",1,0.01
"significance",1,0.01
"report states that the worker",1,0.01
"reasonable prospect",1,0.01
"pant leg",1,0.01
"entitlement to a clothing allowance",1,0.01
"generalized anxiety with panic features",1,0.01
"early-and delayed-onset post-traumatic stress disorder",1,0.01
"pre-existing concussion",1,0.01
"teaching",1,0.01
"urticarias",1,0.01
"confined space incident",1,0.01
"sewage",1,0.01
"entitled to cost relief",1,0.01
"anxiety disorder",1,0.01
"social phobia",1,0.01
"pre-existing mental health condition",1,0.01
"multi-level lumbar degenerative disc disease",1,0.01
"permanently exited the workforce",1,0.01
"relevant non-occupational diagnoses",1,0.01
"wrist extensors",1,0.01
"bone spur",1,0.01
"ability to work entry-level wages",1,0.01
"typical workday no prolonged",1,0.01
"asymmetrical hearing loss",1,0.01
"due to a non-compensable condition",1,0.01
"self-service gas station",1,0.01
"based on updated entry-level wages",1,0.01
"overstress",1,0.01
"safety shoes",1,0.01
"wear toe caps",1,0.01
"frequent customer contact",1,0.01
"rotator cuff tendinitis with impingement",1,0.01
"tenderloins",1,0.01
"chronic pain symptoms",1,0.01
"ulnohumeral joint osteoarthritis",1,0.01
"work-related conditions",1,0.01
"medications the worker took",1,0.01
"risk factors for pancreatic cancer",1,0.01
"discogenic pain with right-sided sciatic",1,0.01
"pit",1,0.01
"yanked",1,0.01
"orthopedic specialist",1,0.01
"work transition plan",1,0.01
"request to revive",1,0.01
"tinnitus as a secondary condition",1,0.01
"benefits for noise-induced hearing loss",1,0.01
"work-related noise exposure significantly contributed",1,0.01
"presymptomatic phase",1,0.01
"work-related aggravation",1,0.01
"duties as a cleaner",1,0.01
"trainer",1,0.01
"container",1,0.01
"weight loss",1,0.01
"private investigator",1,0.01
"acute emotional stress",1,0.01
"police",1,0.01
"emotional reaction to the accident",1,0.01
"lubricants coated on screws",1,0.01
"renal pelvis",1,0.01
"employed as a first responder",1,0.01
"presumptive entitlement to benefits",1,0.01
"compensable left shoulder injury",1,0.01
"re-employment penalty",1,0.01
"arm injury as a secondary",1,0.01
"phobic avoidance",1,0.01
"community neurologist",1,0.01
"gas station attendant",1,0.01
"fork lift operator",1,0.01
"long-term disability",1,0.01
"six-month time limit to file",1,0.01
"electrical shocks",1,0.01
"chronic bronchitis",1,0.01
"e-filing confirmation",1,0.01
"slab work",1,0.01
"multi-level disc bulging",1,0.01
"mild bilateral foraminal changes",1,0.01
"worsening date",1,0.01
"midpoint",1,0.01
"pre-existing right carpal tunnel syndrome",1,0.01
"mid-range wages",1,0.01
"entitled to survivor benefits",1,0.01
"deceased worker",1,0.01
"dependent child",1,0.01
"large cell lymphoma",1,0.01
"exposure to uranium ore dust",1,0.01
"floor walking",1,0.01
"shoulder contusion",1,0.01
"plyboards",1,0.01
"repetitive lifting",1,0.01
"subluxation dislocation",1,0.01
"progressive discipline",1,0.01
"altered gait pattern",1,0.01
"ablation treatment",1,0.01
"extension to the time-limit",1,0.01
"temporal lobe epilepsy",1,0.01
"hemorrhagic",1,0.01
"positive",1,0.01
"major impairment category",1,0.01
"co-existing contributors",1,0.01
"deterioration since the initial assessment",1,0.01
"heading should be redacted",1,0.01
"osteochondroplasty",1,0.01
"worker has entitlement to benefits",1,0.01
"bilateral wrist fractures",1,0.01
"duties as a pressman",1,0.01
"ramp",1,0.01
"badminton racquet",1,0.01
"recently completed a return-to-work plan",1,0.01
"third-party investigator",1,0.01
"screensaver",1,0.01
"cervical spine stenosis",1,0.01
"sprain strain injuries",1,0.01
"staleness",1,0.01
"age-related changes",1,0.01
"median level",1,0.01
"technical banking transactions",1,0.01
"ultraviolet",1,0.01
"diagnosed choroidal melanoma",1,0.01
"total left hip replacement surgery",1,0.01
"cardiogenic shock",1,0.01
"decision-maker fails to explain",1,0.01
"including any medical healthcare documents",1,0.01
"capacity to work",1,0.01
"marshaling",1,0.01
"participate",1,0.01
"artificial appliance",1,0.01
"flights",1,0.01
"polyneuropathie diabétique",1,0.01
"nitrosamines",1,0.01
"non-work-related stressors",1,0.01
"post-mortem",1,0.01
"chronic pain due to trauma",1,0.01
"accounts",1,0.01
"surcharges",1,0.01
"rebates",1,0.01
"determination for disfigurement",1,0.01
"congenital weakness",1,0.01
"chaplain",1,0.01
"print shop",1,0.01
"estate representative",1,0.01
"confrontation",1,0.01
"work-related complex regional pain syndrome",1,0.01
"ongoing maintenance treatment",1,0.01
"yard assignments",1,0.01
"compatible with most useful function",1,0.01
"contemporaneous evidence",1,0.01
"strain with rotator cuff impingement",1,0.01
"lead exposure",1,0.01
"psychological perspective",1,0.01
"video evidence",1,0.01
"hit the plexiglass",1,0.01
"male breast cancer",1,0.01
"mutations",1,0.01
"accepts that the worker",1,0.01
"online training",1,0.01
"noise induced sensorial hearing loss",1,0.01
"statutory time-limit to object",1,0.01
"requisitions",1,0.01
"keyboard tray",1,0.01
"pre-existing pars defect",1,0.01
"accident happens while the worker",1,0.01
"worker is employed outside",1,0.01
"horses",1,0.01
"injury caused by loosening bolts",1,0.01
"locality",1,0.01
"relevant to the worker",1,0.01
"acute disc herniation",1,0.01
"partial thickness tears",1,0.01
"bagels",1,0.01
"restless leg syndrome",1,0.01
"mirtazapine",1,0.01
"nabilone",1,0.01
"ankle injury sustained",1,0.01
"period under review",1,0.01
"deadlines",1,0.01
"lbs on an occasional basis",1,0.01
"deferral",1,0.01
"forearm crutches",1,0.01
"lower back strain injuries",1,0.01
"food tray",1,0.01
"work-related left shoulder injury beyond",1,0.01
"benefits for his work-related",1,0.01
"olecranon",1,0.01
"occult fracture",1,0.01
"cement finisher form setter",1,0.01
"ratable",1,0.01
"foraminal disc herniation",1,0.01
"file ending",1,0.01
"injury to the worker",1,0.01
"personal tax returns",1,0.01
"employer account",1,0.01
"entitlement under the psychotraumatic disability",1,0.01
"pre-existing right ankle instability",1,0.01
"alternate",1,0.01
"journeyman",1,0.01
"rare basis",1,0.01
"kilograms",1,0.01
"based upon the entry-level earnings",1,0.01
"determined ability to earn entry-level",1,0.01
"neurovascular compromise",1,0.01
"home country",1,0.01
"short-term gross average earnings",1,0.01
"worker submits",1,0.01
"hot coal incident",1,0.01
"worker was an apprentice",1,0.01
"combined femoral acetabular impingement",1,0.01
"conflicts",1,0.01
"prior to the workplace accident",1,0.01
"lumbar spine degenerative disc disease",1,0.01
"spouse estate trustee",1,0.01
"working full-time hours",1,0.01
"tax returns",1,0.01
"maneuver",1,0.01
"knee impairment",1,0.01
"vegetables",1,0.01
"baskets",1,0.01
"spinal cord injury",1,0.01
"post-traumatic syrinx",1,0.01
"exposure to the adhesion promoter",1,0.01
"pelvis ultrasound report",1,0.01
"conditions",1,0.01
"full temporary partial disability benefits",1,0.01
"meaningful self-directed rehabilitation",1,0.01
"mainstream approach",1,0.01
"trapezius myofascial pain syndrome",1,0.01
"disease with features",1,0.01
"beyond the statutory time-limit",1,0.01
"thymoma",1,0.01
"binder",1,0.01
"psychotraumatic disability non-economic loss",1,0.01
"email correspondence",1,0.01
"cervical nerve root compression",1,0.01
"based upon his determined ability",1,0.01
"drums",1,0.01
"drum crusher",1,0.01
"grit blaster",1,0.01
"partial thickness tendon tear",1,0.01
"assembly point",1,0.01
"soft tissue sarcomas",1,0.01
"entitlement to benefits for leiomyosarcoma",1,0.01
"recognized that the worker",1,0.01
"work-related psychological impairment",1,0.01
"additional psychological treatment",1,0.01
"ruled",1,0.01
"benefits for her lost time",1,0.01
"calcaneofibular ligament",1,0.01
"benefits for the right ankle",1,0.01
"winter",1,0.01
"typographical error",1,0.01
"foot osteoarthritis",1,0.01
"neurological symptoms",1,0.01
"pedicle screws",1,0.01
"injury to his left foot",1,0.01
"three-step ladder",1,0.01
"worker sustained a sprain strain",1,0.01
"entitlement for a left foot",1,0.01
"work-related post-traumatic stress disorder",1,0.01
"passenger",1,0.01
"biceps tendons",1,0.01
"ulnar neuropathies",1,0.01
"bilateral median",1,0.01
"cervical spine disc prolapse",1,0.01
"popliteal",1,0.01
"right-hand tremors",1,0.01
"shoulder tendinopathy",1,0.01
"associate",1,0.01
"earning the minimum wage",1,0.01
"umbrella",1,0.01
"ex-wife",1,0.01
"self-employment as an actor",1,0.01
"part-time employment as a bartender",1,0.01
"hauler",1,0.01
"non-economic loss redetermination",1,0.01
"policy no. 15-04-03 criteria for cpd",1,0.01
"does the worker meet all five conditions?",1,0.01
"continuous, consistent and genuine pain beyond usual healing time",1,0.01
"marked life disruption with impaired earning capacity",1,0.01
"medical opinions of diffuse chronic myofascial pain considered",1,0.01
"entitlement for cpd under the accident claim",1,0.01
"whether pre-existing pain negates causation",1,0.01
"test of significant contribution applied to cpd",1,0.01
"aro findings contrasted with second injury and enhancement fund decision",1,0.01
"preponderance supports accident significantly contributed to cpd",1,0.01
"entitlement for cpd confirmed | procedure",1,0.01
"remittal",1,0.01
"should loe entitlement beyond december 4, 2020 be remitted?",1,0.01
"early intervention program proposed resolution approved",1,0.01
"nature and duration of benefits returned to the wsib for further adjudication",1,0.01
"worker withdrew nel issue",1,0.01
"appeal allowed in part and loe issue remitted",1,0.01
"whether entitlement is in order for crps under wsia s. 13(1)",1,0.01
"diagnosis not confirmed by treating physicians",1,0.01
"objective findings for crps not met per medical consultant",1,0.01
"symptomatic reports without confirmed diagnosis insufficient",1,0.01
"compatibility of diagnosis to disablement history not established",1,0.01
"whether entitlement is in order for tos under wsia s. 13(1)",1,0.01
"vascular studies did not support vascular tos",1,0.01
"no work-up confirming neurogenic tos",1,0.01
"treating specialist and wsib medical consultant did not confirm diagnosis",1,0.01
"physiotherapy suggestions given less weight",1,0.01
"compatibility with accident history not established",1,0.01
"whether ongoing entitlement extends beyond september 11, 2018",1,0.01
"mmr reached with permanent impairment established",1,0.01
"ongoing symptoms and treatment documented post‑2018",1,0.01
"new medical evidence from 2025 corroborative",1,0.01
"wsia s. 46 non‑economic loss entitlement engaged",1,0.01
"recognition of permanent impairment and nel determination ordered | workplace health and safety",1,0.01
"whether compensable rsis significantly contributed to ongoing disability at mmr",1,0.01
"tribunal applies significant contribution test from wsiat jurisprudence",1,0.01
"balance of probabilities with benefit of the doubt under wsia s. 124(2)",1,0.01
"medical reports and credible testimony establish persistent rsi limitations",1,0.01
"ongoing entitlement confirmed, appeal allowed in part",1,0.01
"initial entitlement under s. 13 wsia",1,0.01
"did repetitive overhead throwing of cables significantly contribute to right shoulder impingement and tendinopathy?",1,0.01
"significant contribution test applied with wsib policies 11-01-01 and 15-02-01",1,0.01
"modified duties with employer knowledge accepted",1,0.01
"initial entitlement granted | workplace health and safety",1,0.01
"whether delay in medical attention and formal reporting bars entitlement",1,0.01
"covid-19 restrictions and lack of family physician accepted as reasonable explanation",1,0.01
"benefit of the doubt under s. 124(2) wsia considered",1,0.01
"conversation with supervisor found, inadvertent reporting delay",1,0.01
"delay not a bar to entitlement | workplace health and safety",1,0.01
"proof of injury",1,0.01
"entitlement for left shoulder",1,0.01
"is entitlement available where there is soreness but no diagnosis or treatment?",1,0.01
"clinical assessments recorded no left shoulder diagnosis",1,0.01
"absence of treatment corroborated",1,0.01
"preponderance of evidence fails to establish personal work-related injury",1,0.01
"entitlement denied",1,0.01
"temporary work disruptions",1,0.01
"whether the worker is entitled to full loe benefits from december 23, 2018 to january 6, 2019",1,0.01
"wsia, s. 43(1) and s. 43(2) applied",1,0.01
"policy 15-06-02 and policy 18-03-02 considered",1,0.01
"suitable modified duties unavailable and no medical clearance to return",1,0.01
"wage loss causally related to compensable injuries",1,0.01
"appeal allowed | procedure",1,0.01
"final wsib decision",1,0.01
"does wsiat have jurisdiction under wsia s. 123(1) where the wsib refused to consider implementation of an aro decision?",1,0.01
"avoiding jurisdictional ping pong per decision no. 1891/18ir",1,0.01
"case manager’s refusal equated to final decision",1,0.01
"no further board process available",1,0.01
"jurisdiction confirmed",1,0.01
"whether august 2017 accident significantly contributed to tendonitis, tendinosis and a rotator cuff tear",1,0.01
"pre-existing conditions and aggravation basis assessed using opm 15-02-03 and 15-02-04",1,0.01
"medical discussion paper on shoulder injury considered",1,0.01
"benefit of the doubt under wsia s.124(2) not engaged",1,0.01
"medical and surgical benefits",1,0.01
"entitlement to benefits for left shoulder surgery linked to august 2017 injury",1,0.01
"whether surgery flowed from workplace accident or natural progression",1,0.01
"return to pre-accident state found prior to surgery",1,0.01
"no persuasive medical opinion relating tear to accident",1,0.01
"compatibility of diagnosis with accident history lacking",1,0.01
"employer challenge to left shoulder strain entitlement",1,0.01
"whether five point check system met under opm 11-01-01",1,0.01
"proof of accident accepted based on credible testimony",1,0.01
"diagnosis compatible with reported mechanism",1,0.01
"delay in treatment reasonably explained",1,0.01
"criteria for allowable claim satisfied",1,0.01
"employer appeal denied",1,0.01
"impairment level",1,0.01
"whether the worker is totally or only partially impaired since may 22, 2018",1,0.01
"functional abilities evaluation indicating sedentary pdc considered",1,0.01
"de quervain’s tenosynovitis significantly contributing to limitations",1,0.01
"non-compensable symptoms excluded from impairment assessment",1,0.01
"benefit of the doubt under wsia s. 124(2) noted",1,0.01
"partial impairment found",1,0.01
"return to work and suitable occupation",1,0.01
"is retail salesperson a suitable occupation and at what weekly hours",1,0.01
"so must match functional abilities and be available per policy 19-02-10",1,0.01
"keyboarding limits and lifting restrictions assessed",1,0.01
"retail salesperson suitable but limited by flareups",1,0.01
"so suitable only up to 20 hours per week",1,0.01
"quantum under wsia s. 43",1,0.01
"whether loe benefits should be based on full-time or part-time deemed earnings",1,0.01
"starting rate for so accepted given dated experience",1,0.01
"refusal and causation principles considered under s. 43(2)",1,0.01
"partial loe payable based on 20 hours per week at starting rate",1,0.01
"whether impairment falls within class 4 marked impairment or class 3 moderate impairment",1,0.01
"application of wsib policy 18-05-11 rating scale",1,0.01
"activities of daily living, social functioning, concentration, adaptation assessed",1,0.01
"overall presentation most closely resembles middle to high end of class 3",1,0.01
"weighing medical opinions",1,0.01
"whether the tribunal could reject a psychologist’s uncontroverted class 4 opinion",1,0.01
"ferreira v. wsiat considered with decision no. 1193/21 factors for weighing medical evidence",1,0.01
"nel clinical specialist summary accepted, psychologist’s knowledge of circumstances incomplete",1,0.01
"adjudication on merits and justice, no substitution of medical theory",1,0.01
"nel redetermination",1,0.01
"whether july 16, 2024 permanent worsening established deterioration warranting rating above 40 percent",1,0.01
"comparison with 2019 mmr findings and decision no. 404/23",1,0.01
"evidence of travel, short drives, hobbies, family assistance showed functioning beyond class 4",1,0.01
"quantum consistent with class 3 at 40 percent",1,0.01
"nel award confirmed",1,0.01
"whether ongoing entitlement for lumbar strain exists beyond august 2, 2021",1,0.01
"recognition of permanent impairment and nel determination sought",1,0.01
"wsia s. 124(2) benefit of the doubt considered",1,0.01
"medical discussion paper low back referenced on expected resolution of acute strains",1,0.01
"preexisting permanent impairment found to overwhelm acute strain",1,0.01
"ongoing entitlement denied | workplace health and safety",1,0.01
"was the modified work offered on june 11, 2021 suitable under policy 19-02-07?",1,0.01
"functional abilities and need for breaks every 90 minutes assessed",1,0.01
"evidence on truck vibrations weighed, fwca findings below health risk",1,0.01
"alternative decompression by standing or walking available",1,0.01
"modified work consistent with capabilities and earnings restoration",1,0.01
"work found suitable | workplace health and safety",1,0.01
"quantum and duration",1,0.01
"are additional loe benefits payable beyond june 21, 2021, including beyond august 2, 2021?",1,0.01
"partial loe during graduated return confirmed",1,0.01
"suitability of work post june 21, 2021 upheld",1,0.01
"no entitlement after august 2, 2021 where compensable injury resolved",1,0.01
"loss post august 2 attributed to declining suitable work",1,0.01
"additional loe denied",1,0.01
"chronic mental stress (cms) entitlement",1,0.01
"whether the worker has entitlement to benefits for cms",1,0.01
"application of wsib operational policy manual, document no. 15-03-14",1,0.01
"employer decisions about employment versus workplace harassment or abuse",1,0.01
"promotion denial found non‑compensable under policy",1,0.01
"tribunal required to apply policy under wsia, s. 126",1,0.01
"credibility and factual findings",1,0.01
"whether alleged swearing, threats, forced overtime and break denials amounted to harassment",1,0.01
"audio recording, witness testimony and employer investigations assessed",1,0.01
"swearing not directed at worker and common in workplace",1,0.01
"petition and rumours unsubstantiated",1,0.01
"private investigator’s report supportive of supervisor",1,0.01
"allegations largely unproven",1,0.01
"was a substantial work-related stressor the predominant cause of the diagnosed injury?",1,0.01
"medical reports linking symptoms to april meeting and promotion denial",1,0.01
"interpersonal conflict versus harassment distinguished per cms policy",1,0.01
"prior anxiety and headaches unrelated to workplace stress",1,0.01
"predominant cause not established",1,0.01
"appeal denied | procedure",1,0.01
"balance of probabilities as modified by wsia, s. 124(2)",1,0.01
"panel finds preponderance against substantiated harassment",1,0.01
"policy applied to exclude employer decisions about employment",1,0.01
"benefit of the doubt not engaged",1,0.01
"actual earnings basis",1,0.01
"whether loe from october 5, 2015 to april 2, 2016 should be based on actual earnings",1,0.01
"wsia, s. 43(3), and policy no. 18-03-02 applied",1,0.01
"earnings reasonably close to direct-entry so",1,0.01
"wage loss causally linked to compensable impairments",1,0.01
"partial loe based on actual earnings awarded | workplace health and safety",1,0.01
"full loe",1,0.01
"whether the worker is entitled to full loe from april 3, 2016 to february 17, 2017",1,0.01
"medical evidence of significant restrictions and recurrence",1,0.01
"inability to perform heavy duty cleaner duties",1,0.01
"recovery documented by post-surgical follow-ups",1,0.01
"final loe review",1,0.01
"whether loe could be reviewed after the 72-month date under wsia, s. 44(2.1)",1,0.01
"policy no. 18-03-06 considered with nel increase and recurrence",1,0.01
"recalculation aligned with deterioration period and recovery end",1,0.01
"loe recalculation confirmed | procedure",1,0.01
"whether the proposed resolution by a dispute resolution officer should be approved",1,0.01
"agreement supported by the preponderance of documentary evidence",1,0.01
"hearing foregone and objection on later period withdrawn subject to wsia time limits",1,0.01
"proposed resolution accepted",1,0.01
"wsia s. 123",1,0.01
"whether the tribunal can decide re-employment and loe issues not finally decided by the board",1,0.01
"scope of aro decision examined",1,0.01
"overlap with s. 41 re-employment and employer co-operation identified",1,0.01
"only employer’s co-operation currently within jurisdiction",1,0.01
"re-employment and loe not before tribunal absent final board decisions",1,0.01
"jurisdiction limited | evidence",1,0.01
"documentary aids",1,0.01
"transcript of recording",1,0.01
"late transcript filed and objection raised",1,0.01
"whether to admit transcript when the audio recording is already in evidence",1,0.01
"concerns about reliability of transcript noted",1,0.01
"parties agree audio is best primary source",1,0.01
"panel relies on recordings and excludes transcript",1,0.01
"transcript excluded | procedure",1,0.01
"whether to adjourn to obtain final board decisions on re-employment and loe benefits",1,0.01
"risk of conflicting rulings and fettering identified",1,0.01
"whole-person approach favours hearing related issues together",1,0.01
"parties agree adjournment is sensible",1,0.01
"appeal adjourned and placed in inactive status | procedure",1,0.01
"whether worker’s friend meets the “friend” exemption to act as representative",1,0.01
"panel inquiries made",1,0.01
"non-lawyer and non-paralegal status addressed",1,0.01
"exemption criteria satisfied for representation",1,0.01
"representation by friend permitted",1,0.01
"whether the worker has entitlement for a neck injury",1,0.01
"significant contribution test applied to repetitive above-shoulder duties",1,0.01
"wsia, s. 13 and s. 124(2) considered",1,0.01
"medical evidence of mechanical neck pain accepted",1,0.01
"benefit of doubt addressed",1,0.01
"entitlement for neck injury granted | procedure",1,0.01
"whether the appeal may be resolved by proposed resolution without a hearing",1,0.01
"dispute resolution officer process described and memorandum considered",1,0.01
"parties’ consent recorded and vice-chair approval confirmed",1,0.01
"employer not participating",1,0.01
"appeal processed through eip",1,0.01
"whether split-shift and cold environment duties were suitable under wsia ss. 40, 43",1,0.01
"causal link between injury and wage loss required",1,0.01
"refusal of unsuitable information officer and split-shift crash gate duties justified",1,0.01
"graduated return to work assessed",1,0.01
"loe periods specified and partial loe confirmed",1,0.01
"loe benefits partly allowed | workplace health and safety",1,0.01
"permanent impairment and nel",1,0.01
"did accidents significantly contribute beyond recovery dates under wsia ss. 33, 46, 124(2)?",1,0.01
"low back, neck and wrist strains assessed",1,0.01
"no aggravation of l5-s1 disc herniation established",1,0.01
"minor mvas and degenerative changes found",1,0.01
"surgery and nerve blocks not related",1,0.01
"nel and ongoing entitlement denied | procedure",1,0.01
"issue estoppel",1,0.01
"grievance findings",1,0.01
"does danyluk v. ainsworth and angle preclude wsiat adjudication?",1,0.01
"same question not decided and parties’ statutory rights distinct",1,0.01
"arbitration addressed termination, not wsia entitlement",1,0.01
"de novo hearing and broader issues before tribunal",1,0.01
"issue estoppel rejected | evidence",1,0.01
"documentary and video",1,0.01
"security video and surveillance",1,0.01
"admission of on‑bus security video relevant to severity and function",1,0.01
"weight of surveillance contrasted with self‑reports",1,0.01
"credibility assessed using faryna v. chorney and r. v. morrissey",1,0.01
"video showed minor impact and functional abilities",1,0.01
"security video admitted",1,0.01
"statutory interpretation",1,0.01
"do wsia s. 53(4) and o. reg. 175/98, s. 16 override s. 53(1) for apprentices?",1,0.01
"specific criteria for apprentices applied despite general criteria",1,0.01
"worker’s own earnings patterns and hours not relevant",1,0.01
"policy 18-02-08 consistent with statutory scheme",1,0.01
"specific criteria applied | workplace health and safety",1,0.01
"earnings basis (apprentice)",1,0.01
"determination of average earnings of journeyperson roofers employed by the employer at injury time",1,0.01
"wsia s. 53 and o. reg. 175/98, s. 16 applied",1,0.01
"employer data showed journeyperson rates of $24 and $26 per hour",1,0.01
"average set at $25 per hour",1,0.01
"appeal allowed | evidence",1,0.01
"tribunal assessment",1,0.01
"weight of evidence on wage rates",1,0.01
"whether employer correspondence or worker’s affidavit is more reliable",1,0.01
"2020 employer letters about apprentice or “apprentice/journeyman” given little weight",1,0.01
"worker’s hearsay-based affidavit given little weight",1,0.01
"2023 employer journeyperson wage information accepted as most reliable",1,0.01
"employer 2023 data accepted",1,0.01
"whether the worker is entitled to benefits for work-related nihl under wsia s. 13 and policy 16-01-04",1,0.01
"significant contribution applied",1,0.01
"benefit of the doubt under s. 124(2) considered",1,0.01
"noise exposure sufficient but remaining criteria unmet",1,0.01
"no entitlement to occupational nihl",1,0.01
"audiometric pattern",1,0.01
"whether the worker’s audiometric pattern is consistent with noise-induced sensorineural hearing loss",1,0.01
"low and mid-frequency loss inconsistent with nihl",1,0.01
"absence of 4000 hz notch",1,0.01
"post-retirement deterioration not attributable to workplace noise",1,0.01
"wsiat medical discussion paper considered",1,0.01
"entitlement for nihl denied | workplace health and safety",1,0.01
"derivative entitlement",1,0.01
"does entitlement for tinnitus require an allowable claim for occupational nihl?",1,0.01
"nihl not established under policy 16-01-04",1,0.01
"wsib policy package on tinnitus referenced",1,0.01
"no independent entitlement absent allowable nihl claim",1,0.01
"no entitlement to tinnitus",1,0.01
"whether the worker is entitled to full loe from august 31, 2021 to march 14, 2022",1,0.01
"causal link between injury and wage loss assessed",1,0.01
"significant contribution and benefit of the doubt considered",1,0.01
"post‑injury mri and surgery weighed",1,0.01
"wsia, s. 40",1,0.01
"were the employer’s modified duties suitable given l5‑s1 disc extrusion and evolving restrictions?",1,0.01
"sustainability and safety of modified work evaluated",1,0.01
"cooperation in health care measures recognised",1,0.01
"resignation found causally related to compensable injury",1,0.01
"medical management",1,0.01
"back and neck specialty program",1,0.01
"acceptance and effect of bnsp recommendations dated november 22, 2021",1,0.01
"temporary restrictions and pain management outlined",1,0.01
"board acceptance of recommendations noted",1,0.01
"compatibility with accident history and mri findings confirmed",1,0.01
"recommendations accepted | workplace health and safety",1,0.01
"partial benefits and work transition",1,0.01
"wsia, ss. 42, 43",1,0.01
"is the worker entitled to partial loe beyond may 27, 2022 and an lmr assessment?",1,0.01
"actual post‑surgery earnings considered",1,0.01
"permanent restrictions and mmr timing addressed",1,0.01
"need for labour market re‑entry assistance identified",1,0.01
"partial loe granted and lmr assessment ordered",1,0.01
"appropriate quantum of nel award for low back",1,0.01
"application of pre-1997 act s. 42 and wsia s. 102 with ama guides 3rd ed.",1,0.01
"tables 49, 53, 60 and 61 applied, combined values chart used",1,0.01
"range of motion and sensory deficits converted to whole person",1,0.01
"nel re-determination at 16 percent confirmed",1,0.01
"weight of evidence at mmr",1,0.01
"whether physiotherapy report distant from mmr should affect nel",1,0.01
"preference for november 2023 range of motion findings closest to mmr over september 2025 report without measured degrees or formal tools",1,0.01
"neurologist’s post-surgery note used for sensory deficits",1,0.01
"contemporaneous medical evidence preferred",1,0.01
"clarifications and threshold",1,0.01
"whether the worker’s clarification request should be treated as a reconsideration",1,0.01
"high threshold for reconsideration under practice direction #27 and wsia s. 129",1,0.01
"finality of wsiat decisions under wsia s. 123(4)",1,0.01
"no fundamental error of law or process shown",1,0.01
"re‑argument insufficient",1,0.01
"reconsideration application dismissed | workplace health and safety",1,0.01
"whether post‑injury dividend income forms part of actual earnings for partial loe",1,0.01
"application of opm doc. no. 18‑02‑08 to independent operator and executive officer",1,0.01
"tax assessments confirm dividends received after 2020",1,0.01
"inclusion of dividend income in actual earnings upheld",1,0.01
"partial loe benefits confirmed | workplace health and safety",1,0.01
"jurisdiction and 72‑month review",1,0.01
"whether tribunal can address loe review after 72 months based on significant deterioration",1,0.01
"wsia s. 44(2) final review and s. 44(2.1) exceptions raised",1,0.01
"issue not before tribunal in current reconsideration",1,0.01
"worker directed to raise with wsib",1,0.01
"jurisdiction declined | procedure",1,0.01
"new evidence and errors",1,0.01
"whether new evidence or errors justify reconsideration of decision no. 523/23r2",1,0.01
"no fundamental error of law or process identified",1,0.01
"post‑hearing tax records considered and do not alter outcome",1,0.01
"medical materials post‑dating hearing not determinative on reconsideration",1,0.01
"finality principle engaged",1,0.01
"reconsideration denied",1,0.01
"entitlement to loe from january 12, 2011 to april 22, 2012",1,0.01
"traumatic mental stress policy applied",1,0.01
"ptsd diagnosis supported by mental health assessments",1,0.01
"dsm criteria considered",1,0.01
"full loe allowed for authorised absence",1,0.01
"entitlement to loe from january 25, 2013 onwards",1,0.01
"whether symptoms in 2013 were related to compensable ptsd",1,0.01
"treatment records and authorisation reviewed",1,0.01
"loe payable until return-to-work timeframe identified",1,0.01
"whether loss of earnings arose from compensable ptsd rather than non-compensable workplace stressors",1,0.01
"wsiat causation test applied",1,0.01
"medical discussion paper on ptsd and dsm criteria referenced",1,0.01
"workplace difficulties found manifestations of compensable condition",1,0.01
"entitlement recognised",1,0.01
"benefit period",1,0.01
"termination of entitlement",1,0.01
"determination of loe end date in 2013",1,0.01
"whether continued absence after may 10, 2013 was authorised for ptsd",1,0.01
"evidence of unrelated medical issues and lack of mental health authorisation",1,0.01
"loe ceased after may 10, 2013",1,0.01
"no entitlement beyond that date",1,0.01
"adjournments",1,0.01
"wsiat practice direction #23",1,0.01
"whether to adjourn the scheduled oral videoconference hearing due to post‑concussion symptoms",1,0.01
"strict adjournment policy applied to protect full and fair hearing",1,0.01
"employer consent noted and prejudice absent",1,0.01
"worker summary report and ongoing symptoms considered",1,0.01
"adjournment request granted | procedure",1,0.01
"hearing formats",1,0.01
"wsiat practice direction #5",1,0.01
"whether to convert from an oral videoconference to a written hearing",1,0.01
"issues not usually suitable for written determination under s. 5.3",1,0.01
"oral hearing preferred for suitability of accommodated duties and loe entitlement",1,0.01
"medical record does not establish future inability to participate",1,0.01
"request to convert hearing format refused | procedure",1,0.01
"evidence on procedural motions",1,0.01
"whether the medical documentation is adequate to justify adjournment and a change of hearing format",1,0.01
"worker summary report dated and general, further assessments recommended",1,0.01
"no specific opinion on ability to participate with accommodations",1,0.01
"sufficient for adjournment, insufficient for permanent format change",1,0.01
"adjournment granted, format change denied | procedure",1,0.01
"whether to place appeal inactive pending updated medical information",1,0.01
"oral hearing preferred, but current participation uncertain",1,0.01
"updated neurological status required to assess future format",1,0.01
"file management consistent with fairness and efficiency",1,0.01
"appeal placed in inactive status for three months",1,0.01
"whether neck condition was caused by the september 15, 2018 accident",1,0.01
"compatibility of diagnosis with accident history under opm 11-01-01",1,0.01
"medical evidence of degenerative changes and symptoms linked to modified duties rather than accident",1,0.01
"statutory presumption in wsia s. 13(2) inapplicable to disablement",1,0.01
"entitlement for neck injury denied | workplace health and safety",1,0.01
"low back sprain and strain",1,0.01
"does entitlement continue beyond january 11, 2019",1,0.01
"continued restrictions and treatment into late 2019 established",1,0.01
"significant improvement by january 2020 and return to regular duties found",1,0.01
"causation assessed on significant contribution test from tribunal jurisprudence",1,0.01
"entitlement extended to january 6, 2020 | workplace health and safety",1,0.01
"nel",1,0.01
"whether permanent low back impairment exists and nel assessment is warranted",1,0.01
"opm 11-01-05 criteria for permanence and maximum medical recovery applied",1,0.01
"no ongoing work-related impairment after january 2020",1,0.01
"nel determination not available in absence of permanent impairment",1,0.01
"nel assessment refused",1,0.01
"whether the worker has initial entitlement to benefits for psychotraumatic disability",1,0.01
"policy 15-04-02 applied to organic and reactive conditions",1,0.01
"need for causal link to accident or permanent impairment and continuity before physical recovery",1,0.01
"non-compensable pain and social stressors identified",1,0.01
"entitlement denied, appeal dismissed | workplace health and safety",1,0.01
"application of the balance of probabilities as modified by wsia s.124(2)",1,0.01
"significant contribution causation test referenced",1,0.01
"evidence not in equipoise, significant contribution not established",1,0.01
"appeal dismissed | evidence",1,0.01
"whether medical evidence establishes a causal relationship between workplace injury or right hand impairment and psychotraumatic disability",1,0.01
"psychologist’s report dated long after recovery, onset not identified",1,0.01
"consultation note not probative of causal link",1,0.01
"clinical notes omit right hand or wrist impairment",1,0.01
"causal connection not proven, appeal dismissed | procedure",1,0.01
"res judicata",1,0.01
"prior decisions",1,0.01
"whether res judicata prevents revisiting findings made in prior tribunal decisions",1,0.01
"prior determinations on recovery and chronic pain applied",1,0.01
"tribunal has no jurisdiction to overturn a prior final decision concerning the same issue",1,0.01
"argument rejected, appeal dismissed",1,0.01
"whether the employer is entitled to an increase above 50 percent",1,0.01
"application of wsia s. 98 and policy 14-05-03 matrix",1,0.01
"accident minor and pre-existing conditions of minor significance",1,0.01
"quantum of cost transfer assessed",1,0.01
"sief entitlement established but increase not warranted",1,0.01
"classification under policy 14-05-03",1,0.01
"slip and fall on icy sidewalk while walking",1,0.01
"no added force, no load carried, delayed treatment, early return to work",1,0.01
"expected to cause non-disabling or minor disabling injury",1,0.01
"accident severity found minor",1,0.01
"50 percent sief cost relief confirmed | workplace health and safety",1,0.01
"medical significance and prolongation",1,0.01
"obesity, hypertension, mild l4-5 degenerative disc disease",1,0.01
"whether conditions were of moderate significance and prolonged or enhanced disability",1,0.01
"no pre-accident symptoms, mild imaging, hypothetical prolongation noted",1,0.01
"conditions characterized as minor",1,0.01
"increase in sief relief refused",1,0.01
"are the sos of other customer and information services representative and other service support occupations suitable?",1,0.01
"wsib policy 19-02-07 and 19-02-10 considered",1,0.01
"noc 6552 and 6742 physical demands exceed right knee restrictions",1,0.01
"driving tolerance and rural labour market assessed",1,0.01
"sos found not suitable",1,0.01
"was the worker capable of earning any income in suitable employment as of july 18, 2022?",1,0.01
"wsia, s. 43 applied to loe",1,0.01
"restrictions, age, cane use, and local labour market weighed",1,0.01
"worker found unemployable on balance of probabilities",1,0.01
"full loe benefits from july 18, 2022 awarded",1,0.01
"entitlement to full loe benefits from august 16, 2018",1,0.01
"whether the worker could sustain any employment due to combined physical and psychotraumatic disability",1,0.01
"wsia, s. 43 applied, medical and vocational evidence reviewed",1,0.01
"cpp‑d entitlement noted as supporting evidence",1,0.01
"appeal allowed, full loe benefits awarded | workplace health and safety",1,0.01
"labour market re‑entry",1,0.01
"suitability of inventory clerk occupation",1,0.01
"whether so required skills exceeding the worker’s education and aptitudes",1,0.01
"reading and math below required levels, secondary school not completed",1,0.01
"need for new lmr assessment identified to explore assistance or retraining",1,0.01
"new lmr assessment ordered | statutory interpretation",1,0.01
"review of benefits",1,0.01
"loe benefits reviewability after 72 months",1,0.01
"whether s. 44(2.1)(c) applies where a significant deterioration results in a nel redetermination under s. 47",1,0.01
"permanent worsening date established, loe reviewable from that date",1,0.01
"loe review permitted | statutory interpretation",1,0.01
"review powers",1,0.01
"scope of s. 44(2.4)(a.1)",1,0.01
"whether the wsib may review loe benefits within 30 days after completion of the lmr plan when not completed within 24 months",1,0.01
"application to post‑redetermination lmr process clarified",1,0.01
"ongoing entitlement remitted to wsib for adjudication",1,0.01
"wsib policy 15-02-05",1,0.01
"whether significant deterioration is clinically compatible with the original injury",1,0.01
"no requirement to identify a specific injuring process",1,0.01
"objective clinical findings preferred to employer testimony",1,0.01
"continuity of symptoms and compatibility established on a balance of probabilities",1,0.01
"recurrence confirmed | workplace health and safety",1,0.01
"is the worker entitled to full loe where no suitable modified work was offered?",1,0.01
"suitability of duties and esrtw co-operation assessed under policies 18-03-02 and 19-02-09",1,0.01
"active treatment and job search demonstrated",1,0.01
"absence of a clear written offer of modified duties",1,0.01
"wsia, s. 41",1,0.01
"did the employer rebut the presumption in subs. 41(10) after termination within six months?",1,0.01
"clear and convincing evidence standard discussed with reference to tribunal decisions, including decision no. 1096/23",1,0.01
"failure to communicate or offer suitable work",1,0.01
"presumption not rebutted",1,0.01
"breach found and penalty referred to wsib",1,0.01
"whether elemental services noc 6683 is a suitable occupation",1,0.01
"policy 19-02-10 factors applied, including functional abilities, transferable skills, pre‑injury hours and labour market",1,0.01
"sedentary roles such as funeral home attendant and ticket taker within limitations",1,0.01
"start rate identified",1,0.01
"suitable occupation confirmed | workplace health and safety",1,0.01
"level of benefits",1,0.01
"whether full loe awarded to september 10, 2018 and partial thereafter",1,0.01
"wsia s. 43(1) and 43(3) applied",1,0.01
"policy 18-03-02 criteria for full loe met when no suitable work available",1,0.01
"graduated modified duties from september 10, 2018 accepted",1,0.01
"full loe to september 10, 2018, partial loe thereafter | workplace health and safety",1,0.01
"refusal of suitable employment",1,0.01
"does failure to seek or accept suitable employment displace causation under wsia s. 43(2)?",1,0.01
"initial reliance on treating physician found reasonable",1,0.01
"post september 10, 2018 loss attributed to worker’s stance against job search",1,0.01
"partial loe maintained based on deemed earnings in suitable occupation",1,0.01
"whether aro decision on loe and psychotraumatic disability should be varied",1,0.01
"application of wsib operational policy manual and policy packages",1,0.01
"standard of proof and benefit of the doubt under wsia, s. 124(2)",1,0.01
"significant contribution test applied to causation",1,0.01
"early post-accident period",1,0.01
"whether the worker is entitled to loe from september 13, 2016 to march 29, 2017",1,0.01
"medical and functional assessments weighed",1,0.01
"graduated return to work beginning december 2016 found appropriate",1,0.01
"full loe to mid‑december 2016, partial loe to mid‑february 2017, then ended",1,0.01
"full and partial loe awarded for specified periods | workplace health and safety",1,0.01
"quantum of loe from october 28, 2021 to december 30, 2023",1,0.01
"modified work not suitable or available",1,0.01
"competitive employability in general labour market assessed",1,0.01
"restrictions, age, and prior permanent impairment considered",1,0.01
"worker not competitively employable",1,0.01
"full loe awarded | workplace health and safety",1,0.01
"whether psychotraumatic disability is a compensable consequence of the 2016 accident",1,0.01
"wsib policy no. 15-04-02 considered",1,0.01
"evidence showed pre‑existing psychological condition and no causal link to head injury",1,0.01
"no increased treatment or specialist referral post‑accident",1,0.01
"psychotraumatic disability benefits denied",1,0.01
"wsia framework and wsib policy suite",1,0.01
"whether appeal from multiple aro decisions should be allowed",1,0.01
"return to work, suitability, cpd and loe considered together",1,0.01
"tribunal applies wsib policies 15-04-03 and 15-04-04 and s. 43 wsia",1,0.01
"global assessment of impairment and earning capacity",1,0.01
"wsib policy 15-04-03",1,0.01
"did the worker meet all five cpd criteria?",1,0.01
"diagnosis supported by multidisciplinary assessment and ongoing treatment",1,0.01
"pain persistence beyond usual healing, inconsistency with organic findings established",1,0.01
"marked life disruption and impaired earning capacity found",1,0.01
"cpd entitlement granted | workplace health and safety",1,0.01
"was the quality control position suitable in october 2018?",1,0.01
"restrictions from dr. yee and functional abilities evaluation",1,0.01
"lack of accommodations, micro-breaks and assistance found",1,0.01
"duties exceeded restrictions and mirrored pre-accident tasks",1,0.01
"is the worker entitled to loe from october 16, 2018?",1,0.01
"causation and cooperation analysed, refusal of suitable work rejected",1,0.01
"mitigation through part-time sales and paralegal licensing considered",1,0.01
"full loe to licensing, partial loe thereafter, final review remitted",1,0.01
"full loe then partial loe, final review remitted",1,0.01
"wsib policy application",1,0.01
"whether the worker sustained a significant deterioration on the claimed date",1,0.01
"policy 15-02-05 considered, measurable change in clinical findings required",1,0.01
"faf and occupational health assessment compared, no significant change shown",1,0.01
"back and neck specialty program reporting reviewed",1,0.01
"entitlement to recurrence benefits denied | workplace health and safety",1,0.01
"was the modified work within the worker’s functional restrictions?",1,0.01
"rtw plan implemented with accommodations and graduated hours",1,0.01
"duties limited to lighter products, assistance available, breaks permitted",1,0.01
"wsib memos confirm no concerns raised",1,0.01
"modified work found suitable",1,0.01
"appeal on suitability denied | workplace health and safety",1,0.01
"statutory entitlement",1,0.01
"is post-september 24, 2020 wage loss causally related to the injury?",1,0.01
"wsia s. 43 interpreted, refusal of suitable employment severs causation",1,0.01
"distinction from non‑co‑operation under s. 43(7) noted",1,0.01
"suitable work available at no wage loss",1,0.01
"loe benefits from september 24, 2020 denied | workplace health and safety",1,0.01
"does the injury cause a permanent aggravation of asymptomatic degenerative changes?",1,0.01
"wsia s. 2 definitions and policy 11-01-05 considered",1,0.01
"neurosurgeon’s opinion accepted, ongoing symptoms beyond mmr date",1,0.01
"medical discussion paper on low back referenced",1,0.01
"ongoing entitlement and nel assessment granted",1,0.01
"withdrawal of appeal",1,0.01
"same-day withdrawal at hearing",1,0.01
"whether the tribunal should accept the worker’s withdrawal of all issues on the day of the scheduled hearing",1,0.01
"employer not participating and no prejudice",1,0.01
"videoconference hearing and formal decision to issue",1,0.01
"worker’s representative confirmed instructions and understanding",1,0.01
"withdrawal accepted | procedure",1,0.01
"consequences of withdrawal",1,0.01
"effect of withdrawal on any future attempt to appeal the issues",1,0.01
"panel confirmed understanding that future appeals could be subject to potential time limits",1,0.01
"issues as set out in the hearing ready letter withdrawn and recorded",1,0.01
"tribunal noted consequences in disposition",1,0.01
"future appeals subject to applicable time limits",1,0.01
"ongoing entitlement for adjustment disorder with depressed mood beyond march 1, 2011",1,0.01
"recurrence of compensable aggravation as of october 29, 2018",1,0.01
"whether a permanent impairment is recognised with a nel determination",1,0.01
"maximum psychological recovery dated may 14, 2021",1,0.01
"nel assessment granted | workplace health and safety",1,0.01
"whether the worker is employable under s. 43 wsia",1,0.01
"policy 18-03-06 applied to final loe review",1,0.01
"test of employability and ability to earn in suitable employment",1,0.01
"“other service support occupations” found unsuitable",1,0.01
"full loe benefits from july 21, 2021 until age 65 awarded | workplace health and safety",1,0.01
"entitlement under policy 17-01-10 for purchases on or after march 1, 2019",1,0.01
"designated condition of neuropathic pain established and conventional treatments exhausted",1,0.01
"appropriate authorisation and forms limited to edibles, creams and oils",1,0.01
"benefits outweigh risks",1,0.01
"reimbursement for compliant medical cannabis allowed | procedure",1,0.01
"costs of expert evidence",1,0.01
"whether the tribunal should reimburse significant expert reports under wsiat practice direction #11",1,0.01
"expert psychiatric and vocational reports found significant in decision‑making",1,0.01
"payment at approved schedule of rates ordered",1,0.01
"reimbursement of expert reports ordered",1,0.01
"extension of time to appeal under s. 125(2), discretion of wsiat",1,0.01
"aro decision on loe and back injury underlying",1,0.01
"holistic approach referenced, tribunal practice direction applied",1,0.01
"seven‑month delay considered, prejudice to employer assessed",1,0.01
"application allowed | procedure",1,0.01
"statutory discretion",1,0.01
"should the tribunal grant an extension of time to appeal under s. 125(2) of the wsia?",1,0.01
"seven‑month delay weighed against prejudice and staleness",1,0.01
"self‑represented worker’s diligence and continuing medical treatment noted",1,0.01
"evidence and participation still feasible",1,0.01
"time extension granted | procedure",1,0.01
"factors governing extension of time from laski and cunningham adopted",1,0.01
"intention to appeal, explanation for delay, prejudice, and arguable merit assessed",1,0.01
"employer’s strict approach to time limits rejected in context",1,0.01
"practice direction #15 considered with tribunal jurisprudence",1,0.01
"extension of time granted",1,0.01
"second injury and enhancement fund",1,0.01
"whether employer entitled to sief cost relief based on a pre-existing psychological condition",1,0.01
"wsia s.98, policy 14-05-03",1,0.01
"no prior mental health symptoms established",1,0.01
"personality disorder features incidental, not enhancing or prolonging",1,0.01
"severity of accident moot absent pre-existing condition",1,0.01
"weight of reports",1,0.01
"did medical evidence establish a pre-existing condition that enhanced or prolonged recovery?",1,0.01
"psychologist’s multi-session assessment preferred over file reviews",1,0.01
"misreading of diagnosis undermined contrary opinion",1,0.01
"balance of probabilities not met for sief",1,0.01
"average earnings, dependent contractor",1,0.01
"was the short-term earnings basis correctly calculated?",1,0.01
"wsia s. 53 and policy 18-02-08 applied",1,0.01
"net business income from cra, 12‑month period, no break in employment pattern",1,0.01
"dependent contractor status confirmed, t4 not issued, self-employment reporting",1,0.01
"loe rate calculation upheld",1,0.01
"appeal on earnings denied | workplace health and safety",1,0.01
"nel, psychotraumatic disability",1,0.01
"whether the 10% nel was correctly calculated",1,0.01
"policy 18-05-11 rating scale applied, class 2 versus class 3",1,0.01
"psychiatrist’s report and driver’s rehabilitation assessment considered",1,0.01
"episodic anxiety and some loss of social and personal efficacy found",1,0.01
"classified at low end of class 3",1,0.01
"nel increased to 20%",1,0.01
"wsia, s. 13(1)",1,0.01
"whether workplace exposures significantly contributed to left-sided breast cancer",1,0.01
"significant contribution test applied per tribunal jurisprudence",1,0.01
"disease as personal injury considered",1,0.01
"balance of probabilities and benefit of the doubt referenced, wsia, s. 124(2)",1,0.01
"entitlement determination deferred | procedure",1,0.01
"tribunal process",1,0.01
"interim directions",1,0.01
"should the panel obtain a tribunal-appointed occupational hygiene assessor and adjourn the hearing?",1,0.01
"panel defines issues and findings of fact",1,0.01
"post-hearing activity completed and instructions issued",1,0.01
"hearing adjourned pending occupational hygiene assessor’s report",1,0.01
"panel remains seized",1,0.01
"hearing adjourned | evidence",1,0.01
"occupational hygiene assessment",1,0.01
"what occupational exposures and shift work should be considered relevant risk factors?",1,0.01
"substances identified include vocs, pahs, benzene, formaldehyde, trichloroethane and aromatic oil mists",1,0.01
"frequency and duration estimates requested",1,0.01
"relevant scientific literature to be reviewed",1,0.01
"occupational hygiene assessor appointed",1,0.01
"access to records",1,0.01
"whether the employer is entitled to access the worker’s wsiat file under practice direction #3",1,0.01
"authority to determine practice and procedure under wsia s.131",1,0.01
"issue in dispute established on ptsd entitlement",1,0.01
"access granted except specified documents unrelated to entitlement",1,0.01
"employer’s application for access allowed in part | procedure",1,0.01
"relevance and sensitivity",1,0.01
"broad approach to relevance in non-organic injuries affirmed (decision no. 1066/21)",1,0.01
"whether loe amounts and t5007 are relevant to initial entitlement",1,0.01
"earnings questionnaire, cra assessment, t4, notice of assessment and treatment receipts found arguably relevant",1,0.01
"sensitive or prejudicial content not outweighing relevance",1,0.01
"partial disclosure ordered | procedure",1,0.01
"employer duties",1,0.01
"application of wsia s.59(6) confidentiality to disclosed health information",1,0.01
"use restricted to workplace safety and insurance matters",1,0.01
"breach constitutes an offence under wsia s.150(1)",1,0.01
"file to be released after specified waiting period and on stated conditions",1,0.01
"confidential use mandated",1,0.01
"should partial loe be based on entry-level full-time wages or actual part-time earnings?",1,0.01
"wsia s. 43 applied to determine post-injury earnings ability",1,0.01
"return to work plan completion and suitable occupation considered",1,0.01
"entry-level wages for 40 hours adopted",1,0.01
"did psychotraumatic disability deteriorate after maximum medical recovery affecting loe quantum?",1,0.01
"mmr in december 2020 accepted",1,0.01
"nel quantification timing not determinative of entitlement",1,0.01
"medical documentation showed no significant change in symptoms",1,0.01
"loe benefits not increased on this basis",1,0.01
"appeal dismissed | labour and employment",1,0.01
"employability and capacity",1,0.01
"does evidence limit the worker to part-time employment for loe purposes?",1,0.01
"education, training, and skills support full-time employability within restrictions",1,0.01
"no medical evidence limiting hours",1,0.01
"security work obtained and variable hours worked",1,0.01
"prior decision distinguished on impairments and restrictions",1,0.01
"full-time capacity found",1,0.01
"appeal dismissed",1,0.01
"post‑lmr capacity",1,0.01
"whether partial loe should be based on 20 hours weekly in the seb of accounting clerk from october 13, 2007",1,0.01
"evidence of lmr attendance, high marks, increased pain and medication weighed",1,0.01
"unemployable status not established",1,0.01
"partial loe based on 20 hours confirmed",1,0.01
"partial loe awarded | workplace health and safety",1,0.01
"72‑month lock‑in",1,0.01
"whether loe at november 30, 2007 should be fixed on capacity for 20 hours weekly",1,0.01
"wsia, s. 44(2) framework applied",1,0.01
"increase in nel with mmr november 12, 2007 not altering employability",1,0.01
"full loe denied at lock‑in",1,0.01
"partial loe maintained | workplace health and safety",1,0.01
"significant deterioration after lock‑in",1,0.01
"whether s. 44(2.1)(e) permits review and full loe from october 8, 2016",1,0.01
"psychiatric diagnosis of major depressive disorder linked to compensable injury",1,0.01
"evidence of profound functional impairment considered",1,0.01
"review period under s. 44(2.4.2) identified",1,0.01
"full loe from october 8, 2016 to december 15, 2023 granted | workplace health and safety",1,0.01
"post‑redetermination review",1,0.01
"whether s. 44(2.1)(c) and s. 44(2.4) support full loe from december 16, 2023 to age 65",1,0.01
"nel award for psychotraumatic disability issued",1,0.01
"ongoing severe back pain and depressive symptoms limiting employability",1,0.01
"capacity for suitable employment absent",1,0.01
"full loe from december 16, 2023 to age 65 granted",1,0.01
"whether the worker has initial entitlement for mtbi or concussion arising out of a workplace accident",1,0.01
"wsia applied with board policy on “accident in the course of employment” and “adjudicative process”",1,0.01
"consistent early reporting and emergency records accepted",1,0.01
"employer’s appeal to rescind initial entitlement denied",1,0.01
"initial entitlement confirmed | workplace health and safety",1,0.01
"whether the workplace accident was a significant contributing factor to mtbi or concussion given pre-existing migraines and psychological conditions",1,0.01
"significant contribution test applied, balance of probabilities and wsia s. 124(2) noted",1,0.01
"medical discussion papers on concussion considered",1,0.01
"symptoms superimposed on prior history accepted",1,0.01
"causation established | workplace health and safety",1,0.01
"whether the worker is entitled to loe benefits following the workplace accident",1,0.01
"medical advice to remain off work accepted",1,0.01
"wsib recognition of loe related to accident maintained",1,0.01
"no contrary medical opinion from employer",1,0.01
"entitlement to loe benefits following accident upheld",1,0.01
"benefits maintained",1,0.01
"wsia, s. 46, s. 2",1,0.01
"whether post-concussive syndrome constitutes a permanent impairment at mmr",1,0.01
"ongoing post-traumatic headaches managed by medication",1,0.01
"neurology specialty program discharge confirms persistent symptoms",1,0.01
"entitlement to a nel determination for mtbi accepted",1,0.01
"mmr date of march 16, 2021 confirmed",1,0.01
"nel quantum remitted",1,0.01
"wsib policy 18-03-02",1,0.01
"should partial loe from august 28, 2020 to march 16, 2021 be based on actual earnings?",1,0.01
"graduated return to work supported by treating specialists",1,0.01
"part-time hours aligned with functional tolerances",1,0.01
"work reintegration participation established",1,0.01
"partial loe calculated on actual wages",1,0.01
"post-mmr entitlement",1,0.01
"entitlement to loe benefits after march 16, 2021",1,0.01
"evidence of continued wage loss due to concussion symptoms",1,0.01
"extent of benefits unclear given later increases in hours",1,0.01
"nature and duration of loe require further adjudication",1,0.01
"matter remitted to wsib",1,0.01
"nel award",1,0.01
"is the worker entitled to an increase in his nel award for the low back?",1,0.01
"wsia applies",1,0.01
"prior tribunal direction in decision no. 1657/22 implemented",1,0.01
"spinal impairment at 22% and peripheral nerve components combined",1,0.01
"whole person impairment calculated at 26%",1,0.01
"increase in low back nel not warranted",1,0.01
"permanent impairment assessment",1,0.01
"proper application of ama guides tables 10 and 11",1,0.01
"should motor deficit be graded at 60% like sensory deficit?",1,0.01
"different category descriptions and percentage grades distinguished",1,0.01
"category 3 motor impairment rated 26% based on medical evidence",1,0.01
"table 11 applied rather than table 10",1,0.01
"benefit recalculation",1,0.01
"methodology of nel clinical specialist",1,0.01
"did the aro and specialist correctly recalculate peripheral nerve impairment and whole person impairment under wsia?",1,0.01
"left leg atrophy rating added",1,0.01
"emg evidence of chronic radiculopathy considered",1,0.01
"combining values method used to reach 26% whole person",1,0.01
"recalculation reasonable and not altered",1,0.01
"increase refused",1,0.01
"sief entitlement",1,0.01
"workplace safety and insurance act, 1997, s. 98, policy 14-05-03",1,0.01
"is the employer entitled to sief cost relief for the worker’s ptsd claim?",1,0.01
"application of severity and pre-existing condition criteria",1,0.01
"balance of probabilities applied",1,0.01
"no transfer of costs to the sief",1,0.01
"whether pre-existing psychological condition or vulnerability enhanced impairment or prolonged recovery",1,0.01
"medical evidence reviewed from treating and assessing specialists",1,0.01
"childhood trauma and head injuries acknowledged without causal impact on ptsd course",1,0.01
"significant contribution test not met",1,0.01
"sief relief denied | labour and employment",1,0.01
"degree of relief",1,0.01
"appropriate percentage where accident “moderate” and pre-existing condition alleged “major”",1,0.01
"interaction of accident severity and medical significance under policy 14-05-03",1,0.01
"no evidence of enhancement or prolongation despite slow recovery and ibs",1,0.01
"request for 75 percent relief rejected",1,0.01
"tribunal practice and procedure",1,0.01
"access to wsiat file",1,0.01
"whether the employer has a right of access under practice direction #3",1,0.01
"authority to determine practice and procedure under wsia s. 131",1,0.01
"participation in worker appeal and fair hearing considered",1,0.01
"access ordered except for documents relating to unrelated injury",1,0.01
"application allowed in part | procedure",1,0.01
"disclosure and relevance",1,0.01
"balancing",1,0.01
"whether information is relevant to the issue in dispute",1,0.01
"broad approach to relevance on initial entitlement and loss of earnings applied",1,0.01
"sensitive or prejudicial content weighed against arguable relevance",1,0.01
"decision no. 1634/23i referenced",1,0.01
"historical claim files for low back produced, unrelated file excluded",1,0.01
"access partly granted | procedure",1,0.01
"use restrictions",1,0.01
"employer duty to keep health information confidential under wsia s. 59(6)",1,0.01
"offence for breach noted under s. 150(1)",1,0.01
"records to be used solely for workplace safety and insurance matters",1,0.01
"release delayed for 15 days after decision",1,0.01
"conditions of disclosure imposed",1,0.01
"wsia s. 125(2)",1,0.01
"should the tribunal extend the time to appeal the aro decision?",1,0.01
"application of practice direction #15 and holistic approach",1,0.01
"intention to appeal established, prejudice to employer absent, appeal not stale",1,0.01
"arguable case on initial entitlement noted without merits determination",1,0.01
"time extension granted | limitation periods",1,0.01
"administrative appeals",1,0.01
"late filing",1,0.01
"wsiat",1,0.01
"factors governing a time extension for a late notice of appeal",1,0.01
"consideration of laski v. laski and cunningham v. hutchings",1,0.01
"length and explanation of delay weighed with intention to appeal and prejudice",1,0.01
"no prejudice found, delay does not impede adjudication",1,0.01
"time limit extended",1,0.01
"whether left shoulder strain resulted in a permanent impairment after mmr",1,0.01
"significant contributing factor test applied",1,0.01
"weight given to physiatrist’s november 2015 report and 2016 physiotherapy notes",1,0.01
"policy 11-01-05 on mmr considered",1,0.01
"gap in treatment explained",1,0.01
"entitlement for permanent impairment and nel determination granted | workplace health and safety",1,0.01
"whether left elbow soft tissue injury resulted in a permanent impairment after mmr",1,0.01
"evidence of ongoing elbow impairment absent",1,0.01
"worker reported elbow status as normal",1,0.01
"post-mmr records focus on shoulder, not elbow",1,0.01
"policy 11-01-05 on mmr applied",1,0.01
"entitlement for permanent impairment and nel determination denied",1,0.01
"suitability of modified work",1,0.01
"was the worker entitled to loe from november 25 to december 9, 2011",1,0.01
"reasonableness of reliance on treating physician’s advice",1,0.01
"wsia s. 43, policies 19‑02‑01 and 18‑03‑02 considered",1,0.01
"modified work unsuitable given functional inability and medication effects",1,0.01
"entitlement for left wrist and elbow repetitive strain injury",1,0.01
"did pre‑injury duties and overuse after right arm injury significantly contribute",1,0.01
"wsia s. 13, policies 15‑02‑01 and 15‑05‑01",1,0.01
"significant contribution test applied to disablement",1,0.01
"left‑sided condition linked to compensable right arm injury",1,0.01
"maximum medical recovery and nel",1,0.01
"did right wrist and elbow achieve mmr with residual functional loss",1,0.01
"wsia s. 46, policy 11‑01‑05",1,0.01
"ongoing symptoms, permanent restrictions, conservative treatment maintained",1,0.01
"nel assessment to be determined by board",1,0.01
"permanent impairment recognized and nel determination directed",1,0.01
"merits and justice policy applied to accident date",1,0.01
"whether prior employer’s long-term duties significantly contributed to bilateral cts",1,0.01
"date moved to period with prior employer per policy 11-01-03",1,0.01
"wsia s. 13, s. 124 referenced",1,0.01
"initial entitlement granted and prior employer responsible | workplace health and safety",1,0.01
"whether partial loe benefits from august 30, 2023 should be awarded",1,0.01
"so of retail salesperson identified with permanent restrictions",1,0.01
"72‑month final review timing considered",1,0.01
"final loe determination remitted to the wsib",1,0.01
"partial loe benefits granted and final review remitted | workplace health and safety",1,0.01
"mootness",1,0.01
"whether a employer is entitled to sief where not the responsible employer",1,0.01
"responsible employer determined as prior employer following accident date adjustment",1,0.01
"a employer’s sief issue no longer justiciable",1,0.01
"prior employer may seek sief at the wsib",1,0.01
"sief issue moot",1,0.01
"whether significant deterioration established without a significant new incident under policy 15-02-05",1,0.01
"clinical compatibility with compensable low back impairment at l5-s1",1,0.01
"causation on balance of probabilities, benefit of doubt under wsia s. 124(2)",1,0.01
"mri and neurological findings confirm worsening beyond 1996 baseline",1,0.01
"whether deterioration is permanent rather than a temporary flare-up",1,0.01
"comparison of range of motion and imaging since 1996 baseline",1,0.01
"maximum medical recovery previously reached, later worsening sustained with mri evidence",1,0.01
"non-economic loss redetermination warranted under wsia framework",1,0.01
"redetermination ordered | workplace health and safety",1,0.01
"future economic loss",1,0.01
"does significant deterioration with nel redetermination justify fel review under policy 18-04-20",1,0.01
"quantum of benefits beyond october 2020 to be reassessed",1,0.01
"link between impairment worsening and employability established",1,0.01
"board to determine type and duration of benefits",1,0.01
"reassessment directed | workplace health and safety",1,0.01
"sequential issues",1,0.01
"whether tribunal may address health care as a sequential issue following entitlement",1,0.01
"necessity for treatment that is necessary, appropriate, and sufficient under wsia",1,0.01
"specialist assessment to develop treatment plan for deterioration",1,0.01
"broad and purposive view of final decisions confirmed",1,0.01
"treatment and specialist assessment ordered",1,0.01
"whether the employer has entitlement to 50% sief cost relief",1,0.01
"wsia, s. 98 and policy 14-05-03 applied",1,0.01
"significant contribution test referenced",1,0.01
"irritant contact dermatitis found work-related",1,0.01
"no pre-existing condition prolonging or enhancing disability established",1,0.01
"characterisation of accident and condition considered",1,0.01
"whether valid medical evidence established a predisposition",1,0.01
"patch tests negative for allergic contact dermatitis",1,0.01
"childhood asthma history insufficient to prove genetic predisposition",1,0.01
"medical discussion paper considered but not conclusive",1,0.01
"balance of probabilities applied with emphasis on direct worker-specific reports",1,0.01
"assertions without direct medical evidence insufficient",1,0.01
"pensions and social benefits",1,0.01
"whether partial loe correctly calculated and suitable occupation appropriate",1,0.01
"wsia, ss. 32, 40, 43 considered",1,0.01
"suitability of small electronics assembler and other sedentary positions confirmed",1,0.01
"nexus between work injury and wage loss required",1,0.01
"worker capable of sedentary work with restrictions",1,0.01
"partial loe quantum from specified dates confirmed | pensions and social benefits",1,0.01
"non‑economic loss",1,0.01
"left ankle impairment",1,0.01
"whether 6% nel for left ankle should be increased",1,0.01
"wsia, s. 46, ama guides 3rd ed. rev., tables 37, 38, 46 applied",1,0.01
"no significant deterioration shown under wsia s. 47(9)(10) and policy 18‑05‑09",1,0.01
"range of motion findings support original rating",1,0.01
"nel confirmed | pensions and social benefits",1,0.01
"ptsd permanence",1,0.01
"whether permanent impairment exists for psychotraumatic disability",1,0.01
"wsia, s. 124(2) benefit of the doubt addressed",1,0.01
"clinical psychologist’s reports show remission and no dsm‑5 diagnosis at discharge",1,0.01
"no treatment since early 2018",1,0.01
"worker reports adjustment and functionality",1,0.01
"no ongoing entitlement",1,0.01
"permanent impairment denied | pensions and social benefits",1,0.01
"additional injuries and health care",1,0.01
"whether entitlement exists for low back, neck soft tissue, right ankle osteochondral defect, bunions, orthotics, tens, and shoulders",1,0.01
"low back and neck soft tissue accepted, permanency to wsib",1,0.01
"right ankle osteochondral defect accepted",1,0.01
"bunions and additional orthotics not related to altered pathology",1,0.01
"tens request moot",1,0.01
"right shoulder denied",1,0.01
"left shoulder and right knee resolved",1,0.01
"mixed entitlement granted and denied",1,0.01
"degrés",1,0.01
"correctness of 10% whole person impairment",1,0.01
"ama guides, 3rd ed. revised applied",1,0.01
"whether range of motion and table 53 ratings properly combined",1,0.01
"no separate table 49 rating where no nerve root impairment",1,0.01
"10% nel confirmed | workplace health and safety",1,0.01
"wsib policy 15-04-03 criteria",1,0.01
"whether pain degree is inconsistent with organic findings",1,0.01
"evidence of l5-s1 and non‑compensable l4-l5 conditions considered",1,0.01
"“no stacking” principle under policy 15-04-04 noted",1,0.01
"cpd entitlement denied | workplace health and safety",1,0.01
"suitability of covid‑19 screener position",1,0.01
"wsia s. 40 duties and accommodations assessed",1,0.01
"consistent with functional abilities, sedentary with sit‑stand options, graduated hours offered",1,0.01
"refusal of suitable work examined against medical evidence",1,0.01
"position found suitable | workplace health and safety",1,0.01
"wsia s. 43 entitlement and quantum",1,0.01
"whether wage loss caused by injury or refusal of suitable work",1,0.01
"partial loe from august 25, 2020 to april 9, 2021, and june 28 to september 27, 2021",1,0.01
"no loe after september 27, 2021",1,0.01
"partial loe confirmed to set dates, post‑september 27, 2021 denied",1,0.01
"access to worker file",1,0.01
"wsia ss. 58, 59",1,0.01
"whether the employer has a right of access under ss. 58 and 59",1,0.01
"appeal from access review representative",1,0.01
"access to documents in worker’s wsib file to assess evidence and prepare arguments",1,0.01
"tribunal confirms statutory access framework",1,0.01
"employer entitled to access where conditions met",1,0.01
"issue in dispute",1,0.01
"whether requested documents are relevant to ongoing entitlement to loe benefits",1,0.01
"claim for ptsd, correspondence, board memos, medical reports, rtw services",1,0.01
"materials provide background to adjudication and treatment",1,0.01
"parties and adjudicator require complete understanding of earnings loss factors",1,0.01
"relevance established",1,0.01
"sensitive or prejudicial information",1,0.01
"exclusions",1,0.01
"whether sensitive or prejudicial nature outweighs relevance",1,0.01
"blanket objection to release of all documents",1,0.01
"no specific documents identified for removal",1,0.01
"reference to decision no. 891/11 on excluding marginally relevant information",1,0.01
"“no access” section maintained by wsib",1,0.01
"full access otherwise ordered",1,0.01
"access granted with limited exclusions | workplace health and safety",1,0.01
"wsia s. 59(6)",1,0.01
"whether further restrictions beyond statutory confidentiality should be imposed",1,0.01
"employer and representatives must anonymize any further disclosure",1,0.01
"use limited to workplace safety and insurance purposes",1,0.01
"no evidence of confirmed breaches to justify added conditions under s. 59(5)",1,0.01
"statutory safeguards sufficient",1,0.01
"access granted without additional conditions",1,0.01
"retroactivity and notice",1,0.01
"authority under wsia and policy 14-02-06 to impose a retroactive premium adjustment on an associated employer without notice",1,0.01
"interpretation of “employer” in s. 135 and opm policies 12-01-01 and 14-01-06",1,0.01
"use of another employer’s audit notification date unreasonable",1,0.01
"retroactive adjustment rescinded",1,0.01
"whether a retroactive premium adjustment may correct a wsib error",1,0.01
"policy 14-02-06 scope of wsib error limited to claim count or claim costs",1,0.01
"incorrect premium rate assignment unrelated to disclosure or misconduct",1,0.01
"no onus on employer to identify wsib errors",1,0.01
"retroactive premium adjustment not authorized",1,0.01
"reasons and discretion",1,0.01
"did the aro reasonably exercise discretion and provide adequate reasons for three‑year retroactivity?",1,0.01
"guidance from decision no. 1402/02 and decision no. 1760/03 on factors for retroactivity",1,0.01
"failure to consider diligence, hardship, detrimental reliance",1,0.01
"inadequate reasons provided",1,0.01
"tribunal authority",1,0.01
"whether the tribunal has jurisdiction to determine if the retroactive adjustment was due to a wsib administrative error",1,0.01
"aro made specific findings on the issue enabling appellate review under wsia s. 126(1) and applicable policies",1,0.01
"tribunal jurisdiction confirmed",1,0.01
"wsia, s. 98",1,0.01
"entitlement to cost relief under sief denied",1,0.01
"policy 14-05-03 criteria applied to pre-existing conditions",1,0.01
"pre-existing condition must cause or enhance disability",1,0.01
"no other pre-existing condition shown to prolong recovery",1,0.01
"employer’s appeal on sief entitlement",1,0.01
"policy 14-05-03",1,0.01
"does acceptance of chondromalacia and meniscal tear as work-related preclude sief relief?",1,0.01
"chondromalacia found pre-existing but accepted as permanent aggravation",1,0.01
"meniscal damage accepted as compensable",1,0.01
"fully compensable conditions not eligible for cost transfer",1,0.01
"cost relief inconsistent with allowed entitlement",1,0.01
"sief matrix",1,0.01
"how should the severity of the accident be characterized for sief purposes?",1,0.01
"pivoting transfer with twisting and immediate locking",1,0.01
"mechanism consistent with acute meniscal tear per knee conditions and disability",1,0.01
"accident not minor as suggested",1,0.01
"matrix assessment unnecessary given denial of entitlement",1,0.01
"entitlement to health care",1,0.01
"are the medial meniscus tear and surgery causally related to a chance event under wsia s. 2",1,0.01
"mri and operative report found compatible with mechanism of injury",1,0.01
"no persuasive medical evidence of pre-existing condition causing the tear",1,0.01
"entitlement for surgical repair confirmed | workplace health and safety",1,0.01
"is the acl injury and reconstruction significantly contributed to by the workplace accident per wsiat jurisprudence",1,0.01
"operative and mri findings consistent with twisting injury on uneven ground",1,0.01
"no medical opinion linking acl insufficiency to prior incident",1,0.01
"entitlement for acl repair confirmed | workplace health and safety",1,0.01
"is the employer entitled to 50% sief relief under policy 14-05-03",1,0.01
"medical evidence does not show pre-accident disability prolonging or enhancing recovery",1,0.01
"accident severity minor but no proof of underlying condition affecting outcome or duration",1,0.01
"sief relief denied",1,0.01
"wsia, s. 13",1,0.01
"whether bilateral hearing loss is caused by the workplace head injury",1,0.01
"compatibility of diagnosis with accident history under policy 11-01-01",1,0.01
"audiology evidence shows stable mild to moderate bilateral loss pre and post accident",1,0.01
"otolaryngology opinions attribute loss to occupational noise and presbycusis",1,0.01
"whether 15% whole person impairment rating for head injury was appropriate",1,0.01
"ama guides criteria applied at mmr",1,0.01
"largest brain disorder impairment value governs",1,0.01
"complex cerebral and emotional disturbances rated at 30% each",1,0.01
"language 5%, episodic neurological 5%, sleep and arousal 10%",1,0.01
"nel increased to 30%",1,0.01
"wsia, significant contribution test applied to intramedullary lesion",1,0.01
"whether mri reference alone establishes causal connection to workplace accident",1,0.01
"specialists’ reports focus on contusion and exacerbation of pre‑existing arthritis",1,0.01
"lack of corroborating medical documentation for lesion",1,0.01
"workplace injury not a significant contributing factor",1,0.01
"definition of suitable work under board policy, safe and consistent with functional abilities",1,0.01
"was the accommodated pre‑injury production line job suitable and safe at layoff?",1,0.01
"sedentary‑level restrictions and need for micro‑breaks",1,0.01
"clinical reporting notes safety concerns and mismatch with job demands",1,0.01
"modified work found unsuitable | workplace health and safety",1,0.01
"decision making",1,0.01
"policy 11‑01‑03 merits and justice considered",1,0.01
"does the benefit of the doubt apply where evidence is not approximately equal?",1,0.01
"medical evidence not in equipoise regarding intramedullary lesion",1,0.01
"mri the only reference, no supporting specialist diagnosis",1,0.01
"principle not engaged",1,0.01
"benefit of doubt not applied",1,0.01