case_id,citation,decision_date,has_termination,has_discipline,has_retaliation,has_coercion,has_privacy_violation,has_exclusion,has_mental_stress,claim_to_termination_days,timeline_flags
2020onwsiat1,2020 ONWSIAT 1 (CanLII),2020-01-02,0,0,0,0,0,0,0,,
2020onwsiat2,2020 ONWSIAT 2 (CanLII),2020-01-02,0,0,0,0,0,0,0,,
2020onwsiat3,2020 ONWSIAT 3 (CanLII),2020-01-02,0,0,0,0,0,0,0,,
2020onwsiat4,2020 ONWSIAT 4 (CanLII),2020-01-02,0,0,0,0,0,0,0,,
2020onwsiat5,2020 ONWSIAT 5 (CanLII),2020-01-02,0,0,0,0,0,0,0,,
2020onwsiat6,2020 ONWSIAT 6 (CanLII),2020-01-02,0,0,0,0,0,0,0,,
2020onwsiat7,2020 ONWSIAT 7 (CanLII),2020-01-02,0,0,0,0,0,0,0,,
2020onwsiat8,2020 ONWSIAT 8 (CanLII),2020-01-03,0,0,0,0,0,0,0,,
2020onwsiat9,2020 ONWSIAT 9 (CanLII),2020-01-03,0,0,0,0,0,0,0,,
2020onwsiat10,2020 ONWSIAT 10 (CanLII),2020-01-06,0,0,0,0,0,0,0,,
2020onwsiat11,2020 ONWSIAT 11 (CanLII),2020-01-06,0,0,0,0,0,0,0,,
2020onwsiat12,2020 ONWSIAT 12 (CanLII),2020-01-06,0,0,0,0,0,0,0,,
2020onwsiat13,2020 ONWSIAT 13 (CanLII),2020-01-06,0,0,0,0,0,0,0,,
2020onwsiat14,2020 ONWSIAT 14 (CanLII),2020-01-06,0,0,0,0,0,0,0,,
2020onwsiat15,2020 ONWSIAT 15 (CanLII),2020-01-06,0,0,0,0,0,0,0,,
2020onwsiat16,2020 ONWSIAT 16 (CanLII),2020-01-06,0,0,0,0,0,0,0,,
2020onwsiat17,2020 ONWSIAT 17 (CanLII),2020-01-06,0,0,0,0,0,0,0,,
2020onwsiat18,2020 ONWSIAT 18 (CanLII),2020-01-06,0,0,0,0,0,0,1,,
2020onwsiat19,2020 ONWSIAT 19 (CanLII),2020-01-07,0,0,0,0,0,0,0,,
2020onwsiat20,2020 ONWSIAT 20 (CanLII),2020-01-07,0,0,0,0,0,0,0,,
2020onwsiat21,2020 ONWSIAT 21 (CanLII),2020-01-07,0,0,0,0,0,0,0,,
2020onwsiat22,2020 ONWSIAT 22 (CanLII),2020-01-07,0,0,0,0,0,0,0,,
2020onwsiat23,2020 ONWSIAT 23 (CanLII),2020-01-07,0,0,0,0,0,0,1,,
2020onwsiat24,2020 ONWSIAT 24 (CanLII),2020-01-07,0,0,0,0,0,0,0,,
2020onwsiat25,2020 ONWSIAT 25 (CanLII),2020-01-07,0,0,0,0,0,0,0,,
2020onwsiat26,2020 ONWSIAT 26 (CanLII),2020-01-07,0,0,0,0,0,0,0,,
2020onwsiat27,2020 ONWSIAT 27 (CanLII),2020-01-07,0,0,0,0,0,0,0,,
2020onwsiat28,2020 ONWSIAT 28 (CanLII),2020-01-07,0,0,0,0,0,0,0,,
2020onwsiat29,2020 ONWSIAT 29 (CanLII),2020-01-07,0,0,0,0,0,0,1,,
2020onwsiat30,2020 ONWSIAT 30 (CanLII),2020-01-07,0,0,0,0,0,0,0,,
2020onwsiat31,2020 ONWSIAT 31 (CanLII),2020-01-07,0,0,0,0,0,0,0,,
2020onwsiat32,2020 ONWSIAT 32 (CanLII),2020-01-08,0,0,0,0,0,0,0,,
2020onwsiat33,2020 ONWSIAT 33 (CanLII),2020-01-08,0,0,0,0,0,0,0,,
2020onwsiat34,2020 ONWSIAT 34 (CanLII),2020-01-08,0,0,0,0,0,0,0,,
2020onwsiat35,2020 ONWSIAT 35 (CanLII),2020-01-08,0,0,0,0,0,0,0,,
2020onwsiat36,2020 ONWSIAT 36 (CanLII),2020-01-08,0,0,0,0,0,0,0,,
2020onwsiat37,2020 ONWSIAT 37 (CanLII),2020-01-08,0,0,0,0,0,0,1,,
2020onwsiat38,2020 ONWSIAT 38 (CanLII),2020-01-08,0,0,0,0,0,0,0,,
2020onwsiat39,2020 ONWSIAT 39 (CanLII),2020-01-08,0,0,0,0,0,0,0,,
2020onwsiat40,2020 ONWSIAT 40 (CanLII),2020-01-09,0,0,0,0,0,0,0,,
2020onwsiat41,2020 ONWSIAT 41 (CanLII),2020-01-08,0,0,0,0,0,0,0,,
2020onwsiat42,2020 ONWSIAT 42 (CanLII),2020-01-08,0,0,0,0,0,0,0,,
2020onwsiat43,2020 ONWSIAT 43 (CanLII),2020-01-09,0,0,0,0,0,0,0,,
2020onwsiat44,2020 ONWSIAT 44 (CanLII),2020-01-09,0,0,0,0,0,0,0,,
2020onwsiat45,2020 ONWSIAT 45 (CanLII),2020-01-09,0,0,0,0,0,0,0,,
2020onwsiat46,2020 ONWSIAT 46 (CanLII),2020-01-09,0,0,0,0,0,0,0,,
2020onwsiat47,2020 ONWSIAT 47 (CanLII),2020-01-09,0,0,0,0,0,0,0,,
2020onwsiat48,2020 ONWSIAT 48 (CanLII),2020-01-09,0,0,0,0,0,0,0,,
2020onwsiat49,2020 ONWSIAT 49 (CanLII),2020-01-09,0,0,0,0,0,0,0,,
2020onwsiat50,2020 ONWSIAT 50 (CanLII),2020-01-09,0,0,0,0,0,0,0,,
2020onwsiat51,2020 ONWSIAT 51 (CanLII),2020-01-09,0,0,0,0,0,0,0,,
2020onwsiat52,2020 ONWSIAT 52 (CanLII),2020-01-09,0,0,0,0,0,0,0,,
2020onwsiat53,2020 ONWSIAT 53 (CanLII),2020-01-09,0,0,0,0,0,0,0,,
2020onwsiat54,2020 ONWSIAT 54 (CanLII),2020-01-09,0,0,0,0,0,0,0,,
2020onwsiat55,2020 ONWSIAT 55 (CanLII),2020-01-09,0,0,0,0,0,0,0,,
2020onwsiat56,2020 ONWSIAT 56 (CanLII),2020-01-10,0,0,0,0,0,0,0,,
2020onwsiat57,2020 ONWSIAT 57 (CanLII),2020-01-10,1,0,0,0,0,0,0,,
2020onwsiat58,2020 ONWSIAT 58 (CanLII),2020-01-10,0,0,0,0,0,0,0,,
2020onwsiat59,2020 ONWSIAT 59 (CanLII),2020-01-10,0,0,0,0,0,0,0,,
2020onwsiat60,2020 ONWSIAT 60 (CanLII),2020-01-10,0,0,0,0,0,0,0,,
2020onwsiat61,2020 ONWSIAT 61 (CanLII),2020-01-10,0,0,0,0,0,0,0,,
2020onwsiat62,2020 ONWSIAT 62 (CanLII),2020-01-10,0,0,0,0,0,0,0,,
2020onwsiat63,2020 ONWSIAT 63 (CanLII),2020-01-10,0,0,0,0,0,0,1,,
2020onwsiat64,2020 ONWSIAT 64 (CanLII),2020-01-10,0,0,0,0,0,0,0,,
2020onwsiat65,2020 ONWSIAT 65 (CanLII),2020-01-10,0,0,0,0,0,0,0,,
2020onwsiat66,2020 ONWSIAT 66 (CanLII),2020-01-10,0,0,0,0,0,0,0,,
2020onwsiat67,2020 ONWSIAT 67 (CanLII),2020-01-10,0,0,0,0,0,0,0,,
2020onwsiat68,2020 ONWSIAT 68 (CanLII),2020-01-10,0,0,0,0,0,0,0,,
2020onwsiat69,2020 ONWSIAT 69 (CanLII),2020-01-13,0,0,0,0,0,0,0,,
2020onwsiat70,2020 ONWSIAT 70 (CanLII),2020-01-13,0,0,0,0,0,0,0,,
2020onwsiat71,2020 ONWSIAT 71 (CanLII),2020-01-13,0,0,0,0,0,0,0,,
2020onwsiat72,2020 ONWSIAT 72 (CanLII),2020-01-13,0,0,0,0,0,0,0,,
2020onwsiat73,2020 ONWSIAT 73 (CanLII),2020-01-13,0,0,0,0,0,0,0,,
2020onwsiat74,2020 ONWSIAT 74 (CanLII),2020-01-13,0,0,0,0,0,0,0,,
2020onwsiat75,2020 ONWSIAT 75 (CanLII),2020-01-13,0,0,0,0,0,0,0,,
2020onwsiat76,2020 ONWSIAT 76 (CanLII),2020-01-13,0,0,0,0,0,0,0,,
2020onwsiat77,2020 ONWSIAT 77 (CanLII),2020-01-13,0,0,0,0,0,0,0,,
2020onwsiat78,2020 ONWSIAT 78 (CanLII),2020-01-14,0,0,0,0,0,0,0,,
2020onwsiat79,2020 ONWSIAT 79 (CanLII),2020-01-14,0,0,0,0,0,0,0,,
2020onwsiat80,2020 ONWSIAT 80 (CanLII),2020-01-14,0,0,0,0,0,0,0,,
2020onwsiat81,2020 ONWSIAT 81 (CanLII),2020-01-14,0,0,0,0,0,0,0,,
2020onwsiat82,2020 ONWSIAT 82 (CanLII),2020-01-14,0,0,0,0,0,0,0,,
2020onwsiat83,2020 ONWSIAT 83 (CanLII),2020-01-14,0,0,0,0,0,0,0,,
2020onwsiat84,2020 ONWSIAT 84 (CanLII),2020-01-14,0,0,0,0,0,0,0,,
2020onwsiat85,2020 ONWSIAT 85 (CanLII),2020-01-14,0,0,0,0,0,0,0,,
2020onwsiat86,2020 ONWSIAT 86 (CanLII),2020-01-14,0,0,0,0,0,0,0,,
2020onwsiat87,2020 ONWSIAT 87 (CanLII),2020-01-14,0,0,0,0,0,0,0,,
2020onwsiat88,2020 ONWSIAT 88 (CanLII),2020-01-14,0,0,0,0,0,0,0,,
2020onwsiat89,2020 ONWSIAT 89 (CanLII),2020-01-14,0,0,0,0,0,0,0,,
2020onwsiat90,2020 ONWSIAT 90 (CanLII),2020-01-14,0,0,0,0,0,0,0,,
2020onwsiat91,2020 ONWSIAT 91 (CanLII),2020-01-14,0,0,0,0,0,0,0,,
2020onwsiat92,2020 ONWSIAT 92 (CanLII),2020-01-15,0,0,0,0,0,0,0,,
2020onwsiat93,2020 ONWSIAT 93 (CanLII),2020-01-15,0,0,0,0,0,0,0,,
2020onwsiat94,2020 ONWSIAT 94 (CanLII),2020-01-15,0,0,0,0,0,0,0,,
2020onwsiat95,2020 ONWSIAT 95 (CanLII),2020-01-15,0,0,0,0,0,0,0,,
2020onwsiat96,2020 ONWSIAT 96 (CanLII),2020-01-15,0,0,0,0,0,0,0,,
2020onwsiat97,2020 ONWSIAT 97 (CanLII),2020-01-15,0,0,0,0,0,0,0,,
2020onwsiat98,2020 ONWSIAT 98 (CanLII),2020-01-15,0,0,0,0,0,0,0,,
2020onwsiat99,2020 ONWSIAT 99 (CanLII),2020-01-15,0,0,0,0,0,0,0,,
2020onwsiat100,2020 ONWSIAT 100 (CanLII),2020-01-15,0,0,0,0,0,0,0,,
2020onwsiat101,2020 ONWSIAT 101 (CanLII),2020-01-15,0,0,0,0,0,0,0,,
2020onwsiat102,2020 ONWSIAT 102 (CanLII),2020-01-15,0,0,0,0,0,0,0,,
2020onwsiat103,2020 ONWSIAT 103 (CanLII),2020-01-15,0,0,0,0,0,0,0,,
2020onwsiat104,2020 ONWSIAT 104 (CanLII),2020-01-16,0,0,0,0,0,0,0,,
2020onwsiat105,2020 ONWSIAT 105 (CanLII),2020-01-16,0,0,0,0,0,0,0,,
2020onwsiat106,2020 ONWSIAT 106 (CanLII),2020-01-16,0,0,0,0,0,0,0,,
2020onwsiat107,2020 ONWSIAT 107 (CanLII),2020-01-16,0,0,0,0,0,0,0,,
2020onwsiat108,2020 ONWSIAT 108 (CanLII),2020-01-16,0,0,0,0,0,0,0,,
2020onwsiat109,2020 ONWSIAT 109 (CanLII),2020-01-16,0,0,0,0,0,0,0,,
2020onwsiat110,2020 ONWSIAT 110 (CanLII),2020-01-16,0,0,0,0,0,0,0,,
2020onwsiat111,2020 ONWSIAT 111 (CanLII),2020-01-16,0,0,0,0,0,0,0,,
2020onwsiat112,2020 ONWSIAT 112 (CanLII),2020-01-16,0,0,0,0,0,0,0,,
2020onwsiat113,2020 ONWSIAT 113 (CanLII),2020-01-16,0,0,0,0,0,0,0,,
2020onwsiat114,2020 ONWSIAT 114 (CanLII),2020-01-16,0,0,0,0,0,0,0,,
2020onwsiat115,2020 ONWSIAT 115 (CanLII),2020-01-16,0,0,0,0,0,0,0,,
2020onwsiat116,2020 ONWSIAT 116 (CanLII),2020-01-16,0,0,0,0,0,0,0,,
2020onwsiat117,2020 ONWSIAT 117 (CanLII),2020-01-16,0,0,0,0,0,0,0,,
2020onwsiat118,2020 ONWSIAT 118 (CanLII),2020-01-16,0,0,0,0,0,0,0,,
2020onwsiat119,2020 ONWSIAT 119 (CanLII),2020-01-16,0,0,0,0,0,0,0,,
2020onwsiat120,2020 ONWSIAT 120 (CanLII),2020-01-16,0,0,0,0,0,0,0,,
2020onwsiat121,2020 ONWSIAT 121 (CanLII),2020-01-17,0,0,0,0,0,0,0,,
2020onwsiat122,2020 ONWSIAT 122 (CanLII),2020-01-17,0,0,0,0,0,0,0,,
2020onwsiat123,2020 ONWSIAT 123 (CanLII),2020-01-17,0,0,0,0,0,0,0,,
2020onwsiat124,2020 ONWSIAT 124 (CanLII),2020-01-17,0,0,0,0,0,0,0,,
2020onwsiat125,2020 ONWSIAT 125 (CanLII),2020-01-17,0,0,0,0,0,0,0,,
2020onwsiat126,2020 ONWSIAT 126 (CanLII),2020-01-17,0,0,0,0,0,0,0,,
2020onwsiat127,2020 ONWSIAT 127 (CanLII),2020-01-17,0,0,0,0,0,0,0,,
2020onwsiat128,2020 ONWSIAT 128 (CanLII),2020-01-17,0,0,0,0,0,0,0,,
2020onwsiat129,2020 ONWSIAT 129 (CanLII),2020-01-17,0,0,0,0,0,0,0,,
2020onwsiat130,2020 ONWSIAT 130 (CanLII),2020-01-17,0,0,0,0,0,0,1,,
2020onwsiat131,2020 ONWSIAT 131 (CanLII),2020-01-17,0,0,0,0,0,0,0,,
2020onwsiat132,2020 ONWSIAT 132 (CanLII),2020-01-17,0,0,0,0,0,0,0,,
2020onwsiat133,2020 ONWSIAT 133 (CanLII),2020-01-17,0,0,0,0,0,0,0,,
2020onwsiat134,2020 ONWSIAT 134 (CanLII),2020-01-17,0,0,0,0,0,0,0,,
2020onwsiat135,2020 ONWSIAT 135 (CanLII),2020-01-17,0,0,0,0,0,0,0,,
2020onwsiat136,2020 ONWSIAT 136 (CanLII),2020-01-17,0,0,0,0,0,0,0,,
2020onwsiat137,2020 ONWSIAT 137 (CanLII),2020-01-17,0,0,0,0,0,0,0,,
2020onwsiat138,2020 ONWSIAT 138 (CanLII),2020-01-17,0,0,0,0,0,0,0,,
2020onwsiat139,2020 ONWSIAT 139 (CanLII),2020-01-20,0,0,0,0,0,0,0,,
2020onwsiat140,2020 ONWSIAT 140 (CanLII),2020-01-20,0,0,0,0,0,0,1,,
2020onwsiat141,2020 ONWSIAT 141 (CanLII),2020-01-20,0,0,0,0,0,0,0,,
2020onwsiat142,2020 ONWSIAT 142 (CanLII),2020-01-20,0,0,0,0,0,0,0,,
2020onwsiat143,2020 ONWSIAT 143 (CanLII),2020-01-20,0,0,0,0,0,0,0,,
2020onwsiat144,2020 ONWSIAT 144 (CanLII),2020-01-20,0,0,0,0,0,0,0,,
2020onwsiat145,2020 ONWSIAT 145 (CanLII),2020-01-20,0,0,0,0,0,0,0,,
2020onwsiat146,2020 ONWSIAT 146 (CanLII),2020-01-20,0,0,0,0,0,0,0,,
2020onwsiat147,2020 ONWSIAT 147 (CanLII),2020-01-20,0,0,0,0,0,0,0,,
2020onwsiat148,2020 ONWSIAT 148 (CanLII),2020-01-20,0,0,0,0,0,0,0,,
2020onwsiat149,2020 ONWSIAT 149 (CanLII),2020-01-20,0,0,0,0,0,0,0,,
2020onwsiat150,2020 ONWSIAT 150 (CanLII),2020-01-20,0,0,0,0,0,0,0,,
2020onwsiat151,2020 ONWSIAT 151 (CanLII),2020-01-20,0,0,0,0,0,0,0,,
2020onwsiat152,2020 ONWSIAT 152 (CanLII),2020-01-20,0,0,0,0,0,0,0,,
2020onwsiat153,2020 ONWSIAT 153 (CanLII),2020-01-20,0,0,0,0,0,0,0,,
2020onwsiat154,2020 ONWSIAT 154 (CanLII),2020-01-20,0,0,0,0,0,0,0,,
2020onwsiat155,2020 ONWSIAT 155 (CanLII),2020-01-20,0,0,0,0,0,0,0,,
2020onwsiat156,2020 ONWSIAT 156 (CanLII),2020-01-20,0,0,0,0,0,0,0,,
2020onwsiat157,2020 ONWSIAT 157 (CanLII),2020-01-20,0,0,0,0,0,0,0,,
2020onwsiat158,2020 ONWSIAT 158 (CanLII),2020-01-20,0,0,0,0,0,0,0,,
2020onwsiat159,2020 ONWSIAT 159 (CanLII),2020-01-20,0,0,0,0,0,0,0,,
2020onwsiat160,2020 ONWSIAT 160 (CanLII),2020-01-20,0,0,0,0,0,0,0,,
2020onwsiat161,2020 ONWSIAT 161 (CanLII),2020-01-20,0,0,0,0,0,0,0,,
2020onwsiat162,2020 ONWSIAT 162 (CanLII),2020-01-21,0,0,0,0,0,0,0,,
2020onwsiat163,2020 ONWSIAT 163 (CanLII),2020-01-21,0,0,0,0,0,0,1,,
2020onwsiat164,2020 ONWSIAT 164 (CanLII),2020-01-21,0,0,0,0,0,0,0,,
2020onwsiat165,2020 ONWSIAT 165 (CanLII),2020-01-21,0,0,0,0,0,0,0,,
2020onwsiat166,2020 ONWSIAT 166 (CanLII),2020-01-21,0,0,0,0,0,0,0,,
2020onwsiat167,2020 ONWSIAT 167 (CanLII),2020-01-21,0,0,0,0,0,0,0,,
2020onwsiat168,2020 ONWSIAT 168 (CanLII),2020-01-21,0,0,0,0,0,0,0,,
2020onwsiat169,2020 ONWSIAT 169 (CanLII),2020-01-21,0,0,0,0,0,0,0,,
2020onwsiat170,2020 ONWSIAT 170 (CanLII),2020-01-21,0,0,0,0,0,0,0,,
2020onwsiat171,2020 ONWSIAT 171 (CanLII),2020-01-21,0,0,0,0,0,0,1,,
2020onwsiat172,2020 ONWSIAT 172 (CanLII),2020-01-21,0,0,0,0,0,0,0,,
2020onwsiat173,2020 ONWSIAT 173 (CanLII),2020-01-22,0,0,0,0,0,0,0,,
2020onwsiat174,2020 ONWSIAT 174 (CanLII),2020-01-22,0,0,0,0,0,0,0,,
2020onwsiat175,2020 ONWSIAT 175 (CanLII),2020-01-22,0,0,0,0,0,0,0,,
2020onwsiat176,2020 ONWSIAT 176 (CanLII),2020-01-22,0,0,0,0,0,0,0,,
2020onwsiat177,2020 ONWSIAT 177 (CanLII),2020-01-22,0,0,0,0,0,0,0,,
2020onwsiat178,2020 ONWSIAT 178 (CanLII),2020-01-22,0,0,0,0,0,0,0,,
2020onwsiat179,2020 ONWSIAT 179 (CanLII),2020-01-22,0,0,0,0,0,0,0,,
2020onwsiat180,2020 ONWSIAT 180 (CanLII),2020-01-22,0,0,0,0,0,0,0,,
2020onwsiat181,2020 ONWSIAT 181 (CanLII),2020-01-22,0,0,0,0,0,0,0,,
2020onwsiat182,2020 ONWSIAT 182 (CanLII),2020-01-22,0,0,0,0,0,0,0,,
2020onwsiat183,2020 ONWSIAT 183 (CanLII),2020-01-22,0,0,0,0,0,0,0,,
2020onwsiat184,2020 ONWSIAT 184 (CanLII),2020-01-22,0,0,0,0,0,0,0,,
2020onwsiat185,2020 ONWSIAT 185 (CanLII),2020-01-23,0,0,0,0,0,0,0,,
2020onwsiat186,2020 ONWSIAT 186 (CanLII),2020-01-23,0,0,0,0,0,0,0,,
2020onwsiat187,2020 ONWSIAT 187 (CanLII),2020-01-23,0,0,0,0,0,0,0,,
2020onwsiat188,2020 ONWSIAT 188 (CanLII),2020-01-23,0,0,0,0,0,0,0,,
2020onwsiat189,2020 ONWSIAT 189 (CanLII),2020-01-23,0,0,0,0,0,0,0,,
2020onwsiat190,2020 ONWSIAT 190 (CanLII),2020-01-23,0,0,0,0,0,0,0,,
2020onwsiat191,2020 ONWSIAT 191 (CanLII),2020-01-23,0,0,0,0,0,0,0,,
2020onwsiat192,2020 ONWSIAT 192 (CanLII),2020-01-23,0,0,0,0,0,0,1,,
2020onwsiat193,2020 ONWSIAT 193 (CanLII),2020-01-24,0,0,0,0,0,0,1,,
2020onwsiat194,2020 ONWSIAT 194 (CanLII),2020-01-24,0,0,0,0,0,0,0,,
2020onwsiat195,2020 ONWSIAT 195 (CanLII),2020-01-24,0,0,0,0,0,0,0,,
2020onwsiat196,2020 ONWSIAT 196 (CanLII),2020-01-24,0,0,0,0,0,0,0,,
2020onwsiat197,2020 ONWSIAT 197 (CanLII),2020-01-24,0,0,0,0,0,0,0,,
2020onwsiat198,2020 ONWSIAT 198 (CanLII),2020-01-24,0,0,0,0,0,0,0,,
2020onwsiat199,2020 ONWSIAT 199 (CanLII),2020-01-24,0,0,0,0,0,0,1,,
2020onwsiat200,2020 ONWSIAT 200 (CanLII),2020-01-24,0,0,0,0,0,0,0,,
2020onwsiat201,2020 ONWSIAT 201 (CanLII),2020-01-24,0,0,0,0,0,0,0,,
2020onwsiat202,2020 ONWSIAT 202 (CanLII),2020-01-24,0,0,0,0,0,0,0,,
2020onwsiat203,2020 ONWSIAT 203 (CanLII),2020-01-24,0,0,0,0,0,0,0,,
2020onwsiat204,2020 ONWSIAT 204 (CanLII),2020-01-24,0,0,0,0,0,0,0,,
2020onwsiat205,2020 ONWSIAT 205 (CanLII),2020-01-24,0,0,0,0,0,0,0,,
2020onwsiat206,2020 ONWSIAT 206 (CanLII),2020-01-24,0,0,0,0,0,0,0,,
2020onwsiat207,2020 ONWSIAT 207 (CanLII),2020-01-27,0,0,0,0,0,0,0,,
2020onwsiat208,2020 ONWSIAT 208 (CanLII),2020-01-27,1,0,0,0,0,0,0,,
2020onwsiat209,2020 ONWSIAT 209 (CanLII),2020-01-27,0,0,0,0,0,0,0,,
2020onwsiat210,2020 ONWSIAT 210 (CanLII),2020-01-27,0,0,0,0,0,0,0,,
2020onwsiat211,2020 ONWSIAT 211 (CanLII),2020-01-27,0,0,0,0,0,0,0,,
2020onwsiat212,2020 ONWSIAT 212 (CanLII),2020-01-27,0,0,0,0,0,0,0,,
2020onwsiat213,2020 ONWSIAT 213 (CanLII),2020-01-27,0,0,0,0,0,0,0,,
2020onwsiat214,2020 ONWSIAT 214 (CanLII),2020-01-27,0,0,0,0,0,0,0,,
2020onwsiat215,2020 ONWSIAT 215 (CanLII),2020-01-27,0,0,0,0,0,0,0,,
2020onwsiat216,2020 ONWSIAT 216 (CanLII),2020-01-27,0,0,0,0,0,0,0,,
2020onwsiat217,2020 ONWSIAT 217 (CanLII),2020-01-27,0,0,0,0,0,0,0,,
2020onwsiat218,2020 ONWSIAT 218 (CanLII),2020-01-28,0,0,0,0,0,0,0,,
2020onwsiat219,2020 ONWSIAT 219 (CanLII),2020-01-28,0,0,0,0,0,0,0,,
2020onwsiat220,2020 ONWSIAT 220 (CanLII),2020-01-28,0,0,0,0,0,0,0,,
2020onwsiat221,2020 ONWSIAT 221 (CanLII),2020-01-28,0,0,0,0,0,0,0,,
2020onwsiat222,2020 ONWSIAT 222 (CanLII),2020-01-28,0,0,0,0,0,0,0,,
2020onwsiat223,2020 ONWSIAT 223 (CanLII),2020-01-28,0,0,0,0,0,0,0,,
2020onwsiat224,2020 ONWSIAT 224 (CanLII),2020-01-28,0,0,0,0,0,0,0,,
2020onwsiat225,2020 ONWSIAT 225 (CanLII),2020-01-28,0,0,0,0,0,0,0,,
2020onwsiat226,2020 ONWSIAT 226 (CanLII),2020-01-28,0,0,0,0,0,0,0,,
2020onwsiat227,2020 ONWSIAT 227 (CanLII),2020-01-28,0,0,0,0,0,0,0,,
2020onwsiat228,2020 ONWSIAT 228 (CanLII),2020-01-28,0,0,0,0,0,0,0,,
2020onwsiat229,2020 ONWSIAT 229 (CanLII),2020-01-29,0,0,0,0,0,0,0,,
2020onwsiat230,2020 ONWSIAT 230 (CanLII),2020-01-29,0,0,0,0,0,0,0,,
2020onwsiat231,2020 ONWSIAT 231 (CanLII),2020-01-29,0,0,0,0,0,0,0,,
2020onwsiat232,2020 ONWSIAT 232 (CanLII),2020-01-29,0,0,0,0,0,0,0,,
2020onwsiat233,2020 ONWSIAT 233 (CanLII),2020-01-29,0,0,0,0,0,0,0,,
2020onwsiat234,2020 ONWSIAT 234 (CanLII),2020-01-29,0,0,0,0,0,0,0,,
2020onwsiat235,2020 ONWSIAT 235 (CanLII),2020-01-29,0,0,0,0,0,0,0,,
2020onwsiat236,2020 ONWSIAT 236 (CanLII),2020-01-29,0,0,0,0,0,0,0,,
2020onwsiat237,2020 ONWSIAT 237 (CanLII),2020-01-29,0,0,0,0,0,0,0,,
2020onwsiat238,2020 ONWSIAT 238 (CanLII),2020-01-30,0,0,0,0,0,0,0,,
2020onwsiat239,2020 ONWSIAT 239 (CanLII),2020-01-30,0,0,0,0,0,0,0,,
2020onwsiat240,2020 ONWSIAT 240 (CanLII),2020-01-30,0,0,0,0,0,0,0,,
2020onwsiat241,2020 ONWSIAT 241 (CanLII),2020-01-30,0,0,0,0,0,0,0,,
2020onwsiat242,2020 ONWSIAT 242 (CanLII),2020-01-30,0,0,0,0,0,0,0,,
2020onwsiat243,2020 ONWSIAT 243 (CanLII),2020-01-30,0,0,0,0,0,0,0,,
2020onwsiat244,2020 ONWSIAT 244 (CanLII),2020-01-30,0,0,0,0,0,0,0,,
2020onwsiat245,2020 ONWSIAT 245 (CanLII),2020-01-30,0,0,0,0,0,0,0,,
2020onwsiat246,2020 ONWSIAT 246 (CanLII),2020-01-31,0,0,0,0,0,0,0,,
2020onwsiat247,2020 ONWSIAT 247 (CanLII),2020-01-31,0,0,0,0,0,0,0,,
2020onwsiat248,2020 ONWSIAT 248 (CanLII),2020-01-31,0,0,0,0,0,0,0,,
2020onwsiat249,2020 ONWSIAT 249 (CanLII),2020-01-31,0,0,0,0,0,0,0,,
2020onwsiat250,2020 ONWSIAT 250 (CanLII),2020-01-31,0,0,0,0,0,0,0,,
2020onwsiat251,2020 ONWSIAT 251 (CanLII),2020-01-31,0,0,0,0,0,0,0,,
2020onwsiat252,2020 ONWSIAT 252 (CanLII),2020-01-31,0,0,0,0,0,0,0,,
2020onwsiat253,2020 ONWSIAT 253 (CanLII),2020-01-31,0,0,0,0,0,0,0,,
2020onwsiat254,2020 ONWSIAT 254 (CanLII),2020-01-31,0,0,0,0,0,0,0,,
2020onwsiat255,2020 ONWSIAT 255 (CanLII),2020-01-31,0,0,0,0,0,0,0,,
2020onwsiat256,2020 ONWSIAT 256 (CanLII),2020-01-31,0,0,0,0,0,0,0,,
2020onwsiat257,2020 ONWSIAT 257 (CanLII),2020-01-31,0,0,0,0,0,0,0,,
2020onwsiat258,2020 ONWSIAT 258 (CanLII),2020-01-31,0,0,0,0,0,0,0,,
2020onwsiat259,2020 ONWSIAT 259 (CanLII),2020-01-31,0,0,0,0,0,0,0,,
2020onwsiat260,2020 ONWSIAT 260 (CanLII),2020-01-31,0,0,0,0,0,0,0,,
2020onwsiat261,2020 ONWSIAT 261 (CanLII),2020-01-31,0,0,0,0,0,0,0,,
2020onwsiat262,2020 ONWSIAT 262 (CanLII),2020-01-31,0,0,0,0,0,0,0,,
2020onwsiat263,2020 ONWSIAT 263 (CanLII),2020-02-03,0,0,0,0,0,0,0,,
2020onwsiat264,2020 ONWSIAT 264 (CanLII),2020-02-03,0,0,0,0,0,0,0,,
2020onwsiat265,2020 ONWSIAT 265 (CanLII),2020-02-03,0,0,0,0,0,0,0,,
2020onwsiat266,2020 ONWSIAT 266 (CanLII),2020-02-03,0,0,0,0,0,0,0,,
2020onwsiat267,2020 ONWSIAT 267 (CanLII),2020-02-03,0,0,0,0,0,0,0,,
2020onwsiat268,2020 ONWSIAT 268 (CanLII),2020-02-03,0,0,0,0,0,0,0,,
2020onwsiat269,2020 ONWSIAT 269 (CanLII),2020-02-03,0,0,0,0,0,0,0,,
2020onwsiat270,2020 ONWSIAT 270 (CanLII),2020-02-03,0,0,0,0,0,0,0,,
2020onwsiat271,2020 ONWSIAT 271 (CanLII),2020-02-04,0,0,0,0,0,0,1,,
2020onwsiat272,2020 ONWSIAT 272 (CanLII),2020-02-04,0,0,0,0,0,0,0,,
2020onwsiat273,2020 ONWSIAT 273 (CanLII),2020-02-04,0,0,0,0,0,0,0,,
2020onwsiat274,2020 ONWSIAT 274 (CanLII),2020-02-04,0,0,0,0,0,0,0,,
2020onwsiat275,2020 ONWSIAT 275 (CanLII),2020-02-04,0,0,0,0,0,0,0,,
2020onwsiat276,2020 ONWSIAT 276 (CanLII),2020-02-04,0,0,0,0,0,0,0,,
2020onwsiat277,2020 ONWSIAT 277 (CanLII),2020-02-04,1,0,0,0,0,0,0,,
2020onwsiat278,2020 ONWSIAT 278 (CanLII),2020-02-04,0,0,0,0,0,0,0,,
2020onwsiat279,2020 ONWSIAT 279 (CanLII),2020-02-04,0,0,0,0,0,0,0,,
2020onwsiat280,2020 ONWSIAT 280 (CanLII),2020-02-04,0,0,0,0,0,0,0,,
2020onwsiat281,2020 ONWSIAT 281 (CanLII),2020-02-04,0,0,0,0,0,0,0,,
2020onwsiat282,2020 ONWSIAT 282 (CanLII),2020-02-04,0,0,0,0,0,0,0,,
2020onwsiat283,2020 ONWSIAT 283 (CanLII),2020-02-04,0,0,0,0,0,0,0,,
2020onwsiat284,2020 ONWSIAT 284 (CanLII),2020-02-04,0,0,0,0,0,0,0,,
2020onwsiat285,2020 ONWSIAT 285 (CanLII),2020-02-05,0,0,0,0,0,0,0,,
2020onwsiat286,2020 ONWSIAT 286 (CanLII),2020-02-05,0,0,0,0,0,0,0,,
2020onwsiat287,2020 ONWSIAT 287 (CanLII),2020-02-05,0,0,0,0,0,0,0,,
2020onwsiat288,2020 ONWSIAT 288 (CanLII),2020-02-05,0,0,0,0,0,0,0,,
2020onwsiat289,2020 ONWSIAT 289 (CanLII),2020-02-05,0,0,0,0,0,0,0,,
2020onwsiat290,2020 ONWSIAT 290 (CanLII),2020-02-05,0,0,0,0,0,0,0,,
2020onwsiat291,2020 ONWSIAT 291 (CanLII),2020-02-05,0,0,0,0,0,0,0,,
2020onwsiat292,2020 ONWSIAT 292 (CanLII),2020-02-05,0,0,0,0,0,0,0,,
2020onwsiat293,2020 ONWSIAT 293 (CanLII),2020-02-06,0,0,0,0,0,0,0,,
2020onwsiat294,2020 ONWSIAT 294 (CanLII),2020-02-06,0,0,0,0,0,0,0,,
2020onwsiat295,2020 ONWSIAT 295 (CanLII),2020-02-06,0,0,0,0,0,0,0,,
2020onwsiat296,2020 ONWSIAT 296 (CanLII),2020-02-06,0,0,0,0,0,0,0,,
2020onwsiat297,2020 ONWSIAT 297 (CanLII),2020-02-06,0,0,0,0,0,0,0,,
2020onwsiat298,2020 ONWSIAT 298 (CanLII),2020-02-06,0,0,0,0,0,0,0,,
2020onwsiat299,2020 ONWSIAT 299 (CanLII),2020-02-06,0,0,0,0,0,0,0,,
2020onwsiat300,2020 ONWSIAT 300 (CanLII),2020-02-06,0,0,0,0,0,0,0,,
2020onwsiat301,2020 ONWSIAT 301 (CanLII),2020-02-06,0,0,0,0,0,0,0,,
2020onwsiat302,2020 ONWSIAT 302 (CanLII),2020-02-06,0,0,0,0,0,0,0,,
2020onwsiat303,2020 ONWSIAT 303 (CanLII),2020-02-06,0,0,0,0,0,0,0,,
2020onwsiat304,2020 ONWSIAT 304 (CanLII),2020-02-06,0,0,0,0,0,0,0,,
2020onwsiat305,2020 ONWSIAT 305 (CanLII),2020-02-06,0,0,0,0,0,0,0,,
2020onwsiat306,2020 ONWSIAT 306 (CanLII),2020-02-06,0,0,0,0,0,0,0,,
2020onwsiat307,2020 ONWSIAT 307 (CanLII),2020-02-06,0,0,0,0,0,0,0,,
2020onwsiat308,2020 ONWSIAT 308 (CanLII),2020-02-06,0,0,0,0,0,0,0,,
2020onwsiat309,2020 ONWSIAT 309 (CanLII),2020-02-07,0,0,0,0,0,0,0,,
2020onwsiat310,2020 ONWSIAT 310 (CanLII),2020-02-07,0,0,0,0,0,0,0,,
2020onwsiat311,2020 ONWSIAT 311 (CanLII),2020-02-07,0,0,0,0,0,0,0,,
2020onwsiat312,2020 ONWSIAT 312 (CanLII),2020-02-07,0,0,0,0,0,0,0,,
2020onwsiat313,2020 ONWSIAT 313 (CanLII),2020-02-07,0,0,0,0,0,0,0,,
2020onwsiat314,2020 ONWSIAT 314 (CanLII),2020-02-07,0,0,0,0,0,0,0,,
2020onwsiat315,2020 ONWSIAT 315 (CanLII),2020-02-07,0,0,0,0,0,0,0,,
2020onwsiat316,2020 ONWSIAT 316 (CanLII),2020-02-07,0,0,0,0,0,0,0,,
2020onwsiat317,2020 ONWSIAT 317 (CanLII),2020-02-07,0,0,0,0,0,0,0,,
2020onwsiat318,2020 ONWSIAT 318 (CanLII),2020-02-07,0,0,0,0,0,0,0,,
2020onwsiat319,2020 ONWSIAT 319 (CanLII),2020-02-07,0,0,0,0,0,0,0,,
2020onwsiat320,2020 ONWSIAT 320 (CanLII),2020-02-10,0,0,0,0,0,0,0,,
2020onwsiat321,2020 ONWSIAT 321 (CanLII),2020-02-10,0,0,0,0,0,0,0,,
2020onwsiat322,2020 ONWSIAT 322 (CanLII),2020-02-10,0,0,0,0,0,0,0,,
2020onwsiat323,2020 ONWSIAT 323 (CanLII),2020-02-10,0,0,0,0,0,0,0,,
2020onwsiat324,2020 ONWSIAT 324 (CanLII),2020-02-10,0,0,0,0,0,0,0,,
2020onwsiat325,2020 ONWSIAT 325 (CanLII),2020-02-10,0,0,0,0,0,0,0,,
2020onwsiat326,2020 ONWSIAT 326 (CanLII),2020-02-10,0,0,0,0,0,0,0,,
2020onwsiat327,2020 ONWSIAT 327 (CanLII),2020-02-10,0,0,0,0,0,0,0,,
2020onwsiat328,2020 ONWSIAT 328 (CanLII),2020-02-10,0,0,0,0,0,0,0,,
2020onwsiat329,2020 ONWSIAT 329 (CanLII),2020-02-10,0,0,0,0,0,0,0,,
2020onwsiat330,2020 ONWSIAT 330 (CanLII),2020-02-10,0,0,0,0,0,0,0,,
2020onwsiat331,2020 ONWSIAT 331 (CanLII),2020-02-10,0,0,0,0,0,0,0,,
2020onwsiat332,2020 ONWSIAT 332 (CanLII),2020-02-11,0,0,0,0,0,0,1,,
2020onwsiat333,2020 ONWSIAT 333 (CanLII),2020-02-11,0,0,0,0,0,0,0,,
2020onwsiat334,2020 ONWSIAT 334 (CanLII),2020-02-11,0,0,0,0,0,0,0,,
2020onwsiat335,2020 ONWSIAT 335 (CanLII),2020-02-11,0,0,0,0,0,0,0,,
2020onwsiat336,2020 ONWSIAT 336 (CanLII),2020-02-11,0,0,0,0,0,0,0,,
2020onwsiat337,2020 ONWSIAT 337 (CanLII),2020-02-11,0,0,0,0,0,0,1,,
2020onwsiat338,2020 ONWSIAT 338 (CanLII),2020-02-11,0,0,0,0,0,0,0,,
2020onwsiat339,2020 ONWSIAT 339 (CanLII),2020-02-11,0,0,0,0,0,0,0,,
2020onwsiat340,2020 ONWSIAT 340 (CanLII),2020-02-11,0,0,0,0,0,0,0,,
2020onwsiat341,2020 ONWSIAT 341 (CanLII),2020-02-12,0,0,0,0,0,0,0,,
2020onwsiat342,2020 ONWSIAT 342 (CanLII),2020-02-12,0,0,0,0,0,0,0,,
2020onwsiat343,2020 ONWSIAT 343 (CanLII),2020-02-12,0,0,0,0,0,0,0,,
2020onwsiat344,2020 ONWSIAT 344 (CanLII),2020-02-12,0,0,0,0,0,0,0,,
2020onwsiat345,2020 ONWSIAT 345 (CanLII),2020-02-12,0,0,0,0,0,0,0,,
2020onwsiat346,2020 ONWSIAT 346 (CanLII),2020-02-12,0,0,0,0,0,0,0,,
2020onwsiat347,2020 ONWSIAT 347 (CanLII),2020-02-13,0,0,0,0,0,0,0,,
2020onwsiat348,2020 ONWSIAT 348 (CanLII),2020-02-13,0,0,0,0,0,0,0,,
2020onwsiat349,2020 ONWSIAT 349 (CanLII),2020-02-13,0,0,0,0,0,0,0,,
2020onwsiat350,2020 ONWSIAT 350 (CanLII),2020-02-13,0,0,0,0,0,0,0,,
2020onwsiat351,2020 ONWSIAT 351 (CanLII),2020-02-13,0,0,0,0,0,0,0,,
2020onwsiat352,2020 ONWSIAT 352 (CanLII),2020-02-13,0,0,0,0,0,0,0,,
2020onwsiat353,2020 ONWSIAT 353 (CanLII),2020-02-13,0,0,0,0,0,0,0,,
2020onwsiat354,2020 ONWSIAT 354 (CanLII),2020-02-13,0,0,0,0,0,0,0,,
2020onwsiat355,2020 ONWSIAT 355 (CanLII),2020-02-13,0,0,0,0,0,0,0,,
2020onwsiat356,2020 ONWSIAT 356 (CanLII),2020-02-13,0,0,0,0,0,0,0,,
2020onwsiat357,2020 ONWSIAT 357 (CanLII),2020-02-13,0,0,0,0,0,0,1,,
2020onwsiat358,2020 ONWSIAT 358 (CanLII),2020-02-13,0,0,0,0,0,0,0,,
2020onwsiat359,2020 ONWSIAT 359 (CanLII),2020-02-13,0,0,0,0,0,0,0,,
2020onwsiat360,2020 ONWSIAT 360 (CanLII),2020-02-13,0,0,0,0,0,0,0,,
2020onwsiat361,2020 ONWSIAT 361 (CanLII),2020-02-13,0,0,0,0,0,0,0,,
2020onwsiat362,2020 ONWSIAT 362 (CanLII),2020-02-13,0,0,0,0,0,0,0,,
2020onwsiat363,2020 ONWSIAT 363 (CanLII),2020-02-13,0,0,0,0,0,0,0,,
2020onwsiat364,2020 ONWSIAT 364 (CanLII),2020-02-14,0,0,0,0,0,0,1,,
2020onwsiat365,2020 ONWSIAT 365 (CanLII),2020-02-14,0,0,0,0,0,0,0,,
2020onwsiat366,2020 ONWSIAT 366 (CanLII),2020-02-14,0,0,0,0,0,0,0,,
2020onwsiat367,2020 ONWSIAT 367 (CanLII),2020-02-14,0,0,0,0,0,0,0,,
2020onwsiat368,2020 ONWSIAT 368 (CanLII),2020-02-14,0,0,0,0,0,0,0,,
2020onwsiat369,2020 ONWSIAT 369 (CanLII),2020-02-14,0,0,0,0,0,0,0,,
2020onwsiat370,2020 ONWSIAT 370 (CanLII),2020-02-14,0,0,0,0,0,0,0,,
2020onwsiat371,2020 ONWSIAT 371 (CanLII),2020-02-14,0,0,0,0,0,0,0,,
2020onwsiat372,2020 ONWSIAT 372 (CanLII),2020-02-14,0,0,0,0,0,0,0,,
2020onwsiat373,2020 ONWSIAT 373 (CanLII),2020-02-14,0,0,0,0,0,0,1,,
2020onwsiat374,2020 ONWSIAT 374 (CanLII),2020-02-14,0,0,0,0,0,0,0,,
2020onwsiat375,2020 ONWSIAT 375 (CanLII),2020-02-18,0,0,0,0,0,0,0,,
2020onwsiat376,2020 ONWSIAT 376 (CanLII),2020-02-18,0,0,0,0,0,0,0,,
2020onwsiat377,2020 ONWSIAT 377 (CanLII),2020-02-18,0,0,0,0,0,0,0,,
2020onwsiat378,2020 ONWSIAT 378 (CanLII),2020-02-18,0,0,0,0,0,0,0,,
2020onwsiat379,2020 ONWSIAT 379 (CanLII),2020-02-18,0,0,0,0,0,0,0,,
2020onwsiat380,2020 ONWSIAT 380 (CanLII),2020-02-18,0,0,0,0,0,0,0,,
2020onwsiat381,2020 ONWSIAT 381 (CanLII),2020-02-18,0,0,0,0,0,0,0,,
2020onwsiat382,2020 ONWSIAT 382 (CanLII),2020-02-18,0,0,0,0,0,0,0,,
2020onwsiat383,2020 ONWSIAT 383 (CanLII),2020-02-18,0,0,0,0,0,0,0,,
2020onwsiat384,2020 ONWSIAT 384 (CanLII),2020-02-18,0,0,0,0,0,0,0,,
2020onwsiat385,2020 ONWSIAT 385 (CanLII),2020-02-18,0,0,0,0,0,0,0,,
2020onwsiat386,2020 ONWSIAT 386 (CanLII),2020-02-18,0,0,0,0,0,0,0,,
2020onwsiat387,2020 ONWSIAT 387 (CanLII),2020-02-18,0,0,0,0,0,0,0,,
2020onwsiat388,2020 ONWSIAT 388 (CanLII),2020-02-18,0,0,0,0,0,0,0,,
2020onwsiat389,2020 ONWSIAT 389 (CanLII),2020-02-18,0,0,0,0,0,0,0,,
2020onwsiat390,2020 ONWSIAT 390 (CanLII),2020-02-18,0,0,0,0,0,0,0,,
2020onwsiat391,2020 ONWSIAT 391 (CanLII),2020-02-18,0,0,0,0,0,0,0,,
2020onwsiat392,2020 ONWSIAT 392 (CanLII),2020-02-18,0,0,0,0,0,0,0,,
2020onwsiat393,2020 ONWSIAT 393 (CanLII),2020-02-18,0,0,0,0,0,0,0,,
2020onwsiat394,2020 ONWSIAT 394 (CanLII),2020-02-19,0,0,0,0,0,0,0,,
2020onwsiat395,2020 ONWSIAT 395 (CanLII),2020-02-19,0,0,0,0,0,0,0,,
2020onwsiat396,2020 ONWSIAT 396 (CanLII),2020-02-19,0,0,0,0,0,0,0,,
2020onwsiat397,2020 ONWSIAT 397 (CanLII),2020-02-20,0,0,0,0,0,0,0,,
2020onwsiat398,2020 ONWSIAT 398 (CanLII),2020-02-19,0,0,0,0,0,0,0,,
2020onwsiat399,2020 ONWSIAT 399 (CanLII),2020-02-19,0,0,0,0,0,0,0,,
2020onwsiat400,2020 ONWSIAT 400 (CanLII),2020-02-19,0,0,0,0,0,0,0,,
2020onwsiat401,2020 ONWSIAT 401 (CanLII),2020-02-19,0,0,0,0,0,0,0,,
2020onwsiat402,2020 ONWSIAT 402 (CanLII),2020-02-19,0,0,0,0,0,0,0,,
2020onwsiat403,2020 ONWSIAT 403 (CanLII),2020-02-19,0,0,0,0,0,0,0,,
2020onwsiat404,2020 ONWSIAT 404 (CanLII),2020-02-19,0,0,0,0,0,0,0,,
2020onwsiat405,2020 ONWSIAT 405 (CanLII),2020-02-19,0,0,0,0,0,0,0,,
2020onwsiat406,2020 ONWSIAT 406 (CanLII),2020-02-19,0,0,0,0,0,0,0,,
2020onwsiat407,2020 ONWSIAT 407 (CanLII),2020-02-19,0,0,0,0,0,0,0,,
2020onwsiat408,2020 ONWSIAT 408 (CanLII),2020-02-19,0,0,0,0,0,0,0,,
2020onwsiat409,2020 ONWSIAT 409 (CanLII),2020-02-19,0,0,0,0,0,0,0,,
2020onwsiat410,2020 ONWSIAT 410 (CanLII),2020-02-19,0,0,0,0,0,0,0,,
2020onwsiat411,2020 ONWSIAT 411 (CanLII),2020-02-20,0,0,0,0,0,0,0,,
2020onwsiat412,2020 ONWSIAT 412 (CanLII),2020-02-20,0,0,0,0,0,0,0,,
2020onwsiat413,2020 ONWSIAT 413 (CanLII),2020-02-20,0,0,0,0,0,0,0,,
2020onwsiat414,2020 ONWSIAT 414 (CanLII),2020-02-20,0,0,0,0,0,0,0,,
2020onwsiat415,2020 ONWSIAT 415 (CanLII),2020-02-20,0,0,0,0,0,0,0,,
2020onwsiat416,2020 ONWSIAT 416 (CanLII),2020-02-20,0,0,0,0,0,0,0,,
2020onwsiat417,2020 ONWSIAT 417 (CanLII),2020-02-20,0,0,0,0,0,0,0,,
2020onwsiat418,2020 ONWSIAT 418 (CanLII),2020-02-20,0,0,0,0,0,0,0,,
2020onwsiat419,2020 ONWSIAT 419 (CanLII),2020-02-20,0,0,0,0,0,0,0,,
2020onwsiat420,2020 ONWSIAT 420 (CanLII),2020-02-20,0,0,0,0,0,0,0,,
2020onwsiat421,2020 ONWSIAT 421 (CanLII),2020-02-20,0,0,0,0,0,0,0,,
2020onwsiat422,2020 ONWSIAT 422 (CanLII),2020-02-20,0,0,0,0,0,0,0,,
2020onwsiat423,2020 ONWSIAT 423 (CanLII),2020-02-20,0,0,0,0,0,0,0,,
2020onwsiat424,2020 ONWSIAT 424 (CanLII),2020-02-21,0,0,0,0,0,0,1,,
2020onwsiat425,2020 ONWSIAT 425 (CanLII),2020-02-21,0,0,0,0,0,0,0,,
2020onwsiat426,2020 ONWSIAT 426 (CanLII),2020-02-21,0,0,0,0,0,0,0,,
2020onwsiat427,2020 ONWSIAT 427 (CanLII),2020-02-21,0,0,0,0,0,0,0,,
2020onwsiat428,2020 ONWSIAT 428 (CanLII),2020-02-21,0,0,0,0,0,0,0,,
2020onwsiat429,2020 ONWSIAT 429 (CanLII),2020-02-21,0,0,0,0,0,0,0,,
2020onwsiat430,2020 ONWSIAT 430 (CanLII),2020-02-21,0,0,0,0,0,0,0,,
2020onwsiat431,2020 ONWSIAT 431 (CanLII),2020-02-21,0,0,0,0,0,0,0,,
2020onwsiat432,2020 ONWSIAT 432 (CanLII),2020-02-21,0,0,0,0,0,0,0,,
2020onwsiat433,2020 ONWSIAT 433 (CanLII),2020-02-21,0,0,0,0,0,0,0,,
2020onwsiat434,2020 ONWSIAT 434 (CanLII),2020-02-21,0,0,0,0,0,0,0,,
2020onwsiat435,2020 ONWSIAT 435 (CanLII),2020-02-21,0,0,0,0,0,0,0,,
2020onwsiat436,2020 ONWSIAT 436 (CanLII),2020-02-21,0,0,0,0,0,0,0,,
2020onwsiat437,2020 ONWSIAT 437 (CanLII),2020-02-21,0,0,0,0,0,0,0,,
2020onwsiat438,2020 ONWSIAT 438 (CanLII),2020-02-21,0,0,0,0,0,0,0,,
2020onwsiat439,2020 ONWSIAT 439 (CanLII),2020-02-21,0,0,0,0,1,0,0,,
2020onwsiat440,2020 ONWSIAT 440 (CanLII),2020-02-21,0,0,0,0,0,0,0,,
2020onwsiat441,2020 ONWSIAT 441 (CanLII),2020-02-24,0,0,0,0,0,0,0,,
2020onwsiat442,2020 ONWSIAT 442 (CanLII),2020-02-24,0,0,0,0,0,0,0,,
2020onwsiat443,2020 ONWSIAT 443 (CanLII),2020-02-24,0,0,0,0,0,0,0,,
2020onwsiat444,2020 ONWSIAT 444 (CanLII),2020-02-24,0,0,0,0,0,0,0,,
2020onwsiat445,2020 ONWSIAT 445 (CanLII),2020-02-24,0,0,0,0,0,0,0,,
2020onwsiat446,2020 ONWSIAT 446 (CanLII),2020-02-24,0,0,0,0,0,0,0,,
2020onwsiat447,2020 ONWSIAT 447 (CanLII),2020-02-24,0,0,0,0,0,0,0,,
2020onwsiat448,2020 ONWSIAT 448 (CanLII),2020-02-24,0,0,0,0,0,0,0,,
2020onwsiat449,2020 ONWSIAT 449 (CanLII),2020-02-24,0,0,0,0,0,0,0,,
2020onwsiat450,2020 ONWSIAT 450 (CanLII),2020-02-25,0,0,0,0,0,0,0,,
2020onwsiat451,2020 ONWSIAT 451 (CanLII),2020-02-25,0,0,0,0,0,0,0,,
2020onwsiat452,2020 ONWSIAT 452 (CanLII),2020-02-26,0,0,0,0,0,0,0,,
2020onwsiat453,2020 ONWSIAT 453 (CanLII),2020-02-26,0,0,0,0,0,0,0,,
2020onwsiat454,2020 ONWSIAT 454 (CanLII),2020-02-26,0,0,0,0,0,0,0,,
2020onwsiat455,2020 ONWSIAT 455 (CanLII),2020-02-26,0,0,0,0,0,0,0,,
2020onwsiat456,2020 ONWSIAT 456 (CanLII),2020-02-26,0,0,0,0,0,0,0,,
2020onwsiat457,2020 ONWSIAT 457 (CanLII),2020-02-26,0,0,0,0,0,0,0,,
2020onwsiat458,2020 ONWSIAT 458 (CanLII),2020-02-26,0,0,0,0,0,0,0,,
2020onwsiat459,2020 ONWSIAT 459 (CanLII),2020-02-26,0,0,0,0,0,0,0,,
2020onwsiat460,2020 ONWSIAT 460 (CanLII),2020-02-26,0,0,0,0,0,0,0,,
2020onwsiat461,2020 ONWSIAT 461 (CanLII),2020-02-26,0,0,0,0,0,0,1,,
2020onwsiat462,2020 ONWSIAT 462 (CanLII),2020-02-26,0,0,0,0,0,0,0,,
2020onwsiat463,2020 ONWSIAT 463 (CanLII),2020-02-26,0,0,0,0,0,0,1,,
2020onwsiat464,2020 ONWSIAT 464 (CanLII),2020-02-26,0,0,0,0,0,0,0,,
2020onwsiat465,2020 ONWSIAT 465 (CanLII),2020-02-26,0,0,0,0,0,0,0,,
2020onwsiat466,2020 ONWSIAT 466 (CanLII),2020-02-27,0,0,0,0,0,0,0,,
2020onwsiat467,2020 ONWSIAT 467 (CanLII),2020-02-27,0,0,0,0,0,0,0,,
2020onwsiat468,2020 ONWSIAT 468 (CanLII),2020-02-27,0,0,0,0,0,0,0,,
2020onwsiat469,2020 ONWSIAT 469 (CanLII),2020-02-27,0,0,0,0,0,0,0,,
2020onwsiat470,2020 ONWSIAT 470 (CanLII),2020-02-27,0,0,0,0,0,0,0,,
2020onwsiat471,2020 ONWSIAT 471 (CanLII),2020-02-27,0,0,0,0,0,0,0,,
2020onwsiat472,2020 ONWSIAT 472 (CanLII),2020-02-27,0,0,0,0,0,0,0,,
2020onwsiat473,2020 ONWSIAT 473 (CanLII),2020-02-27,0,0,0,0,0,0,0,,
2020onwsiat474,2020 ONWSIAT 474 (CanLII),2020-02-27,0,0,0,0,0,0,0,,
2020onwsiat475,2020 ONWSIAT 475 (CanLII),2020-02-27,0,0,0,0,0,0,0,,
2020onwsiat476,2020 ONWSIAT 476 (CanLII),2020-02-27,0,0,0,0,0,0,0,,
2020onwsiat477,2020 ONWSIAT 477 (CanLII),2020-02-28,0,0,0,0,0,0,0,,
2020onwsiat478,2020 ONWSIAT 478 (CanLII),2020-02-28,0,0,0,0,0,0,0,,
2020onwsiat479,2020 ONWSIAT 479 (CanLII),2020-02-28,0,0,0,0,0,0,0,,
2020onwsiat480,2020 ONWSIAT 480 (CanLII),2020-02-28,0,0,0,0,0,0,0,,
2020onwsiat481,2020 ONWSIAT 481 (CanLII),2020-02-28,0,0,0,0,0,0,0,,
2020onwsiat482,2020 ONWSIAT 482 (CanLII),2020-02-28,0,0,0,0,0,0,0,,
2020onwsiat483,2020 ONWSIAT 483 (CanLII),2020-03-02,0,0,0,0,0,0,0,,
2020onwsiat484,2020 ONWSIAT 484 (CanLII),2020-03-02,0,0,0,0,0,0,0,,
2020onwsiat485,2020 ONWSIAT 485 (CanLII),2020-03-02,0,0,0,0,0,0,0,,
2020onwsiat486,2020 ONWSIAT 486 (CanLII),2020-03-02,0,0,0,0,0,0,0,,
2020onwsiat487,2020 ONWSIAT 487 (CanLII),2020-03-02,0,0,0,0,0,0,0,,
2020onwsiat488,2020 ONWSIAT 488 (CanLII),2020-03-02,0,0,0,0,0,0,0,,
2020onwsiat489,2020 ONWSIAT 489 (CanLII),2020-03-02,0,0,0,0,0,0,0,,
2020onwsiat490,2020 ONWSIAT 490 (CanLII),2020-03-02,0,0,0,0,0,0,0,,
2020onwsiat491,2020 ONWSIAT 491 (CanLII),2020-03-02,0,0,0,0,0,0,0,,
2020onwsiat492,2020 ONWSIAT 492 (CanLII),2020-03-02,0,0,0,0,0,0,0,,
2020onwsiat493,2020 ONWSIAT 493 (CanLII),2020-03-02,0,0,0,0,0,0,0,,
2020onwsiat494,2020 ONWSIAT 494 (CanLII),2020-03-02,0,0,0,0,0,0,0,,
2020onwsiat495,2020 ONWSIAT 495 (CanLII),2020-03-03,0,0,0,0,0,0,0,,
2020onwsiat496,2020 ONWSIAT 496 (CanLII),2020-03-03,0,0,0,0,0,0,1,,
2020onwsiat497,2020 ONWSIAT 497 (CanLII),2020-03-03,0,0,0,0,0,0,0,,
2020onwsiat498,2020 ONWSIAT 498 (CanLII),2020-03-03,0,0,0,0,0,0,0,,
2020onwsiat499,2020 ONWSIAT 499 (CanLII),2020-03-03,0,0,0,0,0,0,0,,
2020onwsiat500,2020 ONWSIAT 500 (CanLII),2020-03-03,0,0,0,0,0,0,0,,
2020onwsiat501,2020 ONWSIAT 501 (CanLII),2020-03-03,0,0,0,0,0,0,0,,
2020onwsiat502,2020 ONWSIAT 502 (CanLII),2020-03-03,0,0,0,0,0,0,0,,
2020onwsiat503,2020 ONWSIAT 503 (CanLII),2020-03-03,0,0,0,0,0,0,0,,
2020onwsiat504,2020 ONWSIAT 504 (CanLII),2020-03-03,0,0,0,0,0,0,0,,
2020onwsiat505,2020 ONWSIAT 505 (CanLII),2020-03-03,0,0,0,0,0,0,0,,
2020onwsiat506,2020 ONWSIAT 506 (CanLII),2020-03-03,0,0,0,0,0,0,0,,
2020onwsiat507,2020 ONWSIAT 507 (CanLII),2020-03-03,0,0,0,0,0,0,0,,
2020onwsiat508,2020 ONWSIAT 508 (CanLII),2020-03-03,0,0,0,0,0,0,0,,
2020onwsiat509,2020 ONWSIAT 509 (CanLII),2020-03-03,0,0,0,0,0,0,0,,
2020onwsiat510,2020 ONWSIAT 510 (CanLII),2020-03-04,0,0,0,0,0,0,0,,
2020onwsiat511,2020 ONWSIAT 511 (CanLII),2020-03-04,0,0,0,0,0,0,0,,
2020onwsiat512,2020 ONWSIAT 512 (CanLII),2020-03-04,0,0,0,0,0,0,0,,
2020onwsiat513,2020 ONWSIAT 513 (CanLII),2020-03-04,0,0,0,0,0,0,0,,
2020onwsiat514,2020 ONWSIAT 514 (CanLII),2020-03-04,0,0,0,0,0,0,0,,
2020onwsiat515,2020 ONWSIAT 515 (CanLII),2020-03-04,0,0,0,0,0,0,0,,
2020onwsiat516,2020 ONWSIAT 516 (CanLII),2020-03-04,0,0,0,0,0,0,0,,
2020onwsiat517,2020 ONWSIAT 517 (CanLII),2020-03-05,0,0,0,0,0,0,0,,
2020onwsiat518,2020 ONWSIAT 518 (CanLII),2020-03-05,0,0,0,0,0,0,0,,
2020onwsiat519,2020 ONWSIAT 519 (CanLII),2020-03-05,0,0,0,0,0,0,0,,
2020onwsiat520,2020 ONWSIAT 520 (CanLII),2020-03-05,0,0,0,0,0,0,0,,
2020onwsiat521,2020 ONWSIAT 521 (CanLII),2020-03-05,0,0,0,0,0,0,0,,
2020onwsiat522,2020 ONWSIAT 522 (CanLII),2020-03-05,0,0,0,0,0,0,0,,
2020onwsiat523,2020 ONWSIAT 523 (CanLII),2020-03-05,0,0,0,0,0,0,0,,
2020onwsiat524,2020 ONWSIAT 524 (CanLII),2020-03-05,0,0,0,0,0,0,0,,
2020onwsiat525,2020 ONWSIAT 525 (CanLII),2020-03-05,0,0,0,0,0,0,0,,
2020onwsiat526,2020 ONWSIAT 526 (CanLII),2020-03-05,0,0,0,0,0,0,0,,
2020onwsiat527,2020 ONWSIAT 527 (CanLII),2020-03-05,0,0,0,0,0,0,0,,
2020onwsiat528,2020 ONWSIAT 528 (CanLII),2020-03-05,0,0,0,0,0,0,0,,
2020onwsiat529,2020 ONWSIAT 529 (CanLII),2020-03-05,0,0,0,0,0,0,0,,
2020onwsiat530,2020 ONWSIAT 530 (CanLII),2020-03-05,0,0,0,0,0,0,0,,
2020onwsiat531,2020 ONWSIAT 531 (CanLII),2020-03-05,0,0,0,0,0,0,0,,
2020onwsiat532,2020 ONWSIAT 532 (CanLII),2020-03-06,0,0,0,0,0,0,0,,
2020onwsiat533,2020 ONWSIAT 533 (CanLII),2020-03-06,0,0,0,0,0,0,0,,
2020onwsiat534,2020 ONWSIAT 534 (CanLII),2020-03-06,0,0,0,0,0,0,0,,
2020onwsiat535,2020 ONWSIAT 535 (CanLII),2020-03-06,0,0,0,0,0,0,1,,
2020onwsiat536,2020 ONWSIAT 536 (CanLII),2020-03-06,0,0,0,0,0,0,0,,
2020onwsiat537,2020 ONWSIAT 537 (CanLII),2020-03-06,0,0,0,0,0,0,0,,
2020onwsiat538,2020 ONWSIAT 538 (CanLII),2020-03-06,0,0,0,0,0,0,0,,
2020onwsiat539,2020 ONWSIAT 539 (CanLII),2020-03-06,0,0,0,0,0,0,0,,
2020onwsiat540,2020 ONWSIAT 540 (CanLII),2020-03-06,0,0,0,0,0,0,0,,
2020onwsiat541,2020 ONWSIAT 541 (CanLII),2020-03-06,0,0,0,0,0,0,0,,
2020onwsiat542,2020 ONWSIAT 542 (CanLII),2020-03-06,0,0,0,0,0,0,0,,
2020onwsiat543,2020 ONWSIAT 543 (CanLII),2020-03-06,0,0,0,0,0,0,0,,
2020onwsiat544,2020 ONWSIAT 544 (CanLII),2020-03-06,0,0,0,0,0,0,0,,
2020onwsiat545,2020 ONWSIAT 545 (CanLII),2020-03-09,0,0,0,0,0,0,0,,
2020onwsiat546,2020 ONWSIAT 546 (CanLII),2020-03-09,0,0,0,0,0,0,0,,
2020onwsiat547,2020 ONWSIAT 547 (CanLII),2020-03-09,0,0,0,0,0,0,0,,
2020onwsiat548,2020 ONWSIAT 548 (CanLII),2020-03-09,0,0,0,0,0,0,0,,
2020onwsiat549,2020 ONWSIAT 549 (CanLII),2020-03-09,0,0,0,0,0,0,0,,
2020onwsiat550,2020 ONWSIAT 550 (CanLII),2020-03-09,0,0,0,0,0,0,0,,
2020onwsiat551,2020 ONWSIAT 551 (CanLII),2020-03-10,0,0,0,0,0,0,0,,
2020onwsiat552,2020 ONWSIAT 552 (CanLII),2020-03-10,0,0,0,0,0,0,0,,
2020onwsiat553,2020 ONWSIAT 553 (CanLII),2020-03-10,0,0,0,0,0,0,1,,
2020onwsiat554,2020 ONWSIAT 554 (CanLII),2020-03-10,0,0,0,0,0,0,0,,
2020onwsiat555,2020 ONWSIAT 555 (CanLII),2020-03-10,0,0,0,0,0,0,0,,
2020onwsiat556,2020 ONWSIAT 556 (CanLII),2020-03-10,0,0,0,0,0,0,0,,
2020onwsiat557,2020 ONWSIAT 557 (CanLII),2020-03-10,0,0,0,0,0,0,0,,
2020onwsiat558,2020 ONWSIAT 558 (CanLII),2020-03-11,0,0,0,0,0,0,0,,
2020onwsiat559,2020 ONWSIAT 559 (CanLII),2020-03-11,0,0,0,0,0,0,0,,
2020onwsiat560,2020 ONWSIAT 560 (CanLII),2020-03-11,0,0,0,0,0,0,0,,
2020onwsiat561,2020 ONWSIAT 561 (CanLII),2020-03-11,0,0,0,0,0,0,0,,
2020onwsiat562,2020 ONWSIAT 562 (CanLII),2020-03-11,0,0,0,0,0,0,0,,
2020onwsiat563,2020 ONWSIAT 563 (CanLII),2020-03-11,0,0,0,0,0,0,0,,
2020onwsiat564,2020 ONWSIAT 564 (CanLII),2020-03-11,0,0,0,0,0,0,0,,
2020onwsiat565,2020 ONWSIAT 565 (CanLII),2020-03-11,0,0,0,0,0,0,0,,
2020onwsiat566,2020 ONWSIAT 566 (CanLII),2020-03-12,0,0,0,0,0,0,1,,
2020onwsiat567,2020 ONWSIAT 567 (CanLII),2020-03-12,0,0,0,0,0,0,0,,
2020onwsiat568,2020 ONWSIAT 568 (CanLII),2020-03-13,0,0,0,0,0,0,0,,
2020onwsiat569,2020 ONWSIAT 569 (CanLII),2020-03-12,0,0,0,0,0,0,0,,
2020onwsiat570,2020 ONWSIAT 570 (CanLII),2020-03-12,0,0,0,0,0,0,0,,
2020onwsiat571,2020 ONWSIAT 571 (CanLII),2020-03-12,0,0,0,0,0,0,0,,
2020onwsiat572,2020 ONWSIAT 572 (CanLII),2020-03-12,0,0,0,0,0,0,0,,
2020onwsiat573,2020 ONWSIAT 573 (CanLII),2020-03-12,0,0,0,0,0,0,0,,
2020onwsiat574,2020 ONWSIAT 574 (CanLII),2020-03-12,0,0,0,0,0,0,0,,
2020onwsiat575,2020 ONWSIAT 575 (CanLII),2020-03-12,0,0,0,0,0,0,0,,
2020onwsiat576,2020 ONWSIAT 576 (CanLII),2020-03-13,0,0,0,0,0,0,0,,
2020onwsiat577,2020 ONWSIAT 577 (CanLII),2020-03-13,0,0,0,0,0,0,0,,
2020onwsiat578,2020 ONWSIAT 578 (CanLII),2020-03-13,0,0,0,0,0,0,0,,
2020onwsiat579,2020 ONWSIAT 579 (CanLII),2020-03-13,0,0,0,0,0,0,0,,
2020onwsiat580,2020 ONWSIAT 580 (CanLII),2020-03-13,0,0,0,0,0,0,0,,
2020onwsiat581,2020 ONWSIAT 581 (CanLII),2020-03-13,0,0,0,0,0,0,0,,
2020onwsiat582,2020 ONWSIAT 582 (CanLII),2020-03-13,0,0,0,0,0,0,0,,
2020onwsiat583,2020 ONWSIAT 583 (CanLII),2020-03-16,0,0,0,0,0,0,0,,
2020onwsiat584,2020 ONWSIAT 584 (CanLII),2020-03-16,0,0,0,0,0,0,0,,
2020onwsiat585,2020 ONWSIAT 585 (CanLII),2020-03-16,0,0,0,0,0,0,0,,
2020onwsiat586,2020 ONWSIAT 586 (CanLII),2020-03-16,0,0,0,0,0,0,0,,
2020onwsiat587,2020 ONWSIAT 587 (CanLII),2020-03-16,0,0,0,0,0,0,0,,
2020onwsiat588,2020 ONWSIAT 588 (CanLII),2020-03-16,0,0,0,0,0,0,1,,
2020onwsiat589,2020 ONWSIAT 589 (CanLII),2020-03-16,0,0,0,0,0,0,0,,
2020onwsiat590,2020 ONWSIAT 590 (CanLII),2020-03-16,0,0,0,0,0,0,0,,
2020onwsiat591,2020 ONWSIAT 591 (CanLII),2020-03-16,0,0,0,0,0,0,0,,
2020onwsiat592,2020 ONWSIAT 592 (CanLII),2020-03-16,0,0,0,0,0,0,0,,
2020onwsiat593,2020 ONWSIAT 593 (CanLII),2020-03-17,0,0,0,0,0,0,0,,
2020onwsiat594,2020 ONWSIAT 594 (CanLII),2020-03-17,0,0,0,0,0,0,0,,
2020onwsiat595,2020 ONWSIAT 595 (CanLII),2020-03-17,0,0,0,0,0,0,0,,
2020onwsiat596,2020 ONWSIAT 596 (CanLII),2020-03-17,0,0,0,0,0,0,0,,
2020onwsiat597,2020 ONWSIAT 597 (CanLII),2020-03-17,0,0,0,0,0,0,0,,
2020onwsiat598,2020 ONWSIAT 598 (CanLII),2020-03-17,0,0,0,0,0,0,0,,
2020onwsiat599,2020 ONWSIAT 599 (CanLII),2020-03-17,0,0,0,0,0,0,0,,
2020onwsiat600,2020 ONWSIAT 600 (CanLII),2020-03-17,0,0,0,0,0,0,0,,
2020onwsiat601,2020 ONWSIAT 601 (CanLII),2020-03-17,0,0,0,0,0,0,0,,
2020onwsiat602,2020 ONWSIAT 602 (CanLII),2020-03-17,0,0,0,0,0,0,0,,
2020onwsiat603,2020 ONWSIAT 603 (CanLII),2020-03-17,0,0,0,0,0,0,0,,
2020onwsiat604,2020 ONWSIAT 604 (CanLII),2020-03-17,0,0,0,0,0,0,0,,
2020onwsiat605,2020 ONWSIAT 605 (CanLII),2020-03-17,0,0,0,0,0,0,0,,
2020onwsiat606,2020 ONWSIAT 606 (CanLII),2020-03-17,0,0,0,0,0,0,0,,
2020onwsiat607,2020 ONWSIAT 607 (CanLII),2020-03-18,0,0,0,0,0,0,0,,
2020onwsiat608,2020 ONWSIAT 608 (CanLII),2020-03-18,0,0,0,0,0,0,0,,
2020onwsiat609,2020 ONWSIAT 609 (CanLII),2020-03-18,0,0,0,0,0,0,0,,
2020onwsiat610,2020 ONWSIAT 610 (CanLII),2020-03-18,0,0,0,0,0,0,0,,
2020onwsiat611,2020 ONWSIAT 611 (CanLII),2020-03-18,0,0,0,0,0,0,0,,
2020onwsiat612,2020 ONWSIAT 612 (CanLII),2020-03-18,0,0,0,0,0,0,1,,
2020onwsiat613,2020 ONWSIAT 613 (CanLII),2020-03-18,0,0,0,0,0,0,0,,
2020onwsiat614,2020 ONWSIAT 614 (CanLII),2020-03-18,0,0,0,0,0,0,0,,
2020onwsiat615,2020 ONWSIAT 615 (CanLII),2020-03-18,0,0,0,0,0,0,0,,
2020onwsiat616,2020 ONWSIAT 616 (CanLII),2020-03-18,0,0,0,0,0,0,0,,
2020onwsiat617,2020 ONWSIAT 617 (CanLII),2020-03-19,0,0,0,0,0,0,0,,
2020onwsiat618,2020 ONWSIAT 618 (CanLII),2020-03-19,0,0,0,0,0,0,0,,
2020onwsiat619,2020 ONWSIAT 619 (CanLII),2020-03-19,0,0,0,0,0,0,0,,
2020onwsiat620,2020 ONWSIAT 620 (CanLII),2020-03-19,0,0,0,0,0,0,1,,
2020onwsiat621,2020 ONWSIAT 621 (CanLII),2020-03-19,0,0,0,0,0,0,0,,
2020onwsiat622,2020 ONWSIAT 622 (CanLII),2020-03-19,0,0,0,0,0,0,0,,
2020onwsiat623,2020 ONWSIAT 623 (CanLII),2020-03-19,0,0,0,0,0,0,0,,
2020onwsiat624,2020 ONWSIAT 624 (CanLII),2020-03-19,0,0,0,0,0,0,0,,
2020onwsiat625,2020 ONWSIAT 625 (CanLII),2020-03-19,0,0,0,0,0,0,0,,
2020onwsiat626,2020 ONWSIAT 626 (CanLII),2020-03-19,0,0,0,0,0,0,0,,
2020onwsiat627,2020 ONWSIAT 627 (CanLII),2020-03-19,0,0,0,0,0,0,0,,
2020onwsiat628,2020 ONWSIAT 628 (CanLII),2020-03-19,0,0,0,0,0,0,0,,
2020onwsiat629,2020 ONWSIAT 629 (CanLII),2020-03-19,0,0,0,0,0,0,0,,
2020onwsiat630,2020 ONWSIAT 630 (CanLII),2020-03-19,0,0,0,0,0,0,0,,
2020onwsiat631,2020 ONWSIAT 631 (CanLII),2020-03-19,0,0,0,0,0,0,1,,
2020onwsiat632,2020 ONWSIAT 632 (CanLII),2020-03-19,0,0,0,0,0,0,0,,
2020onwsiat633,2020 ONWSIAT 633 (CanLII),2020-03-19,0,0,0,0,0,0,0,,
2020onwsiat634,2020 ONWSIAT 634 (CanLII),2020-03-19,0,0,0,0,0,0,0,,
2020onwsiat635,2020 ONWSIAT 635 (CanLII),2020-03-19,0,0,0,0,0,0,0,,
2020onwsiat636,2020 ONWSIAT 636 (CanLII),2020-03-19,0,0,0,0,0,0,0,,
2020onwsiat637,2020 ONWSIAT 637 (CanLII),2020-03-19,0,0,0,0,0,0,0,,
2020onwsiat638,2020 ONWSIAT 638 (CanLII),2020-03-20,0,0,0,0,0,0,1,,
2020onwsiat639,2020 ONWSIAT 639 (CanLII),2020-03-20,0,0,0,0,0,0,0,,
2020onwsiat640,2020 ONWSIAT 640 (CanLII),2020-03-20,0,0,0,0,0,0,0,,
2020onwsiat641,2020 ONWSIAT 641 (CanLII),2020-03-20,0,0,0,0,0,0,0,,
2020onwsiat642,2020 ONWSIAT 642 (CanLII),2020-03-20,0,0,0,0,0,0,0,,
2020onwsiat643,2020 ONWSIAT 643 (CanLII),2020-03-20,0,0,0,0,0,0,0,,
2020onwsiat644,2020 ONWSIAT 644 (CanLII),2020-03-20,0,0,0,0,0,0,0,,
2020onwsiat645,2020 ONWSIAT 645 (CanLII),2020-03-20,0,0,0,0,0,0,0,,
2020onwsiat646,2020 ONWSIAT 646 (CanLII),2020-03-20,0,0,0,0,0,0,0,,
2020onwsiat647,2020 ONWSIAT 647 (CanLII),2020-03-20,0,0,0,0,0,0,0,,
2020onwsiat648,2020 ONWSIAT 648 (CanLII),2020-03-20,0,0,0,0,0,0,0,,
2020onwsiat649,2020 ONWSIAT 649 (CanLII),2020-03-20,0,0,0,0,0,0,0,,
2020onwsiat650,2020 ONWSIAT 650 (CanLII),2020-03-20,0,0,0,0,0,0,0,,
2020onwsiat651,2020 ONWSIAT 651 (CanLII),2020-03-20,0,0,0,0,0,0,0,,
2020onwsiat652,2020 ONWSIAT 652 (CanLII),2020-03-20,0,0,0,0,0,0,0,,
2020onwsiat653,2020 ONWSIAT 653 (CanLII),2020-03-20,0,0,0,0,0,0,0,,
2020onwsiat654,2020 ONWSIAT 654 (CanLII),2020-03-20,0,0,0,0,0,0,0,,
2020onwsiat655,2020 ONWSIAT 655 (CanLII),2020-03-20,0,0,0,0,0,0,0,,
2020onwsiat656,2020 ONWSIAT 656 (CanLII),2020-03-23,0,0,0,0,0,0,0,,
2020onwsiat657,2020 ONWSIAT 657 (CanLII),2020-03-23,0,0,0,0,0,0,0,,
2020onwsiat658,2020 ONWSIAT 658 (CanLII),2020-03-23,0,0,0,0,0,0,0,,
2020onwsiat659,2020 ONWSIAT 659 (CanLII),2020-03-23,0,0,0,0,0,0,0,,
2020onwsiat660,2020 ONWSIAT 660 (CanLII),2020-03-23,0,0,0,0,0,0,0,,
2020onwsiat661,2020 ONWSIAT 661 (CanLII),2020-03-23,0,0,0,0,0,0,0,,
2020onwsiat662,2020 ONWSIAT 662 (CanLII),2020-03-23,0,0,0,0,0,0,0,,
2020onwsiat663,2020 ONWSIAT 663 (CanLII),2020-03-23,0,0,0,0,0,0,0,,
2020onwsiat664,2020 ONWSIAT 664 (CanLII),2020-03-23,0,0,0,0,0,0,0,,
2020onwsiat665,2020 ONWSIAT 665 (CanLII),2020-03-23,0,0,0,0,0,0,0,,
2020onwsiat666,2020 ONWSIAT 666 (CanLII),2020-03-23,0,0,0,0,0,0,0,,
2020onwsiat667,2020 ONWSIAT 667 (CanLII),2020-03-23,0,0,0,0,0,0,0,,
2020onwsiat668,2020 ONWSIAT 668 (CanLII),2020-03-23,0,0,0,0,0,0,0,,
2020onwsiat669,2020 ONWSIAT 669 (CanLII),2020-03-24,0,0,0,0,0,0,0,,
2020onwsiat670,2020 ONWSIAT 670 (CanLII),2020-03-24,0,0,0,0,0,0,0,,
2020onwsiat671,2020 ONWSIAT 671 (CanLII),2020-03-24,0,0,0,0,0,0,0,,
2020onwsiat672,2020 ONWSIAT 672 (CanLII),2020-03-24,0,0,0,0,0,0,0,,
2020onwsiat673,2020 ONWSIAT 673 (CanLII),2020-03-24,0,0,0,0,0,0,0,,
2020onwsiat674,2020 ONWSIAT 674 (CanLII),2020-03-24,0,0,0,0,0,0,0,,
2020onwsiat675,2020 ONWSIAT 675 (CanLII),2020-03-24,0,0,0,0,0,0,0,,
2020onwsiat676,2020 ONWSIAT 676 (CanLII),2020-03-24,0,0,0,0,0,0,0,,
2020onwsiat677,2020 ONWSIAT 677 (CanLII),2020-03-24,0,0,0,0,0,0,0,,
2020onwsiat678,2020 ONWSIAT 678 (CanLII),2020-03-24,0,0,0,0,0,0,0,,
2020onwsiat679,2020 ONWSIAT 679 (CanLII),2020-03-24,0,0,0,0,0,0,0,,
2020onwsiat680,2020 ONWSIAT 680 (CanLII),2020-03-24,0,0,0,0,0,0,0,,
2020onwsiat681,2020 ONWSIAT 681 (CanLII),2020-03-24,0,0,0,0,0,0,0,,
2020onwsiat682,2020 ONWSIAT 682 (CanLII),2020-03-24,0,0,0,0,0,0,0,,
2020onwsiat683,2020 ONWSIAT 683 (CanLII),2020-03-24,0,0,0,0,0,0,0,,
2020onwsiat684,2020 ONWSIAT 684 (CanLII),2020-03-25,0,0,0,0,0,0,0,,
2020onwsiat685,2020 ONWSIAT 685 (CanLII),2020-03-25,0,0,0,0,0,0,0,,
2020onwsiat686,2020 ONWSIAT 686 (CanLII),2020-03-25,0,0,0,0,0,0,0,,
2020onwsiat687,2020 ONWSIAT 687 (CanLII),2020-03-25,0,0,0,0,0,0,1,,
2020onwsiat688,2020 ONWSIAT 688 (CanLII),2020-03-25,0,0,0,0,0,0,0,,
2020onwsiat689,2020 ONWSIAT 689 (CanLII),2020-03-25,0,0,0,0,0,0,0,,
2020onwsiat690,2020 ONWSIAT 690 (CanLII),2020-03-25,0,0,0,0,0,0,0,,
2020onwsiat691,2020 ONWSIAT 691 (CanLII),2020-03-25,0,0,0,0,0,0,0,,
2020onwsiat692,2020 ONWSIAT 692 (CanLII),2020-03-25,0,0,0,0,0,0,0,,
2020onwsiat693,2020 ONWSIAT 693 (CanLII),2020-03-25,0,0,0,0,0,0,0,,
2020onwsiat694,2020 ONWSIAT 694 (CanLII),2020-03-25,0,0,0,0,0,0,0,,
2020onwsiat695,2020 ONWSIAT 695 (CanLII),2020-03-26,0,0,0,0,0,0,0,,
2020onwsiat696,2020 ONWSIAT 696 (CanLII),2020-03-26,0,0,0,0,0,0,0,,
2020onwsiat697,2020 ONWSIAT 697 (CanLII),2020-03-26,0,0,0,0,0,0,0,,
2020onwsiat698,2020 ONWSIAT 698 (CanLII),2020-03-26,0,0,0,0,0,0,0,,
2020onwsiat699,2020 ONWSIAT 699 (CanLII),2020-03-26,0,0,0,0,0,0,0,,
2020onwsiat700,2020 ONWSIAT 700 (CanLII),2020-03-26,0,0,0,0,0,0,0,,
2020onwsiat701,2020 ONWSIAT 701 (CanLII),2020-03-26,0,0,0,0,0,0,0,,
2020onwsiat702,2020 ONWSIAT 702 (CanLII),2020-03-26,0,0,0,0,0,0,0,,
2020onwsiat703,2020 ONWSIAT 703 (CanLII),2020-03-26,0,0,0,0,0,0,0,,
2020onwsiat704,2020 ONWSIAT 704 (CanLII),2020-03-26,0,0,0,0,0,0,0,,
2020onwsiat705,2020 ONWSIAT 705 (CanLII),2020-03-26,0,0,0,0,0,0,0,,
2020onwsiat706,2020 ONWSIAT 706 (CanLII),2020-03-26,0,0,0,0,0,0,0,,
2020onwsiat707,2020 ONWSIAT 707 (CanLII),2020-03-26,0,0,0,0,0,0,0,,
2020onwsiat708,2020 ONWSIAT 708 (CanLII),2020-03-26,0,0,0,0,0,0,0,,
2020onwsiat709,2020 ONWSIAT 709 (CanLII),2020-03-26,0,0,0,0,0,0,0,,
2020onwsiat710,2020 ONWSIAT 710 (CanLII),2020-03-26,0,0,0,0,0,0,0,,
2020onwsiat711,2020 ONWSIAT 711 (CanLII),2020-03-26,0,0,0,0,0,0,0,,
2020onwsiat712,2020 ONWSIAT 712 (CanLII),2020-03-27,0,0,0,0,0,0,1,,
2020onwsiat713,2020 ONWSIAT 713 (CanLII),2020-03-27,0,0,0,0,0,0,0,,
2020onwsiat714,2020 ONWSIAT 714 (CanLII),2020-03-27,0,0,0,0,0,0,0,,
2020onwsiat715,2020 ONWSIAT 715 (CanLII),2020-03-27,0,0,0,0,0,0,0,,
2020onwsiat716,2020 ONWSIAT 716 (CanLII),2020-03-27,0,0,0,0,0,0,0,,
2020onwsiat717,2020 ONWSIAT 717 (CanLII),2020-03-27,0,0,0,0,0,0,0,,
2020onwsiat718,2020 ONWSIAT 718 (CanLII),2020-03-27,0,0,0,0,0,0,0,,
2020onwsiat719,2020 ONWSIAT 719 (CanLII),2020-03-27,0,0,0,0,0,0,0,,
2020onwsiat720,2020 ONWSIAT 720 (CanLII),2020-03-27,0,0,0,0,0,0,0,,
2020onwsiat721,2020 ONWSIAT 721 (CanLII),2020-03-27,0,0,0,0,0,0,0,,
2020onwsiat722,2020 ONWSIAT 722 (CanLII),2020-03-27,0,0,0,0,0,0,0,,
2020onwsiat723,2020 ONWSIAT 723 (CanLII),2020-03-27,0,0,0,0,0,0,0,,
2020onwsiat724,2020 ONWSIAT 724 (CanLII),2020-03-27,0,0,0,0,0,0,0,,
2020onwsiat725,2020 ONWSIAT 725 (CanLII),2020-03-27,0,0,0,0,0,0,0,,
2020onwsiat726,2020 ONWSIAT 726 (CanLII),2020-04-02,0,0,0,0,0,0,0,,
2020onwsiat727,2020 ONWSIAT 727 (CanLII),2020-04-02,0,0,0,0,0,0,0,,
2020onwsiat728,2020 ONWSIAT 728 (CanLII),2020-04-03,0,0,0,0,0,0,1,,
2020onwsiat729,2020 ONWSIAT 729 (CanLII),2020-04-03,0,0,0,0,0,0,0,,
2020onwsiat730,2020 ONWSIAT 730 (CanLII),2020-04-03,0,0,0,0,0,0,0,,
2020onwsiat731,2020 ONWSIAT 731 (CanLII),2020-04-03,0,0,0,0,0,0,0,,
2020onwsiat732,2020 ONWSIAT 732 (CanLII),2020-04-03,0,0,0,0,0,0,0,,
2020onwsiat733,2020 ONWSIAT 733 (CanLII),2020-04-03,0,0,0,0,0,0,0,,
2020onwsiat734,2020 ONWSIAT 734 (CanLII),2020-04-06,0,0,0,0,0,0,0,,
2020onwsiat735,2020 ONWSIAT 735 (CanLII),2020-04-06,0,0,0,0,0,0,0,,
2020onwsiat736,2020 ONWSIAT 736 (CanLII),2020-04-06,0,0,0,0,0,0,0,,
2020onwsiat737,2020 ONWSIAT 737 (CanLII),2020-04-06,0,0,0,0,0,0,0,,
2020onwsiat738,2020 ONWSIAT 738 (CanLII),2020-04-06,0,0,0,0,0,0,1,,
2020onwsiat739,2020 ONWSIAT 739 (CanLII),2020-04-06,0,0,0,0,0,0,0,,
2020onwsiat740,2020 ONWSIAT 740 (CanLII),2020-04-06,0,0,0,0,0,0,0,,
2020onwsiat741,2020 ONWSIAT 741 (CanLII),2020-04-06,0,0,0,0,0,0,0,,
2020onwsiat742,2020 ONWSIAT 742 (CanLII),2020-04-07,0,0,0,0,0,0,0,,
2020onwsiat743,2020 ONWSIAT 743 (CanLII),2020-04-07,0,0,0,0,0,0,0,,
2020onwsiat744,2020 ONWSIAT 744 (CanLII),2020-04-07,0,0,0,0,0,0,0,,
2020onwsiat745,2020 ONWSIAT 745 (CanLII),2020-04-07,0,0,0,0,0,0,0,,
2020onwsiat746,2020 ONWSIAT 746 (CanLII),2020-04-07,0,0,0,0,0,0,0,,
2020onwsiat747,2020 ONWSIAT 747 (CanLII),2020-04-07,0,0,0,0,0,0,0,,
2020onwsiat748,2020 ONWSIAT 748 (CanLII),2020-04-07,0,0,0,0,0,0,0,,
2020onwsiat749,2020 ONWSIAT 749 (CanLII),2020-04-07,0,0,0,0,0,0,0,,
2020onwsiat750,2020 ONWSIAT 750 (CanLII),2020-04-08,0,0,0,0,0,0,0,,
2020onwsiat751,2020 ONWSIAT 751 (CanLII),2020-04-08,0,0,0,0,0,0,0,,
2020onwsiat752,2020 ONWSIAT 752 (CanLII),2020-04-08,0,0,0,0,0,0,0,,
2020onwsiat753,2020 ONWSIAT 753 (CanLII),2020-04-08,0,0,0,0,0,0,0,,
2020onwsiat754,2020 ONWSIAT 754 (CanLII),2020-04-08,0,0,0,0,0,0,0,,
2020onwsiat755,2020 ONWSIAT 755 (CanLII),2020-04-08,0,0,0,0,0,0,0,,
2020onwsiat756,2020 ONWSIAT 756 (CanLII),2020-04-09,0,0,0,0,0,0,0,,
2020onwsiat757,2020 ONWSIAT 757 (CanLII),2020-04-09,0,0,0,0,0,0,0,,
2020onwsiat758,2020 ONWSIAT 758 (CanLII),2020-04-09,0,0,0,0,0,0,0,,
2020onwsiat759,2020 ONWSIAT 759 (CanLII),2020-04-09,0,0,0,0,0,0,0,,
2020onwsiat760,2020 ONWSIAT 760 (CanLII),2020-04-09,0,0,0,0,0,0,0,,
2020onwsiat761,2020 ONWSIAT 761 (CanLII),2020-04-09,0,0,0,0,0,0,0,,
2020onwsiat762,2020 ONWSIAT 762 (CanLII),2020-04-09,0,0,0,0,0,0,0,,
2020onwsiat763,2020 ONWSIAT 763 (CanLII),2020-04-14,0,0,0,0,0,0,0,,
2020onwsiat764,2020 ONWSIAT 764 (CanLII),2020-04-14,0,0,0,0,0,0,0,,
2020onwsiat765,2020 ONWSIAT 765 (CanLII),2020-04-14,0,0,0,0,0,0,0,,
2020onwsiat766,2020 ONWSIAT 766 (CanLII),2020-04-14,0,0,0,0,0,0,0,,
2020onwsiat767,2020 ONWSIAT 767 (CanLII),2020-04-14,0,0,0,0,0,0,0,,
2020onwsiat768,2020 ONWSIAT 768 (CanLII),2020-04-14,0,0,0,0,0,0,0,,
2020onwsiat769,2020 ONWSIAT 769 (CanLII),2020-04-14,0,0,0,0,0,0,0,,
2020onwsiat770,2020 ONWSIAT 770 (CanLII),2020-04-14,0,0,0,0,0,0,0,,
2020onwsiat771,2020 ONWSIAT 771 (CanLII),2020-04-14,0,0,0,0,0,0,0,,
2020onwsiat772,2020 ONWSIAT 772 (CanLII),2020-04-14,0,0,0,0,0,0,0,,
2020onwsiat773,2020 ONWSIAT 773 (CanLII),2020-04-14,0,0,0,0,0,0,0,,
2020onwsiat774,2020 ONWSIAT 774 (CanLII),2020-04-14,0,0,0,0,0,0,0,,
2020onwsiat775,2020 ONWSIAT 775 (CanLII),2020-04-14,0,0,0,0,0,0,0,,
2020onwsiat776,2020 ONWSIAT 776 (CanLII),2020-04-15,0,0,0,0,0,0,0,,
2020onwsiat777,2020 ONWSIAT 777 (CanLII),2020-04-15,0,0,0,0,0,0,0,,
2020onwsiat778,2020 ONWSIAT 778 (CanLII),2020-04-15,0,0,0,0,0,0,0,,
2020onwsiat779,2020 ONWSIAT 779 (CanLII),2020-04-15,0,0,0,0,0,0,0,,
2020onwsiat780,2020 ONWSIAT 780 (CanLII),2020-04-15,0,0,0,0,0,0,0,,
2020onwsiat781,2020 ONWSIAT 781 (CanLII),2020-04-15,0,0,0,0,0,0,0,,
2020onwsiat782,2020 ONWSIAT 782 (CanLII),2020-04-15,0,0,0,0,0,0,0,,
2020onwsiat783,2020 ONWSIAT 783 (CanLII),2020-04-15,0,0,0,0,0,0,0,,
2020onwsiat784,2020 ONWSIAT 784 (CanLII),2020-04-15,0,0,0,0,0,0,0,,
2020onwsiat785,2020 ONWSIAT 785 (CanLII),2020-04-15,0,0,0,0,0,0,0,,
2020onwsiat786,2020 ONWSIAT 786 (CanLII),2020-04-15,0,0,0,0,0,0,0,,
2020onwsiat787,2020 ONWSIAT 787 (CanLII),2020-04-15,0,0,0,0,0,0,0,,
2020onwsiat788,2020 ONWSIAT 788 (CanLII),2020-04-15,0,0,0,0,0,0,0,,
2020onwsiat789,2020 ONWSIAT 789 (CanLII),2020-04-16,0,0,0,0,0,0,0,,
2020onwsiat790,2020 ONWSIAT 790 (CanLII),2020-04-16,0,0,0,0,0,0,0,,
2020onwsiat791,2020 ONWSIAT 791 (CanLII),2020-04-16,0,0,0,0,0,0,0,,
2020onwsiat792,2020 ONWSIAT 792 (CanLII),2020-04-16,0,0,0,0,0,0,0,,
2020onwsiat793,2020 ONWSIAT 793 (CanLII),2020-04-16,0,0,0,0,0,0,0,,
2020onwsiat794,2020 ONWSIAT 794 (CanLII),2020-04-16,0,0,0,0,0,0,0,,
2020onwsiat795,2020 ONWSIAT 795 (CanLII),2020-04-16,0,0,0,0,0,0,0,,
2020onwsiat796,2020 ONWSIAT 796 (CanLII),2020-04-16,0,0,0,0,0,0,0,,
2020onwsiat798,2020 ONWSIAT 798 (CanLII),2020-04-16,0,0,0,0,0,0,0,,
2020onwsiat799,2020 ONWSIAT 799 (CanLII),2020-04-16,0,0,0,0,0,0,0,,
2020onwsiat800,2020 ONWSIAT 800 (CanLII),2020-04-16,0,0,0,0,0,0,0,,
2020onwsiat801,2020 ONWSIAT 801 (CanLII),2020-04-17,0,0,0,0,0,0,0,,
2020onwsiat802,2020 ONWSIAT 802 (CanLII),2020-04-17,0,0,0,0,0,0,0,,
2020onwsiat803,2020 ONWSIAT 803 (CanLII),2020-04-17,0,0,0,0,0,0,0,,
2020onwsiat804,2020 ONWSIAT 804 (CanLII),2020-04-17,0,0,0,0,0,0,0,,
2020onwsiat805,2020 ONWSIAT 805 (CanLII),2020-04-17,0,0,0,0,0,0,0,,
2020onwsiat806,2020 ONWSIAT 806 (CanLII),2020-04-17,0,0,0,0,0,0,0,,
2020onwsiat807,2020 ONWSIAT 807 (CanLII),2020-04-17,0,0,0,0,0,0,0,,
2020onwsiat808,2020 ONWSIAT 808 (CanLII),2020-04-17,0,0,0,0,0,0,0,,
2020onwsiat809,2020 ONWSIAT 809 (CanLII),2020-04-17,0,0,0,0,0,0,0,,
2020onwsiat810,2020 ONWSIAT 810 (CanLII),2020-04-17,0,0,0,0,0,0,0,,
2020onwsiat811,2020 ONWSIAT 811 (CanLII),2020-04-17,0,0,0,0,0,0,0,,
2020onwsiat812,2020 ONWSIAT 812 (CanLII),2020-04-17,0,0,0,0,0,0,0,,
2020onwsiat813,2020 ONWSIAT 813 (CanLII),2020-04-17,0,0,0,0,0,0,0,,
2020onwsiat814,2020 ONWSIAT 814 (CanLII),2020-04-17,0,0,0,0,0,0,0,,
2020onwsiat815,2020 ONWSIAT 815 (CanLII),2020-04-17,0,0,0,0,0,0,0,,
2020onwsiat816,2020 ONWSIAT 816 (CanLII),2020-04-17,0,0,0,0,0,0,0,,
2020onwsiat817,2020 ONWSIAT 817 (CanLII),2020-04-17,0,0,0,0,0,0,0,,
2020onwsiat818,2020 ONWSIAT 818 (CanLII),2020-04-17,0,0,0,0,0,0,0,,
2020onwsiat819,2020 ONWSIAT 819 (CanLII),2020-04-17,0,0,0,0,0,0,0,,
2020onwsiat820,2020 ONWSIAT 820 (CanLII),2020-04-17,0,0,0,0,0,0,0,,
2020onwsiat821,2020 ONWSIAT 821 (CanLII),2020-04-17,0,0,0,0,0,0,0,,
2020onwsiat822,2020 ONWSIAT 822 (CanLII),2020-04-17,0,0,0,0,0,0,0,,
2020onwsiat823,2020 ONWSIAT 823 (CanLII),2020-04-17,0,0,0,0,0,0,0,,
2020onwsiat824,2020 ONWSIAT 824 (CanLII),2020-04-17,0,0,0,0,0,0,0,,
2020onwsiat825,2020 ONWSIAT 825 (CanLII),2020-04-17,0,0,0,0,0,0,0,,
2020onwsiat826,2020 ONWSIAT 826 (CanLII),2020-04-17,0,0,0,0,0,0,0,,
2020onwsiat827,2020 ONWSIAT 827 (CanLII),2020-04-20,0,0,0,0,0,0,0,,
2020onwsiat828,2020 ONWSIAT 828 (CanLII),2020-04-20,0,0,0,0,0,0,0,,
2020onwsiat829,2020 ONWSIAT 829 (CanLII),2020-04-20,0,0,0,0,0,0,0,,
2020onwsiat830,2020 ONWSIAT 830 (CanLII),2020-04-20,0,0,0,0,0,0,0,,
2020onwsiat831,2020 ONWSIAT 831 (CanLII),2020-04-20,0,0,0,0,0,0,0,,
2020onwsiat832,2020 ONWSIAT 832 (CanLII),2020-04-20,0,0,0,0,0,0,0,,
2020onwsiat833,2020 ONWSIAT 833 (CanLII),2020-04-20,0,0,0,0,0,0,0,,
2020onwsiat834,2020 ONWSIAT 834 (CanLII),2020-04-20,0,0,0,0,0,0,0,,
2020onwsiat835,2020 ONWSIAT 835 (CanLII),2020-04-20,0,0,0,0,0,0,0,,
2020onwsiat836,2020 ONWSIAT 836 (CanLII),2020-04-20,0,0,0,0,0,0,0,,
2020onwsiat837,2020 ONWSIAT 837 (CanLII),2020-04-20,0,0,0,0,0,0,0,,
2020onwsiat838,2020 ONWSIAT 838 (CanLII),2020-04-20,0,0,0,0,0,0,0,,
2020onwsiat839,2020 ONWSIAT 839 (CanLII),2020-04-20,0,0,0,0,0,0,0,,
2020onwsiat840,2020 ONWSIAT 840 (CanLII),2020-04-20,0,0,0,0,0,0,0,,
2020onwsiat841,2020 ONWSIAT 841 (CanLII),2020-04-20,0,0,0,0,0,0,0,,
2020onwsiat842,2020 ONWSIAT 842 (CanLII),2020-04-20,0,0,0,0,0,0,0,,
2020onwsiat843,2020 ONWSIAT 843 (CanLII),2020-04-21,0,0,0,0,0,0,0,,
2020onwsiat844,2020 ONWSIAT 844 (CanLII),2020-04-21,0,0,0,0,0,0,0,,
2020onwsiat845,2020 ONWSIAT 845 (CanLII),2020-04-21,0,0,0,0,0,0,0,,
2020onwsiat846,2020 ONWSIAT 846 (CanLII),2020-04-21,0,0,0,0,0,0,0,,
2020onwsiat847,2020 ONWSIAT 847 (CanLII),2020-04-21,0,0,0,0,0,0,0,,
2020onwsiat848,2020 ONWSIAT 848 (CanLII),2020-04-21,0,0,0,0,0,0,0,,
2020onwsiat849,2020 ONWSIAT 849 (CanLII),2020-04-21,0,0,0,0,0,0,0,,
2020onwsiat850,2020 ONWSIAT 850 (CanLII),2020-04-21,0,0,0,0,0,0,0,,
2020onwsiat851,2020 ONWSIAT 851 (CanLII),2020-04-21,0,0,0,0,0,0,0,,
2020onwsiat852,2020 ONWSIAT 852 (CanLII),2020-04-21,0,0,0,0,0,0,0,,
2020onwsiat853,2020 ONWSIAT 853 (CanLII),2020-04-21,0,0,0,0,0,0,0,,
2020onwsiat854,2020 ONWSIAT 854 (CanLII),2020-04-21,0,0,0,0,0,0,0,,
2020onwsiat855,2020 ONWSIAT 855 (CanLII),2020-04-22,0,0,0,0,0,0,0,,
2020onwsiat856,2020 ONWSIAT 856 (CanLII),2020-04-22,0,0,0,0,0,0,0,,
2020onwsiat857,2020 ONWSIAT 857 (CanLII),2020-04-22,0,0,0,0,0,0,0,,
2020onwsiat858,2020 ONWSIAT 858 (CanLII),2020-04-22,0,0,0,0,0,0,0,,
2020onwsiat859,2020 ONWSIAT 859 (CanLII),2020-04-22,0,0,0,0,0,0,0,,
2020onwsiat860,2020 ONWSIAT 860 (CanLII),2020-04-22,0,0,0,0,0,0,0,,
2020onwsiat861,2020 ONWSIAT 861 (CanLII),2020-04-22,0,0,0,0,0,0,0,,
2020onwsiat862,2020 ONWSIAT 862 (CanLII),2020-04-22,0,0,0,0,0,0,0,,
2020onwsiat863,2020 ONWSIAT 863 (CanLII),2020-04-23,0,0,0,0,0,0,0,,
2020onwsiat864,2020 ONWSIAT 864 (CanLII),2020-04-23,0,0,0,0,0,0,0,,
2020onwsiat865,2020 ONWSIAT 865 (CanLII),2020-04-23,0,0,0,0,0,0,0,,
2020onwsiat866,2020 ONWSIAT 866 (CanLII),2020-04-23,0,0,0,0,0,0,0,,
2020onwsiat867,2020 ONWSIAT 867 (CanLII),2020-04-23,0,0,0,0,0,0,0,,
2020onwsiat868,2020 ONWSIAT 868 (CanLII),2020-04-23,0,0,0,0,0,0,0,,
2020onwsiat869,2020 ONWSIAT 869 (CanLII),2020-04-23,0,0,0,0,0,0,0,,
2020onwsiat870,2020 ONWSIAT 870 (CanLII),2020-04-23,0,0,0,0,0,0,0,,
2020onwsiat871,2020 ONWSIAT 871 (CanLII),2020-04-23,0,0,0,0,0,0,0,,
2020onwsiat872,2020 ONWSIAT 872 (CanLII),2020-04-23,0,0,0,0,0,0,0,,
2020onwsiat873,2020 ONWSIAT 873 (CanLII),2020-04-23,0,0,0,0,0,0,0,,
2020onwsiat874,2020 ONWSIAT 874 (CanLII),2020-04-23,0,0,0,0,0,0,0,,
2020onwsiat875,2020 ONWSIAT 875 (CanLII),2020-04-23,0,0,0,0,0,0,0,,
2020onwsiat876,2020 ONWSIAT 876 (CanLII),2020-04-23,0,0,0,0,0,0,0,,
2020onwsiat877,2020 ONWSIAT 877 (CanLII),2020-04-24,0,0,0,0,0,0,0,,
2020onwsiat878,2020 ONWSIAT 878 (CanLII),2020-04-24,0,0,0,0,0,0,0,,
2020onwsiat879,2020 ONWSIAT 879 (CanLII),2020-04-24,0,0,0,0,0,0,0,,
2020onwsiat880,2020 ONWSIAT 880 (CanLII),2020-04-24,0,0,0,0,0,0,0,,
2020onwsiat881,2020 ONWSIAT 881 (CanLII),2020-04-24,0,0,0,0,0,0,0,,
2020onwsiat882,2020 ONWSIAT 882 (CanLII),2020-04-24,0,0,0,0,0,0,0,,
2020onwsiat883,2020 ONWSIAT 883 (CanLII),2020-04-24,0,0,0,0,0,0,1,,
2020onwsiat884,2020 ONWSIAT 884 (CanLII),2020-04-24,0,0,0,0,0,0,0,,
2020onwsiat885,2020 ONWSIAT 885 (CanLII),2020-04-24,0,0,0,0,0,0,0,,
2020onwsiat886,2020 ONWSIAT 886 (CanLII),2020-04-24,0,0,0,0,0,0,0,,
2020onwsiat887,2020 ONWSIAT 887 (CanLII),2020-04-27,0,0,0,0,0,0,0,,
2020onwsiat888,2020 ONWSIAT 888 (CanLII),2020-04-27,0,0,0,0,0,0,0,,
2020onwsiat889,2020 ONWSIAT 889 (CanLII),2020-04-27,0,0,0,0,0,0,0,,
2020onwsiat890,2020 ONWSIAT 890 (CanLII),2020-04-27,0,0,0,0,0,0,0,,
2020onwsiat891,2020 ONWSIAT 891 (CanLII),2020-04-27,0,0,0,0,0,0,0,,
2020onwsiat892,2020 ONWSIAT 892 (CanLII),2020-04-27,0,0,0,0,0,0,1,,
2020onwsiat893,2020 ONWSIAT 893 (CanLII),2020-04-27,0,0,0,0,0,0,0,,
2020onwsiat894,2020 ONWSIAT 894 (CanLII),2020-04-27,0,0,0,0,0,0,0,,
2020onwsiat895,2020 ONWSIAT 895 (CanLII),2020-04-27,0,0,0,0,0,0,0,,
2020onwsiat896,2020 ONWSIAT 896 (CanLII),2020-04-27,0,0,0,0,0,0,0,,
2020onwsiat897,2020 ONWSIAT 897 (CanLII),2020-04-27,1,0,0,0,0,0,0,,
2020onwsiat898,2020 ONWSIAT 898 (CanLII),2020-04-27,0,0,0,0,0,0,0,,
2020onwsiat899,2020 ONWSIAT 899 (CanLII),2020-04-27,0,0,0,0,0,0,0,,
2020onwsiat900,2020 ONWSIAT 900 (CanLII),2020-04-27,0,0,0,0,0,0,0,,
2020onwsiat901,2020 ONWSIAT 901 (CanLII),2020-04-28,0,0,0,0,0,0,0,,
2020onwsiat902,2020 ONWSIAT 902 (CanLII),2020-04-28,0,0,0,0,0,0,0,,
2020onwsiat903,2020 ONWSIAT 903 (CanLII),2020-04-28,0,0,0,0,0,0,0,,
2020onwsiat904,2020 ONWSIAT 904 (CanLII),2020-04-28,0,0,0,0,0,0,0,,
2020onwsiat905,2020 ONWSIAT 905 (CanLII),2020-04-28,0,0,0,0,0,0,0,,
2020onwsiat906,2020 ONWSIAT 906 (CanLII),2020-04-28,0,0,0,0,0,0,0,,
2020onwsiat907,2020 ONWSIAT 907 (CanLII),2020-04-28,0,0,0,0,0,0,0,,
2020onwsiat908,2020 ONWSIAT 908 (CanLII),2020-04-28,0,0,0,0,0,0,0,,
2020onwsiat909,2020 ONWSIAT 909 (CanLII),2020-04-29,0,0,0,0,0,0,0,,
2020onwsiat910,2020 ONWSIAT 910 (CanLII),2020-04-29,0,0,0,0,0,0,0,,
2020onwsiat911,2020 ONWSIAT 911 (CanLII),2020-04-29,0,0,0,0,0,0,0,,
2020onwsiat912,2020 ONWSIAT 912 (CanLII),2020-04-29,0,0,0,0,0,0,0,,
2020onwsiat913,2020 ONWSIAT 913 (CanLII),2020-04-29,0,0,0,0,0,0,0,,
2020onwsiat914,2020 ONWSIAT 914 (CanLII),2020-04-29,0,0,0,0,0,0,0,,
2020onwsiat915,2020 ONWSIAT 915 (CanLII),2020-04-29,0,0,0,0,0,0,0,,
2020onwsiat916,2020 ONWSIAT 916 (CanLII),2020-04-29,0,0,0,0,0,0,0,,
2020onwsiat917,2020 ONWSIAT 917 (CanLII),2020-04-29,0,0,0,0,0,0,0,,
2020onwsiat918,2020 ONWSIAT 918 (CanLII),2020-04-29,0,0,0,0,0,0,0,,
2020onwsiat919,2020 ONWSIAT 919 (CanLII),2020-04-29,0,0,0,0,0,0,0,,
2020onwsiat920,2020 ONWSIAT 920 (CanLII),2020-04-29,0,0,0,0,0,0,0,,
2020onwsiat921,2020 ONWSIAT 921 (CanLII),2020-04-29,0,0,0,0,0,0,0,,
2020onwsiat922,2020 ONWSIAT 922 (CanLII),2020-04-30,0,0,0,0,0,0,0,,
2020onwsiat923,2020 ONWSIAT 923 (CanLII),2020-04-30,0,0,0,0,0,0,0,,
2020onwsiat924,2020 ONWSIAT 924 (CanLII),2020-04-30,0,0,0,0,0,0,0,,
2020onwsiat925,2020 ONWSIAT 925 (CanLII),2020-04-30,0,0,0,0,0,0,0,,
2020onwsiat926,2020 ONWSIAT 926 (CanLII),2020-04-30,0,0,0,0,0,0,0,,
2020onwsiat927,2020 ONWSIAT 927 (CanLII),2020-04-30,0,0,0,0,0,0,0,,
2020onwsiat928,2020 ONWSIAT 928 (CanLII),2020-04-30,0,0,0,0,0,0,0,,
2020onwsiat929,2020 ONWSIAT 929 (CanLII),2020-04-30,0,0,0,0,0,0,0,,
2020onwsiat930,2020 ONWSIAT 930 (CanLII),2020-04-30,0,0,0,0,0,0,0,,
2020onwsiat931,2020 ONWSIAT 931 (CanLII),2020-04-30,0,0,0,0,0,0,0,,
2020onwsiat932,2020 ONWSIAT 932 (CanLII),2020-04-30,0,0,0,0,0,0,0,,
2020onwsiat933,2020 ONWSIAT 933 (CanLII),2020-04-30,0,0,0,0,0,0,0,,
2020onwsiat934,2020 ONWSIAT 934 (CanLII),2020-05-01,0,0,0,0,0,0,1,,
2020onwsiat935,2020 ONWSIAT 935 (CanLII),2020-05-01,0,0,0,0,0,0,0,,
2020onwsiat936,2020 ONWSIAT 936 (CanLII),2020-05-01,0,0,0,0,0,0,0,,
2020onwsiat937,2020 ONWSIAT 937 (CanLII),2020-05-01,0,0,0,0,0,0,0,,
2020onwsiat938,2020 ONWSIAT 938 (CanLII),2020-05-01,0,0,0,0,0,0,0,,
2020onwsiat939,2020 ONWSIAT 939 (CanLII),2020-05-01,0,0,0,0,0,0,0,,
2020onwsiat940,2020 ONWSIAT 940 (CanLII),2020-05-01,0,0,0,0,0,0,0,,
2020onwsiat941,2020 ONWSIAT 941 (CanLII),2020-05-01,0,0,0,0,0,0,0,,
2020onwsiat942,2020 ONWSIAT 942 (CanLII),2020-05-01,0,0,0,0,0,0,1,,
2020onwsiat943,2020 ONWSIAT 943 (CanLII),2020-05-01,0,0,0,0,0,0,0,,
2020onwsiat944,2020 ONWSIAT 944 (CanLII),2020-05-01,0,0,0,0,0,0,0,,
2020onwsiat945,2020 ONWSIAT 945 (CanLII),2020-05-01,0,0,0,0,0,0,0,,
2020onwsiat946,2020 ONWSIAT 946 (CanLII),2020-05-04,0,0,0,0,0,0,0,,
2020onwsiat947,2020 ONWSIAT 947 (CanLII),2020-05-04,0,0,0,0,0,0,0,,
2020onwsiat948,2020 ONWSIAT 948 (CanLII),2020-05-04,0,0,0,0,0,0,0,,
2020onwsiat949,2020 ONWSIAT 949 (CanLII),2020-05-04,0,0,0,0,0,0,0,,
2020onwsiat950,2020 ONWSIAT 950 (CanLII),2020-05-04,0,0,0,0,0,0,0,,
2020onwsiat951,2020 ONWSIAT 951 (CanLII),2020-05-04,0,0,0,0,0,0,0,,
2020onwsiat952,2020 ONWSIAT 952 (CanLII),2020-05-05,0,0,0,0,0,0,0,,
2020onwsiat953,2020 ONWSIAT 953 (CanLII),2020-05-05,0,0,0,0,0,0,0,,
2020onwsiat954,2020 ONWSIAT 954 (CanLII),2020-05-05,0,0,0,0,0,0,0,,
2020onwsiat955,2020 ONWSIAT 955 (CanLII),2020-05-05,0,0,0,0,0,0,0,,
2020onwsiat956,2020 ONWSIAT 956 (CanLII),2020-05-05,0,0,0,0,0,0,0,,
2020onwsiat957,2020 ONWSIAT 957 (CanLII),2020-05-05,0,0,0,0,0,0,0,,
2020onwsiat958,2020 ONWSIAT 958 (CanLII),2020-05-05,0,0,0,0,0,0,0,,
2020onwsiat959,2020 ONWSIAT 959 (CanLII),2020-05-06,0,0,0,0,0,0,0,,
2020onwsiat960,2020 ONWSIAT 960 (CanLII),2020-05-06,0,0,0,0,0,0,0,,
2020onwsiat961,2020 ONWSIAT 961 (CanLII),2020-05-06,0,0,0,0,0,0,0,,
2020onwsiat962,2020 ONWSIAT 962 (CanLII),2020-05-06,0,0,0,0,0,0,0,,
2020onwsiat963,2020 ONWSIAT 963 (CanLII),2020-05-06,0,0,0,0,0,0,0,,
2020onwsiat964,2020 ONWSIAT 964 (CanLII),2020-05-06,0,0,0,0,0,0,0,,
2020onwsiat965,2020 ONWSIAT 965 (CanLII),2020-05-06,0,0,0,0,0,0,0,,
2020onwsiat966,2020 ONWSIAT 966 (CanLII),2020-05-06,0,0,0,0,0,0,0,,
2020onwsiat967,2020 ONWSIAT 967 (CanLII),2020-05-06,0,0,0,0,0,0,0,,
2020onwsiat968,2020 ONWSIAT 968 (CanLII),2020-05-06,0,0,0,0,0,0,0,,
2020onwsiat969,2020 ONWSIAT 969 (CanLII),2020-05-06,0,0,0,0,0,0,0,,
2020onwsiat970,2020 ONWSIAT 970 (CanLII),2020-05-07,0,0,0,0,0,0,0,,
2020onwsiat971,2020 ONWSIAT 971 (CanLII),2020-05-07,0,0,0,0,0,0,0,,
2020onwsiat972,2020 ONWSIAT 972 (CanLII),2020-05-07,0,0,0,0,0,0,1,,
2020onwsiat973,2020 ONWSIAT 973 (CanLII),2020-05-07,0,0,0,0,0,0,0,,
2020onwsiat974,2020 ONWSIAT 974 (CanLII),2020-05-08,0,0,0,0,0,0,0,,
2020onwsiat975,2020 ONWSIAT 975 (CanLII),2020-05-08,0,0,0,0,0,0,0,,
2020onwsiat976,2020 ONWSIAT 976 (CanLII),2020-05-08,0,0,0,0,0,0,0,,
2020onwsiat977,2020 ONWSIAT 977 (CanLII),2020-05-08,0,0,0,0,0,0,0,,
2020onwsiat978,2020 ONWSIAT 978 (CanLII),2020-05-08,0,0,0,0,0,0,0,,
2020onwsiat979,2020 ONWSIAT 979 (CanLII),2020-05-08,0,0,0,0,0,0,0,,
2020onwsiat980,2020 ONWSIAT 980 (CanLII),2020-05-08,0,0,0,0,0,0,0,,
2020onwsiat981,2020 ONWSIAT 981 (CanLII),2020-05-08,0,0,0,0,0,0,0,,
2020onwsiat982,2020 ONWSIAT 982 (CanLII),2020-05-08,0,0,0,0,0,0,0,,
2020onwsiat983,2020 ONWSIAT 983 (CanLII),2020-05-08,0,0,0,0,0,0,0,,
2020onwsiat984,2020 ONWSIAT 984 (CanLII),2020-05-08,0,0,0,0,0,0,0,,
2020onwsiat985,2020 ONWSIAT 985 (CanLII),2020-05-08,0,0,0,0,0,0,0,,
2020onwsiat986,2020 ONWSIAT 986 (CanLII),2020-05-11,0,0,0,0,0,0,0,,
2020onwsiat987,2020 ONWSIAT 987 (CanLII),2020-05-11,0,0,0,0,0,0,0,,
2020onwsiat988,2020 ONWSIAT 988 (CanLII),2020-05-11,0,0,0,0,0,0,0,,
2020onwsiat989,2020 ONWSIAT 989 (CanLII),2020-05-11,0,0,0,0,0,0,0,,
2020onwsiat990,2020 ONWSIAT 990 (CanLII),2020-05-11,0,0,0,0,0,0,0,,
2020onwsiat991,2020 ONWSIAT 991 (CanLII),2020-05-12,0,0,0,0,0,0,0,,
2020onwsiat992,2020 ONWSIAT 992 (CanLII),2020-05-12,0,0,0,0,0,0,0,,
2020onwsiat993,2020 ONWSIAT 993 (CanLII),2020-05-12,0,0,0,0,0,0,0,,
2020onwsiat994,2020 ONWSIAT 994 (CanLII),2020-05-12,0,0,0,0,0,0,0,,
2020onwsiat995,2020 ONWSIAT 995 (CanLII),2020-05-12,0,0,0,0,0,0,0,,
2020onwsiat996,2020 ONWSIAT 996 (CanLII),2020-05-12,0,0,0,0,0,0,1,,
2020onwsiat997,2020 ONWSIAT 997 (CanLII),2020-05-12,0,0,0,0,0,0,0,,
2020onwsiat998,2020 ONWSIAT 998 (CanLII),2020-05-13,0,0,0,0,0,0,0,,
2020onwsiat999,2020 ONWSIAT 999 (CanLII),2020-05-13,0,0,0,0,0,0,0,,
2020onwsiat1000,2020 ONWSIAT 1000 (CanLII),2020-05-13,0,0,0,0,0,0,0,,
2020onwsiat1001,2020 ONWSIAT 1001 (CanLII),2020-05-13,0,0,0,0,0,0,0,,
2020onwsiat1002,2020 ONWSIAT 1002 (CanLII),2020-05-13,0,0,0,0,0,0,0,,
2020onwsiat1003,2020 ONWSIAT 1003 (CanLII),2020-05-13,0,0,0,0,0,0,1,,
2020onwsiat1004,2020 ONWSIAT 1004 (CanLII),2020-05-13,0,0,0,0,0,0,0,,
2020onwsiat1005,2020 ONWSIAT 1005 (CanLII),2020-05-14,0,0,0,0,0,0,0,,
2020onwsiat1006,2020 ONWSIAT 1006 (CanLII),2020-05-14,0,0,0,0,0,0,0,,
2020onwsiat1007,2020 ONWSIAT 1007 (CanLII),2020-05-14,0,0,0,0,0,0,0,,
2020onwsiat1008,2020 ONWSIAT 1008 (CanLII),2020-05-14,0,0,0,0,0,0,0,,
2020onwsiat1009,2020 ONWSIAT 1009 (CanLII),2020-05-14,0,0,0,0,0,0,0,,
2020onwsiat1010,2020 ONWSIAT 1010 (CanLII),2020-05-14,0,0,0,0,0,0,0,,
2020onwsiat1011,2020 ONWSIAT 1011 (CanLII),2020-05-14,0,0,0,0,0,0,0,,
2020onwsiat1012,2020 ONWSIAT 1012 (CanLII),2020-05-14,0,0,0,0,0,0,0,,
2020onwsiat1013,2020 ONWSIAT 1013 (CanLII),2020-05-15,0,0,0,0,0,0,0,,
2020onwsiat1014,2020 ONWSIAT 1014 (CanLII),2020-05-15,0,0,0,0,0,0,0,,
2020onwsiat1015,2020 ONWSIAT 1015 (CanLII),2020-05-15,0,0,0,0,0,0,0,,
2020onwsiat1016,2020 ONWSIAT 1016 (CanLII),2020-05-15,0,0,0,0,0,0,0,,
2020onwsiat1017,2020 ONWSIAT 1017 (CanLII),2020-05-15,0,0,0,0,0,0,0,,
2020onwsiat1018,2020 ONWSIAT 1018 (CanLII),2020-05-15,0,0,0,0,0,0,0,,
2020onwsiat1019,2020 ONWSIAT 1019 (CanLII),2020-05-15,0,0,0,0,0,0,0,,
2020onwsiat1020,2020 ONWSIAT 1020 (CanLII),2020-05-15,0,0,0,0,0,0,0,,
2020onwsiat1021,2020 ONWSIAT 1021 (CanLII),2020-05-15,0,0,0,0,0,0,0,,
2020onwsiat1022,2020 ONWSIAT 1022 (CanLII),2020-05-15,0,0,0,0,0,0,0,,
2020onwsiat1023,2020 ONWSIAT 1023 (CanLII),2020-05-19,0,0,0,0,0,0,0,,
2020onwsiat1024,2020 ONWSIAT 1024 (CanLII),2020-05-19,0,0,0,0,0,0,1,,
2020onwsiat1025,2020 ONWSIAT 1025 (CanLII),2020-05-19,0,0,0,0,0,0,0,,
2020onwsiat1026,2020 ONWSIAT 1026 (CanLII),2020-05-19,0,0,0,0,0,0,0,,
2020onwsiat1027,2020 ONWSIAT 1027 (CanLII),2020-05-19,0,0,0,0,0,0,0,,
2020onwsiat1028,2020 ONWSIAT 1028 (CanLII),2020-05-19,0,0,0,0,0,0,0,,
2020onwsiat1029,2020 ONWSIAT 1029 (CanLII),2020-05-19,0,0,0,0,0,0,0,,
2020onwsiat1030,2020 ONWSIAT 1030 (CanLII),2020-05-19,0,0,0,0,0,0,0,,
2020onwsiat1031,2020 ONWSIAT 1031 (CanLII),2020-05-19,0,0,0,0,0,0,0,,
2020onwsiat1032,2020 ONWSIAT 1032 (CanLII),2020-05-19,0,0,0,0,0,0,0,,
2020onwsiat1033,2020 ONWSIAT 1033 (CanLII),2020-05-19,0,0,0,0,0,0,0,,
2020onwsiat1034,2020 ONWSIAT 1034 (CanLII),2020-05-19,0,0,0,0,0,0,0,,
2020onwsiat1035,2020 ONWSIAT 1035 (CanLII),2020-05-19,0,0,0,0,0,0,0,,
2020onwsiat1036,2020 ONWSIAT 1036 (CanLII),2020-05-19,0,0,0,0,0,0,0,,
2020onwsiat1037,2020 ONWSIAT 1037 (CanLII),2020-05-19,0,0,0,0,0,0,0,,
2020onwsiat1038,2020 ONWSIAT 1038 (CanLII),2020-05-20,0,0,0,0,0,0,0,,
2020onwsiat1039,2020 ONWSIAT 1039 (CanLII),2020-05-20,0,0,0,0,0,0,0,,
2020onwsiat1040,2020 ONWSIAT 1040 (CanLII),2020-05-20,0,0,0,0,0,0,0,,
2020onwsiat1041,2020 ONWSIAT 1041 (CanLII),2020-05-20,0,0,0,0,0,0,0,,
2020onwsiat1042,2020 ONWSIAT 1042 (CanLII),2020-05-20,0,0,0,0,0,0,0,,
2020onwsiat1043,2020 ONWSIAT 1043 (CanLII),2020-05-20,0,0,0,0,0,0,0,,
2020onwsiat1044,2020 ONWSIAT 1044 (CanLII),2020-05-20,0,0,0,0,0,0,0,,
2020onwsiat1045,2020 ONWSIAT 1045 (CanLII),2020-05-20,0,0,0,0,0,0,0,,
2020onwsiat1046,2020 ONWSIAT 1046 (CanLII),2020-05-20,0,0,0,0,0,0,0,,
2020onwsiat1047,2020 ONWSIAT 1047 (CanLII),2020-05-21,0,0,0,0,0,0,0,,
2020onwsiat1048,2020 ONWSIAT 1048 (CanLII),2020-05-21,0,0,0,0,0,0,0,,
2020onwsiat1049,2020 ONWSIAT 1049 (CanLII),2020-05-21,0,0,0,0,0,0,0,,
2020onwsiat1050,2020 ONWSIAT 1050 (CanLII),2020-05-21,0,0,0,0,0,0,0,,
2020onwsiat1051,2020 ONWSIAT 1051 (CanLII),2020-05-21,0,0,0,0,0,0,0,,
2020onwsiat1052,2020 ONWSIAT 1052 (CanLII),2020-05-21,0,0,0,0,0,0,0,,
2020onwsiat1053,2020 ONWSIAT 1053 (CanLII),2020-05-21,0,0,0,0,0,0,0,,
2020onwsiat1054,2020 ONWSIAT 1054 (CanLII),2020-05-22,0,0,0,0,0,0,0,,
2020onwsiat1055,2020 ONWSIAT 1055 (CanLII),2020-05-22,0,0,0,0,0,0,0,,
2020onwsiat1056,2020 ONWSIAT 1056 (CanLII),2020-05-22,0,0,0,0,0,0,0,,
2020onwsiat1057,2020 ONWSIAT 1057 (CanLII),2020-05-22,0,0,0,0,0,0,0,,
2020onwsiat1058,2020 ONWSIAT 1058 (CanLII),2020-05-22,0,0,0,0,0,0,0,,
2020onwsiat1059,2020 ONWSIAT 1059 (CanLII),2020-05-22,0,0,0,0,0,0,0,,
2020onwsiat1060,2020 ONWSIAT 1060 (CanLII),2020-05-25,0,0,0,0,0,0,0,,
2020onwsiat1061,2020 ONWSIAT 1061 (CanLII),2020-05-25,0,0,0,0,0,0,0,,
2020onwsiat1062,2020 ONWSIAT 1062 (CanLII),2020-05-25,0,0,0,0,0,0,0,,
2020onwsiat1063,2020 ONWSIAT 1063 (CanLII),2020-05-25,0,0,0,0,0,0,0,,
2020onwsiat1064,2020 ONWSIAT 1064 (CanLII),2020-05-25,0,0,0,0,0,0,0,,
2020onwsiat1065,2020 ONWSIAT 1065 (CanLII),2020-05-25,0,0,0,0,0,0,0,,
2020onwsiat1066,2020 ONWSIAT 1066 (CanLII),2020-05-25,0,0,0,0,0,0,0,,
2020onwsiat1067,2020 ONWSIAT 1067 (CanLII),2020-05-25,0,0,0,0,0,0,0,,
2020onwsiat1068,2020 ONWSIAT 1068 (CanLII),2020-05-25,0,0,0,0,0,0,0,,
2020onwsiat1069,2020 ONWSIAT 1069 (CanLII),2020-05-26,0,0,0,0,0,0,0,,
2020onwsiat1070,2020 ONWSIAT 1070 (CanLII),2020-05-26,0,0,0,0,0,0,0,,
2020onwsiat1071,2020 ONWSIAT 1071 (CanLII),2020-05-26,0,0,0,0,0,0,0,,
2020onwsiat1072,2020 ONWSIAT 1072 (CanLII),2020-05-26,0,0,0,0,0,0,0,,
2020onwsiat1073,2020 ONWSIAT 1073 (CanLII),2020-05-26,0,0,0,0,0,0,0,,
2020onwsiat1074,2020 ONWSIAT 1074 (CanLII),2020-05-26,0,0,0,0,0,0,1,,
2020onwsiat1075,2020 ONWSIAT 1075 (CanLII),2020-05-26,0,0,0,0,0,0,0,,
2020onwsiat1076,2020 ONWSIAT 1076 (CanLII),2020-05-26,0,0,0,0,0,0,1,,
2020onwsiat1077,2020 ONWSIAT 1077 (CanLII),2020-05-26,0,0,0,0,0,0,0,,
2020onwsiat1078,2020 ONWSIAT 1078 (CanLII),2020-05-27,0,0,0,0,0,0,0,,
2020onwsiat1079,2020 ONWSIAT 1079 (CanLII),2020-05-27,0,0,0,0,0,0,0,,
2020onwsiat1080,2020 ONWSIAT 1080 (CanLII),2020-05-27,0,0,0,0,0,0,0,,
2020onwsiat1081,2020 ONWSIAT 1081 (CanLII),2020-05-27,0,0,0,0,0,0,0,,
2020onwsiat1082,2020 ONWSIAT 1082 (CanLII),2020-05-28,0,0,0,0,0,0,0,,
2020onwsiat1083,2020 ONWSIAT 1083 (CanLII),2020-05-28,0,0,0,0,0,0,0,,
2020onwsiat1084,2020 ONWSIAT 1084 (CanLII),2020-05-28,0,0,0,0,0,0,1,,
2020onwsiat1085,2020 ONWSIAT 1085 (CanLII),2020-05-29,0,0,0,0,0,0,0,,
2020onwsiat1086,2020 ONWSIAT 1086 (CanLII),2020-05-29,0,0,0,0,0,0,0,,
2020onwsiat1087,2020 ONWSIAT 1087 (CanLII),2020-05-29,0,0,0,0,0,0,0,,
2020onwsiat1088,2020 ONWSIAT 1088 (CanLII),2020-05-29,0,0,0,0,0,0,0,,
2020onwsiat1089,2020 ONWSIAT 1089 (CanLII),2020-05-29,0,0,0,0,0,0,0,,
2020onwsiat1090,2020 ONWSIAT 1090 (CanLII),2020-05-29,0,0,0,0,0,0,0,,
2020onwsiat1091,2020 ONWSIAT 1091 (CanLII),2020-05-29,0,0,0,0,0,0,0,,
2020onwsiat1092,2020 ONWSIAT 1092 (CanLII),2020-06-01,0,0,0,0,0,0,0,,
2020onwsiat1093,2020 ONWSIAT 1093 (CanLII),2020-06-01,0,0,0,0,0,0,0,,
2020onwsiat1094,2020 ONWSIAT 1094 (CanLII),2020-06-01,0,0,0,0,0,0,0,,
2020onwsiat1095,2020 ONWSIAT 1095 (CanLII),2020-06-01,0,0,0,0,0,0,0,,
2020onwsiat1096,2020 ONWSIAT 1096 (CanLII),2020-06-02,0,0,0,0,0,0,0,,
2020onwsiat1097,2020 ONWSIAT 1097 (CanLII),2020-06-02,0,0,0,0,0,0,0,,
2020onwsiat1098,2020 ONWSIAT 1098 (CanLII),2020-06-02,0,0,0,0,0,0,0,,
2020onwsiat1099,2020 ONWSIAT 1099 (CanLII),2020-06-02,0,0,0,0,0,0,0,,
2020onwsiat1100,2020 ONWSIAT 1100 (CanLII),2020-06-02,0,0,0,0,0,0,0,,
2020onwsiat1101,2020 ONWSIAT 1101 (CanLII),2020-06-02,0,0,0,0,0,0,0,,
2020onwsiat1102,2020 ONWSIAT 1102 (CanLII),2020-06-02,0,0,0,0,0,0,0,,
2020onwsiat1103,2020 ONWSIAT 1103 (CanLII),2020-06-02,0,0,0,0,0,0,1,,
2020onwsiat1104,2020 ONWSIAT 1104 (CanLII),2020-06-02,0,0,0,0,0,0,0,,
2020onwsiat1105,2020 ONWSIAT 1105 (CanLII),2020-06-02,0,0,0,0,0,0,0,,
2020onwsiat1106,2020 ONWSIAT 1106 (CanLII),2020-06-02,0,0,0,0,0,0,0,,
2020onwsiat1107,2020 ONWSIAT 1107 (CanLII),2020-06-02,0,0,0,0,0,0,0,,
2020onwsiat1108,2020 ONWSIAT 1108 (CanLII),2020-06-03,0,0,0,0,0,0,0,,
2020onwsiat1109,2020 ONWSIAT 1109 (CanLII),2020-06-03,0,0,0,0,0,0,0,,
2020onwsiat1110,2020 ONWSIAT 1110 (CanLII),2020-06-03,0,0,0,0,0,0,0,,
2020onwsiat1111,2020 ONWSIAT 1111 (CanLII),2020-06-04,0,0,0,0,0,0,0,,
2020onwsiat1112,2020 ONWSIAT 1112 (CanLII),2020-06-04,0,0,0,0,0,0,0,,
2020onwsiat1113,2020 ONWSIAT 1113 (CanLII),2020-06-04,0,0,0,0,0,0,0,,
2020onwsiat1114,2020 ONWSIAT 1114 (CanLII),2020-06-04,0,0,0,0,0,0,0,,
2020onwsiat1115,2020 ONWSIAT 1115 (CanLII),2020-06-04,0,0,0,0,0,0,0,,
2020onwsiat1116,2020 ONWSIAT 1116 (CanLII),2020-06-05,0,0,0,0,0,0,0,,
2020onwsiat1117,2020 ONWSIAT 1117 (CanLII),2020-06-05,0,0,0,0,0,0,0,,
2020onwsiat1118,2020 ONWSIAT 1118 (CanLII),2020-06-05,0,0,0,0,0,0,1,,
2020onwsiat1119,2020 ONWSIAT 1119 (CanLII),2020-06-08,0,0,0,0,0,0,0,,
2020onwsiat1120,2020 ONWSIAT 1120 (CanLII),2020-06-08,0,0,0,0,0,0,0,,
2020onwsiat1121,2020 ONWSIAT 1121 (CanLII),2020-06-08,0,0,0,0,0,0,0,,
2020onwsiat1122,2020 ONWSIAT 1122 (CanLII),2020-06-08,0,0,0,0,0,0,0,,
2020onwsiat1123,2020 ONWSIAT 1123 (CanLII),2020-06-08,0,0,0,0,0,0,0,,
2020onwsiat1124,2020 ONWSIAT 1124 (CanLII),2020-06-08,0,0,0,0,0,0,0,,
2020onwsiat1125,2020 ONWSIAT 1125 (CanLII),2020-06-08,0,0,0,0,0,0,0,,
2020onwsiat1126,2020 ONWSIAT 1126 (CanLII),2020-06-08,0,0,0,0,0,0,0,,
2020onwsiat1127,2020 ONWSIAT 1127 (CanLII),2020-06-09,0,0,0,0,0,0,0,,
2020onwsiat1128,2020 ONWSIAT 1128 (CanLII),2020-06-09,0,0,0,0,0,0,0,,
2020onwsiat1129,2020 ONWSIAT 1129 (CanLII),2020-06-09,0,0,0,0,0,0,0,,
2020onwsiat1130,2020 ONWSIAT 1130 (CanLII),2020-06-09,0,0,0,0,0,0,0,,
2020onwsiat1131,2020 ONWSIAT 1131 (CanLII),2020-06-09,0,0,0,0,0,0,1,,
2020onwsiat1132,2020 ONWSIAT 1132 (CanLII),2020-06-10,0,0,0,0,0,0,0,,
2020onwsiat1133,2020 ONWSIAT 1133 (CanLII),2020-06-10,0,0,0,0,0,0,0,,
2020onwsiat1134,2020 ONWSIAT 1134 (CanLII),2020-06-10,0,0,0,0,0,0,0,,
2020onwsiat1135,2020 ONWSIAT 1135 (CanLII),2020-06-10,0,0,0,0,0,0,0,,
2020onwsiat1136,2020 ONWSIAT 1136 (CanLII),2020-06-10,0,0,0,0,0,0,0,,
2020onwsiat1137,2020 ONWSIAT 1137 (CanLII),2020-06-10,0,0,0,0,0,0,0,,
2020onwsiat1138,2020 ONWSIAT 1138 (CanLII),2020-06-10,0,0,0,0,0,0,0,,
2020onwsiat1139,2020 ONWSIAT 1139 (CanLII),2020-06-11,0,0,0,0,0,0,0,,
2020onwsiat1140,2020 ONWSIAT 1140 (CanLII),2020-06-11,0,0,0,0,0,0,0,,
2020onwsiat1141,2020 ONWSIAT 1141 (CanLII),2020-06-11,0,0,0,0,0,0,0,,
2020onwsiat1142,2020 ONWSIAT 1142 (CanLII),2020-06-12,0,0,0,0,0,0,0,,
2020onwsiat1143,2020 ONWSIAT 1143 (CanLII),2020-06-12,0,0,0,0,0,0,0,,
2020onwsiat1144,2020 ONWSIAT 1144 (CanLII),2020-06-12,0,0,0,0,0,0,0,,
2020onwsiat1145,2020 ONWSIAT 1145 (CanLII),2020-06-12,0,0,0,0,0,0,0,,
2020onwsiat1146,2020 ONWSIAT 1146 (CanLII),2020-06-12,0,0,0,0,0,0,0,,
2020onwsiat1147,2020 ONWSIAT 1147 (CanLII),2020-06-12,0,0,0,0,0,0,0,,
2020onwsiat1148,2020 ONWSIAT 1148 (CanLII),2020-06-15,0,0,0,0,0,0,0,,
2020onwsiat1149,2020 ONWSIAT 1149 (CanLII),2020-06-15,0,0,0,0,0,0,0,,
2020onwsiat1150,2020 ONWSIAT 1150 (CanLII),2020-06-15,0,0,0,0,0,0,0,,
2020onwsiat1151,2020 ONWSIAT 1151 (CanLII),2020-06-15,1,0,0,0,0,0,0,,
2020onwsiat1152,2020 ONWSIAT 1152 (CanLII),2020-06-15,0,0,0,0,0,0,0,,
2020onwsiat1153,2020 ONWSIAT 1153 (CanLII),2020-06-16,0,0,0,0,0,0,0,,
2020onwsiat1154,2020 ONWSIAT 1154 (CanLII),2020-06-16,0,0,0,0,0,0,0,,
2020onwsiat1155,2020 ONWSIAT 1155 (CanLII),2020-06-17,0,0,0,0,0,0,0,,
2020onwsiat1156,2020 ONWSIAT 1156 (CanLII),2020-06-18,0,0,0,0,0,0,0,,
2020onwsiat1157,2020 ONWSIAT 1157 (CanLII),2020-06-18,0,0,0,0,0,0,0,,
2020onwsiat1158,2020 ONWSIAT 1158 (CanLII),2020-06-18,0,0,0,0,0,0,0,,
2020onwsiat1159,2020 ONWSIAT 1159 (CanLII),2020-06-18,0,0,0,0,0,0,0,,
2020onwsiat1160,2020 ONWSIAT 1160 (CanLII),2020-06-18,0,0,0,0,0,0,0,,
2020onwsiat1161,2020 ONWSIAT 1161 (CanLII),2020-06-18,0,0,0,0,0,0,0,,
2020onwsiat1162,2020 ONWSIAT 1162 (CanLII),2020-06-18,0,0,0,0,0,0,0,,
2020onwsiat1163,2020 ONWSIAT 1163 (CanLII),2020-06-18,0,0,0,0,0,0,0,,
2020onwsiat1164,2020 ONWSIAT 1164 (CanLII),2020-06-18,0,0,0,0,0,0,0,,
2020onwsiat1165,2020 ONWSIAT 1165 (CanLII),2020-06-18,0,0,0,0,0,0,0,,
2020onwsiat1166,2020 ONWSIAT 1166 (CanLII),2020-06-18,0,0,0,0,0,0,0,,
2020onwsiat1167,2020 ONWSIAT 1167 (CanLII),2020-06-18,0,0,0,0,0,0,0,,
2020onwsiat1168,2020 ONWSIAT 1168 (CanLII),2020-06-19,0,0,0,0,0,0,0,,
2020onwsiat1169,2020 ONWSIAT 1169 (CanLII),2020-06-19,0,0,0,0,0,0,0,,
2020onwsiat1170,2020 ONWSIAT 1170 (CanLII),2020-06-19,0,0,0,0,0,0,1,,
2020onwsiat1171,2020 ONWSIAT 1171 (CanLII),2020-06-19,0,0,0,0,0,0,0,,
2020onwsiat1172,2020 ONWSIAT 1172 (CanLII),2020-06-19,0,0,0,0,0,0,0,,
2020onwsiat1173,2020 ONWSIAT 1173 (CanLII),2020-06-19,0,0,0,0,0,0,0,,
2020onwsiat1174,2020 ONWSIAT 1174 (CanLII),2020-06-19,0,0,0,0,0,0,0,,
2020onwsiat1175,2020 ONWSIAT 1175 (CanLII),2020-06-19,0,0,0,0,0,0,0,,
2020onwsiat1176,2020 ONWSIAT 1176 (CanLII),2020-06-22,0,0,0,0,0,0,0,,
2020onwsiat1177,2020 ONWSIAT 1177 (CanLII),2020-06-22,0,0,0,0,0,0,0,,
2020onwsiat1178,2020 ONWSIAT 1178 (CanLII),2020-06-22,0,0,0,0,0,0,0,,
2020onwsiat1179,2020 ONWSIAT 1179 (CanLII),2020-06-23,0,0,0,0,0,0,1,,
2020onwsiat1180,2020 ONWSIAT 1180 (CanLII),2020-06-23,0,0,0,0,0,0,0,,
2020onwsiat1181,2020 ONWSIAT 1181 (CanLII),2020-06-23,0,0,0,0,0,0,0,,
2020onwsiat1182,2020 ONWSIAT 1182 (CanLII),2020-06-23,0,0,0,0,0,0,0,,
2020onwsiat1183,2020 ONWSIAT 1183 (CanLII),2020-06-23,0,0,0,0,0,0,0,,
2020onwsiat1184,2020 ONWSIAT 1184 (CanLII),2020-06-23,0,0,0,0,0,0,1,,
2020onwsiat1185,2020 ONWSIAT 1185 (CanLII),2020-06-23,1,0,0,0,0,0,0,,
2020onwsiat1186,2020 ONWSIAT 1186 (CanLII),2020-06-23,0,0,0,0,0,0,0,,
2020onwsiat1187,2020 ONWSIAT 1187 (CanLII),2020-06-23,0,0,0,0,0,0,0,,
2020onwsiat1188,2020 ONWSIAT 1188 (CanLII),2020-06-23,0,0,0,0,0,0,0,,
2020onwsiat1189,2020 ONWSIAT 1189 (CanLII),2020-06-23,0,0,0,0,0,0,0,,
2020onwsiat1190,2020 ONWSIAT 1190 (CanLII),2020-06-23,0,0,0,0,0,0,0,,
2020onwsiat1191,2020 ONWSIAT 1191 (CanLII),2020-06-23,0,0,0,0,0,0,0,,
2020onwsiat1192,2020 ONWSIAT 1192 (CanLII),2020-06-23,0,0,0,0,0,0,0,,
2020onwsiat1193,2020 ONWSIAT 1193 (CanLII),2020-06-24,0,0,0,0,0,0,0,,
2020onwsiat1194,2020 ONWSIAT 1194 (CanLII),2020-06-24,0,0,0,0,0,0,0,,
2020onwsiat1195,2020 ONWSIAT 1195 (CanLII),2020-06-24,0,0,0,0,0,0,0,,
2020onwsiat1196,2020 ONWSIAT 1196 (CanLII),2020-06-24,0,0,0,0,0,0,0,,
2020onwsiat1197,2020 ONWSIAT 1197 (CanLII),2020-06-24,0,0,0,0,0,0,0,,
2020onwsiat1198,2020 ONWSIAT 1198 (CanLII),2020-06-24,0,0,0,0,0,0,0,,
2020onwsiat1199,2020 ONWSIAT 1199 (CanLII),2020-06-24,0,0,0,0,0,0,0,,
2020onwsiat1200,2020 ONWSIAT 1200 (CanLII),2020-06-24,0,0,0,0,0,0,0,,
2020onwsiat1201,2020 ONWSIAT 1201 (CanLII),2020-06-25,0,0,0,0,0,0,0,,
2020onwsiat1202,2020 ONWSIAT 1202 (CanLII),2020-06-25,0,0,0,0,0,0,0,,
2020onwsiat1203,2020 ONWSIAT 1203 (CanLII),2020-06-25,0,0,0,0,0,0,0,,
2020onwsiat1204,2020 ONWSIAT 1204 (CanLII),2020-06-25,0,0,0,0,0,0,0,,
2020onwsiat1205,2020 ONWSIAT 1205 (CanLII),2020-06-25,0,0,0,0,0,0,0,,
2020onwsiat1206,2020 ONWSIAT 1206 (CanLII),2020-06-25,0,0,0,0,0,0,0,,
2020onwsiat1207,2020 ONWSIAT 1207 (CanLII),2020-06-25,0,0,0,0,0,0,0,,
2020onwsiat1208,2020 ONWSIAT 1208 (CanLII),2020-06-26,0,0,0,0,0,0,1,,
2020onwsiat1209,2020 ONWSIAT 1209 (CanLII),2020-06-26,0,0,0,0,0,0,0,,
2020onwsiat1210,2020 ONWSIAT 1210 (CanLII),2020-06-26,0,0,0,0,0,0,0,,
2020onwsiat1211,2020 ONWSIAT 1211 (CanLII),2020-06-26,0,0,0,0,0,0,0,,
2020onwsiat1212,2020 ONWSIAT 1212 (CanLII),2020-06-26,0,0,0,0,0,0,0,,
2020onwsiat1213,2020 ONWSIAT 1213 (CanLII),2020-06-26,0,0,0,0,0,0,0,,
2020onwsiat1214,2020 ONWSIAT 1214 (CanLII),2020-06-26,0,0,0,0,0,0,0,,
2020onwsiat1215,2020 ONWSIAT 1215 (CanLII),2020-06-29,0,0,0,0,0,0,0,,
2020onwsiat1216,2020 ONWSIAT 1216 (CanLII),2020-06-29,0,0,0,0,0,0,0,,
2020onwsiat1217,2020 ONWSIAT 1217 (CanLII),2020-06-29,0,0,0,0,0,0,0,,
2020onwsiat1218,2020 ONWSIAT 1218 (CanLII),2020-06-29,0,0,0,0,0,0,0,,
2020onwsiat1219,2020 ONWSIAT 1219 (CanLII),2020-06-29,0,0,0,0,0,0,0,,
2020onwsiat1220,2020 ONWSIAT 1220 (CanLII),2020-06-30,0,0,0,0,0,0,0,,
2020onwsiat1221,2020 ONWSIAT 1221 (CanLII),2020-06-30,0,0,0,0,0,0,0,,
2020onwsiat1222,2020 ONWSIAT 1222 (CanLII),2020-06-30,0,0,0,0,0,0,0,,
2020onwsiat1223,2020 ONWSIAT 1223 (CanLII),2020-06-30,0,0,0,0,0,0,0,,
2020onwsiat1224,2020 ONWSIAT 1224 (CanLII),2020-06-30,0,0,0,0,0,0,0,,
2020onwsiat1225,2020 ONWSIAT 1225 (CanLII),2020-06-30,0,0,0,0,0,0,0,,
2020onwsiat1226,2020 ONWSIAT 1226 (CanLII),2020-06-30,0,0,0,0,0,0,0,,
2020onwsiat1227,2020 ONWSIAT 1227 (CanLII),2020-06-30,0,0,0,0,0,0,0,,
2020onwsiat1228,2020 ONWSIAT 1228 (CanLII),2020-07-02,0,0,0,0,0,0,0,,
2020onwsiat1229,2020 ONWSIAT 1229 (CanLII),2020-07-02,0,0,0,0,0,0,0,,
2020onwsiat1230,2020 ONWSIAT 1230 (CanLII),2020-07-02,0,0,0,0,0,0,0,,
2020onwsiat1231,2020 ONWSIAT 1231 (CanLII),2020-07-02,0,0,0,0,0,0,0,,
2020onwsiat1232,2020 ONWSIAT 1232 (CanLII),2020-07-02,0,0,0,0,0,0,0,,
2020onwsiat1233,2020 ONWSIAT 1233 (CanLII),2020-07-03,0,0,0,0,0,0,0,,
2020onwsiat1234,2020 ONWSIAT 1234 (CanLII),2020-07-03,0,0,0,0,0,0,0,,
2020onwsiat1235,2020 ONWSIAT 1235 (CanLII),2020-07-03,0,0,0,0,0,0,0,,
2020onwsiat1236,2020 ONWSIAT 1236 (CanLII),2020-07-03,0,0,0,0,0,0,0,,
2020onwsiat1237,2020 ONWSIAT 1237 (CanLII),2020-07-03,0,0,0,0,0,0,0,,
2020onwsiat1238,2020 ONWSIAT 1238 (CanLII),2020-07-06,0,0,0,0,0,0,0,,
2020onwsiat1239,2020 ONWSIAT 1239 (CanLII),2020-07-06,0,0,0,0,0,0,0,,
2020onwsiat1240,2020 ONWSIAT 1240 (CanLII),2020-07-06,0,0,0,0,0,0,0,,
2020onwsiat1241,2020 ONWSIAT 1241 (CanLII),2020-07-06,0,0,0,0,0,0,0,,
2020onwsiat1242,2020 ONWSIAT 1242 (CanLII),2020-07-06,0,0,0,0,0,0,0,,
2020onwsiat1243,2020 ONWSIAT 1243 (CanLII),2020-07-06,0,0,0,0,0,0,0,,
2020onwsiat1244,2020 ONWSIAT 1244 (CanLII),2020-07-06,0,0,0,0,0,0,0,,
2020onwsiat1245,2020 ONWSIAT 1245 (CanLII),2020-07-06,0,0,0,0,0,0,0,,
2020onwsiat1246,2020 ONWSIAT 1246 (CanLII),2020-07-06,0,0,0,0,0,0,0,,
2020onwsiat1247,2020 ONWSIAT 1247 (CanLII),2020-07-07,0,0,0,0,0,0,0,,
2020onwsiat1248,2020 ONWSIAT 1248 (CanLII),2020-07-07,0,0,0,0,0,0,0,,
2020onwsiat1249,2020 ONWSIAT 1249 (CanLII),2020-07-07,0,0,0,0,0,0,0,,
2020onwsiat1250,2020 ONWSIAT 1250 (CanLII),2020-07-07,0,0,0,0,0,0,0,,
2020onwsiat1251,2020 ONWSIAT 1251 (CanLII),2020-07-07,0,0,0,0,0,0,0,,
2020onwsiat1252,2020 ONWSIAT 1252 (CanLII),2020-07-07,0,0,0,0,0,0,0,,
2020onwsiat1253,2020 ONWSIAT 1253 (CanLII),2020-07-08,0,0,0,0,0,0,1,,
2020onwsiat1254,2020 ONWSIAT 1254 (CanLII),2020-07-08,0,0,0,0,0,0,0,,
2020onwsiat1255,2020 ONWSIAT 1255 (CanLII),2020-07-08,0,0,0,0,0,0,0,,
2020onwsiat1256,2020 ONWSIAT 1256 (CanLII),2020-07-08,0,0,0,0,0,0,0,,
2020onwsiat1257,2020 ONWSIAT 1257 (CanLII),2020-07-08,0,0,0,0,0,0,0,,
2020onwsiat1258,2020 ONWSIAT 1258 (CanLII),2020-07-08,0,0,0,0,0,0,0,,
2020onwsiat1259,2020 ONWSIAT 1259 (CanLII),2020-07-08,0,0,0,0,0,0,0,,
2020onwsiat1260,2020 ONWSIAT 1260 (CanLII),2020-07-08,0,0,0,0,0,0,0,,
2020onwsiat1261,2020 ONWSIAT 1261 (CanLII),2020-07-08,0,0,0,0,0,0,0,,
2020onwsiat1262,2020 ONWSIAT 1262 (CanLII),2020-07-08,0,0,0,0,0,0,0,,
2020onwsiat1263,2020 ONWSIAT 1263 (CanLII),2020-07-08,0,0,0,0,0,0,0,,
2020onwsiat1264,2020 ONWSIAT 1264 (CanLII),2020-07-09,0,0,0,0,0,0,0,,
2020onwsiat1265,2020 ONWSIAT 1265 (CanLII),2020-07-09,0,0,0,0,0,0,0,,
2020onwsiat1266,2020 ONWSIAT 1266 (CanLII),2020-07-09,0,0,0,0,0,0,0,,
2020onwsiat1267,2020 ONWSIAT 1267 (CanLII),2020-07-09,0,0,0,0,0,0,0,,
2020onwsiat1268,2020 ONWSIAT 1268 (CanLII),2020-07-09,0,0,0,0,0,0,0,,
2020onwsiat1269,2020 ONWSIAT 1269 (CanLII),2020-07-09,0,0,0,0,0,0,0,,
2020onwsiat1270,2020 ONWSIAT 1270 (CanLII),2020-07-09,0,0,0,0,0,0,1,,
2020onwsiat1271,2020 ONWSIAT 1271 (CanLII),2020-07-09,0,0,0,0,0,0,0,,
2020onwsiat1272,2020 ONWSIAT 1272 (CanLII),2020-07-10,0,0,0,0,0,0,0,,
2020onwsiat1273,2020 ONWSIAT 1273 (CanLII),2020-07-10,0,0,0,0,0,0,0,,
2020onwsiat1274,2020 ONWSIAT 1274 (CanLII),2020-07-10,0,0,0,0,0,0,0,,
2020onwsiat1275,2020 ONWSIAT 1275 (CanLII),2020-07-10,0,0,0,0,0,0,0,,
2020onwsiat1276,2020 ONWSIAT 1276 (CanLII),2020-07-10,0,0,0,0,0,0,0,,
2020onwsiat1277,2020 ONWSIAT 1277 (CanLII),2020-07-10,0,0,0,0,0,0,0,,
2020onwsiat1278,2020 ONWSIAT 1278 (CanLII),2020-07-10,0,0,0,0,0,0,0,,
2020onwsiat1279,2020 ONWSIAT 1279 (CanLII),2020-07-10,0,0,0,0,0,0,0,,
2020onwsiat1280,2020 ONWSIAT 1280 (CanLII),2020-07-10,0,0,0,0,0,0,1,,
2020onwsiat1281,2020 ONWSIAT 1281 (CanLII),2020-07-13,0,0,0,0,0,0,0,,
2020onwsiat1282,2020 ONWSIAT 1282 (CanLII),2020-07-13,0,0,0,0,0,0,0,,
2020onwsiat1283,2020 ONWSIAT 1283 (CanLII),2020-07-13,0,0,0,0,0,0,0,,
2020onwsiat1284,2020 ONWSIAT 1284 (CanLII),2020-07-14,0,0,0,0,0,0,0,,
2020onwsiat1285,2020 ONWSIAT 1285 (CanLII),2020-07-14,0,0,0,0,0,0,0,,
2020onwsiat1286,2020 ONWSIAT 1286 (CanLII),2020-07-14,0,0,0,0,0,0,0,,
2020onwsiat1287,2020 ONWSIAT 1287 (CanLII),2020-07-14,0,0,0,0,0,0,0,,
2020onwsiat1288,2020 ONWSIAT 1288 (CanLII),2020-07-14,0,0,0,0,0,0,0,,
2020onwsiat1289,2020 ONWSIAT 1289 (CanLII),2020-07-14,0,0,0,0,0,0,0,,
2020onwsiat1290,2020 ONWSIAT 1290 (CanLII),2020-07-14,0,0,0,0,0,0,0,,
2020onwsiat1291,2020 ONWSIAT 1291 (CanLII),2020-07-14,0,0,0,0,0,0,0,,
2020onwsiat1292,2020 ONWSIAT 1292 (CanLII),2020-07-14,0,0,0,0,0,0,0,,
2020onwsiat1293,2020 ONWSIAT 1293 (CanLII),2020-07-14,0,0,0,0,0,0,0,,
2020onwsiat1294,2020 ONWSIAT 1294 (CanLII),2020-07-15,0,0,0,0,0,0,0,,
2020onwsiat1295,2020 ONWSIAT 1295 (CanLII),2020-07-15,0,0,0,0,0,0,0,,
2020onwsiat1296,2020 ONWSIAT 1296 (CanLII),2020-07-15,0,0,0,0,0,0,0,,
2020onwsiat1297,2020 ONWSIAT 1297 (CanLII),2020-07-15,0,0,0,0,0,0,0,,
2020onwsiat1298,2020 ONWSIAT 1298 (CanLII),2020-07-15,0,0,0,0,0,0,0,,
2020onwsiat1299,2020 ONWSIAT 1299 (CanLII),2020-07-16,0,0,0,0,0,0,0,,
2020onwsiat1300,2020 ONWSIAT 1300 (CanLII),2020-07-16,0,0,0,0,0,0,0,,
2020onwsiat1301,2020 ONWSIAT 1301 (CanLII),2020-07-16,0,0,0,0,0,0,0,,
2020onwsiat1302,2020 ONWSIAT 1302 (CanLII),2020-07-17,0,0,0,0,0,0,0,,
2020onwsiat1303,2020 ONWSIAT 1303 (CanLII),2020-07-17,0,0,0,0,0,0,0,,
2020onwsiat1304,2020 ONWSIAT 1304 (CanLII),2020-07-17,0,0,0,0,0,0,0,,
2020onwsiat1305,2020 ONWSIAT 1305 (CanLII),2020-07-17,0,0,0,0,0,0,0,,
2020onwsiat1306,2020 ONWSIAT 1306 (CanLII),2020-07-17,0,0,0,0,0,0,1,,
2020onwsiat1307,2020 ONWSIAT 1307 (CanLII),2020-07-17,0,0,0,0,0,0,0,,
2020onwsiat1308,2020 ONWSIAT 1308 (CanLII),2020-07-17,0,0,0,0,0,0,0,,
2020onwsiat1309,2020 ONWSIAT 1309 (CanLII),2020-07-17,0,0,0,0,0,0,0,,
2020onwsiat1310,2020 ONWSIAT 1310 (CanLII),2020-07-17,0,0,0,0,0,0,0,,
2020onwsiat1311,2020 ONWSIAT 1311 (CanLII),2020-07-17,0,0,0,0,0,0,0,,
2020onwsiat1312,2020 ONWSIAT 1312 (CanLII),2020-07-17,0,0,0,0,0,0,0,,
2020onwsiat1313,2020 ONWSIAT 1313 (CanLII),2020-07-17,0,0,0,0,0,0,1,,
2020onwsiat1314,2020 ONWSIAT 1314 (CanLII),2020-07-17,0,0,0,0,0,0,0,,
2020onwsiat1315,2020 ONWSIAT 1315 (CanLII),2020-07-17,0,0,0,0,0,0,0,,
2020onwsiat1316,2020 ONWSIAT 1316 (CanLII),2020-07-17,0,0,0,0,0,0,0,,
2020onwsiat1317,2020 ONWSIAT 1317 (CanLII),2020-07-20,0,0,0,0,0,0,0,,
2020onwsiat1318,2020 ONWSIAT 1318 (CanLII),2020-07-20,0,0,0,0,0,0,0,,
2020onwsiat1319,2020 ONWSIAT 1319 (CanLII),2020-07-20,0,0,0,0,0,0,0,,
2020onwsiat1320,2020 ONWSIAT 1320 (CanLII),2020-07-20,0,0,0,0,0,0,0,,
2020onwsiat1321,2020 ONWSIAT 1321 (CanLII),2020-07-20,0,0,0,0,0,0,0,,
2020onwsiat1322,2020 ONWSIAT 1322 (CanLII),2020-07-20,0,0,0,0,0,0,0,,
2020onwsiat1323,2020 ONWSIAT 1323 (CanLII),2020-07-21,0,0,0,0,0,0,0,,
2020onwsiat1324,2020 ONWSIAT 1324 (CanLII),2020-07-21,0,0,0,0,0,0,0,,
2020onwsiat1325,2020 ONWSIAT 1325 (CanLII),2020-07-21,0,0,0,0,0,0,0,,
2020onwsiat1326,2020 ONWSIAT 1326 (CanLII),2020-07-21,0,0,0,0,0,0,0,,
2020onwsiat1327,2020 ONWSIAT 1327 (CanLII),2020-07-21,0,0,0,0,0,0,0,,
2020onwsiat1328,2020 ONWSIAT 1328 (CanLII),2020-07-29,0,0,0,0,0,0,0,,
2020onwsiat1329,2020 ONWSIAT 1329 (CanLII),2020-07-22,0,0,0,0,0,0,0,,
2020onwsiat1330,2020 ONWSIAT 1330 (CanLII),2020-07-22,0,0,0,0,0,0,0,,
2020onwsiat1331,2020 ONWSIAT 1331 (CanLII),2020-07-22,0,0,0,0,0,0,0,,
2020onwsiat1332,2020 ONWSIAT 1332 (CanLII),2020-07-22,0,0,0,0,0,0,0,,
2020onwsiat1333,2020 ONWSIAT 1333 (CanLII),2020-07-22,0,0,0,0,0,0,0,,
2020onwsiat1334,2020 ONWSIAT 1334 (CanLII),2020-07-22,0,0,0,0,0,0,0,,
2020onwsiat1335,2020 ONWSIAT 1335 (CanLII),2020-07-22,0,0,0,0,0,0,0,,
2020onwsiat1336,2020 ONWSIAT 1336 (CanLII),2020-07-22,0,0,0,0,0,0,0,,
2020onwsiat1337,2020 ONWSIAT 1337 (CanLII),2020-07-22,0,0,0,0,0,0,0,,
2020onwsiat1338,2020 ONWSIAT 1338 (CanLII),2020-07-22,0,0,0,0,0,0,0,,
2020onwsiat1339,2020 ONWSIAT 1339 (CanLII),2020-07-22,0,0,0,0,0,0,0,,
2020onwsiat1340,2020 ONWSIAT 1340 (CanLII),2020-07-22,0,0,0,0,0,0,0,,
2020onwsiat1341,2020 ONWSIAT 1341 (CanLII),2020-07-23,0,0,0,0,0,0,0,,
2020onwsiat1342,2020 ONWSIAT 1342 (CanLII),2020-07-23,0,0,0,0,0,0,0,,
2020onwsiat1343,2020 ONWSIAT 1343 (CanLII),2020-07-23,0,0,0,0,0,0,0,,
2020onwsiat1344,2020 ONWSIAT 1344 (CanLII),2020-07-23,0,0,0,0,0,0,0,,
2020onwsiat1345,2020 ONWSIAT 1345 (CanLII),2020-07-23,0,0,0,0,0,0,0,,
2020onwsiat1346,2020 ONWSIAT 1346 (CanLII),2020-07-23,0,0,0,0,0,0,0,,
2020onwsiat1347,2020 ONWSIAT 1347 (CanLII),2020-07-23,0,0,0,0,0,0,0,,
2020onwsiat1348,2020 ONWSIAT 1348 (CanLII),2020-07-23,0,0,0,0,0,0,0,,
2020onwsiat1349,2020 ONWSIAT 1349 (CanLII),2020-07-23,0,0,0,0,0,0,0,,
2020onwsiat1350,2020 ONWSIAT 1350 (CanLII),2020-07-24,0,0,0,0,0,0,0,,
2020onwsiat1351,2020 ONWSIAT 1351 (CanLII),2020-07-24,0,0,0,0,0,0,0,,
2020onwsiat1352,2020 ONWSIAT 1352 (CanLII),2020-07-24,0,0,0,0,0,0,0,,
2020onwsiat1353,2020 ONWSIAT 1353 (CanLII),2020-07-24,0,0,0,0,0,0,0,,
2020onwsiat1354,2020 ONWSIAT 1354 (CanLII),2020-07-24,0,0,0,0,0,0,0,,
2020onwsiat1355,2020 ONWSIAT 1355 (CanLII),2020-07-24,0,0,0,0,0,0,0,,
2020onwsiat1356,2020 ONWSIAT 1356 (CanLII),2020-07-24,0,0,0,0,0,0,0,,
2020onwsiat1357,2020 ONWSIAT 1357 (CanLII),2020-07-24,1,0,0,0,0,0,0,,
2020onwsiat1358,2020 ONWSIAT 1358 (CanLII),2020-07-27,0,0,0,0,0,0,0,,
2020onwsiat1359,2020 ONWSIAT 1359 (CanLII),2020-07-27,0,0,0,0,0,0,0,,
2020onwsiat1360,2020 ONWSIAT 1360 (CanLII),2020-07-27,0,0,0,0,0,0,0,,
2020onwsiat1361,2020 ONWSIAT 1361 (CanLII),2020-07-27,0,0,0,0,0,0,0,,
2020onwsiat1362,2020 ONWSIAT 1362 (CanLII),2020-07-28,0,0,0,0,0,0,0,,
2020onwsiat1363,2020 ONWSIAT 1363 (CanLII),2020-07-28,0,0,0,0,0,0,0,,
2020onwsiat1364,2020 ONWSIAT 1364 (CanLII),2020-07-28,0,0,0,0,0,0,0,,
2020onwsiat1365,2020 ONWSIAT 1365 (CanLII),2020-07-28,0,0,0,0,0,0,0,,
2020onwsiat1366,2020 ONWSIAT 1366 (CanLII),2020-07-29,0,0,0,0,0,0,0,,
2020onwsiat1367,2020 ONWSIAT 1367 (CanLII),2020-07-29,0,0,0,0,0,0,0,,
2020onwsiat1368,2020 ONWSIAT 1368 (CanLII),2020-07-29,0,0,0,0,0,0,0,,
2020onwsiat1369,2020 ONWSIAT 1369 (CanLII),2020-07-29,0,0,0,0,0,0,0,,
2020onwsiat1370,2020 ONWSIAT 1370 (CanLII),2020-07-29,0,0,0,0,0,0,0,,
2020onwsiat1371,2020 ONWSIAT 1371 (CanLII),2020-07-29,0,0,0,0,0,0,0,,
2020onwsiat1372,2020 ONWSIAT 1372 (CanLII),2020-07-29,0,0,0,0,0,0,0,,
2020onwsiat1373,2020 ONWSIAT 1373 (CanLII),2020-07-29,0,0,0,0,0,0,0,,
2020onwsiat1374,2020 ONWSIAT 1374 (CanLII),2020-07-29,0,0,0,0,0,0,0,,
2020onwsiat1375,2020 ONWSIAT 1375 (CanLII),2020-07-30,0,0,0,0,0,0,0,,
2020onwsiat1376,2020 ONWSIAT 1376 (CanLII),2020-07-30,0,0,0,0,0,0,0,,
2020onwsiat1377,2020 ONWSIAT 1377 (CanLII),2020-07-30,0,0,0,0,0,0,0,,
2020onwsiat1378,2020 ONWSIAT 1378 (CanLII),2020-07-30,0,0,0,0,0,0,0,,
2020onwsiat1379,2020 ONWSIAT 1379 (CanLII),2020-07-30,0,0,0,0,0,0,0,,
2020onwsiat1380,2020 ONWSIAT 1380 (CanLII),2020-07-30,0,0,0,0,0,0,0,,
2020onwsiat1381,2020 ONWSIAT 1381 (CanLII),2020-08-04,0,0,0,0,0,0,0,,
2020onwsiat1382,2020 ONWSIAT 1382 (CanLII),2020-07-31,0,0,0,0,0,0,0,,
2020onwsiat1383,2020 ONWSIAT 1383 (CanLII),2020-07-31,0,0,0,0,0,0,0,,
2020onwsiat1384,2020 ONWSIAT 1384 (CanLII),2020-07-31,0,0,0,0,0,0,0,,
2020onwsiat1385,2020 ONWSIAT 1385 (CanLII),2020-07-31,0,0,0,0,0,0,0,,
2020onwsiat1386,2020 ONWSIAT 1386 (CanLII),2020-07-31,0,0,0,0,0,0,0,,
2020onwsiat1387,2020 ONWSIAT 1387 (CanLII),2020-07-31,0,0,0,0,0,0,0,,
2020onwsiat1388,2020 ONWSIAT 1388 (CanLII),2020-07-31,0,0,0,0,0,0,0,,
2020onwsiat1389,2020 ONWSIAT 1389 (CanLII),2020-07-31,0,0,0,0,0,0,0,,
2020onwsiat1390,2020 ONWSIAT 1390 (CanLII),2020-08-04,0,0,0,0,0,0,0,,
2020onwsiat1391,2020 ONWSIAT 1391 (CanLII),2020-08-04,0,0,0,0,0,0,0,,
2020onwsiat1392,2020 ONWSIAT 1392 (CanLII),2020-08-04,0,0,0,0,0,0,0,,
2020onwsiat1393,2020 ONWSIAT 1393 (CanLII),2020-08-05,0,0,0,0,0,0,0,,
2020onwsiat1394,2020 ONWSIAT 1394 (CanLII),2020-08-05,0,0,0,0,0,0,0,,
2020onwsiat1395,2020 ONWSIAT 1395 (CanLII),2020-08-05,0,0,0,0,0,0,0,,
2020onwsiat1396,2020 ONWSIAT 1396 (CanLII),2020-08-05,0,0,0,0,0,0,0,,
2020onwsiat1397,2020 ONWSIAT 1397 (CanLII),2020-08-05,0,0,0,0,0,0,1,,
2020onwsiat1398,2020 ONWSIAT 1398 (CanLII),2020-08-05,0,0,0,0,0,0,0,,
2020onwsiat1399,2020 ONWSIAT 1399 (CanLII),2020-08-05,0,0,0,0,0,0,0,,
2020onwsiat1400,2020 ONWSIAT 1400 (CanLII),2020-08-05,0,0,0,0,0,0,0,,
2020onwsiat1401,2020 ONWSIAT 1401 (CanLII),2020-08-05,0,0,0,0,0,0,0,,
2020onwsiat1402,2020 ONWSIAT 1402 (CanLII),2020-08-06,0,0,0,0,0,0,0,,
2020onwsiat1403,2020 ONWSIAT 1403 (CanLII),2020-08-06,0,0,0,0,0,0,0,,
2020onwsiat1404,2020 ONWSIAT 1404 (CanLII),2020-08-06,0,0,0,0,0,0,1,,
2020onwsiat1405,2020 ONWSIAT 1405 (CanLII),2020-08-06,0,0,0,0,0,0,0,,
2020onwsiat1406,2020 ONWSIAT 1406 (CanLII),2020-08-06,0,0,0,0,0,0,0,,
2020onwsiat1407,2020 ONWSIAT 1407 (CanLII),2020-08-06,0,0,0,0,0,0,0,,
2020onwsiat1408,2020 ONWSIAT 1408 (CanLII),2020-08-06,0,0,0,0,0,0,0,,
2020onwsiat1409,2020 ONWSIAT 1409 (CanLII),2020-08-07,0,0,0,0,0,0,0,,
2020onwsiat1410,2020 ONWSIAT 1410 (CanLII),2020-08-07,0,0,0,0,0,0,0,,
2020onwsiat1411,2020 ONWSIAT 1411 (CanLII),2020-08-10,0,0,0,0,0,0,0,,
2020onwsiat1412,2020 ONWSIAT 1412 (CanLII),2020-08-10,0,0,0,0,0,0,0,,
2020onwsiat1413,2020 ONWSIAT 1413 (CanLII),2020-08-10,0,0,0,0,0,0,0,,
2020onwsiat1414,2020 ONWSIAT 1414 (CanLII),2020-08-10,0,0,0,0,0,0,0,,
2020onwsiat1415,2020 ONWSIAT 1415 (CanLII),2020-08-10,0,0,0,0,0,0,0,,
2020onwsiat1416,2020 ONWSIAT 1416 (CanLII),2020-08-10,0,0,0,0,0,0,0,,
2020onwsiat1417,2020 ONWSIAT 1417 (CanLII),2020-08-10,0,0,0,0,0,0,0,,
2020onwsiat1418,2020 ONWSIAT 1418 (CanLII),2020-08-10,0,0,0,0,0,0,0,,
2020onwsiat1419,2020 ONWSIAT 1419 (CanLII),2020-08-11,0,0,0,0,0,0,0,,
2020onwsiat1420,2020 ONWSIAT 1420 (CanLII),2020-08-11,0,0,0,0,0,0,0,,
2020onwsiat1421,2020 ONWSIAT 1421 (CanLII),2020-08-11,0,0,0,0,0,0,0,,
2020onwsiat1422,2020 ONWSIAT 1422 (CanLII),2020-08-11,0,0,0,0,0,0,0,,
2020onwsiat1423,2020 ONWSIAT 1423 (CanLII),2020-08-13,0,0,0,0,0,0,0,,
2020onwsiat1424,2020 ONWSIAT 1424 (CanLII),2020-08-11,0,0,0,0,0,0,0,,
2020onwsiat1425,2020 ONWSIAT 1425 (CanLII),2020-08-11,0,0,0,0,0,0,0,,
2020onwsiat1426,2020 ONWSIAT 1426 (CanLII),2020-08-11,0,0,0,0,0,0,0,,
2020onwsiat1427,2020 ONWSIAT 1427 (CanLII),2020-08-11,0,0,0,0,0,0,0,,
2020onwsiat1428,2020 ONWSIAT 1428 (CanLII),2020-08-11,0,0,0,0,0,0,0,,
2020onwsiat1429,2020 ONWSIAT 1429 (CanLII),2020-08-11,0,0,0,0,0,0,0,,
2020onwsiat1430,2020 ONWSIAT 1430 (CanLII),2020-08-11,0,0,0,0,0,0,0,,
2020onwsiat1431,2020 ONWSIAT 1431 (CanLII),2020-08-11,0,0,0,0,0,0,0,,
2020onwsiat1432,2020 ONWSIAT 1432 (CanLII),2020-08-11,0,0,0,0,0,0,0,,
2020onwsiat1433,2020 ONWSIAT 1433 (CanLII),2020-08-11,0,0,0,0,0,0,0,,
2020onwsiat1434,2020 ONWSIAT 1434 (CanLII),2020-08-12,0,0,0,0,0,0,0,,
2020onwsiat1435,2020 ONWSIAT 1435 (CanLII),2020-08-12,0,0,0,0,0,0,0,,
2020onwsiat1436,2020 ONWSIAT 1436 (CanLII),2020-08-12,0,0,0,0,0,0,0,,
2020onwsiat1437,2020 ONWSIAT 1437 (CanLII),2020-08-12,0,0,0,0,0,0,0,,
2020onwsiat1438,2020 ONWSIAT 1438 (CanLII),2020-08-12,0,0,0,0,0,0,0,,
2020onwsiat1439,2020 ONWSIAT 1439 (CanLII),2020-08-13,0,0,0,0,0,0,0,,
2020onwsiat1440,2020 ONWSIAT 1440 (CanLII),2020-08-13,0,0,0,0,0,0,0,,
2020onwsiat1441,2020 ONWSIAT 1441 (CanLII),2020-08-13,0,0,0,0,0,0,0,,
2020onwsiat1442,2020 ONWSIAT 1442 (CanLII),2020-08-13,0,0,0,0,0,0,0,,
2020onwsiat1443,2020 ONWSIAT 1443 (CanLII),2020-08-14,0,0,0,0,0,0,0,,
2020onwsiat1444,2020 ONWSIAT 1444 (CanLII),2020-08-14,0,0,0,0,0,0,0,,
2020onwsiat1445,2020 ONWSIAT 1445 (CanLII),2020-08-14,0,0,0,0,0,0,0,,
2020onwsiat1446,2020 ONWSIAT 1446 (CanLII),2020-08-14,0,0,0,0,0,0,0,,
2020onwsiat1447,2020 ONWSIAT 1447 (CanLII),2020-08-14,0,0,0,0,0,0,0,,
2020onwsiat1448,2020 ONWSIAT 1448 (CanLII),2020-08-14,0,0,0,0,0,0,0,,
2020onwsiat1449,2020 ONWSIAT 1449 (CanLII),2020-08-14,0,0,0,0,0,0,0,,
2020onwsiat1450,2020 ONWSIAT 1450 (CanLII),2020-08-14,0,0,0,0,0,0,0,,
2020onwsiat1451,2020 ONWSIAT 1451 (CanLII),2020-08-14,0,0,0,0,0,0,0,,
2020onwsiat1452,2020 ONWSIAT 1452 (CanLII),2020-08-17,0,0,0,0,0,0,1,,
2020onwsiat1453,2020 ONWSIAT 1453 (CanLII),2020-08-17,0,0,0,0,0,0,1,,
2020onwsiat1454,2020 ONWSIAT 1454 (CanLII),2020-08-17,0,0,0,0,0,0,0,,
2020onwsiat1455,2020 ONWSIAT 1455 (CanLII),2020-08-17,0,0,0,0,0,0,0,,
2020onwsiat1456,2020 ONWSIAT 1456 (CanLII),2020-08-17,0,0,0,0,0,0,0,,
2020onwsiat1457,2020 ONWSIAT 1457 (CanLII),2020-08-18,0,0,0,0,0,0,0,,
2020onwsiat1458,2020 ONWSIAT 1458 (CanLII),2020-08-18,0,0,0,0,0,0,0,,
2020onwsiat1459,2020 ONWSIAT 1459 (CanLII),2020-08-18,0,0,0,0,0,0,0,,
2020onwsiat1460,2020 ONWSIAT 1460 (CanLII),2020-08-18,0,0,0,0,0,0,0,,
2020onwsiat1461,2020 ONWSIAT 1461 (CanLII),2020-08-18,0,0,0,0,0,0,0,,
2020onwsiat1462,2020 ONWSIAT 1462 (CanLII),2020-08-19,0,0,0,0,0,0,0,,
2020onwsiat1463,2020 ONWSIAT 1463 (CanLII),2020-08-19,0,0,0,0,0,0,0,,
2020onwsiat1464,2020 ONWSIAT 1464 (CanLII),2020-08-19,0,0,0,0,0,0,0,,
2020onwsiat1465,2020 ONWSIAT 1465 (CanLII),2020-08-19,0,0,0,0,0,0,0,,
2020onwsiat1466,2020 ONWSIAT 1466 (CanLII),2020-08-19,0,0,0,0,0,0,0,,
2020onwsiat1467,2020 ONWSIAT 1467 (CanLII),2020-08-19,0,0,0,0,0,0,0,,
2020onwsiat1468,2020 ONWSIAT 1468 (CanLII),2020-08-19,0,0,0,0,0,0,0,,
2020onwsiat1469,2020 ONWSIAT 1469 (CanLII),2020-08-19,0,0,0,0,0,0,0,,
2020onwsiat1470,2020 ONWSIAT 1470 (CanLII),2020-08-19,0,0,0,0,0,0,0,,
2020onwsiat1471,2020 ONWSIAT 1471 (CanLII),2020-08-20,0,0,0,0,0,0,1,,
2020onwsiat1472,2020 ONWSIAT 1472 (CanLII),2020-08-20,0,0,0,0,0,0,0,,
2020onwsiat1473,2020 ONWSIAT 1473 (CanLII),2020-08-20,0,0,0,0,0,0,1,,
2020onwsiat1474,2020 ONWSIAT 1474 (CanLII),2020-08-20,0,0,0,0,0,0,0,,
2020onwsiat1475,2020 ONWSIAT 1475 (CanLII),2020-08-21,0,0,0,0,0,0,0,,
2020onwsiat1476,2020 ONWSIAT 1476 (CanLII),2020-08-21,0,0,0,0,0,0,0,,
2020onwsiat1477,2020 ONWSIAT 1477 (CanLII),2020-08-24,0,0,0,0,0,0,0,,
2020onwsiat1478,2020 ONWSIAT 1478 (CanLII),2020-08-24,0,0,0,0,0,0,0,,
2020onwsiat1479,2020 ONWSIAT 1479 (CanLII),2020-08-24,0,0,0,0,0,0,0,,
2020onwsiat1480,2020 ONWSIAT 1480 (CanLII),2020-08-24,0,0,0,0,0,0,0,,
2020onwsiat1481,2020 ONWSIAT 1481 (CanLII),2020-08-24,0,0,0,0,0,0,0,,
2020onwsiat1482,2020 ONWSIAT 1482 (CanLII),2020-08-25,0,0,0,0,0,0,0,,
2020onwsiat1483,2020 ONWSIAT 1483 (CanLII),2020-08-25,0,0,0,0,0,0,0,,
2020onwsiat1484,2020 ONWSIAT 1484 (CanLII),2020-08-25,0,0,0,0,0,0,0,,
2020onwsiat1485,2020 ONWSIAT 1485 (CanLII),2020-08-25,0,0,0,0,0,0,0,,
2020onwsiat1486,2020 ONWSIAT 1486 (CanLII),2020-08-26,0,0,0,0,0,0,0,,
2020onwsiat1487,2020 ONWSIAT 1487 (CanLII),2020-08-26,0,0,0,0,0,0,0,,
2020onwsiat1488,2020 ONWSIAT 1488 (CanLII),2020-08-26,0,0,0,0,0,0,0,,
2020onwsiat1489,2020 ONWSIAT 1489 (CanLII),2020-08-26,0,0,0,0,0,0,0,,
2020onwsiat1490,2020 ONWSIAT 1490 (CanLII),2020-08-26,0,0,0,0,0,0,0,,
2020onwsiat1491,2020 ONWSIAT 1491 (CanLII),2020-08-27,0,0,0,0,0,0,0,,
2020onwsiat1492,2020 ONWSIAT 1492 (CanLII),2020-08-27,0,0,0,0,0,0,1,,
2020onwsiat1493,2020 ONWSIAT 1493 (CanLII),2020-08-27,0,0,0,0,0,0,0,,
2020onwsiat1494,2020 ONWSIAT 1494 (CanLII),2020-08-27,0,0,0,0,0,0,0,,
2020onwsiat1495,2020 ONWSIAT 1495 (CanLII),2020-08-27,0,0,0,0,0,0,0,,
2020onwsiat1496,2020 ONWSIAT 1496 (CanLII),2020-08-28,0,0,0,0,0,0,0,,
2020onwsiat1497,2020 ONWSIAT 1497 (CanLII),2020-08-28,0,0,0,0,0,0,0,,
2020onwsiat1498,2020 ONWSIAT 1498 (CanLII),2020-08-28,0,0,0,0,0,0,0,,
2020onwsiat1499,2020 ONWSIAT 1499 (CanLII),2020-08-28,0,0,0,0,0,0,0,,
2020onwsiat1500,2020 ONWSIAT 1500 (CanLII),2020-08-28,0,0,0,0,0,0,0,,
2020onwsiat1501,2020 ONWSIAT 1501 (CanLII),2020-08-31,0,0,0,0,0,0,0,,
2020onwsiat1502,2020 ONWSIAT 1502 (CanLII),2020-08-31,0,0,0,0,0,0,0,,
2020onwsiat1503,2020 ONWSIAT 1503 (CanLII),2020-08-31,0,0,0,0,0,0,0,,
2020onwsiat1504,2020 ONWSIAT 1504 (CanLII),2020-08-31,0,0,0,0,0,0,0,,
2020onwsiat1505,2020 ONWSIAT 1505 (CanLII),2020-08-31,0,0,0,0,0,0,0,,
2020onwsiat1506,2020 ONWSIAT 1506 (CanLII),2020-08-31,0,0,0,0,0,0,0,,
2020onwsiat1507,2020 ONWSIAT 1507 (CanLII),2020-08-31,0,0,0,0,0,0,0,,
2020onwsiat1508,2020 ONWSIAT 1508 (CanLII),2020-08-31,0,0,0,0,0,0,1,,
2020onwsiat1509,2020 ONWSIAT 1509 (CanLII),2020-08-31,0,0,0,0,0,0,0,,
2020onwsiat1510,2020 ONWSIAT 1510 (CanLII),2020-08-31,0,0,0,0,0,0,0,,
2020onwsiat1511,2020 ONWSIAT 1511 (CanLII),2020-09-01,0,0,0,0,0,0,0,,
2020onwsiat1512,2020 ONWSIAT 1512 (CanLII),2020-09-01,0,0,0,0,0,0,0,,
2020onwsiat1513,2020 ONWSIAT 1513 (CanLII),2020-09-01,0,0,0,0,0,0,0,,
2020onwsiat1514,2020 ONWSIAT 1514 (CanLII),2020-09-01,0,0,0,0,0,0,0,,
2020onwsiat1515,2020 ONWSIAT 1515 (CanLII),2020-09-01,0,0,0,0,0,0,0,,
2020onwsiat1516,2020 ONWSIAT 1516 (CanLII),2020-09-01,0,0,0,0,0,0,0,,
2020onwsiat1517,2020 ONWSIAT 1517 (CanLII),2020-09-02,0,0,0,0,0,0,0,,
2020onwsiat1518,2020 ONWSIAT 1518 (CanLII),2020-09-02,0,0,0,0,0,0,0,,
2020onwsiat1519,2020 ONWSIAT 1519 (CanLII),2020-09-02,0,0,0,0,0,0,0,,
2020onwsiat1520,2020 ONWSIAT 1520 (CanLII),2020-09-02,0,0,0,0,0,0,0,,
2020onwsiat1521,2020 ONWSIAT 1521 (CanLII),2020-09-02,0,0,0,0,0,0,0,,
2020onwsiat1522,2020 ONWSIAT 1522 (CanLII),2020-09-02,0,0,0,0,0,0,0,,
2020onwsiat1523,2020 ONWSIAT 1523 (CanLII),2020-09-02,0,0,0,0,0,0,0,,
2020onwsiat1524,2020 ONWSIAT 1524 (CanLII),2020-09-03,0,0,0,0,0,0,0,,
2020onwsiat1525,2020 ONWSIAT 1525 (CanLII),2020-09-03,0,0,0,0,0,0,0,,
2020onwsiat1526,2020 ONWSIAT 1526 (CanLII),2020-09-03,0,0,0,0,0,0,0,,
2020onwsiat1527,2020 ONWSIAT 1527 (CanLII),2020-09-03,0,0,0,0,0,0,0,,
2020onwsiat1528,2020 ONWSIAT 1528 (CanLII),2020-09-03,0,0,0,0,0,0,0,,
2020onwsiat1529,2020 ONWSIAT 1529 (CanLII),2020-09-03,0,0,0,0,0,0,0,,
2020onwsiat1530,2020 ONWSIAT 1530 (CanLII),2020-09-03,0,0,0,0,0,0,0,,
2020onwsiat1531,2020 ONWSIAT 1531 (CanLII),2020-09-03,0,0,0,0,0,0,0,,
2020onwsiat1532,2020 ONWSIAT 1532 (CanLII),2020-09-03,0,0,0,0,0,0,0,,
2020onwsiat1533,2020 ONWSIAT 1533 (CanLII),2020-09-04,0,0,0,0,0,0,0,,
2020onwsiat1534,2020 ONWSIAT 1534 (CanLII),2020-09-04,0,0,0,0,0,0,0,,
2020onwsiat1535,2020 ONWSIAT 1535 (CanLII),2020-09-04,1,0,0,0,0,0,0,,
2020onwsiat1536,2020 ONWSIAT 1536 (CanLII),2020-09-04,0,0,0,0,0,0,0,,
2020onwsiat1537,2020 ONWSIAT 1537 (CanLII),2020-09-04,0,0,0,0,0,0,0,,
2020onwsiat1538,2020 ONWSIAT 1538 (CanLII),2020-09-08,0,0,0,0,0,0,0,,
2020onwsiat1539,2020 ONWSIAT 1539 (CanLII),2020-09-08,0,0,0,0,0,0,0,,
2020onwsiat1540,2020 ONWSIAT 1540 (CanLII),2020-09-08,0,0,0,0,0,0,0,,
2020onwsiat1541,2020 ONWSIAT 1541 (CanLII),2020-09-08,0,0,0,0,0,0,0,,
2020onwsiat1542,2020 ONWSIAT 1542 (CanLII),2020-09-08,0,0,0,0,0,0,0,,
2020onwsiat1543,2020 ONWSIAT 1543 (CanLII),2020-09-09,0,0,0,0,0,0,0,,
2020onwsiat1544,2020 ONWSIAT 1544 (CanLII),2020-09-09,0,0,0,0,0,0,0,,
2020onwsiat1545,2020 ONWSIAT 1545 (CanLII),2020-09-09,0,0,0,0,0,0,0,,
2020onwsiat1546,2020 ONWSIAT 1546 (CanLII),2020-09-09,0,0,0,0,0,0,0,,
2020onwsiat1547,2020 ONWSIAT 1547 (CanLII),2020-09-09,0,0,0,0,0,0,0,,
2020onwsiat1548,2020 ONWSIAT 1548 (CanLII),2020-09-09,0,0,0,0,0,0,0,,
2020onwsiat1549,2020 ONWSIAT 1549 (CanLII),2020-09-10,0,0,0,0,0,0,0,,
2020onwsiat1550,2020 ONWSIAT 1550 (CanLII),2020-09-10,0,0,0,0,0,0,0,,
2020onwsiat1551,2020 ONWSIAT 1551 (CanLII),2020-09-10,0,0,0,0,0,0,0,,
2020onwsiat1552,2020 ONWSIAT 1552 (CanLII),2020-09-10,0,0,0,0,0,0,0,,
2020onwsiat1553,2020 ONWSIAT 1553 (CanLII),2020-09-10,0,0,0,0,0,0,0,,
2020onwsiat1554,2020 ONWSIAT 1554 (CanLII),2020-09-10,0,0,0,0,0,0,0,,
2020onwsiat1555,2020 ONWSIAT 1555 (CanLII),2020-09-10,0,0,0,0,0,0,0,,
2020onwsiat1556,2020 ONWSIAT 1556 (CanLII),2020-09-10,0,0,0,0,0,0,1,,
2020onwsiat1557,2020 ONWSIAT 1557 (CanLII),2020-09-10,0,0,0,0,0,0,0,,
2020onwsiat1558,2020 ONWSIAT 1558 (CanLII),2020-09-11,0,0,0,0,0,0,0,,
2020onwsiat1559,2020 ONWSIAT 1559 (CanLII),2020-09-11,0,0,0,0,0,0,0,,
2020onwsiat1560,2020 ONWSIAT 1560 (CanLII),2020-09-11,0,0,0,0,0,0,0,,
2020onwsiat1561,2020 ONWSIAT 1561 (CanLII),2020-09-11,0,0,0,0,0,0,0,,
2020onwsiat1562,2020 ONWSIAT 1562 (CanLII),2020-09-11,0,0,0,0,0,0,0,,
2020onwsiat1563,2020 ONWSIAT 1563 (CanLII),2020-09-14,0,0,0,0,0,0,0,,
2020onwsiat1564,2020 ONWSIAT 1564 (CanLII),2020-09-14,0,0,0,0,0,0,0,,
2020onwsiat1565,2020 ONWSIAT 1565 (CanLII),2020-09-14,0,0,0,0,0,0,0,,
2020onwsiat1566,2020 ONWSIAT 1566 (CanLII),2020-09-15,0,0,0,0,0,0,0,,
2020onwsiat1567,2020 ONWSIAT 1567 (CanLII),2020-09-15,0,0,0,0,0,0,0,,
2020onwsiat1568,2020 ONWSIAT 1568 (CanLII),2020-09-15,0,0,0,0,0,0,0,,
2020onwsiat1569,2020 ONWSIAT 1569 (CanLII),2020-09-15,0,0,0,0,0,0,0,,
2020onwsiat1570,2020 ONWSIAT 1570 (CanLII),2020-09-15,0,0,0,0,0,0,0,,
2020onwsiat1571,2020 ONWSIAT 1571 (CanLII),2020-09-15,0,0,0,0,0,0,0,,
2020onwsiat1572,2020 ONWSIAT 1572 (CanLII),2020-09-15,0,0,0,0,0,0,0,,
2020onwsiat1573,2020 ONWSIAT 1573 (CanLII),2020-09-15,0,0,0,0,0,0,0,,
2020onwsiat1574,2020 ONWSIAT 1574 (CanLII),2020-09-16,0,0,0,0,0,0,0,,
2020onwsiat1575,2020 ONWSIAT 1575 (CanLII),2020-09-16,0,0,0,0,0,0,0,,
2020onwsiat1576,2020 ONWSIAT 1576 (CanLII),2020-09-16,0,0,0,0,0,0,0,,
2020onwsiat1577,2020 ONWSIAT 1577 (CanLII),2020-09-16,0,0,0,0,0,0,0,,
2020onwsiat1578,2020 ONWSIAT 1578 (CanLII),2020-09-16,0,0,0,0,0,0,0,,
2020onwsiat1579,2020 ONWSIAT 1579 (CanLII),2020-09-16,0,0,0,0,0,0,0,,
2020onwsiat1580,2020 ONWSIAT 1580 (CanLII),2020-09-16,0,0,0,0,0,0,0,,
2020onwsiat1581,2020 ONWSIAT 1581 (CanLII),2020-09-16,0,0,0,0,0,0,0,,
2020onwsiat1582,2020 ONWSIAT 1582 (CanLII),2020-09-16,0,0,0,0,0,0,0,,
2020onwsiat1583,2020 ONWSIAT 1583 (CanLII),2020-09-17,0,0,0,0,0,0,0,,
2020onwsiat1584,2020 ONWSIAT 1584 (CanLII),2020-09-17,0,0,0,0,0,0,0,,
2020onwsiat1585,2020 ONWSIAT 1585 (CanLII),2020-09-17,0,0,0,0,0,0,0,,
2020onwsiat1586,2020 ONWSIAT 1586 (CanLII),2020-09-17,0,0,0,0,0,0,0,,
2020onwsiat1587,2020 ONWSIAT 1587 (CanLII),2020-09-17,0,0,0,0,0,0,0,,
2020onwsiat1588,2020 ONWSIAT 1588 (CanLII),2020-09-17,0,0,0,0,0,0,0,,
2020onwsiat1589,2020 ONWSIAT 1589 (CanLII),2020-09-17,0,0,0,0,0,0,0,,
2020onwsiat1590,2020 ONWSIAT 1590 (CanLII),2020-09-17,0,0,0,0,0,0,0,,
2020onwsiat1591,2020 ONWSIAT 1591 (CanLII),2020-09-18,0,0,0,0,0,0,0,,
2020onwsiat1592,2020 ONWSIAT 1592 (CanLII),2020-09-18,0,0,0,0,0,0,0,,
2020onwsiat1593,2020 ONWSIAT 1593 (CanLII),2020-09-18,0,0,0,0,0,0,0,,
2020onwsiat1594,2020 ONWSIAT 1594 (CanLII),2020-09-18,0,0,0,0,0,0,0,,
2020onwsiat1595,2020 ONWSIAT 1595 (CanLII),2020-09-18,0,0,0,0,0,0,0,,
2020onwsiat1596,2020 ONWSIAT 1596 (CanLII),2020-09-18,0,0,0,0,0,0,0,,
2020onwsiat1597,2020 ONWSIAT 1597 (CanLII),2020-09-21,0,0,0,0,0,0,0,,
2020onwsiat1598,2020 ONWSIAT 1598 (CanLII),2020-09-21,0,0,0,0,0,0,0,,
2020onwsiat1599,2020 ONWSIAT 1599 (CanLII),2020-09-21,0,0,0,0,0,0,0,,
2020onwsiat1600,2020 ONWSIAT 1600 (CanLII),2020-09-22,0,0,0,0,0,0,0,,
2020onwsiat1601,2020 ONWSIAT 1601 (CanLII),2020-09-22,0,0,0,0,0,0,0,,
2020onwsiat1602,2020 ONWSIAT 1602 (CanLII),2020-09-22,0,0,0,0,0,0,0,,
2020onwsiat1603,2020 ONWSIAT 1603 (CanLII),2020-09-22,0,0,0,0,0,0,0,,
2020onwsiat1604,2020 ONWSIAT 1604 (CanLII),2020-09-22,0,0,0,0,0,0,0,,
2020onwsiat1605,2020 ONWSIAT 1605 (CanLII),2020-09-22,0,0,0,0,0,0,0,,
2020onwsiat1606,2020 ONWSIAT 1606 (CanLII),2020-09-22,0,0,0,0,0,0,0,,
2020onwsiat1607,2020 ONWSIAT 1607 (CanLII),2020-09-22,0,0,0,0,0,0,0,,
2020onwsiat1608,2020 ONWSIAT 1608 (CanLII),2020-09-22,0,0,0,0,0,0,0,,
2020onwsiat1609,2020 ONWSIAT 1609 (CanLII),2020-09-22,0,0,0,0,0,0,0,,
2020onwsiat1610,2020 ONWSIAT 1610 (CanLII),2020-09-23,0,0,0,0,0,0,0,,
2020onwsiat1611,2020 ONWSIAT 1611 (CanLII),2020-09-23,0,0,0,0,0,0,0,,
2020onwsiat1612,2020 ONWSIAT 1612 (CanLII),2020-09-23,0,0,0,0,0,0,0,,
2020onwsiat1613,2020 ONWSIAT 1613 (CanLII),2020-09-23,0,0,0,0,0,0,0,,
2020onwsiat1614,2020 ONWSIAT 1614 (CanLII),2020-09-23,0,0,0,0,0,0,0,,
2020onwsiat1615,2020 ONWSIAT 1615 (CanLII),2020-09-24,0,0,0,0,0,0,0,,
2020onwsiat1616,2020 ONWSIAT 1616 (CanLII),2020-09-24,0,0,0,0,0,0,0,,
2020onwsiat1617,2020 ONWSIAT 1617 (CanLII),2020-09-24,0,0,0,0,0,0,0,,
2020onwsiat1618,2020 ONWSIAT 1618 (CanLII),2020-09-24,0,0,0,0,0,0,1,,
2020onwsiat1619,2020 ONWSIAT 1619 (CanLII),2020-09-24,0,0,0,0,0,0,0,,
2020onwsiat1620,2020 ONWSIAT 1620 (CanLII),2020-09-24,0,0,0,0,0,0,0,,
2020onwsiat1621,2020 ONWSIAT 1621 (CanLII),2020-09-24,0,0,0,0,0,0,0,,
2020onwsiat1622,2020 ONWSIAT 1622 (CanLII),2020-09-25,0,0,0,0,0,0,0,,
2020onwsiat1623,2020 ONWSIAT 1623 (CanLII),2020-09-25,0,0,0,0,0,0,0,,
2020onwsiat1624,2020 ONWSIAT 1624 (CanLII),2020-09-25,0,0,0,0,0,0,0,,
2020onwsiat1625,2020 ONWSIAT 1625 (CanLII),2020-09-25,0,0,0,0,0,0,0,,
2020onwsiat1626,2020 ONWSIAT 1626 (CanLII),2020-09-25,0,0,0,0,0,0,0,,
2020onwsiat1627,2020 ONWSIAT 1627 (CanLII),2020-09-25,0,0,0,0,0,0,0,,
2020onwsiat1628,2020 ONWSIAT 1628 (CanLII),2020-09-28,0,0,0,0,0,0,0,,
2020onwsiat1629,2020 ONWSIAT 1629 (CanLII),2020-09-28,0,0,0,0,0,0,0,,
2020onwsiat1630,2020 ONWSIAT 1630 (CanLII),2020-09-28,0,0,0,0,0,0,0,,
2020onwsiat1631,2020 ONWSIAT 1631 (CanLII),2020-09-28,0,0,0,0,0,0,0,,
2020onwsiat1632,2020 ONWSIAT 1632 (CanLII),2020-09-28,0,0,0,0,0,0,0,,
2020onwsiat1633,2020 ONWSIAT 1633 (CanLII),2020-09-28,0,0,0,0,0,0,0,,
2020onwsiat1634,2020 ONWSIAT 1634 (CanLII),2020-09-28,0,0,0,0,0,0,0,,
2020onwsiat1635,2020 ONWSIAT 1635 (CanLII),2020-09-29,0,0,0,0,0,0,0,,
2020onwsiat1636,2020 ONWSIAT 1636 (CanLII),2020-09-29,0,0,0,0,0,0,0,,
2020onwsiat1637,2020 ONWSIAT 1637 (CanLII),2020-09-29,0,0,0,0,0,0,0,,
2020onwsiat1638,2020 ONWSIAT 1638 (CanLII),2020-09-29,0,0,0,0,0,0,0,,
2020onwsiat1639,2020 ONWSIAT 1639 (CanLII),2020-09-29,0,0,0,0,0,0,0,,
2020onwsiat1640,2020 ONWSIAT 1640 (CanLII),2020-09-29,0,0,0,0,0,0,0,,
2020onwsiat1641,2020 ONWSIAT 1641 (CanLII),2020-09-29,0,0,0,0,0,0,0,,
2020onwsiat1642,2020 ONWSIAT 1642 (CanLII),2020-09-29,0,0,0,0,0,0,0,,
2020onwsiat1643,2020 ONWSIAT 1643 (CanLII),2020-09-29,0,0,0,0,0,0,0,,
2020onwsiat1644,2020 ONWSIAT 1644 (CanLII),2020-09-29,0,0,0,0,0,0,0,,
2020onwsiat1645,2020 ONWSIAT 1645 (CanLII),2020-09-29,0,0,0,0,0,0,1,,
2020onwsiat1646,2020 ONWSIAT 1646 (CanLII),2020-09-30,0,0,0,0,0,0,0,,
2020onwsiat1647,2020 ONWSIAT 1647 (CanLII),2020-09-30,0,0,0,0,0,0,1,,
2020onwsiat1648,2020 ONWSIAT 1648 (CanLII),2020-09-30,0,0,0,0,0,0,0,,
2020onwsiat1649,2020 ONWSIAT 1649 (CanLII),2020-09-30,0,0,0,0,0,0,0,,
2020onwsiat1650,2020 ONWSIAT 1650 (CanLII),2020-09-30,0,0,0,0,0,0,0,,
2020onwsiat1651,2020 ONWSIAT 1651 (CanLII),2020-09-30,0,0,0,0,0,0,0,,
2020onwsiat1652,2020 ONWSIAT 1652 (CanLII),2020-10-01,0,0,0,0,0,0,0,,
2020onwsiat1653,2020 ONWSIAT 1653 (CanLII),2020-10-01,0,0,0,0,0,0,0,,
2020onwsiat1654,2020 ONWSIAT 1654 (CanLII),2020-10-01,0,0,0,0,0,0,0,,
2020onwsiat1655,2020 ONWSIAT 1655 (CanLII),2020-10-02,0,0,0,0,0,0,0,,
2020onwsiat1656,2020 ONWSIAT 1656 (CanLII),2020-10-02,0,0,0,0,0,0,0,,
2020onwsiat1657,2020 ONWSIAT 1657 (CanLII),2020-10-02,0,0,0,0,0,0,0,,
2020onwsiat1658,2020 ONWSIAT 1658 (CanLII),2020-10-02,0,0,0,0,0,0,0,,
2020onwsiat1659,2020 ONWSIAT 1659 (CanLII),2020-10-02,0,0,0,0,0,0,0,,
2020onwsiat1660,2020 ONWSIAT 1660 (CanLII),2020-10-02,0,0,0,0,0,0,0,,
2020onwsiat1661,2020 ONWSIAT 1661 (CanLII),2020-10-02,0,0,0,0,0,0,0,,
2020onwsiat1662,2020 ONWSIAT 1662 (CanLII),2020-10-02,0,0,0,0,0,0,0,,
2020onwsiat1663,2020 ONWSIAT 1663 (CanLII),2020-10-02,0,0,0,0,0,0,0,,
2020onwsiat1664,2020 ONWSIAT 1664 (CanLII),2020-10-05,0,0,0,0,0,0,0,,
2020onwsiat1665,2020 ONWSIAT 1665 (CanLII),2020-10-05,0,0,0,0,0,0,1,,
2020onwsiat1666,2020 ONWSIAT 1666 (CanLII),2020-10-05,0,0,0,0,0,0,0,,
2020onwsiat1667,2020 ONWSIAT 1667 (CanLII),2020-10-05,0,0,0,0,0,0,0,,
2020onwsiat1668,2020 ONWSIAT 1668 (CanLII),2020-10-06,0,0,0,0,0,0,0,,
2020onwsiat1669,2020 ONWSIAT 1669 (CanLII),2020-10-06,0,0,0,0,0,0,0,,
2020onwsiat1670,2020 ONWSIAT 1670 (CanLII),2020-10-06,0,0,0,0,0,0,0,,
2020onwsiat1671,2020 ONWSIAT 1671 (CanLII),2020-10-06,0,0,0,0,0,0,0,,
2020onwsiat1672,2020 ONWSIAT 1672 (CanLII),2020-10-06,0,0,0,0,0,0,0,,
2020onwsiat1673,2020 ONWSIAT 1673 (CanLII),2020-10-06,0,0,0,0,0,0,0,,
2020onwsiat1674,2020 ONWSIAT 1674 (CanLII),2020-10-06,0,0,0,0,0,0,0,,
2020onwsiat1675,2020 ONWSIAT 1675 (CanLII),2020-10-06,0,0,0,0,0,0,0,,
2020onwsiat1676,2020 ONWSIAT 1676 (CanLII),2020-10-06,0,0,0,0,0,0,0,,
2020onwsiat1677,2020 ONWSIAT 1677 (CanLII),2020-10-06,0,0,0,0,0,0,0,,
2020onwsiat1678,2020 ONWSIAT 1678 (CanLII),2020-10-06,0,0,0,0,0,0,0,,
2020onwsiat1679,2020 ONWSIAT 1679 (CanLII),2020-10-06,0,0,0,0,0,0,0,,
2020onwsiat1680,2020 ONWSIAT 1680 (CanLII),2020-10-06,0,0,0,0,0,0,0,,
2020onwsiat1681,2020 ONWSIAT 1681 (CanLII),2020-10-06,0,0,0,0,0,0,0,,
2020onwsiat1682,2020 ONWSIAT 1682 (CanLII),2020-10-07,0,0,0,0,0,0,0,,
2020onwsiat1683,2020 ONWSIAT 1683 (CanLII),2020-10-07,0,0,0,0,0,0,0,,
2020onwsiat1684,2020 ONWSIAT 1684 (CanLII),2020-10-07,0,0,0,0,0,0,0,,
2020onwsiat1685,2020 ONWSIAT 1685 (CanLII),2020-10-07,0,0,0,0,0,0,0,,
2020onwsiat1686,2020 ONWSIAT 1686 (CanLII),2020-10-07,0,0,0,0,0,0,0,,
2020onwsiat1687,2020 ONWSIAT 1687 (CanLII),2020-10-07,0,0,0,0,0,0,0,,
2020onwsiat1688,2020 ONWSIAT 1688 (CanLII),2020-10-08,0,0,0,0,0,0,0,,
2020onwsiat1689,2020 ONWSIAT 1689 (CanLII),2020-10-08,0,0,0,0,0,0,0,,
2020onwsiat1690,2020 ONWSIAT 1690 (CanLII),2020-10-08,0,0,0,0,0,0,0,,
2020onwsiat1691,2020 ONWSIAT 1691 (CanLII),2020-10-08,0,0,0,0,0,0,0,,
2020onwsiat1692,2020 ONWSIAT 1692 (CanLII),2020-10-08,0,0,0,0,0,0,0,,
2020onwsiat1693,2020 ONWSIAT 1693 (CanLII),2020-10-09,0,0,0,0,0,0,0,,
2020onwsiat1694,2020 ONWSIAT 1694 (CanLII),2020-10-09,0,0,0,0,0,0,0,,
2020onwsiat1695,2020 ONWSIAT 1695 (CanLII),2020-10-09,0,0,0,0,0,0,0,,
2020onwsiat1696,2020 ONWSIAT 1696 (CanLII),2020-10-09,0,0,0,0,0,0,1,,
2020onwsiat1697,2020 ONWSIAT 1697 (CanLII),2020-10-09,0,0,0,0,0,0,0,,
2020onwsiat1698,2020 ONWSIAT 1698 (CanLII),2020-10-13,0,0,0,0,0,0,0,,
2020onwsiat1699,2020 ONWSIAT 1699 (CanLII),2020-10-13,0,0,0,0,0,0,0,,
2020onwsiat1700,2020 ONWSIAT 1700 (CanLII),2020-10-13,0,0,0,0,0,0,0,,
2020onwsiat1701,2020 ONWSIAT 1701 (CanLII),2020-10-13,0,0,0,0,0,0,0,,
2020onwsiat1702,2020 ONWSIAT 1702 (CanLII),2020-10-13,0,0,0,0,0,0,0,,
2020onwsiat1703,2020 ONWSIAT 1703 (CanLII),2020-10-13,0,0,0,0,0,0,0,,
2020onwsiat1704,2020 ONWSIAT 1704 (CanLII),2020-10-13,0,0,0,0,0,0,0,,
2020onwsiat1705,2020 ONWSIAT 1705 (CanLII),2020-10-14,0,0,0,0,0,0,0,,
2020onwsiat1706,2020 ONWSIAT 1706 (CanLII),2020-10-14,0,0,0,0,0,0,0,,
2020onwsiat1707,2020 ONWSIAT 1707 (CanLII),2020-10-14,0,0,0,0,0,0,0,,
2020onwsiat1708,2020 ONWSIAT 1708 (CanLII),2020-10-14,0,0,0,0,0,0,0,,
2020onwsiat1709,2020 ONWSIAT 1709 (CanLII),2020-10-14,0,0,0,0,0,0,0,,
2020onwsiat1710,2020 ONWSIAT 1710 (CanLII),2020-10-15,0,0,0,0,0,0,0,,
2020onwsiat1711,2020 ONWSIAT 1711 (CanLII),2020-10-15,0,0,0,0,0,0,0,,
2020onwsiat1712,2020 ONWSIAT 1712 (CanLII),2020-10-15,0,0,0,0,0,0,0,,
2020onwsiat1713,2020 ONWSIAT 1713 (CanLII),2020-10-15,0,0,0,0,0,0,0,,
2020onwsiat1714,2020 ONWSIAT 1714 (CanLII),2020-10-15,0,0,0,0,0,0,0,,
2020onwsiat1715,2020 ONWSIAT 1715 (CanLII),2020-10-16,0,0,0,0,0,0,0,,
2020onwsiat1716,2020 ONWSIAT 1716 (CanLII),2020-10-16,0,0,0,0,0,0,0,,
2020onwsiat1717,2020 ONWSIAT 1717 (CanLII),2020-10-16,0,0,0,0,0,0,0,,
2020onwsiat1718,2020 ONWSIAT 1718 (CanLII),2020-10-16,0,0,0,0,0,0,0,,
2020onwsiat1719,2020 ONWSIAT 1719 (CanLII),2020-10-16,0,0,0,0,0,0,0,,
2020onwsiat1720,2020 ONWSIAT 1720 (CanLII),2020-10-16,0,0,0,0,0,0,0,,
2020onwsiat1721,2020 ONWSIAT 1721 (CanLII),2020-10-16,0,0,0,0,0,0,0,,
2020onwsiat1722,2020 ONWSIAT 1722 (CanLII),2020-10-16,0,0,0,0,0,0,0,,
2020onwsiat1723,2020 ONWSIAT 1723 (CanLII),2020-10-16,0,0,0,0,0,0,0,,
2020onwsiat1724,2020 ONWSIAT 1724 (CanLII),2020-10-19,0,0,0,0,0,0,0,,
2020onwsiat1725,2020 ONWSIAT 1725 (CanLII),2020-10-19,0,0,0,0,0,0,0,,
2020onwsiat1726,2020 ONWSIAT 1726 (CanLII),2020-10-19,0,0,0,0,0,0,0,,
2020onwsiat1727,2020 ONWSIAT 1727 (CanLII),2020-10-19,0,0,0,0,0,0,0,,
2020onwsiat1728,2020 ONWSIAT 1728 (CanLII),2020-10-19,0,0,0,0,0,0,0,,
2020onwsiat1729,2020 ONWSIAT 1729 (CanLII),2020-10-19,0,0,0,0,0,0,0,,
2020onwsiat1730,2020 ONWSIAT 1730 (CanLII),2020-10-19,0,0,0,0,0,0,0,,
2020onwsiat1731,2020 ONWSIAT 1731 (CanLII),2020-10-19,0,0,0,0,0,0,0,,
2020onwsiat1732,2020 ONWSIAT 1732 (CanLII),2020-10-19,0,0,0,0,0,0,0,,
2020onwsiat1733,2020 ONWSIAT 1733 (CanLII),2020-10-20,0,0,0,0,0,0,0,,
2020onwsiat1734,2020 ONWSIAT 1734 (CanLII),2020-10-20,0,0,0,0,0,0,0,,
2020onwsiat1735,2020 ONWSIAT 1735 (CanLII),2020-10-20,0,0,0,0,0,0,0,,
2020onwsiat1736,2020 ONWSIAT 1736 (CanLII),2020-10-21,0,0,0,0,0,0,1,,
2020onwsiat1737,2020 ONWSIAT 1737 (CanLII),2020-10-21,0,0,0,0,0,0,0,,
2020onwsiat1738,2020 ONWSIAT 1738 (CanLII),2020-10-22,0,0,0,0,0,0,0,,
2020onwsiat1739,2020 ONWSIAT 1739 (CanLII),2020-10-22,0,0,0,0,0,0,0,,
2020onwsiat1740,2020 ONWSIAT 1740 (CanLII),2020-10-22,0,0,0,0,0,0,0,,
2020onwsiat1741,2020 ONWSIAT 1741 (CanLII),2020-10-22,0,0,0,0,0,0,0,,
2020onwsiat1742,2020 ONWSIAT 1742 (CanLII),2020-10-22,0,0,0,0,0,0,0,,
2020onwsiat1743,2020 ONWSIAT 1743 (CanLII),2020-10-22,0,0,0,0,0,0,0,,
2020onwsiat1744,2020 ONWSIAT 1744 (CanLII),2020-10-23,0,0,0,0,0,0,0,,
2020onwsiat1745,2020 ONWSIAT 1745 (CanLII),2020-10-23,0,0,0,0,0,0,0,,
2020onwsiat1746,2020 ONWSIAT 1746 (CanLII),2020-10-23,0,0,0,0,0,0,0,,
2020onwsiat1747,2020 ONWSIAT 1747 (CanLII),2020-10-23,0,0,0,0,0,0,0,,
2020onwsiat1748,2020 ONWSIAT 1748 (CanLII),2020-10-23,0,0,0,0,0,0,0,,
2020onwsiat1749,2020 ONWSIAT 1749 (CanLII),2020-10-26,0,0,0,0,0,0,0,,
2020onwsiat1750,2020 ONWSIAT 1750 (CanLII),2020-10-26,0,0,0,0,0,0,0,,
2020onwsiat1751,2020 ONWSIAT 1751 (CanLII),2020-10-26,0,0,0,0,0,0,0,,
2020onwsiat1752,2020 ONWSIAT 1752 (CanLII),2020-10-26,0,0,0,0,0,0,0,,
2020onwsiat1753,2020 ONWSIAT 1753 (CanLII),2020-10-26,0,0,0,0,0,0,0,,
2020onwsiat1754,2020 ONWSIAT 1754 (CanLII),2020-10-26,0,0,0,0,0,0,0,,
2020onwsiat1755,2020 ONWSIAT 1755 (CanLII),2020-10-26,0,0,0,0,0,0,0,,
2020onwsiat1756,2020 ONWSIAT 1756 (CanLII),2020-10-27,0,0,0,0,0,0,0,,
2020onwsiat1757,2020 ONWSIAT 1757 (CanLII),2020-10-27,0,0,0,0,0,0,0,,
2020onwsiat1758,2020 ONWSIAT 1758 (CanLII),2020-10-27,0,0,0,0,0,0,0,,
2020onwsiat1759,2020 ONWSIAT 1759 (CanLII),2020-10-27,0,0,0,0,0,0,0,,
2020onwsiat1760,2020 ONWSIAT 1760 (CanLII),2020-10-27,0,0,0,0,0,0,0,,
2020onwsiat1761,2020 ONWSIAT 1761 (CanLII),2020-10-27,0,0,0,0,0,0,0,,
2020onwsiat1762,2020 ONWSIAT 1762 (CanLII),2020-10-28,0,0,0,0,0,0,0,,
2020onwsiat1763,2020 ONWSIAT 1763 (CanLII),2020-10-29,0,0,0,0,0,0,0,,
2020onwsiat1764,2020 ONWSIAT 1764 (CanLII),2020-10-29,0,0,0,0,0,0,0,,
2020onwsiat1765,2020 ONWSIAT 1765 (CanLII),2020-10-29,0,0,0,0,0,0,0,,
2020onwsiat1766,2020 ONWSIAT 1766 (CanLII),2020-10-29,0,0,0,0,0,0,0,,
2020onwsiat1767,2020 ONWSIAT 1767 (CanLII),2020-10-29,0,0,0,0,0,0,0,,
2020onwsiat1768,2020 ONWSIAT 1768 (CanLII),2020-10-29,0,0,0,0,0,0,0,,
2020onwsiat1769,2020 ONWSIAT 1769 (CanLII),2020-10-29,0,0,0,0,0,0,0,,
2020onwsiat1770,2020 ONWSIAT 1770 (CanLII),2020-10-29,0,0,0,0,0,0,1,,
2020onwsiat1771,2020 ONWSIAT 1771 (CanLII),2020-10-30,0,0,0,0,0,0,0,,
2020onwsiat1772,2020 ONWSIAT 1772 (CanLII),2020-10-30,0,0,0,0,0,0,1,,
2020onwsiat1773,2020 ONWSIAT 1773 (CanLII),2020-10-30,0,0,0,0,0,0,0,,
2020onwsiat1774,2020 ONWSIAT 1774 (CanLII),2020-10-30,0,0,0,0,0,0,0,,
2020onwsiat1775,2020 ONWSIAT 1775 (CanLII),2020-10-30,0,0,0,0,0,0,0,,
2020onwsiat1776,2020 ONWSIAT 1776 (CanLII),2020-11-02,0,0,0,0,0,0,0,,
2020onwsiat1777,2020 ONWSIAT 1777 (CanLII),2020-11-02,0,0,0,0,0,0,0,,
2020onwsiat1778,2020 ONWSIAT 1778 (CanLII),2020-11-02,0,0,0,0,0,0,0,,
2020onwsiat1779,2020 ONWSIAT 1779 (CanLII),2020-11-02,0,0,0,0,0,0,0,,
2020onwsiat1780,2020 ONWSIAT 1780 (CanLII),2020-11-02,0,0,0,0,0,0,0,,
2020onwsiat1781,2020 ONWSIAT 1781 (CanLII),2020-11-02,0,0,0,0,0,0,0,,
2020onwsiat1782,2020 ONWSIAT 1782 (CanLII),2020-11-03,0,0,0,0,0,0,1,,
2020onwsiat1783,2020 ONWSIAT 1783 (CanLII),2020-11-02,0,0,0,0,0,0,1,,
2020onwsiat1784,2020 ONWSIAT 1784 (CanLII),2020-11-02,0,0,0,0,0,0,0,,
2020onwsiat1785,2020 ONWSIAT 1785 (CanLII),2020-11-02,0,0,0,0,0,0,0,,
2020onwsiat1786,2020 ONWSIAT 1786 (CanLII),2020-11-02,0,0,0,0,0,0,0,,
2020onwsiat1787,2020 ONWSIAT 1787 (CanLII),2020-11-02,0,0,0,0,0,0,0,,
2020onwsiat1788,2020 ONWSIAT 1788 (CanLII),2020-11-03,0,0,0,0,0,0,0,,
2020onwsiat1789,2020 ONWSIAT 1789 (CanLII),2020-11-03,0,0,0,0,0,0,0,,
2020onwsiat1790,2020 ONWSIAT 1790 (CanLII),2020-11-03,0,0,0,0,0,0,0,,
2020onwsiat1791,2020 ONWSIAT 1791 (CanLII),2020-11-03,0,0,0,0,0,0,0,,
2020onwsiat1792,2020 ONWSIAT 1792 (CanLII),2020-11-03,0,0,0,0,0,0,1,,
2020onwsiat1793,2020 ONWSIAT 1793 (CanLII),2020-11-04,0,0,0,0,0,0,0,,
2020onwsiat1794,2020 ONWSIAT 1794 (CanLII),2020-11-04,0,0,0,0,0,0,0,,
2020onwsiat1795,2020 ONWSIAT 1795 (CanLII),2020-11-04,0,0,0,0,0,0,0,,
2020onwsiat1796,2020 ONWSIAT 1796 (CanLII),2020-11-04,0,0,0,0,0,0,0,,
2020onwsiat1797,2020 ONWSIAT 1797 (CanLII),2020-11-04,0,0,0,0,0,0,0,,
2020onwsiat1798,2020 ONWSIAT 1798 (CanLII),2020-11-04,0,0,0,0,0,0,0,,
2020onwsiat1799,2020 ONWSIAT 1799 (CanLII),2020-11-04,0,0,0,0,0,0,0,,
2020onwsiat1800,2020 ONWSIAT 1800 (CanLII),2020-11-05,0,0,0,0,0,0,0,,
2020onwsiat1801,2020 ONWSIAT 1801 (CanLII),2020-11-05,0,0,0,0,0,0,1,,
2020onwsiat1802,2020 ONWSIAT 1802 (CanLII),2020-11-05,0,0,0,0,0,0,0,,
2020onwsiat1803,2020 ONWSIAT 1803 (CanLII),2020-11-05,0,0,0,0,0,0,1,,
2020onwsiat1804,2020 ONWSIAT 1804 (CanLII),2020-11-05,0,0,0,0,0,0,0,,
2020onwsiat1805,2020 ONWSIAT 1805 (CanLII),2020-11-05,0,0,0,0,0,0,0,,
2020onwsiat1806,2020 ONWSIAT 1806 (CanLII),2020-11-06,0,0,0,0,0,0,0,,
2020onwsiat1807,2020 ONWSIAT 1807 (CanLII),2020-11-06,0,0,0,0,0,0,0,,
2020onwsiat1808,2020 ONWSIAT 1808 (CanLII),2020-11-06,0,0,0,0,0,0,0,,
2020onwsiat1809,2020 ONWSIAT 1809 (CanLII),2020-11-06,0,0,0,0,0,0,0,,
2020onwsiat1810,2020 ONWSIAT 1810 (CanLII),2020-11-06,0,0,0,0,0,0,0,,
2020onwsiat1811,2020 ONWSIAT 1811 (CanLII),2020-11-06,0,0,0,0,0,0,0,,
2020onwsiat1812,2020 ONWSIAT 1812 (CanLII),2020-11-06,0,0,0,0,0,0,0,,
2020onwsiat1813,2020 ONWSIAT 1813 (CanLII),2020-11-06,0,0,0,0,0,0,0,,
2020onwsiat1814,2020 ONWSIAT 1814 (CanLII),2020-11-06,0,0,0,0,0,0,0,,
2020onwsiat1815,2020 ONWSIAT 1815 (CanLII),2020-11-09,0,0,0,0,0,0,0,,
2020onwsiat1816,2020 ONWSIAT 1816 (CanLII),2020-11-09,0,0,0,0,0,0,0,,
2020onwsiat1817,2020 ONWSIAT 1817 (CanLII),2020-11-09,0,0,0,0,0,0,0,,
2020onwsiat1818,2020 ONWSIAT 1818 (CanLII),2020-11-09,0,0,0,0,0,0,0,,
2020onwsiat1819,2020 ONWSIAT 1819 (CanLII),2020-11-09,0,0,0,0,0,0,0,,
2020onwsiat1820,2020 ONWSIAT 1820 (CanLII),2020-11-09,0,0,0,0,0,0,0,,
2020onwsiat1821,2020 ONWSIAT 1821 (CanLII),2020-11-10,0,0,0,0,0,0,0,,
2020onwsiat1822,2020 ONWSIAT 1822 (CanLII),2020-11-10,0,0,0,0,0,0,0,,
2020onwsiat1823,2020 ONWSIAT 1823 (CanLII),2020-11-10,0,0,0,0,0,0,0,,
2020onwsiat1824,2020 ONWSIAT 1824 (CanLII),2020-11-10,0,0,0,0,0,0,0,,
2020onwsiat1825,2020 ONWSIAT 1825 (CanLII),2020-11-10,0,0,0,0,0,0,0,,
2020onwsiat1826,2020 ONWSIAT 1826 (CanLII),2020-11-12,0,0,0,0,0,0,0,,
2020onwsiat1827,2020 ONWSIAT 1827 (CanLII),2020-11-12,0,0,0,0,0,0,0,,
2020onwsiat1828,2020 ONWSIAT 1828 (CanLII),2020-11-12,0,0,0,0,0,0,0,,
2020onwsiat1829,2020 ONWSIAT 1829 (CanLII),2020-11-12,0,0,0,0,0,0,0,,
2020onwsiat1830,2020 ONWSIAT 1830 (CanLII),2020-11-12,0,0,0,0,0,0,1,,
2020onwsiat1831,2020 ONWSIAT 1831 (CanLII),2020-11-12,0,0,0,0,0,0,1,,
2020onwsiat1832,2020 ONWSIAT 1832 (CanLII),2020-11-12,0,0,0,0,0,0,0,,
2020onwsiat1833,2020 ONWSIAT 1833 (CanLII),2020-11-13,0,0,0,0,0,0,0,,
2020onwsiat1834,2020 ONWSIAT 1834 (CanLII),2020-11-13,0,0,0,0,0,0,0,,
2020onwsiat1835,2020 ONWSIAT 1835 (CanLII),2020-11-13,0,0,0,0,0,0,1,,
2020onwsiat1836,2020 ONWSIAT 1836 (CanLII),2020-11-13,0,0,0,0,0,0,0,,
2020onwsiat1837,2020 ONWSIAT 1837 (CanLII),2020-11-16,0,0,0,0,0,0,0,,
2020onwsiat1838,2020 ONWSIAT 1838 (CanLII),2020-11-16,0,0,0,0,0,0,0,,
2020onwsiat1839,2020 ONWSIAT 1839 (CanLII),2020-11-16,0,0,0,0,0,0,0,,
2020onwsiat1840,2020 ONWSIAT 1840 (CanLII),2020-11-16,0,0,0,0,0,0,1,,
2020onwsiat1841,2020 ONWSIAT 1841 (CanLII),2020-11-16,0,0,0,0,0,0,0,,
2020onwsiat1842,2020 ONWSIAT 1842 (CanLII),2020-11-16,0,0,0,0,0,0,0,,
2020onwsiat1843,2020 ONWSIAT 1843 (CanLII),2020-11-16,0,0,0,0,0,0,0,,
2020onwsiat1844,2020 ONWSIAT 1844 (CanLII),2020-11-16,0,0,0,0,0,0,0,,
2020onwsiat1845,2020 ONWSIAT 1845 (CanLII),2020-11-16,0,0,0,0,0,0,0,,
2020onwsiat1846,2020 ONWSIAT 1846 (CanLII),2020-11-17,0,0,0,0,0,0,0,,
2020onwsiat1847,2020 ONWSIAT 1847 (CanLII),2020-11-17,0,0,0,0,0,0,0,,
2020onwsiat1848,2020 ONWSIAT 1848 (CanLII),2020-11-17,0,0,0,0,0,0,0,,
2020onwsiat1849,2020 ONWSIAT 1849 (CanLII),2020-11-17,0,0,0,0,0,0,0,,
2020onwsiat1850,2020 ONWSIAT 1850 (CanLII),2020-11-17,0,0,0,0,0,0,0,,
2020onwsiat1851,2020 ONWSIAT 1851 (CanLII),2020-11-17,0,0,0,0,0,0,0,,
2020onwsiat1852,2020 ONWSIAT 1852 (CanLII),2020-11-17,0,0,0,0,0,0,0,,
2020onwsiat1853,2020 ONWSIAT 1853 (CanLII),2020-11-17,0,0,0,0,0,0,0,,
2020onwsiat1854,2020 ONWSIAT 1854 (CanLII),2020-11-18,0,0,0,0,0,0,0,,
2020onwsiat1855,2020 ONWSIAT 1855 (CanLII),2020-11-18,0,0,0,0,0,0,0,,
2020onwsiat1856,2020 ONWSIAT 1856 (CanLII),2020-11-18,0,0,0,0,0,0,0,,
2020onwsiat1857,2020 ONWSIAT 1857 (CanLII),2020-11-18,0,0,0,0,0,0,0,,
2020onwsiat1858,2020 ONWSIAT 1858 (CanLII),2020-11-18,0,0,0,0,0,0,1,,
2020onwsiat1859,2020 ONWSIAT 1859 (CanLII),2020-11-18,0,0,0,0,0,0,0,,
2020onwsiat1860,2020 ONWSIAT 1860 (CanLII),2020-11-18,0,0,0,0,0,0,0,,
2020onwsiat1861,2020 ONWSIAT 1861 (CanLII),2020-11-18,0,0,0,0,0,0,0,,
2020onwsiat1862,2020 ONWSIAT 1862 (CanLII),2020-11-18,0,0,0,0,0,0,0,,
2020onwsiat1863,2020 ONWSIAT 1863 (CanLII),2020-11-18,0,0,0,0,0,0,0,,
2020onwsiat1864,2020 ONWSIAT 1864 (CanLII),2020-11-18,0,0,0,0,0,0,0,,
2020onwsiat1865,2020 ONWSIAT 1865 (CanLII),2020-11-18,0,0,0,0,0,0,0,,
2020onwsiat1866,2020 ONWSIAT 1866 (CanLII),2020-11-19,0,0,0,0,0,0,0,,
2020onwsiat1867,2020 ONWSIAT 1867 (CanLII),2020-11-19,0,0,0,0,0,0,0,,
2020onwsiat1868,2020 ONWSIAT 1868 (CanLII),2020-11-19,0,0,0,0,0,0,1,,
2020onwsiat1869,2020 ONWSIAT 1869 (CanLII),2020-11-19,0,0,0,1,0,0,0,,
2020onwsiat1870,2020 ONWSIAT 1870 (CanLII),2020-11-19,0,0,0,0,0,0,0,,
2020onwsiat1871,2020 ONWSIAT 1871 (CanLII),2020-11-19,0,0,0,0,0,0,1,,
2020onwsiat1872,2020 ONWSIAT 1872 (CanLII),2020-11-19,0,0,0,0,0,0,0,,
2020onwsiat1873,2020 ONWSIAT 1873 (CanLII),2020-11-19,0,0,0,0,0,0,1,,
2020onwsiat1874,2020 ONWSIAT 1874 (CanLII),2020-11-19,0,0,0,0,0,0,0,,
2020onwsiat1875,2020 ONWSIAT 1875 (CanLII),2020-11-20,0,0,0,0,0,0,0,,
2020onwsiat1876,2020 ONWSIAT 1876 (CanLII),2020-11-20,0,0,0,0,0,0,0,,
2020onwsiat1877,2020 ONWSIAT 1877 (CanLII),2020-11-20,0,0,0,0,0,0,0,,
2020onwsiat1878,2020 ONWSIAT 1878 (CanLII),2020-11-20,0,0,0,0,0,0,1,,
2020onwsiat1879,2020 ONWSIAT 1879 (CanLII),2020-11-20,0,0,0,0,0,0,0,,
2020onwsiat1880,2020 ONWSIAT 1880 (CanLII),2020-11-23,0,0,0,0,0,0,0,,
2020onwsiat1881,2020 ONWSIAT 1881 (CanLII),2020-11-23,0,0,0,0,0,0,0,,
2020onwsiat1882,2020 ONWSIAT 1882 (CanLII),2020-11-23,0,0,0,0,0,0,0,,
2020onwsiat1883,2020 ONWSIAT 1883 (CanLII),2020-11-23,0,0,0,0,0,0,0,,
2020onwsiat1884,2020 ONWSIAT 1884 (CanLII),2020-11-23,0,0,0,0,0,0,0,,
2020onwsiat1885,2020 ONWSIAT 1885 (CanLII),2020-11-23,0,0,0,0,0,0,0,,
2020onwsiat1886,2020 ONWSIAT 1886 (CanLII),2020-11-24,0,0,0,0,0,0,0,,
2020onwsiat1887,2020 ONWSIAT 1887 (CanLII),2020-11-24,0,0,0,0,0,0,1,,
2020onwsiat1888,2020 ONWSIAT 1888 (CanLII),2020-11-24,0,0,0,0,0,0,0,,
2020onwsiat1889,2020 ONWSIAT 1889 (CanLII),2020-11-24,0,0,0,0,0,0,0,,
2020onwsiat1890,2020 ONWSIAT 1890 (CanLII),2020-11-24,0,0,0,0,0,0,1,,
2020onwsiat1891,2020 ONWSIAT 1891 (CanLII),2020-11-24,0,0,0,0,0,0,0,,
2020onwsiat1892,2020 ONWSIAT 1892 (CanLII),2020-11-25,0,0,0,0,0,0,1,,
2020onwsiat1893,2020 ONWSIAT 1893 (CanLII),2020-11-25,0,0,0,0,0,0,0,,
2020onwsiat1894,2020 ONWSIAT 1894 (CanLII),2020-11-25,0,0,0,0,0,0,0,,
2020onwsiat1895,2020 ONWSIAT 1895 (CanLII),2020-11-25,0,0,0,0,0,0,1,,
2020onwsiat1896,2020 ONWSIAT 1896 (CanLII),2020-11-25,0,0,0,0,0,0,0,,
2020onwsiat1897,2020 ONWSIAT 1897 (CanLII),2020-11-25,0,0,0,0,0,0,0,,
2020onwsiat1898,2020 ONWSIAT 1898 (CanLII),2020-11-25,0,0,0,0,0,0,0,,
2020onwsiat1899,2020 ONWSIAT 1899 (CanLII),2020-11-25,0,0,0,0,0,0,0,,
2020onwsiat1900,2020 ONWSIAT 1900 (CanLII),2020-11-25,0,0,0,0,0,0,1,,
2020onwsiat1901,2020 ONWSIAT 1901 (CanLII),2020-11-25,0,0,0,0,0,0,0,,
2020onwsiat1902,2020 ONWSIAT 1902 (CanLII),2020-11-25,0,0,0,0,0,0,0,,
2020onwsiat1903,2020 ONWSIAT 1903 (CanLII),2020-11-25,0,0,0,0,0,0,0,,
2020onwsiat1904,2020 ONWSIAT 1904 (CanLII),2020-11-25,0,0,0,0,0,0,0,,
2020onwsiat1905,2020 ONWSIAT 1905 (CanLII),2020-11-26,0,0,0,0,0,0,0,,
2020onwsiat1906,2020 ONWSIAT 1906 (CanLII),2020-11-26,0,0,0,0,0,0,0,,
2020onwsiat1907,2020 ONWSIAT 1907 (CanLII),2020-11-26,0,0,0,0,0,0,0,,
2020onwsiat1908,2020 ONWSIAT 1908 (CanLII),2020-11-26,0,0,0,0,0,0,0,,
2020onwsiat1909,2020 ONWSIAT 1909 (CanLII),2020-11-26,0,0,0,0,0,0,0,,
2020onwsiat1910,2020 ONWSIAT 1910 (CanLII),2020-11-27,0,0,0,0,0,0,0,,
2020onwsiat1911,2020 ONWSIAT 1911 (CanLII),2020-11-27,0,0,0,0,0,0,0,,
2020onwsiat1912,2020 ONWSIAT 1912 (CanLII),2020-11-27,0,0,0,0,0,0,0,,
2020onwsiat1913,2020 ONWSIAT 1913 (CanLII),2020-11-27,0,0,0,0,0,0,0,,
2020onwsiat1914,2020 ONWSIAT 1914 (CanLII),2020-11-27,0,0,0,0,0,0,0,,
2020onwsiat1915,2020 ONWSIAT 1915 (CanLII),2020-11-27,0,0,0,0,0,0,0,,
2020onwsiat1916,2020 ONWSIAT 1916 (CanLII),2020-11-27,0,0,0,0,0,0,0,,
2020onwsiat1917,2020 ONWSIAT 1917 (CanLII),2020-11-27,0,0,0,0,0,0,0,,
2020onwsiat1918,2020 ONWSIAT 1918 (CanLII),2020-11-30,0,0,0,0,0,0,0,,
2020onwsiat1919,2020 ONWSIAT 1919 (CanLII),2020-11-30,0,0,0,0,0,0,0,,
2020onwsiat1920,2020 ONWSIAT 1920 (CanLII),2020-12-01,0,0,0,0,0,0,0,,
2020onwsiat1921,2020 ONWSIAT 1921 (CanLII),2020-12-01,0,0,0,0,0,0,0,,
2020onwsiat1922,2020 ONWSIAT 1922 (CanLII),2020-12-01,0,0,0,0,0,0,0,,
2020onwsiat1923,2020 ONWSIAT 1923 (CanLII),2020-12-01,0,0,0,0,0,0,0,,
2020onwsiat1924,2020 ONWSIAT 1924 (CanLII),2020-12-01,0,0,0,0,0,0,1,,
2020onwsiat1925,2020 ONWSIAT 1925 (CanLII),2020-12-01,0,0,0,0,0,0,0,,
2020onwsiat1926,2020 ONWSIAT 1926 (CanLII),2020-12-01,0,0,0,0,0,0,0,,
2020onwsiat1927,2020 ONWSIAT 1927 (CanLII),2020-12-01,0,0,0,0,0,0,0,,
2020onwsiat1928,2020 ONWSIAT 1928 (CanLII),2020-12-02,0,0,0,0,0,0,0,,
2020onwsiat1929,2020 ONWSIAT 1929 (CanLII),2020-12-02,0,0,0,0,0,0,0,,
2020onwsiat1930,2020 ONWSIAT 1930 (CanLII),2020-12-02,0,0,0,0,0,0,0,,
2020onwsiat1931,2020 ONWSIAT 1931 (CanLII),2020-12-02,0,0,0,0,0,0,0,,
2020onwsiat1932,2020 ONWSIAT 1932 (CanLII),2020-12-02,0,0,0,0,0,0,0,,
2020onwsiat1933,2020 ONWSIAT 1933 (CanLII),2020-12-02,0,0,0,0,0,0,0,,
2020onwsiat1934,2020 ONWSIAT 1934 (CanLII),2020-12-02,0,0,0,0,0,0,0,,
2020onwsiat1935,2020 ONWSIAT 1935 (CanLII),2020-12-02,0,0,0,0,0,0,0,,
2020onwsiat1936,2020 ONWSIAT 1936 (CanLII),2020-12-02,0,0,0,0,0,0,0,,
2020onwsiat1937,2020 ONWSIAT 1937 (CanLII),2020-12-03,0,0,0,0,0,0,1,,
2020onwsiat1938,2020 ONWSIAT 1938 (CanLII),2020-12-03,0,0,0,0,0,0,0,,
2020onwsiat1939,2020 ONWSIAT 1939 (CanLII),2020-12-03,0,0,0,0,0,0,0,,
2020onwsiat1940,2020 ONWSIAT 1940 (CanLII),2020-12-03,0,0,0,0,0,0,0,,
2020onwsiat1941,2020 ONWSIAT 1941 (CanLII),2020-12-03,0,0,0,0,0,0,0,,
2020onwsiat1942,2020 ONWSIAT 1942 (CanLII),2020-12-03,0,0,0,0,0,0,0,,
2020onwsiat1943,2020 ONWSIAT 1943 (CanLII),2020-12-03,0,0,0,0,0,0,0,,
2020onwsiat1944,2020 ONWSIAT 1944 (CanLII),2020-12-03,0,0,0,0,0,0,0,,
2020onwsiat1945,2020 ONWSIAT 1945 (CanLII),2020-12-03,0,0,0,0,0,0,0,,
2020onwsiat1946,2020 ONWSIAT 1946 (CanLII),2020-12-04,0,0,0,0,0,0,0,,
2020onwsiat1947,2020 ONWSIAT 1947 (CanLII),2020-12-04,0,0,0,0,0,0,0,,
2020onwsiat1948,2020 ONWSIAT 1948 (CanLII),2020-12-04,0,0,0,0,0,0,0,,
2020onwsiat1949,2020 ONWSIAT 1949 (CanLII),2020-12-04,0,0,0,0,0,0,0,,
2020onwsiat1950,2020 ONWSIAT 1950 (CanLII),2020-12-04,0,0,0,0,0,0,0,,
2020onwsiat1951,2020 ONWSIAT 1951 (CanLII),2020-12-04,0,0,0,0,0,0,0,,
2020onwsiat1952,2020 ONWSIAT 1952 (CanLII),2020-12-04,0,0,0,0,0,0,0,,
2020onwsiat1953,2020 ONWSIAT 1953 (CanLII),2020-12-04,0,0,0,0,0,0,0,,
2020onwsiat1954,2020 ONWSIAT 1954 (CanLII),2020-12-07,0,0,0,0,0,0,0,,
2020onwsiat1955,2020 ONWSIAT 1955 (CanLII),2020-12-07,0,0,0,0,0,0,0,,
2020onwsiat1956,2020 ONWSIAT 1956 (CanLII),2020-12-07,0,0,0,0,0,0,0,,
2020onwsiat1957,2020 ONWSIAT 1957 (CanLII),2020-12-07,0,0,0,0,0,0,0,,
2020onwsiat1958,2020 ONWSIAT 1958 (CanLII),2020-12-07,0,0,0,0,0,0,0,,
2020onwsiat1959,2020 ONWSIAT 1959 (CanLII),2020-12-07,0,0,0,0,0,0,0,,
2020onwsiat1960,2020 ONWSIAT 1960 (CanLII),2020-12-07,0,0,0,0,0,0,0,,
2020onwsiat1961,2020 ONWSIAT 1961 (CanLII),2020-12-07,0,0,0,0,0,0,1,,
2020onwsiat1962,2020 ONWSIAT 1962 (CanLII),2020-12-07,0,0,0,0,0,0,0,,
2020onwsiat1963,2020 ONWSIAT 1963 (CanLII),2020-12-07,0,0,0,0,0,0,0,,
2020onwsiat1964,2020 ONWSIAT 1964 (CanLII),2020-12-09,0,0,0,0,0,0,0,,
2020onwsiat1965,2020 ONWSIAT 1965 (CanLII),2020-12-08,0,0,0,0,0,0,0,,
2020onwsiat1966,2020 ONWSIAT 1966 (CanLII),2020-12-08,0,0,0,0,0,0,1,,
2020onwsiat1967,2020 ONWSIAT 1967 (CanLII),2020-12-08,0,0,0,0,0,0,0,,
2020onwsiat1968,2020 ONWSIAT 1968 (CanLII),2020-12-08,0,0,0,0,0,0,0,,
2020onwsiat1969,2020 ONWSIAT 1969 (CanLII),2020-12-09,0,0,0,0,0,0,0,,
2020onwsiat1970,2020 ONWSIAT 1970 (CanLII),2020-12-09,0,0,0,0,0,0,0,,
2020onwsiat1971,2020 ONWSIAT 1971 (CanLII),2020-12-09,0,0,0,0,0,0,0,,
2020onwsiat1972,2020 ONWSIAT 1972 (CanLII),2020-12-09,0,0,0,0,0,0,0,,
2020onwsiat1973,2020 ONWSIAT 1973 (CanLII),2020-12-09,0,0,0,0,0,0,0,,
2020onwsiat1974,2020 ONWSIAT 1974 (CanLII),2020-12-10,0,0,0,0,0,0,0,,
2020onwsiat1975,2020 ONWSIAT 1975 (CanLII),2020-12-10,0,0,0,0,0,0,0,,
2020onwsiat1976,2020 ONWSIAT 1976 (CanLII),2020-12-10,0,0,0,0,0,0,0,,
2020onwsiat1977,2020 ONWSIAT 1977 (CanLII),2020-12-10,0,0,0,0,0,0,0,,
2020onwsiat1978,2020 ONWSIAT 1978 (CanLII),2020-12-10,0,0,0,0,0,0,0,,
2020onwsiat1979,2020 ONWSIAT 1979 (CanLII),2020-12-10,0,0,0,0,0,0,1,,
2020onwsiat1980,2020 ONWSIAT 1980 (CanLII),2020-12-10,0,0,0,0,0,0,0,,
2020onwsiat1981,2020 ONWSIAT 1981 (CanLII),2020-12-10,0,0,0,0,0,0,0,,
2020onwsiat1982,2020 ONWSIAT 1982 (CanLII),2020-12-10,0,0,0,0,0,0,0,,
2020onwsiat1983,2020 ONWSIAT 1983 (CanLII),2020-12-10,0,0,0,0,0,0,0,,
2020onwsiat1984,2020 ONWSIAT 1984 (CanLII),2020-12-10,0,0,0,0,0,0,0,,
2020onwsiat1985,2020 ONWSIAT 1985 (CanLII),2020-12-10,0,0,0,0,0,0,0,,
2020onwsiat1986,2020 ONWSIAT 1986 (CanLII),2020-12-10,0,0,0,0,0,0,0,,
2020onwsiat1987,2020 ONWSIAT 1987 (CanLII),2020-12-10,0,0,0,0,0,0,0,,
2020onwsiat1988,2020 ONWSIAT 1988 (CanLII),2020-12-10,0,0,0,0,0,0,0,,
2020onwsiat1989,2020 ONWSIAT 1989 (CanLII),2020-12-10,0,0,0,0,0,0,0,,
2020onwsiat1990,2020 ONWSIAT 1990 (CanLII),2020-12-11,0,0,0,0,0,0,0,,
2020onwsiat1991,2020 ONWSIAT 1991 (CanLII),2020-12-11,0,0,0,0,0,0,0,,
2020onwsiat1992,2020 ONWSIAT 1992 (CanLII),2020-12-11,0,0,0,0,0,0,0,,
2020onwsiat1993,2020 ONWSIAT 1993 (CanLII),2020-12-11,0,0,0,0,0,0,0,,
2020onwsiat1994,2020 ONWSIAT 1994 (CanLII),2020-12-11,0,0,0,0,0,0,0,,
2020onwsiat1995,2020 ONWSIAT 1995 (CanLII),2020-12-11,0,0,0,0,0,0,0,,
2020onwsiat1996,2020 ONWSIAT 1996 (CanLII),2020-12-11,0,0,0,0,0,0,0,,
2020onwsiat1997,2020 ONWSIAT 1997 (CanLII),2020-12-11,0,0,0,0,0,0,0,,
2020onwsiat1998,2020 ONWSIAT 1998 (CanLII),2020-12-14,0,0,0,0,0,0,0,,
2020onwsiat1999,2020 ONWSIAT 1999 (CanLII),2020-12-14,0,0,0,0,0,0,0,,
2020onwsiat2000,2020 ONWSIAT 2000 (CanLII),2020-12-14,0,0,0,0,0,0,0,,
2020onwsiat2001,2020 ONWSIAT 2001 (CanLII),2020-12-14,0,0,0,0,0,0,0,,
2020onwsiat2002,2020 ONWSIAT 2002 (CanLII),2020-12-14,0,0,0,0,0,0,0,,
2020onwsiat2003,2020 ONWSIAT 2003 (CanLII),2020-12-14,0,0,0,0,0,0,0,,
2020onwsiat2004,2020 ONWSIAT 2004 (CanLII),2020-12-14,0,0,0,0,0,0,0,,
2020onwsiat2005,2020 ONWSIAT 2005 (CanLII),2020-12-14,0,0,0,0,0,0,0,,
2020onwsiat2006,2020 ONWSIAT 2006 (CanLII),2020-12-14,0,0,0,0,0,0,0,,
2020onwsiat2007,2020 ONWSIAT 2007 (CanLII),2020-12-14,0,0,0,0,0,0,0,,
2020onwsiat2008,2020 ONWSIAT 2008 (CanLII),2020-12-14,0,0,0,0,0,0,0,,
2020onwsiat2009,2020 ONWSIAT 2009 (CanLII),2020-12-15,0,0,0,0,0,0,0,,
2020onwsiat2010,2020 ONWSIAT 2010 (CanLII),2020-12-15,0,0,0,0,0,0,0,,
2020onwsiat2011,2020 ONWSIAT 2011 (CanLII),2020-12-15,0,0,0,0,0,0,0,,
2020onwsiat2012,2020 ONWSIAT 2012 (CanLII),2020-12-15,0,0,0,0,0,0,0,,
2020onwsiat2013,2020 ONWSIAT 2013 (CanLII),2020-12-15,0,0,0,0,0,0,0,,
2020onwsiat2014,2020 ONWSIAT 2014 (CanLII),2020-12-15,0,0,0,0,0,0,0,,
2020onwsiat2015,2020 ONWSIAT 2015 (CanLII),2020-12-15,0,0,0,0,0,0,0,,
2020onwsiat2016,2020 ONWSIAT 2016 (CanLII),2020-12-15,0,0,0,0,0,0,0,,
2020onwsiat2017,2020 ONWSIAT 2017 (CanLII),2020-12-15,0,0,0,0,0,0,0,,
2020onwsiat2018,2020 ONWSIAT 2018 (CanLII),2020-12-16,0,0,0,0,0,0,0,,
2020onwsiat2019,2020 ONWSIAT 2019 (CanLII),2020-12-16,0,0,0,0,0,0,0,,
2020onwsiat2020,2020 ONWSIAT 2020 (CanLII),2020-12-16,0,0,0,0,0,0,1,,
2020onwsiat2021,2020 ONWSIAT 2021 (CanLII),2020-12-16,0,0,0,0,0,0,0,,
2020onwsiat2022,2020 ONWSIAT 2022 (CanLII),2020-12-16,0,0,0,0,0,0,0,,
2020onwsiat2023,2020 ONWSIAT 2023 (CanLII),2020-12-16,0,0,0,0,0,0,0,,
2020onwsiat2024,2020 ONWSIAT 2024 (CanLII),2020-12-16,0,0,0,0,0,0,0,,
2020onwsiat2025,2020 ONWSIAT 2025 (CanLII),2020-12-16,0,0,0,0,0,0,0,,
2020onwsiat2026,2020 ONWSIAT 2026 (CanLII),2020-12-17,0,0,0,0,0,0,0,,
2020onwsiat2027,2020 ONWSIAT 2027 (CanLII),2020-12-17,0,0,0,0,0,0,0,,
2020onwsiat2028,2020 ONWSIAT 2028 (CanLII),2020-12-17,0,0,0,0,0,0,0,,
2020onwsiat2029,2020 ONWSIAT 2029 (CanLII),2020-12-17,0,0,0,0,0,0,0,,
2020onwsiat2030,2020 ONWSIAT 2030 (CanLII),2020-12-17,0,0,0,0,0,0,0,,
2020onwsiat2031,2020 ONWSIAT 2031 (CanLII),2020-12-17,0,0,0,0,0,0,0,,
2020onwsiat2032,2020 ONWSIAT 2032 (CanLII),2020-12-17,0,0,0,0,0,0,0,,
2020onwsiat2033,2020 ONWSIAT 2033 (CanLII),2020-12-17,0,0,0,0,0,0,0,,
2020onwsiat2034,2020 ONWSIAT 2034 (CanLII),2020-12-17,0,0,0,0,0,0,0,,
2020onwsiat2035,2020 ONWSIAT 2035 (CanLII),2020-12-17,0,0,0,0,0,0,0,,
2020onwsiat2036,2020 ONWSIAT 2036 (CanLII),2020-12-17,0,0,0,0,0,0,0,,
2020onwsiat2037,2020 ONWSIAT 2037 (CanLII),2020-12-17,0,0,0,0,0,0,0,,
2020onwsiat2038,2020 ONWSIAT 2038 (CanLII),2020-12-18,0,0,0,0,0,0,1,,
2020onwsiat2039,2020 ONWSIAT 2039 (CanLII),2020-12-18,0,0,0,0,0,0,0,,
2020onwsiat2040,2020 ONWSIAT 2040 (CanLII),2020-12-18,0,0,0,0,0,0,0,,
2020onwsiat2041,2020 ONWSIAT 2041 (CanLII),2020-12-18,0,0,0,0,0,0,0,,
2020onwsiat2042,2020 ONWSIAT 2042 (CanLII),2020-12-18,0,0,0,0,0,0,0,,
2020onwsiat2043,2020 ONWSIAT 2043 (CanLII),2020-12-18,0,0,0,0,0,0,0,,
2020onwsiat2044,2020 ONWSIAT 2044 (CanLII),2020-12-18,0,0,0,0,0,0,0,,
2020onwsiat2045,2020 ONWSIAT 2045 (CanLII),2020-12-18,0,0,0,0,0,0,0,,
2020onwsiat2046,2020 ONWSIAT 2046 (CanLII),2020-12-18,0,0,0,0,0,0,0,,
2020onwsiat2047,2020 ONWSIAT 2047 (CanLII),2020-12-18,0,0,0,0,0,0,0,,
2020onwsiat2048,2020 ONWSIAT 2048 (CanLII),2020-12-18,0,0,0,0,0,0,0,,
2020onwsiat2049,2020 ONWSIAT 2049 (CanLII),2020-12-18,0,0,0,0,0,0,0,,
2020onwsiat2050,2020 ONWSIAT 2050 (CanLII),2020-12-21,0,0,0,0,0,0,0,,
2020onwsiat2051,2020 ONWSIAT 2051 (CanLII),2020-12-21,0,0,0,0,0,0,0,,
2020onwsiat2052,2020 ONWSIAT 2052 (CanLII),2020-12-21,0,0,0,0,0,0,0,,
2020onwsiat2053,2020 ONWSIAT 2053 (CanLII),2020-12-21,0,0,0,0,0,0,0,,
2020onwsiat2054,2020 ONWSIAT 2054 (CanLII),2020-12-21,0,0,0,0,0,0,0,,
2020onwsiat2055,2020 ONWSIAT 2055 (CanLII),2020-12-21,0,0,0,0,0,0,0,,
2020onwsiat2056,2020 ONWSIAT 2056 (CanLII),2020-12-21,0,0,0,0,0,0,0,,
2020onwsiat2057,2020 ONWSIAT 2057 (CanLII),2020-12-22,0,0,0,0,0,0,0,,
2020onwsiat2058,2020 ONWSIAT 2058 (CanLII),2020-12-22,0,0,0,0,0,0,0,,
2020onwsiat2059,2020 ONWSIAT 2059 (CanLII),2020-12-24,0,0,0,0,0,0,0,,
2020onwsiat2060,2020 ONWSIAT 2060 (CanLII),2020-12-23,0,0,0,0,0,0,0,,
2020onwsiat2061,2020 ONWSIAT 2061 (CanLII),2020-12-23,0,0,0,0,0,0,0,,
2020onwsiat2062,2020 ONWSIAT 2062 (CanLII),2020-12-23,0,0,0,0,0,0,0,,
2020onwsiat2063,2020 ONWSIAT 2063 (CanLII),2020-12-29,0,0,0,0,0,0,0,,
2020onwsiat2064,2020 ONWSIAT 2064 (CanLII),2020-12-24,0,0,0,0,0,0,0,,
2020onwsiat2065,2020 ONWSIAT 2065 (CanLII),2020-12-24,0,0,0,0,0,0,0,,
2020onwsiat2066,2020 ONWSIAT 2066 (CanLII),2020-12-24,0,0,0,0,0,0,0,,
2020onwsiat2067,2020 ONWSIAT 2067 (CanLII),2020-12-29,0,0,0,0,0,0,0,,
2020onwsiat2068,2020 ONWSIAT 2068 (CanLII),2020-12-30,0,0,0,0,0,0,0,,
2020onwsiat2069,2020 ONWSIAT 2069 (CanLII),2020-12-30,0,0,0,0,0,0,0,,
2020onwsiat2070,2020 ONWSIAT 2070 (CanLII),2020-12-30,0,0,0,0,0,0,0,,
2020onwsiat2071,2020 ONWSIAT 2071 (CanLII),2020-12-31,0,0,0,0,0,0,0,,
2020onwsiat2072,2020 ONWSIAT 2072 (CanLII),2020-12-31,0,0,0,0,0,0,0,,
2020onwsiat2073,2020 ONWSIAT 2073 (CanLII),2020-12-31,0,0,0,0,0,0,0,,
2020onwsiat2074,2020 ONWSIAT 2074 (CanLII),2020-12-31,0,0,0,0,0,0,0,,
2020onwsiat2075,2020 ONWSIAT 2075 (CanLII),2020-12-31,0,0,0,0,0,0,0,,
2020onwsiat2076,2020 ONWSIAT 2076 (CanLII),2020-12-31,0,0,0,0,0,0,0,,
2020onwsiat2077,2020 ONWSIAT 2077 (CanLII),2020-12-31,0,0,0,0,0,0,0,,
2020onwsiat2078,2020 ONWSIAT 2078 (CanLII),2020-12-31,0,0,0,0,0,0,0,,
2021onwsiat1,2021 ONWSIAT 1 (CanLII),2021-01-04,0,0,0,0,0,0,0,,
2021onwsiat2,2021 ONWSIAT 2 (CanLII),2021-01-04,0,0,0,0,0,0,1,,
2021onwsiat3,2021 ONWSIAT 3 (CanLII),2021-01-04,0,0,0,0,0,0,0,,
2021onwsiat4,2021 ONWSIAT 4 (CanLII),2021-01-04,0,0,0,0,0,0,1,,
2021onwsiat5,2021 ONWSIAT 5 (CanLII),2021-01-04,0,0,0,0,0,0,0,,
2021onwsiat6,2021 ONWSIAT 6 (CanLII),2021-01-04,0,0,0,0,0,0,0,,
2021onwsiat7,2021 ONWSIAT 7 (CanLII),2021-01-04,0,0,0,0,0,0,0,,
2021onwsiat8,2021 ONWSIAT 8 (CanLII),2021-01-04,0,0,0,0,0,0,0,,
2021onwsiat9,2021 ONWSIAT 9 (CanLII),2021-01-04,0,0,0,0,0,0,0,,
2021onwsiat10,2021 ONWSIAT 10 (CanLII),2021-01-04,0,0,0,0,0,0,0,,
2021onwsiat11,2021 ONWSIAT 11 (CanLII),2021-01-04,0,0,0,0,0,0,0,,
2021onwsiat12,2021 ONWSIAT 12 (CanLII),2021-01-04,0,0,0,0,0,0,0,,
2021onwsiat13,2021 ONWSIAT 13 (CanLII),2021-01-04,0,0,0,0,0,0,0,,
2021onwsiat14,2021 ONWSIAT 14 (CanLII),2021-01-04,0,0,0,0,0,0,0,,
2021onwsiat15,2021 ONWSIAT 15 (CanLII),2021-01-04,0,0,0,0,0,0,0,,
2021onwsiat16,2021 ONWSIAT 16 (CanLII),2021-01-04,0,0,0,0,0,0,1,,
2021onwsiat17,2021 ONWSIAT 17 (CanLII),2021-01-04,0,0,0,0,0,0,0,,
2021onwsiat18,2021 ONWSIAT 18 (CanLII),2021-01-04,0,0,0,0,0,0,0,,
2021onwsiat19,2021 ONWSIAT 19 (CanLII),2021-01-04,0,0,0,0,0,0,1,,
2021onwsiat20,2021 ONWSIAT 20 (CanLII),2021-01-04,0,0,0,0,0,0,0,,
2021onwsiat21,2021 ONWSIAT 21 (CanLII),2021-01-04,0,0,0,0,0,0,0,,
2021onwsiat22,2021 ONWSIAT 22 (CanLII),2021-01-05,0,0,0,0,0,0,1,,
2021onwsiat23,2021 ONWSIAT 23 (CanLII),2021-01-05,0,0,0,0,0,0,0,,
2021onwsiat24,2021 ONWSIAT 24 (CanLII),2021-01-05,0,0,0,0,0,0,0,,
2021onwsiat25,2021 ONWSIAT 25 (CanLII),2021-01-05,0,0,0,0,0,0,0,,
2021onwsiat26,2021 ONWSIAT 26 (CanLII),2021-01-05,0,0,0,0,0,0,0,,
2021onwsiat27,2021 ONWSIAT 27 (CanLII),2021-01-05,0,0,0,0,0,0,0,,
2021onwsiat28,2021 ONWSIAT 28 (CanLII),2021-01-05,0,0,0,0,0,0,0,,
2021onwsiat29,2021 ONWSIAT 29 (CanLII),2021-01-05,0,0,0,0,0,0,0,,
2021onwsiat30,2021 ONWSIAT 30 (CanLII),2021-01-05,0,0,0,0,0,0,0,,
2021onwsiat31,2021 ONWSIAT 31 (CanLII),2021-01-05,0,0,0,0,0,0,0,,
2021onwsiat32,2021 ONWSIAT 32 (CanLII),2021-01-05,0,0,0,0,0,0,0,,
2021onwsiat33,2021 ONWSIAT 33 (CanLII),2021-01-05,0,0,0,0,0,0,0,,
2021onwsiat34,2021 ONWSIAT 34 (CanLII),2021-01-05,0,0,0,0,0,0,0,,
2021onwsiat35,2021 ONWSIAT 35 (CanLII),2021-01-05,0,0,0,0,0,0,0,,
2021onwsiat36,2021 ONWSIAT 36 (CanLII),2021-01-06,0,0,0,0,0,0,0,,
2021onwsiat37,2021 ONWSIAT 37 (CanLII),2021-01-06,0,0,0,0,0,0,0,,
2021onwsiat38,2021 ONWSIAT 38 (CanLII),2021-01-06,0,0,0,0,0,0,0,,
2021onwsiat39,2021 ONWSIAT 39 (CanLII),2021-01-06,0,0,0,0,0,0,0,,
2021onwsiat40,2021 ONWSIAT 40 (CanLII),2021-01-06,0,0,0,0,0,0,0,,
2021onwsiat41,2021 ONWSIAT 41 (CanLII),2021-01-06,0,0,0,0,0,0,0,,
2021onwsiat42,2021 ONWSIAT 42 (CanLII),2021-01-06,0,0,0,0,0,0,0,,
2021onwsiat43,2021 ONWSIAT 43 (CanLII),2021-01-07,0,0,0,0,0,0,0,,
2021onwsiat44,2021 ONWSIAT 44 (CanLII),2021-01-07,0,0,0,0,0,0,0,,
2021onwsiat45,2021 ONWSIAT 45 (CanLII),2021-01-07,0,0,0,0,0,0,0,,
2021onwsiat46,2021 ONWSIAT 46 (CanLII),2021-01-07,0,0,0,0,0,0,1,,
2021onwsiat47,2021 ONWSIAT 47 (CanLII),2021-01-07,0,0,0,0,0,0,0,,
2021onwsiat48,2021 ONWSIAT 48 (CanLII),2021-01-07,0,0,0,0,0,0,0,,
2021onwsiat49,2021 ONWSIAT 49 (CanLII),2021-01-07,0,0,0,0,0,0,0,,
2021onwsiat50,2021 ONWSIAT 50 (CanLII),2021-01-07,0,0,0,0,0,0,0,,
2021onwsiat51,2021 ONWSIAT 51 (CanLII),2021-01-07,0,0,0,0,0,0,0,,
2021onwsiat52,2021 ONWSIAT 52 (CanLII),2021-01-07,0,0,0,0,0,0,0,,
2021onwsiat53,2021 ONWSIAT 53 (CanLII),2021-01-08,0,0,0,0,0,0,0,,
2021onwsiat54,2021 ONWSIAT 54 (CanLII),2021-01-08,0,0,0,0,0,0,0,,
2021onwsiat55,2021 ONWSIAT 55 (CanLII),2021-01-08,0,0,0,0,0,0,0,,
2021onwsiat56,2021 ONWSIAT 56 (CanLII),2021-01-08,0,0,0,0,0,0,0,,
2021onwsiat57,2021 ONWSIAT 57 (CanLII),2021-01-08,0,0,0,0,0,0,0,,
2021onwsiat58,2021 ONWSIAT 58 (CanLII),2021-01-08,0,0,0,0,0,0,0,,
2021onwsiat59,2021 ONWSIAT 59 (CanLII),2021-01-11,0,0,0,0,0,0,0,,
2021onwsiat60,2021 ONWSIAT 60 (CanLII),2021-01-11,0,0,0,0,0,0,0,,
2021onwsiat61,2021 ONWSIAT 61 (CanLII),2021-01-11,0,0,0,0,0,0,0,,
2021onwsiat62,2021 ONWSIAT 62 (CanLII),2021-01-11,0,0,0,0,0,0,0,,
2021onwsiat63,2021 ONWSIAT 63 (CanLII),2021-01-11,0,0,0,0,0,0,0,,
2021onwsiat64,2021 ONWSIAT 64 (CanLII),2021-01-11,0,0,0,0,0,0,0,,
2021onwsiat65,2021 ONWSIAT 65 (CanLII),2021-01-11,0,0,0,0,0,0,0,,
2021onwsiat66,2021 ONWSIAT 66 (CanLII),2021-01-11,0,0,0,0,0,0,0,,
2021onwsiat67,2021 ONWSIAT 67 (CanLII),2021-01-12,0,0,0,0,0,0,0,,
2021onwsiat68,2021 ONWSIAT 68 (CanLII),2021-01-12,0,0,0,0,0,0,0,,
2021onwsiat69,2021 ONWSIAT 69 (CanLII),2021-01-12,0,0,0,0,0,0,0,,
2021onwsiat70,2021 ONWSIAT 70 (CanLII),2021-01-13,0,0,0,0,0,0,1,,
2021onwsiat71,2021 ONWSIAT 71 (CanLII),2021-01-13,0,0,0,0,0,0,0,,
2021onwsiat72,2021 ONWSIAT 72 (CanLII),2021-01-14,0,0,0,0,0,0,0,,
2021onwsiat73,2021 ONWSIAT 73 (CanLII),2021-01-14,0,0,0,0,0,0,0,,
2021onwsiat74,2021 ONWSIAT 74 (CanLII),2021-01-14,0,0,0,0,0,0,1,,
2021onwsiat75,2021 ONWSIAT 75 (CanLII),2021-01-14,0,0,0,0,0,0,0,,
2021onwsiat76,2021 ONWSIAT 76 (CanLII),2021-01-19,0,0,0,0,0,0,0,,
2021onwsiat77,2021 ONWSIAT 77 (CanLII),2021-01-14,0,0,0,0,0,0,0,,
2021onwsiat78,2021 ONWSIAT 78 (CanLII),2021-01-14,0,0,0,0,0,0,0,,
2021onwsiat79,2021 ONWSIAT 79 (CanLII),2021-01-15,0,0,0,0,0,0,0,,
2021onwsiat80,2021 ONWSIAT 80 (CanLII),2021-01-15,0,0,0,0,0,0,0,,
2021onwsiat81,2021 ONWSIAT 81 (CanLII),2021-01-15,0,0,0,0,0,0,0,,
2021onwsiat82,2021 ONWSIAT 82 (CanLII),2021-01-15,0,0,0,0,0,0,0,,
2021onwsiat83,2021 ONWSIAT 83 (CanLII),2021-01-15,0,0,0,0,0,0,0,,
2021onwsiat84,2021 ONWSIAT 84 (CanLII),2021-01-15,0,0,0,0,0,0,0,,
2021onwsiat85,2021 ONWSIAT 85 (CanLII),2021-01-15,0,0,0,0,0,0,1,,
2021onwsiat86,2021 ONWSIAT 86 (CanLII),2021-01-15,0,0,0,0,0,0,0,,
2021onwsiat87,2021 ONWSIAT 87 (CanLII),2021-01-18,0,0,0,0,0,0,0,,
2021onwsiat88,2021 ONWSIAT 88 (CanLII),2021-01-18,0,0,0,0,0,0,0,,
2021onwsiat89,2021 ONWSIAT 89 (CanLII),2021-01-18,0,0,0,0,0,0,0,,
2021onwsiat90,2021 ONWSIAT 90 (CanLII),2021-01-18,0,0,0,0,0,0,0,,
2021onwsiat91,2021 ONWSIAT 91 (CanLII),2021-01-18,0,0,0,0,0,0,0,,
2021onwsiat92,2021 ONWSIAT 92 (CanLII),2021-01-18,0,0,0,0,0,0,0,,
2021onwsiat93,2021 ONWSIAT 93 (CanLII),2021-01-18,0,0,0,0,0,0,0,,
2021onwsiat94,2021 ONWSIAT 94 (CanLII),2021-01-18,0,0,0,0,0,0,0,,
2021onwsiat95,2021 ONWSIAT 95 (CanLII),2021-01-18,0,0,0,0,0,0,0,,
2021onwsiat96,2021 ONWSIAT 96 (CanLII),2021-01-19,0,1,0,0,0,0,1,,
2021onwsiat97,2021 ONWSIAT 97 (CanLII),2021-01-19,0,0,0,0,0,0,0,,
2021onwsiat98,2021 ONWSIAT 98 (CanLII),2021-01-19,0,0,0,0,0,0,0,,
2021onwsiat99,2021 ONWSIAT 99 (CanLII),2021-01-19,0,0,0,0,0,0,0,,
2021onwsiat100,2021 ONWSIAT 100 (CanLII),2021-01-19,0,0,0,0,0,0,0,,
2021onwsiat101,2021 ONWSIAT 101 (CanLII),2021-01-19,0,0,0,0,0,0,0,,
2021onwsiat102,2021 ONWSIAT 102 (CanLII),2021-01-19,0,0,0,0,0,0,1,,
2021onwsiat103,2021 ONWSIAT 103 (CanLII),2021-01-19,0,0,0,0,0,0,0,,
2021onwsiat104,2021 ONWSIAT 104 (CanLII),2021-01-19,0,0,0,0,0,0,0,,
2021onwsiat105,2021 ONWSIAT 105 (CanLII),2021-01-19,1,0,0,0,0,0,0,,
2021onwsiat106,2021 ONWSIAT 106 (CanLII),2021-01-19,0,0,0,0,0,0,0,,
2021onwsiat107,2021 ONWSIAT 107 (CanLII),2021-01-19,0,0,0,0,0,0,0,,
2021onwsiat108,2021 ONWSIAT 108 (CanLII),2021-01-19,0,0,0,0,0,0,0,,
2021onwsiat109,2021 ONWSIAT 109 (CanLII),2021-01-19,0,0,0,0,0,0,0,,
2021onwsiat110,2021 ONWSIAT 110 (CanLII),2021-01-20,0,0,0,0,0,0,0,,
2021onwsiat111,2021 ONWSIAT 111 (CanLII),2021-01-20,0,0,0,0,0,0,0,,
2021onwsiat112,2021 ONWSIAT 112 (CanLII),2021-01-20,0,0,0,0,0,0,0,,
2021onwsiat113,2021 ONWSIAT 113 (CanLII),2021-01-20,0,0,0,0,0,0,0,,
2021onwsiat114,2021 ONWSIAT 114 (CanLII),2021-01-20,0,0,0,0,0,0,0,,
2021onwsiat115,2021 ONWSIAT 115 (CanLII),2021-01-20,0,0,0,0,0,0,0,,
2021onwsiat116,2021 ONWSIAT 116 (CanLII),2021-01-20,0,0,0,0,0,0,0,,
2021onwsiat117,2021 ONWSIAT 117 (CanLII),2021-01-20,0,0,0,0,0,0,0,,
2021onwsiat118,2021 ONWSIAT 118 (CanLII),2021-01-20,0,0,0,0,0,0,1,,
2021onwsiat119,2021 ONWSIAT 119 (CanLII),2021-01-20,0,0,0,0,0,0,0,,
2021onwsiat120,2021 ONWSIAT 120 (CanLII),2021-01-20,0,0,0,0,0,0,0,,
2021onwsiat121,2021 ONWSIAT 121 (CanLII),2021-01-20,0,0,0,0,0,0,0,,
2021onwsiat122,2021 ONWSIAT 122 (CanLII),2021-01-21,0,0,0,0,0,0,0,,
2021onwsiat123,2021 ONWSIAT 123 (CanLII),2021-01-21,0,0,0,0,0,0,0,,
2021onwsiat124,2021 ONWSIAT 124 (CanLII),2021-01-21,0,0,0,0,0,0,0,,
2021onwsiat125,2021 ONWSIAT 125 (CanLII),2021-01-21,0,0,0,0,0,0,0,,
2021onwsiat126,2021 ONWSIAT 126 (CanLII),2021-01-21,0,0,0,0,0,0,0,,
2021onwsiat127,2021 ONWSIAT 127 (CanLII),2021-01-21,0,0,0,0,0,0,0,,
2021onwsiat128,2021 ONWSIAT 128 (CanLII),2021-01-22,0,0,0,0,0,0,0,,
2021onwsiat129,2021 ONWSIAT 129 (CanLII),2021-01-22,0,0,0,0,0,0,0,,
2021onwsiat130,2021 ONWSIAT 130 (CanLII),2021-01-22,0,0,0,0,0,0,0,,
2021onwsiat131,2021 ONWSIAT 131 (CanLII),2021-01-22,0,0,0,0,0,0,0,,
2021onwsiat132,2021 ONWSIAT 132 (CanLII),2021-01-22,0,0,0,0,0,0,0,,
2021onwsiat133,2021 ONWSIAT 133 (CanLII),2021-01-22,0,0,0,0,0,0,0,,
2021onwsiat134,2021 ONWSIAT 134 (CanLII),2021-01-22,0,0,0,0,0,0,1,,
2021onwsiat135,2021 ONWSIAT 135 (CanLII),2021-01-22,0,0,0,0,0,0,0,,
2021onwsiat136,2021 ONWSIAT 136 (CanLII),2021-01-22,0,0,0,0,0,0,0,,
2021onwsiat137,2021 ONWSIAT 137 (CanLII),2021-01-25,0,0,0,0,0,0,0,,
2021onwsiat138,2021 ONWSIAT 138 (CanLII),2021-01-25,0,0,0,0,0,0,0,,
2021onwsiat139,2021 ONWSIAT 139 (CanLII),2021-01-25,0,0,0,0,0,0,0,,
2021onwsiat140,2021 ONWSIAT 140 (CanLII),2021-01-25,0,0,0,0,0,0,0,,
2021onwsiat141,2021 ONWSIAT 141 (CanLII),2021-01-25,0,0,0,0,0,0,0,,
2021onwsiat142,2021 ONWSIAT 142 (CanLII),2021-01-25,0,0,0,0,0,0,0,,
2021onwsiat143,2021 ONWSIAT 143 (CanLII),2021-01-25,0,0,0,0,0,0,0,,
2021onwsiat144,2021 ONWSIAT 144 (CanLII),2021-01-25,0,0,0,0,0,0,0,,
2021onwsiat145,2021 ONWSIAT 145 (CanLII),2021-01-26,0,0,0,0,0,0,0,,
2021onwsiat146,2021 ONWSIAT 146 (CanLII),2021-01-26,0,0,0,0,0,0,0,,
2021onwsiat147,2021 ONWSIAT 147 (CanLII),2021-01-26,0,0,0,0,0,0,0,,
2021onwsiat148,2021 ONWSIAT 148 (CanLII),2021-01-26,0,0,0,1,0,0,0,,
2021onwsiat149,2021 ONWSIAT 149 (CanLII),2021-01-26,0,0,0,0,0,0,0,,
2021onwsiat150,2021 ONWSIAT 150 (CanLII),2021-01-26,0,0,0,0,0,0,0,,
2021onwsiat151,2021 ONWSIAT 151 (CanLII),2021-01-26,0,0,0,0,0,0,0,,
2021onwsiat152,2021 ONWSIAT 152 (CanLII),2021-01-27,0,0,0,0,0,0,0,,
2021onwsiat153,2021 ONWSIAT 153 (CanLII),2021-01-27,0,0,0,0,0,0,0,,
2021onwsiat154,2021 ONWSIAT 154 (CanLII),2021-01-27,0,0,0,0,0,0,0,,
2021onwsiat155,2021 ONWSIAT 155 (CanLII),2021-01-27,0,0,0,0,0,0,0,,
2021onwsiat156,2021 ONWSIAT 156 (CanLII),2021-01-27,0,0,0,0,0,0,0,,
2021onwsiat157,2021 ONWSIAT 157 (CanLII),2021-01-27,0,0,0,0,0,0,0,,
2021onwsiat158,2021 ONWSIAT 158 (CanLII),2021-01-27,0,0,0,0,0,0,0,,
2021onwsiat159,2021 ONWSIAT 159 (CanLII),2021-01-28,0,0,0,0,0,0,0,,
2021onwsiat160,2021 ONWSIAT 160 (CanLII),2021-01-28,0,0,0,0,0,0,0,,
2021onwsiat161,2021 ONWSIAT 161 (CanLII),2021-01-28,0,0,0,0,0,0,0,,
2021onwsiat162,2021 ONWSIAT 162 (CanLII),2021-01-28,0,0,0,0,0,0,0,,
2021onwsiat163,2021 ONWSIAT 163 (CanLII),2021-01-28,0,0,0,0,0,0,0,,
2021onwsiat164,2021 ONWSIAT 164 (CanLII),2021-01-29,0,0,0,0,0,0,1,,
2021onwsiat165,2021 ONWSIAT 165 (CanLII),2021-01-29,0,0,0,0,0,0,0,,
2021onwsiat166,2021 ONWSIAT 166 (CanLII),2021-01-29,0,0,0,0,0,0,0,,
2021onwsiat167,2021 ONWSIAT 167 (CanLII),2021-01-29,0,0,0,0,0,0,0,,
2021onwsiat168,2021 ONWSIAT 168 (CanLII),2021-01-29,0,0,0,0,0,0,0,,
2021onwsiat169,2021 ONWSIAT 169 (CanLII),2021-01-29,0,0,0,0,0,0,0,,
2021onwsiat170,2021 ONWSIAT 170 (CanLII),2021-01-29,0,0,0,0,0,0,0,,
2021onwsiat171,2021 ONWSIAT 171 (CanLII),2021-01-29,0,0,0,0,0,0,0,,
2021onwsiat172,2021 ONWSIAT 172 (CanLII),2021-01-29,0,0,0,0,0,0,0,,
2021onwsiat173,2021 ONWSIAT 173 (CanLII),2021-01-29,0,0,0,0,0,0,0,,
2021onwsiat174,2021 ONWSIAT 174 (CanLII),2021-01-29,0,0,0,0,0,0,1,,
2021onwsiat175,2021 ONWSIAT 175 (CanLII),2021-02-01,0,0,0,0,0,0,0,,
2021onwsiat176,2021 ONWSIAT 176 (CanLII),2021-02-01,0,0,0,0,0,0,0,,
2021onwsiat177,2021 ONWSIAT 177 (CanLII),2021-02-01,0,0,0,0,0,0,0,,
2021onwsiat178,2021 ONWSIAT 178 (CanLII),2021-02-01,0,0,0,0,0,0,0,,
2021onwsiat179,2021 ONWSIAT 179 (CanLII),2021-02-01,0,0,0,0,0,0,0,,
2021onwsiat180,2021 ONWSIAT 180 (CanLII),2021-02-01,0,0,0,0,0,0,0,,
2021onwsiat181,2021 ONWSIAT 181 (CanLII),2021-02-02,0,0,0,0,0,0,0,,
2021onwsiat182,2021 ONWSIAT 182 (CanLII),2021-02-02,0,0,0,0,0,0,0,,
2021onwsiat183,2021 ONWSIAT 183 (CanLII),2021-02-02,0,0,0,0,0,0,0,,
2021onwsiat184,2021 ONWSIAT 184 (CanLII),2021-02-02,0,0,0,0,0,0,0,,
2021onwsiat185,2021 ONWSIAT 185 (CanLII),2021-02-02,0,0,0,0,0,0,0,,
2021onwsiat186,2021 ONWSIAT 186 (CanLII),2021-02-02,0,0,0,0,0,0,0,,
2021onwsiat187,2021 ONWSIAT 187 (CanLII),2021-02-02,0,0,0,0,0,0,0,,
2021onwsiat188,2021 ONWSIAT 188 (CanLII),2021-02-03,0,0,0,0,0,0,0,,
2021onwsiat189,2021 ONWSIAT 189 (CanLII),2021-02-03,0,0,0,0,0,0,0,,
2021onwsiat190,2021 ONWSIAT 190 (CanLII),2021-02-03,0,0,0,0,0,0,0,,
2021onwsiat191,2021 ONWSIAT 191 (CanLII),2021-02-03,0,0,0,0,0,0,0,,
2021onwsiat192,2021 ONWSIAT 192 (CanLII),2021-02-03,0,0,0,0,0,0,0,,
2021onwsiat193,2021 ONWSIAT 193 (CanLII),2021-02-03,0,0,0,0,0,0,0,,
2021onwsiat194,2021 ONWSIAT 194 (CanLII),2021-02-03,0,0,0,0,0,0,1,,
2021onwsiat195,2021 ONWSIAT 195 (CanLII),2021-02-04,0,0,0,0,0,0,0,,
2021onwsiat196,2021 ONWSIAT 196 (CanLII),2021-02-04,0,0,0,0,0,0,0,,
2021onwsiat197,2021 ONWSIAT 197 (CanLII),2021-02-05,0,0,0,0,0,0,0,,
2021onwsiat198,2021 ONWSIAT 198 (CanLII),2021-02-05,0,0,0,0,0,0,0,,
2021onwsiat199,2021 ONWSIAT 199 (CanLII),2021-02-05,0,0,0,0,0,0,0,,
2021onwsiat200,2021 ONWSIAT 200 (CanLII),2021-02-05,0,0,0,0,0,0,0,,
2021onwsiat201,2021 ONWSIAT 201 (CanLII),2021-02-05,0,0,0,0,0,0,0,,
2021onwsiat202,2021 ONWSIAT 202 (CanLII),2021-02-05,0,0,0,0,0,0,0,,
2021onwsiat203,2021 ONWSIAT 203 (CanLII),2021-02-05,0,0,0,0,0,0,0,,
2021onwsiat204,2021 ONWSIAT 204 (CanLII),2021-02-05,0,0,0,0,0,0,0,,
2021onwsiat205,2021 ONWSIAT 205 (CanLII),2021-02-08,0,0,0,0,0,0,0,,
2021onwsiat206,2021 ONWSIAT 206 (CanLII),2021-02-08,0,0,0,0,0,0,0,,
2021onwsiat207,2021 ONWSIAT 207 (CanLII),2021-02-08,0,0,0,0,0,0,0,,
2021onwsiat208,2021 ONWSIAT 208 (CanLII),2021-02-08,0,0,0,0,0,0,0,,
2021onwsiat209,2021 ONWSIAT 209 (CanLII),2021-02-08,0,0,0,0,0,0,0,,
2021onwsiat210,2021 ONWSIAT 210 (CanLII),2021-02-08,0,0,0,0,0,0,0,,
2021onwsiat211,2021 ONWSIAT 211 (CanLII),2021-02-08,0,0,0,0,0,0,0,,
2021onwsiat212,2021 ONWSIAT 212 (CanLII),2021-02-08,0,0,0,0,0,0,0,,
2021onwsiat213,2021 ONWSIAT 213 (CanLII),2021-02-08,0,0,0,0,0,0,0,,
2021onwsiat214,2021 ONWSIAT 214 (CanLII),2021-02-08,0,0,0,0,0,0,0,,
2021onwsiat215,2021 ONWSIAT 215 (CanLII),2021-02-09,0,0,0,0,0,0,0,,
2021onwsiat216,2021 ONWSIAT 216 (CanLII),2021-02-09,0,0,0,0,0,0,0,,
2021onwsiat217,2021 ONWSIAT 217 (CanLII),2021-02-09,0,0,0,0,0,0,0,,
2021onwsiat218,2021 ONWSIAT 218 (CanLII),2021-02-10,0,0,0,0,0,0,0,,
2021onwsiat219,2021 ONWSIAT 219 (CanLII),2021-02-10,0,0,0,0,0,0,1,,
2021onwsiat220,2021 ONWSIAT 220 (CanLII),2021-02-10,0,0,0,0,0,0,0,,
2021onwsiat221,2021 ONWSIAT 221 (CanLII),2021-02-10,0,0,0,0,0,0,0,,
2021onwsiat222,2021 ONWSIAT 222 (CanLII),2021-02-10,0,0,0,0,0,0,0,,
2021onwsiat223,2021 ONWSIAT 223 (CanLII),2021-02-10,0,0,0,0,0,0,0,,
2021onwsiat224,2021 ONWSIAT 224 (CanLII),2021-02-10,0,0,0,0,0,0,0,,
2021onwsiat225,2021 ONWSIAT 225 (CanLII),2021-02-11,0,0,0,0,0,0,0,,
2021onwsiat226,2021 ONWSIAT 226 (CanLII),2021-02-11,0,0,0,0,0,0,0,,
2021onwsiat227,2021 ONWSIAT 227 (CanLII),2021-02-11,0,0,0,0,0,0,0,,
2021onwsiat228,2021 ONWSIAT 228 (CanLII),2021-02-11,0,0,0,0,0,0,0,,
2021onwsiat229,2021 ONWSIAT 229 (CanLII),2021-02-11,0,0,0,0,0,0,0,,
2021onwsiat230,2021 ONWSIAT 230 (CanLII),2021-02-12,0,0,0,0,0,0,1,,
2021onwsiat231,2021 ONWSIAT 231 (CanLII),2021-02-12,0,0,0,0,0,0,0,,
2021onwsiat232,2021 ONWSIAT 232 (CanLII),2021-02-12,0,0,0,0,0,0,0,,
2021onwsiat233,2021 ONWSIAT 233 (CanLII),2021-02-12,0,0,0,0,0,0,0,,
2021onwsiat234,2021 ONWSIAT 234 (CanLII),2021-02-12,0,0,0,0,0,0,0,,
2021onwsiat235,2021 ONWSIAT 235 (CanLII),2021-02-16,0,0,0,0,0,0,0,,
2021onwsiat236,2021 ONWSIAT 236 (CanLII),2021-02-16,0,0,0,0,0,0,0,,
2021onwsiat237,2021 ONWSIAT 237 (CanLII),2021-02-16,0,0,0,0,0,0,0,,
2021onwsiat238,2021 ONWSIAT 238 (CanLII),2021-02-16,0,0,0,0,0,0,0,,
2021onwsiat239,2021 ONWSIAT 239 (CanLII),2021-02-16,0,0,0,0,0,0,0,,
2021onwsiat240,2021 ONWSIAT 240 (CanLII),2021-02-16,0,0,0,0,0,0,0,,
2021onwsiat241,2021 ONWSIAT 241 (CanLII),2021-02-16,0,0,0,0,0,0,0,,
2021onwsiat242,2021 ONWSIAT 242 (CanLII),2021-02-17,0,0,0,0,0,0,0,,
2021onwsiat243,2021 ONWSIAT 243 (CanLII),2021-02-18,0,0,0,0,0,0,0,,
2021onwsiat244,2021 ONWSIAT 244 (CanLII),2021-02-17,0,0,0,0,0,0,0,,
2021onwsiat245,2021 ONWSIAT 245 (CanLII),2021-02-17,0,0,0,0,0,0,0,,
2021onwsiat246,2021 ONWSIAT 246 (CanLII),2021-02-17,0,0,0,0,0,0,0,,
2021onwsiat247,2021 ONWSIAT 247 (CanLII),2021-02-17,0,0,0,0,0,0,0,,
2021onwsiat248,2021 ONWSIAT 248 (CanLII),2021-02-17,0,0,0,0,0,0,0,,
2021onwsiat249,2021 ONWSIAT 249 (CanLII),2021-02-17,0,0,0,0,0,0,0,,
2021onwsiat250,2021 ONWSIAT 250 (CanLII),2021-02-18,0,0,0,0,0,0,0,,
2021onwsiat251,2021 ONWSIAT 251 (CanLII),2021-02-18,0,0,0,0,0,0,0,,
2021onwsiat252,2021 ONWSIAT 252 (CanLII),2021-02-18,0,0,0,0,0,0,0,,
2021onwsiat253,2021 ONWSIAT 253 (CanLII),2021-02-18,0,0,0,0,0,0,0,,
2021onwsiat254,2021 ONWSIAT 254 (CanLII),2021-02-19,0,0,0,0,0,0,0,,
2021onwsiat255,2021 ONWSIAT 255 (CanLII),2021-02-19,0,0,0,0,0,0,0,,
2021onwsiat256,2021 ONWSIAT 256 (CanLII),2021-02-19,0,0,0,0,0,0,0,,
2021onwsiat257,2021 ONWSIAT 257 (CanLII),2021-02-19,0,0,0,0,0,0,1,,
2021onwsiat258,2021 ONWSIAT 258 (CanLII),2021-02-19,0,0,0,0,0,0,0,,
2021onwsiat259,2021 ONWSIAT 259 (CanLII),2021-02-19,0,0,0,0,0,0,0,,
2021onwsiat260,2021 ONWSIAT 260 (CanLII),2021-02-19,0,0,0,0,0,0,0,,
2021onwsiat261,2021 ONWSIAT 261 (CanLII),2021-02-22,0,0,0,0,0,0,0,,
2021onwsiat262,2021 ONWSIAT 262 (CanLII),2021-02-22,0,0,0,0,0,0,1,,
2021onwsiat263,2021 ONWSIAT 263 (CanLII),2021-02-22,0,0,0,0,0,0,0,,
2021onwsiat264,2021 ONWSIAT 264 (CanLII),2021-02-22,0,0,0,0,0,0,0,,
2021onwsiat265,2021 ONWSIAT 265 (CanLII),2021-02-22,0,0,0,0,0,0,0,,
2021onwsiat266,2021 ONWSIAT 266 (CanLII),2021-02-22,0,0,0,0,0,0,0,,
2021onwsiat267,2021 ONWSIAT 267 (CanLII),2021-02-22,0,0,0,0,0,0,0,,
2021onwsiat268,2021 ONWSIAT 268 (CanLII),2021-02-22,0,0,0,0,0,0,0,,
2021onwsiat269,2021 ONWSIAT 269 (CanLII),2021-02-22,0,0,0,0,0,0,0,,
2021onwsiat270,2021 ONWSIAT 270 (CanLII),2021-02-23,0,0,0,0,0,0,0,,
2021onwsiat271,2021 ONWSIAT 271 (CanLII),2021-02-23,0,0,0,0,0,0,0,,
2021onwsiat272,2021 ONWSIAT 272 (CanLII),2021-02-23,0,0,0,0,0,0,0,,
2021onwsiat273,2021 ONWSIAT 273 (CanLII),2021-02-23,0,0,0,0,0,0,0,,
2021onwsiat274,2021 ONWSIAT 274 (CanLII),2021-02-23,0,0,0,0,0,0,0,,
2021onwsiat275,2021 ONWSIAT 275 (CanLII),2021-02-23,0,0,0,0,0,0,0,,
2021onwsiat276,2021 ONWSIAT 276 (CanLII),2021-02-24,0,0,0,0,0,0,0,,
2021onwsiat277,2021 ONWSIAT 277 (CanLII),2021-02-24,0,0,0,0,0,0,0,,
2021onwsiat278,2021 ONWSIAT 278 (CanLII),2021-02-24,0,0,0,0,0,0,0,,
2021onwsiat279,2021 ONWSIAT 279 (CanLII),2021-02-24,0,0,0,0,0,0,0,,
2021onwsiat280,2021 ONWSIAT 280 (CanLII),2021-02-24,0,0,0,0,0,0,1,,
2021onwsiat281,2021 ONWSIAT 281 (CanLII),2021-02-24,0,0,0,0,0,0,0,,
2021onwsiat282,2021 ONWSIAT 282 (CanLII),2021-02-25,0,0,0,0,0,0,0,,
2021onwsiat283,2021 ONWSIAT 283 (CanLII),2021-02-25,0,0,0,0,0,0,0,,
2021onwsiat284,2021 ONWSIAT 284 (CanLII),2021-02-25,0,0,0,0,0,0,0,,
2021onwsiat285,2021 ONWSIAT 285 (CanLII),2021-02-25,0,0,0,0,0,0,1,,
2021onwsiat286,2021 ONWSIAT 286 (CanLII),2021-02-25,0,0,0,0,0,0,0,,
2021onwsiat287,2021 ONWSIAT 287 (CanLII),2021-02-25,0,0,0,0,0,0,0,,
2021onwsiat288,2021 ONWSIAT 288 (CanLII),2021-02-25,0,0,0,0,0,0,0,,
2021onwsiat289,2021 ONWSIAT 289 (CanLII),2021-02-25,0,0,0,0,0,0,0,,
2021onwsiat290,2021 ONWSIAT 290 (CanLII),2021-02-26,0,0,0,0,0,0,0,,
2021onwsiat291,2021 ONWSIAT 291 (CanLII),2021-02-26,0,0,0,0,0,0,1,,
2021onwsiat292,2021 ONWSIAT 292 (CanLII),2021-02-26,0,0,0,0,0,0,0,,
2021onwsiat293,2021 ONWSIAT 293 (CanLII),2021-02-26,0,0,0,0,0,0,0,,
2021onwsiat294,2021 ONWSIAT 294 (CanLII),2021-02-26,0,0,0,0,0,0,0,,
2021onwsiat295,2021 ONWSIAT 295 (CanLII),2021-02-26,0,0,0,0,0,0,1,,
2021onwsiat296,2021 ONWSIAT 296 (CanLII),2021-02-26,0,0,0,0,0,0,0,,
2021onwsiat297,2021 ONWSIAT 297 (CanLII),2021-02-26,0,0,0,0,0,0,0,,
2021onwsiat298,2021 ONWSIAT 298 (CanLII),2021-02-26,0,0,0,0,0,0,0,,
2021onwsiat299,2021 ONWSIAT 299 (CanLII),2021-02-26,0,0,0,0,0,0,0,,
2021onwsiat300,2021 ONWSIAT 300 (CanLII),2021-02-26,0,0,0,0,0,0,0,,
2021onwsiat301,2021 ONWSIAT 301 (CanLII),2021-03-01,0,0,0,0,0,0,0,,
2021onwsiat302,2021 ONWSIAT 302 (CanLII),2021-03-01,0,0,0,0,0,0,0,,
2021onwsiat303,2021 ONWSIAT 303 (CanLII),2021-03-01,0,0,0,0,0,0,1,,
2021onwsiat304,2021 ONWSIAT 304 (CanLII),2021-03-01,0,0,0,0,0,0,0,,
2021onwsiat305,2021 ONWSIAT 305 (CanLII),2021-03-01,0,0,0,0,0,0,0,,
2021onwsiat306,2021 ONWSIAT 306 (CanLII),2021-03-01,0,0,0,0,0,0,0,,
2021onwsiat307,2021 ONWSIAT 307 (CanLII),2021-03-02,0,0,0,0,0,0,0,,
2021onwsiat308,2021 ONWSIAT 308 (CanLII),2021-03-02,0,0,0,0,0,0,0,,
2021onwsiat309,2021 ONWSIAT 309 (CanLII),2021-03-02,0,0,0,0,0,0,0,,
2021onwsiat310,2021 ONWSIAT 310 (CanLII),2021-03-02,0,0,0,0,0,0,0,,
2021onwsiat311,2021 ONWSIAT 311 (CanLII),2021-03-02,0,0,0,0,0,0,0,,
2021onwsiat312,2021 ONWSIAT 312 (CanLII),2021-03-02,0,0,0,0,0,0,0,,
2021onwsiat313,2021 ONWSIAT 313 (CanLII),2021-03-02,0,0,0,0,0,0,0,,
2021onwsiat314,2021 ONWSIAT 314 (CanLII),2021-03-03,0,0,0,0,0,0,0,,
2021onwsiat315,2021 ONWSIAT 315 (CanLII),2021-03-03,0,0,0,0,0,0,0,,
2021onwsiat316,2021 ONWSIAT 316 (CanLII),2021-03-03,0,0,0,0,0,0,0,,
2021onwsiat317,2021 ONWSIAT 317 (CanLII),2021-03-03,0,0,0,0,0,0,0,,
2021onwsiat318,2021 ONWSIAT 318 (CanLII),2021-03-04,0,0,0,0,0,0,0,,
2021onwsiat319,2021 ONWSIAT 319 (CanLII),2021-03-04,0,0,0,0,0,0,0,,
2021onwsiat320,2021 ONWSIAT 320 (CanLII),2021-03-04,0,0,0,0,0,0,0,,
2021onwsiat321,2021 ONWSIAT 321 (CanLII),2021-03-04,0,0,0,0,0,0,0,,
2021onwsiat322,2021 ONWSIAT 322 (CanLII),2021-03-04,0,0,0,0,0,0,0,,
2021onwsiat323,2021 ONWSIAT 323 (CanLII),2021-03-04,0,0,0,0,0,0,0,,
2021onwsiat324,2021 ONWSIAT 324 (CanLII),2021-03-05,0,0,0,0,0,0,0,,
2021onwsiat325,2021 ONWSIAT 325 (CanLII),2021-03-05,0,0,0,0,0,0,0,,
2021onwsiat326,2021 ONWSIAT 326 (CanLII),2021-03-05,0,0,0,0,0,0,0,,
2021onwsiat327,2021 ONWSIAT 327 (CanLII),2021-03-05,0,0,0,0,0,0,0,,
2021onwsiat328,2021 ONWSIAT 328 (CanLII),2021-03-05,0,0,0,0,0,0,0,,
2021onwsiat329,2021 ONWSIAT 329 (CanLII),2021-03-05,0,0,0,0,0,0,0,,
2021onwsiat330,2021 ONWSIAT 330 (CanLII),2021-03-08,0,0,0,0,0,0,0,,
2021onwsiat331,2021 ONWSIAT 331 (CanLII),2021-03-08,0,0,0,0,0,0,0,,
2021onwsiat332,2021 ONWSIAT 332 (CanLII),2021-03-08,0,0,0,0,0,0,0,,
2021onwsiat333,2021 ONWSIAT 333 (CanLII),2021-03-08,0,0,0,0,0,0,0,,
2021onwsiat334,2021 ONWSIAT 334 (CanLII),2021-03-08,0,0,0,0,0,0,0,,
2021onwsiat335,2021 ONWSIAT 335 (CanLII),2021-03-08,0,0,0,0,0,0,0,,
2021onwsiat336,2021 ONWSIAT 336 (CanLII),2021-03-08,0,0,0,0,0,0,0,,
2021onwsiat337,2021 ONWSIAT 337 (CanLII),2021-03-08,0,0,0,0,0,0,0,,
2021onwsiat338,2021 ONWSIAT 338 (CanLII),2021-03-08,0,0,0,0,0,0,0,,
2021onwsiat339,2021 ONWSIAT 339 (CanLII),2021-03-08,0,0,0,0,0,0,0,,
2021onwsiat340,2021 ONWSIAT 340 (CanLII),2021-03-08,0,0,0,0,0,0,0,,
2021onwsiat341,2021 ONWSIAT 341 (CanLII),2021-03-08,0,0,0,0,0,0,1,,
2021onwsiat342,2021 ONWSIAT 342 (CanLII),2021-03-08,0,0,0,0,0,0,0,,
2021onwsiat343,2021 ONWSIAT 343 (CanLII),2021-03-09,0,0,0,0,0,0,0,,
2021onwsiat344,2021 ONWSIAT 344 (CanLII),2021-03-09,0,0,0,0,0,0,0,,
2021onwsiat345,2021 ONWSIAT 345 (CanLII),2021-03-09,0,0,0,0,0,0,0,,
2021onwsiat346,2021 ONWSIAT 346 (CanLII),2021-03-09,0,0,0,0,0,0,0,,
2021onwsiat347,2021 ONWSIAT 347 (CanLII),2021-03-09,0,0,0,0,0,0,0,,
2021onwsiat348,2021 ONWSIAT 348 (CanLII),2021-03-09,0,0,0,0,0,0,0,,
2021onwsiat349,2021 ONWSIAT 349 (CanLII),2021-03-09,0,0,0,0,0,0,0,,
2021onwsiat350,2021 ONWSIAT 350 (CanLII),2021-03-09,0,0,0,0,0,0,0,,
2021onwsiat351,2021 ONWSIAT 351 (CanLII),2021-03-09,0,0,0,0,0,0,0,,
2021onwsiat352,2021 ONWSIAT 352 (CanLII),2021-03-09,0,0,0,0,0,0,0,,
2021onwsiat353,2021 ONWSIAT 353 (CanLII),2021-03-09,0,0,0,0,0,0,0,,
2021onwsiat354,2021 ONWSIAT 354 (CanLII),2021-03-09,0,0,0,0,0,0,0,,
2021onwsiat355,2021 ONWSIAT 355 (CanLII),2021-03-09,0,0,0,0,0,0,0,,
2021onwsiat356,2021 ONWSIAT 356 (CanLII),2021-03-09,0,0,0,0,0,0,0,,
2021onwsiat357,2021 ONWSIAT 357 (CanLII),2021-03-10,0,0,0,0,0,0,0,,
2021onwsiat358,2021 ONWSIAT 358 (CanLII),2021-03-10,1,1,0,0,0,0,1,,
2021onwsiat359,2021 ONWSIAT 359 (CanLII),2021-03-10,0,0,0,0,0,0,0,,
2021onwsiat360,2021 ONWSIAT 360 (CanLII),2021-03-10,0,0,0,0,0,0,0,,
2021onwsiat361,2021 ONWSIAT 361 (CanLII),2021-03-10,0,0,0,0,0,0,0,,
2021onwsiat362,2021 ONWSIAT 362 (CanLII),2021-03-10,0,0,0,0,0,0,0,,
2021onwsiat363,2021 ONWSIAT 363 (CanLII),2021-03-10,0,0,0,0,0,0,0,,
2021onwsiat364,2021 ONWSIAT 364 (CanLII),2021-03-10,0,0,0,0,0,0,0,,
2021onwsiat365,2021 ONWSIAT 365 (CanLII),2021-03-11,0,0,0,0,0,0,0,,
2021onwsiat366,2021 ONWSIAT 366 (CanLII),2021-03-11,0,0,0,0,0,0,1,,
2021onwsiat367,2021 ONWSIAT 367 (CanLII),2021-03-11,0,0,0,0,0,0,1,,
2021onwsiat368,2021 ONWSIAT 368 (CanLII),2021-03-11,0,0,0,0,0,0,0,,
2021onwsiat369,2021 ONWSIAT 369 (CanLII),2021-03-11,0,0,0,0,0,0,0,,
2021onwsiat370,2021 ONWSIAT 370 (CanLII),2021-03-11,0,0,0,0,0,0,0,,
2021onwsiat371,2021 ONWSIAT 371 (CanLII),2021-03-12,0,0,0,0,0,0,0,,
2021onwsiat372,2021 ONWSIAT 372 (CanLII),2021-03-12,0,0,0,0,0,0,0,,
2021onwsiat373,2021 ONWSIAT 373 (CanLII),2021-03-12,0,0,0,0,0,0,0,,
2021onwsiat374,2021 ONWSIAT 374 (CanLII),2021-03-12,0,0,0,0,0,0,0,,
2021onwsiat375,2021 ONWSIAT 375 (CanLII),2021-03-12,0,0,0,0,0,0,0,,
2021onwsiat376,2021 ONWSIAT 376 (CanLII),2021-03-12,0,0,0,0,0,0,0,,
2021onwsiat377,2021 ONWSIAT 377 (CanLII),2021-03-12,0,0,0,0,0,0,0,,
2021onwsiat378,2021 ONWSIAT 378 (CanLII),2021-03-12,0,0,0,0,0,0,0,,
2021onwsiat379,2021 ONWSIAT 379 (CanLII),2021-03-12,0,0,0,0,0,0,0,,
2021onwsiat380,2021 ONWSIAT 380 (CanLII),2021-03-15,0,0,0,0,0,0,0,,
2021onwsiat381,2021 ONWSIAT 381 (CanLII),2021-03-15,0,0,0,0,0,0,0,,
2021onwsiat382,2021 ONWSIAT 382 (CanLII),2021-03-15,0,0,0,0,0,0,0,,
2021onwsiat383,2021 ONWSIAT 383 (CanLII),2021-03-15,0,0,0,0,0,0,0,,
2021onwsiat384,2021 ONWSIAT 384 (CanLII),2021-03-15,0,0,0,0,0,0,0,,
2021onwsiat385,2021 ONWSIAT 385 (CanLII),2021-03-15,0,0,0,0,0,0,0,,
2021onwsiat386,2021 ONWSIAT 386 (CanLII),2021-03-15,0,0,0,0,0,0,0,,
2021onwsiat387,2021 ONWSIAT 387 (CanLII),2021-03-15,0,0,0,0,0,0,0,,
2021onwsiat388,2021 ONWSIAT 388 (CanLII),2021-03-15,0,0,0,0,0,0,0,,
2021onwsiat389,2021 ONWSIAT 389 (CanLII),2021-03-16,0,0,0,0,0,0,0,,
2021onwsiat390,2021 ONWSIAT 390 (CanLII),2021-03-16,0,0,0,0,0,0,0,,
2021onwsiat391,2021 ONWSIAT 391 (CanLII),2021-03-16,0,0,0,0,0,0,0,,
2021onwsiat392,2021 ONWSIAT 392 (CanLII),2021-03-16,0,0,0,0,0,0,0,,
2021onwsiat393,2021 ONWSIAT 393 (CanLII),2021-03-16,0,0,0,0,0,0,0,,
2021onwsiat394,2021 ONWSIAT 394 (CanLII),2021-03-16,0,0,0,0,0,0,0,,
2021onwsiat395,2021 ONWSIAT 395 (CanLII),2021-03-16,0,0,0,0,0,0,0,,
2021onwsiat396,2021 ONWSIAT 396 (CanLII),2021-03-16,0,0,0,0,0,0,0,,
2021onwsiat397,2021 ONWSIAT 397 (CanLII),2021-03-16,0,0,0,0,0,0,0,,
2021onwsiat398,2021 ONWSIAT 398 (CanLII),2021-03-16,0,0,0,0,0,0,0,,
2021onwsiat399,2021 ONWSIAT 399 (CanLII),2021-03-16,0,0,0,0,0,0,0,,
2021onwsiat400,2021 ONWSIAT 400 (CanLII),2021-03-16,0,0,0,0,0,0,0,,
2021onwsiat401,2021 ONWSIAT 401 (CanLII),2021-03-16,0,0,0,0,0,0,0,,
2021onwsiat402,2021 ONWSIAT 402 (CanLII),2021-03-16,0,0,0,0,0,0,0,,
2021onwsiat403,2021 ONWSIAT 403 (CanLII),2021-03-16,0,0,0,0,0,0,0,,
2021onwsiat404,2021 ONWSIAT 404 (CanLII),2021-03-17,0,0,0,0,0,0,0,,
2021onwsiat405,2021 ONWSIAT 405 (CanLII),2021-03-17,0,0,0,0,0,0,0,,
2021onwsiat406,2021 ONWSIAT 406 (CanLII),2021-03-17,0,0,0,0,0,0,0,,
2021onwsiat407,2021 ONWSIAT 407 (CanLII),2021-03-17,0,0,0,0,0,0,0,,
2021onwsiat408,2021 ONWSIAT 408 (CanLII),2021-03-17,0,0,0,0,0,0,0,,
2021onwsiat409,2021 ONWSIAT 409 (CanLII),2021-03-17,0,0,0,0,0,0,0,,
2021onwsiat410,2021 ONWSIAT 410 (CanLII),2021-03-17,0,0,0,0,0,0,0,,
2021onwsiat411,2021 ONWSIAT 411 (CanLII),2021-03-17,0,0,0,0,0,0,0,,
2021onwsiat412,2021 ONWSIAT 412 (CanLII),2021-03-17,0,0,0,0,0,0,0,,
2021onwsiat413,2021 ONWSIAT 413 (CanLII),2021-03-17,0,0,0,0,0,0,0,,
2021onwsiat414,2021 ONWSIAT 414 (CanLII),2021-03-17,0,0,0,0,0,0,0,,
2021onwsiat415,2021 ONWSIAT 415 (CanLII),2021-03-17,0,0,0,0,0,0,0,,
2021onwsiat416,2021 ONWSIAT 416 (CanLII),2021-03-18,0,0,0,0,0,0,0,,
2021onwsiat417,2021 ONWSIAT 417 (CanLII),2021-03-18,0,0,0,0,0,0,0,,
2021onwsiat418,2021 ONWSIAT 418 (CanLII),2021-03-18,0,0,0,0,0,0,0,,
2021onwsiat419,2021 ONWSIAT 419 (CanLII),2021-03-18,0,0,0,0,0,0,0,,
2021onwsiat420,2021 ONWSIAT 420 (CanLII),2021-03-18,0,0,0,0,0,0,0,,
2021onwsiat421,2021 ONWSIAT 421 (CanLII),2021-03-18,0,0,0,0,0,0,0,,
2021onwsiat422,2021 ONWSIAT 422 (CanLII),2021-03-18,0,0,0,0,0,0,0,,
2021onwsiat423,2021 ONWSIAT 423 (CanLII),2021-03-18,0,0,0,0,0,0,0,,
2021onwsiat424,2021 ONWSIAT 424 (CanLII),2021-03-18,0,0,0,0,0,0,0,,
2021onwsiat425,2021 ONWSIAT 425 (CanLII),2021-03-18,0,0,0,0,0,0,0,,
2021onwsiat426,2021 ONWSIAT 426 (CanLII),2021-03-19,0,0,0,0,0,0,1,,
2021onwsiat427,2021 ONWSIAT 427 (CanLII),2021-03-19,0,0,0,0,0,0,0,,
2021onwsiat428,2021 ONWSIAT 428 (CanLII),2021-03-19,0,0,0,0,0,0,0,,
2021onwsiat429,2021 ONWSIAT 429 (CanLII),2021-03-19,0,0,0,0,0,0,0,,
2021onwsiat430,2021 ONWSIAT 430 (CanLII),2021-03-19,0,0,0,0,0,0,0,,
2021onwsiat431,2021 ONWSIAT 431 (CanLII),2021-03-19,0,0,0,0,0,0,0,,
2021onwsiat432,2021 ONWSIAT 432 (CanLII),2021-03-19,0,0,0,0,0,0,0,,
2021onwsiat433,2021 ONWSIAT 433 (CanLII),2021-03-19,0,0,0,0,0,0,0,,
2021onwsiat434,2021 ONWSIAT 434 (CanLII),2021-03-19,0,0,0,0,0,0,0,,
2021onwsiat435,2021 ONWSIAT 435 (CanLII),2021-03-19,0,0,0,0,0,0,0,,
2021onwsiat436,2021 ONWSIAT 436 (CanLII),2021-03-19,0,0,0,0,0,0,1,,
2021onwsiat437,2021 ONWSIAT 437 (CanLII),2021-03-19,0,0,0,0,0,0,0,,
2021onwsiat438,2021 ONWSIAT 438 (CanLII),2021-03-19,0,0,0,0,0,0,0,,
2021onwsiat439,2021 ONWSIAT 439 (CanLII),2021-03-22,0,0,0,0,0,0,0,,
2021onwsiat440,2021 ONWSIAT 440 (CanLII),2021-03-22,0,0,0,0,0,0,0,,
2021onwsiat441,2021 ONWSIAT 441 (CanLII),2021-03-22,0,0,0,0,0,0,0,,
2021onwsiat442,2021 ONWSIAT 442 (CanLII),2021-03-22,0,0,0,0,0,0,0,,
2021onwsiat443,2021 ONWSIAT 443 (CanLII),2021-03-22,0,0,0,0,0,0,0,,
2021onwsiat444,2021 ONWSIAT 444 (CanLII),2021-03-22,0,0,0,0,0,0,0,,
2021onwsiat445,2021 ONWSIAT 445 (CanLII),2021-03-22,0,0,0,0,0,0,0,,
2021onwsiat446,2021 ONWSIAT 446 (CanLII),2021-03-22,0,0,0,0,0,0,0,,
2021onwsiat447,2021 ONWSIAT 447 (CanLII),2021-03-22,0,0,0,0,0,0,0,,
2021onwsiat448,2021 ONWSIAT 448 (CanLII),2021-03-22,0,0,0,0,0,0,0,,
2021onwsiat449,2021 ONWSIAT 449 (CanLII),2021-03-22,0,0,0,0,0,0,0,,
2021onwsiat450,2021 ONWSIAT 450 (CanLII),2021-03-22,0,0,0,0,0,0,0,,
2021onwsiat451,2021 ONWSIAT 451 (CanLII),2021-03-23,0,0,0,0,0,0,0,,
2021onwsiat452,2021 ONWSIAT 452 (CanLII),2021-03-23,0,0,0,0,0,0,0,,
2021onwsiat453,2021 ONWSIAT 453 (CanLII),2021-03-23,0,0,0,0,0,0,0,,
2021onwsiat454,2021 ONWSIAT 454 (CanLII),2021-03-23,0,0,0,0,0,0,0,,
2021onwsiat455,2021 ONWSIAT 455 (CanLII),2021-03-23,0,0,0,0,0,0,0,,
2021onwsiat456,2021 ONWSIAT 456 (CanLII),2021-03-23,0,0,0,0,0,0,0,,
2021onwsiat457,2021 ONWSIAT 457 (CanLII),2021-03-23,0,0,0,0,0,0,1,,
2021onwsiat458,2021 ONWSIAT 458 (CanLII),2021-03-23,0,0,0,0,0,0,0,,
2021onwsiat459,2021 ONWSIAT 459 (CanLII),2021-03-23,0,0,0,0,0,0,0,,
2021onwsiat460,2021 ONWSIAT 460 (CanLII),2021-03-23,0,0,0,0,0,0,0,,
2021onwsiat461,2021 ONWSIAT 461 (CanLII),2021-03-24,0,0,0,0,0,0,0,,
2021onwsiat462,2021 ONWSIAT 462 (CanLII),2021-03-24,0,0,0,0,0,0,0,,
2021onwsiat463,2021 ONWSIAT 463 (CanLII),2021-03-24,0,0,0,0,0,0,0,,
2021onwsiat464,2021 ONWSIAT 464 (CanLII),2021-03-24,0,0,0,0,0,0,0,,
2021onwsiat465,2021 ONWSIAT 465 (CanLII),2021-03-24,0,0,0,0,0,0,0,,
2021onwsiat466,2021 ONWSIAT 466 (CanLII),2021-03-24,0,0,0,0,0,0,0,,
2021onwsiat467,2021 ONWSIAT 467 (CanLII),2021-03-24,0,0,0,0,0,0,0,,
2021onwsiat468,2021 ONWSIAT 468 (CanLII),2021-03-24,0,0,0,0,0,0,0,,
2021onwsiat469,2021 ONWSIAT 469 (CanLII),2021-03-24,0,0,0,0,0,0,0,,
2021onwsiat470,2021 ONWSIAT 470 (CanLII),2021-03-25,0,0,0,0,0,0,0,,
2021onwsiat471,2021 ONWSIAT 471 (CanLII),2021-03-25,0,0,0,0,0,0,0,,
2021onwsiat472,2021 ONWSIAT 472 (CanLII),2021-03-25,0,0,0,0,0,0,0,,
2021onwsiat473,2021 ONWSIAT 473 (CanLII),2021-03-25,0,0,0,0,0,0,0,,
2021onwsiat474,2021 ONWSIAT 474 (CanLII),2021-03-25,0,0,0,0,0,0,1,,
2021onwsiat475,2021 ONWSIAT 475 (CanLII),2021-03-25,0,0,0,0,0,0,0,,
2021onwsiat476,2021 ONWSIAT 476 (CanLII),2021-03-26,0,0,0,0,0,0,0,,
2021onwsiat477,2021 ONWSIAT 477 (CanLII),2021-03-26,0,0,0,0,0,0,0,,
2021onwsiat478,2021 ONWSIAT 478 (CanLII),2021-03-26,0,0,0,0,0,0,0,,
2021onwsiat479,2021 ONWSIAT 479 (CanLII),2021-03-29,0,0,0,0,0,0,0,,
2021onwsiat480,2021 ONWSIAT 480 (CanLII),2021-03-29,0,0,0,0,0,0,0,,
2021onwsiat481,2021 ONWSIAT 481 (CanLII),2021-03-29,0,0,0,0,0,0,0,,
2021onwsiat482,2021 ONWSIAT 482 (CanLII),2021-03-29,0,0,0,0,0,0,0,,
2021onwsiat483,2021 ONWSIAT 483 (CanLII),2021-03-29,0,0,0,0,0,0,0,,
2021onwsiat484,2021 ONWSIAT 484 (CanLII),2021-03-30,0,0,0,0,0,0,0,,
2021onwsiat485,2021 ONWSIAT 485 (CanLII),2021-03-30,0,0,0,0,0,0,0,,
2021onwsiat486,2021 ONWSIAT 486 (CanLII),2021-03-30,0,0,0,0,0,0,0,,
2021onwsiat487,2021 ONWSIAT 487 (CanLII),2021-03-31,0,0,0,0,0,0,0,,
2021onwsiat488,2021 ONWSIAT 488 (CanLII),2021-03-31,0,0,0,0,0,0,0,,
2021onwsiat489,2021 ONWSIAT 489 (CanLII),2021-03-31,0,0,0,0,0,0,0,,
2021onwsiat490,2021 ONWSIAT 490 (CanLII),2021-03-31,0,0,0,0,0,0,0,,
2021onwsiat491,2021 ONWSIAT 491 (CanLII),2021-03-31,0,0,0,0,0,0,0,,
2021onwsiat492,2021 ONWSIAT 492 (CanLII),2021-03-31,0,0,0,0,0,0,0,,
2021onwsiat493,2021 ONWSIAT 493 (CanLII),2021-03-31,0,0,0,0,0,0,1,,
2021onwsiat494,2021 ONWSIAT 494 (CanLII),2021-03-31,0,0,0,0,0,0,0,,
2021onwsiat495,2021 ONWSIAT 495 (CanLII),2021-04-01,0,0,0,0,0,0,1,,
2021onwsiat496,2021 ONWSIAT 496 (CanLII),2021-04-01,0,0,0,0,0,0,0,,
2021onwsiat497,2021 ONWSIAT 497 (CanLII),2021-04-01,0,0,0,0,0,0,0,,
2021onwsiat498,2021 ONWSIAT 498 (CanLII),2021-04-01,0,0,0,0,0,0,0,,
2021onwsiat499,2021 ONWSIAT 499 (CanLII),2021-04-01,0,0,0,0,0,0,0,,
2021onwsiat500,2021 ONWSIAT 500 (CanLII),2021-04-01,0,0,0,0,0,0,0,,
2021onwsiat501,2021 ONWSIAT 501 (CanLII),2021-04-01,0,0,0,0,0,0,0,,
2021onwsiat502,2021 ONWSIAT 502 (CanLII),2021-04-01,0,0,0,0,0,0,0,,
2021onwsiat503,2021 ONWSIAT 503 (CanLII),2021-04-06,0,0,0,0,0,0,0,,
2021onwsiat504,2021 ONWSIAT 504 (CanLII),2021-04-06,0,0,0,0,0,0,0,,
2021onwsiat505,2021 ONWSIAT 505 (CanLII),2021-04-06,0,0,0,0,0,0,0,,
2021onwsiat506,2021 ONWSIAT 506 (CanLII),2021-04-06,0,0,0,0,0,0,0,,
2021onwsiat507,2021 ONWSIAT 507 (CanLII),2021-04-06,0,0,0,0,0,0,0,,
2021onwsiat508,2021 ONWSIAT 508 (CanLII),2021-04-06,0,0,0,0,0,0,0,,
2021onwsiat509,2021 ONWSIAT 509 (CanLII),2021-04-06,0,0,0,0,0,0,0,,
2021onwsiat510,2021 ONWSIAT 510 (CanLII),2021-04-06,0,0,0,0,0,0,0,,
2021onwsiat511,2021 ONWSIAT 511 (CanLII),2021-04-07,0,0,0,0,0,0,0,,
2021onwsiat512,2021 ONWSIAT 512 (CanLII),2021-04-07,0,0,0,0,0,0,0,,
2021onwsiat513,2021 ONWSIAT 513 (CanLII),2021-04-07,0,0,0,0,0,0,0,,
2021onwsiat514,2021 ONWSIAT 514 (CanLII),2021-04-07,0,0,0,0,0,0,0,,
2021onwsiat515,2021 ONWSIAT 515 (CanLII),2021-04-07,0,0,0,0,0,0,0,,
2021onwsiat516,2021 ONWSIAT 516 (CanLII),2021-04-07,0,0,0,0,0,0,0,,
2021onwsiat517,2021 ONWSIAT 517 (CanLII),2021-04-07,0,0,0,0,0,0,0,,
2021onwsiat518,2021 ONWSIAT 518 (CanLII),2021-04-07,0,0,0,0,0,0,0,,
2021onwsiat519,2021 ONWSIAT 519 (CanLII),2021-04-08,0,0,0,0,0,0,0,,
2021onwsiat520,2021 ONWSIAT 520 (CanLII),2021-04-08,0,0,0,0,0,0,0,,
2021onwsiat521,2021 ONWSIAT 521 (CanLII),2021-04-08,0,0,0,0,0,0,1,,
2021onwsiat522,2021 ONWSIAT 522 (CanLII),2021-04-08,0,0,0,0,0,0,0,,
2021onwsiat523,2021 ONWSIAT 523 (CanLII),2021-04-08,0,0,0,0,0,0,0,,
2021onwsiat524,2021 ONWSIAT 524 (CanLII),2021-04-08,0,0,0,0,0,0,0,,
2021onwsiat525,2021 ONWSIAT 525 (CanLII),2021-04-09,0,0,0,0,0,0,0,,
2021onwsiat526,2021 ONWSIAT 526 (CanLII),2021-04-09,0,0,0,0,0,0,0,,
2021onwsiat527,2021 ONWSIAT 527 (CanLII),2021-04-09,0,0,0,0,0,0,0,,
2021onwsiat528,2021 ONWSIAT 528 (CanLII),2021-04-09,0,0,0,0,0,0,0,,
2021onwsiat529,2021 ONWSIAT 529 (CanLII),2021-04-09,0,0,0,0,0,0,1,,
2021onwsiat530,2021 ONWSIAT 530 (CanLII),2021-04-09,0,0,0,0,0,0,0,,
2021onwsiat531,2021 ONWSIAT 531 (CanLII),2021-04-09,0,0,0,0,0,0,0,,
2021onwsiat532,2021 ONWSIAT 532 (CanLII),2021-04-12,0,0,0,0,0,0,0,,
2021onwsiat533,2021 ONWSIAT 533 (CanLII),2021-04-12,0,0,0,0,0,0,0,,
2021onwsiat534,2021 ONWSIAT 534 (CanLII),2021-04-12,0,0,0,0,0,0,0,,
2021onwsiat535,2021 ONWSIAT 535 (CanLII),2021-04-12,0,0,0,0,0,0,0,,
2021onwsiat536,2021 ONWSIAT 536 (CanLII),2021-04-12,0,0,0,0,0,0,0,,
2021onwsiat537,2021 ONWSIAT 537 (CanLII),2021-04-12,0,0,0,0,0,0,0,,
2021onwsiat538,2021 ONWSIAT 538 (CanLII),2021-04-12,0,0,0,0,0,0,0,,
2021onwsiat539,2021 ONWSIAT 539 (CanLII),2021-04-12,0,0,0,0,0,0,0,,
2021onwsiat540,2021 ONWSIAT 540 (CanLII),2021-04-12,0,0,0,0,0,0,0,,
2021onwsiat541,2021 ONWSIAT 541 (CanLII),2021-04-12,0,0,0,0,0,0,0,,
2021onwsiat542,2021 ONWSIAT 542 (CanLII),2021-04-12,0,0,0,0,0,0,0,,
2021onwsiat543,2021 ONWSIAT 543 (CanLII),2021-04-13,0,0,0,0,0,0,0,,
2021onwsiat544,2021 ONWSIAT 544 (CanLII),2021-04-13,0,0,0,0,0,0,0,,
2021onwsiat545,2021 ONWSIAT 545 (CanLII),2021-04-13,0,0,0,0,0,0,1,,
2021onwsiat546,2021 ONWSIAT 546 (CanLII),2021-04-13,0,0,0,0,0,0,0,,
2021onwsiat547,2021 ONWSIAT 547 (CanLII),2021-04-13,0,0,0,0,0,0,1,,
2021onwsiat548,2021 ONWSIAT 548 (CanLII),2021-04-13,0,0,0,0,0,0,0,,
2021onwsiat549,2021 ONWSIAT 549 (CanLII),2021-04-13,0,0,0,0,0,0,0,,
2021onwsiat550,2021 ONWSIAT 550 (CanLII),2021-04-13,0,0,0,0,0,0,0,,
2021onwsiat551,2021 ONWSIAT 551 (CanLII),2021-04-14,0,0,0,0,0,0,0,,
2021onwsiat552,2021 ONWSIAT 552 (CanLII),2021-04-14,0,0,0,0,0,0,0,,
2021onwsiat553,2021 ONWSIAT 553 (CanLII),2021-04-14,0,0,0,0,0,0,0,,
2021onwsiat554,2021 ONWSIAT 554 (CanLII),2021-10-18,0,0,0,0,0,0,1,,
2021onwsiat555,2021 ONWSIAT 555 (CanLII),2021-04-14,0,0,0,0,0,0,0,,
2021onwsiat556,2021 ONWSIAT 556 (CanLII),2021-04-14,0,0,0,0,0,0,0,,
2021onwsiat557,2021 ONWSIAT 557 (CanLII),2021-04-14,0,0,0,0,0,0,0,,
2021onwsiat558,2021 ONWSIAT 558 (CanLII),2021-04-14,0,0,0,0,0,0,0,,
2021onwsiat559,2021 ONWSIAT 559 (CanLII),2021-04-14,0,0,0,0,0,0,0,,
2021onwsiat561,2021 ONWSIAT 561 (CanLII),2021-04-15,0,0,0,0,0,0,0,,
2021onwsiat562,2021 ONWSIAT 562 (CanLII),2021-04-15,0,0,0,0,0,0,0,,
2021onwsiat563,2021 ONWSIAT 563 (CanLII),2021-04-15,0,0,0,0,0,0,0,,
2021onwsiat564,2021 ONWSIAT 564 (CanLII),2021-04-15,0,0,0,0,0,0,0,,
2021onwsiat565,2021 ONWSIAT 565 (CanLII),2021-04-15,0,0,0,0,0,0,0,,
2021onwsiat566,2021 ONWSIAT 566 (CanLII),2021-04-15,0,0,0,0,0,0,0,,
2021onwsiat567,2021 ONWSIAT 567 (CanLII),2021-04-15,0,0,0,0,0,0,1,,
2021onwsiat568,2021 ONWSIAT 568 (CanLII),2021-04-16,0,0,0,0,0,0,0,,
2021onwsiat569,2021 ONWSIAT 569 (CanLII),2021-04-16,0,0,0,0,0,0,0,,
2021onwsiat570,2021 ONWSIAT 570 (CanLII),2021-04-16,0,0,0,0,0,0,0,,
2021onwsiat571,2021 ONWSIAT 571 (CanLII),2021-04-16,0,0,0,0,0,0,0,,
2021onwsiat572,2021 ONWSIAT 572 (CanLII),2021-04-16,0,0,0,0,0,0,0,,
2021onwsiat573,2021 ONWSIAT 573 (CanLII),2021-04-16,0,0,0,0,0,0,0,,
2021onwsiat574,2021 ONWSIAT 574 (CanLII),2021-04-16,0,0,0,0,0,0,0,,
2021onwsiat575,2021 ONWSIAT 575 (CanLII),2021-04-16,0,0,0,0,0,0,1,,
2021onwsiat576,2021 ONWSIAT 576 (CanLII),2021-04-16,0,0,0,0,0,0,0,,
2021onwsiat577,2021 ONWSIAT 577 (CanLII),2021-04-16,0,0,0,0,0,0,0,,
2021onwsiat578,2021 ONWSIAT 578 (CanLII),2021-04-16,0,0,0,0,0,0,0,,
2021onwsiat579,2021 ONWSIAT 579 (CanLII),2021-04-19,0,0,0,0,0,0,0,,
2021onwsiat580,2021 ONWSIAT 580 (CanLII),2021-04-19,0,0,0,0,0,0,0,,
2021onwsiat581,2021 ONWSIAT 581 (CanLII),2021-04-19,0,0,0,0,0,0,0,,
2021onwsiat582,2021 ONWSIAT 582 (CanLII),2021-04-19,0,0,0,0,0,0,0,,
2021onwsiat583,2021 ONWSIAT 583 (CanLII),2021-04-19,0,0,0,0,0,0,0,,
2021onwsiat584,2021 ONWSIAT 584 (CanLII),2021-04-19,0,0,0,0,0,0,0,,
2021onwsiat585,2021 ONWSIAT 585 (CanLII),2021-04-19,0,0,0,0,0,0,0,,
2021onwsiat586,2021 ONWSIAT 586 (CanLII),2021-04-19,0,0,0,0,0,0,0,,
2021onwsiat587,2021 ONWSIAT 587 (CanLII),2021-04-20,0,0,0,0,0,0,0,,
2021onwsiat588,2021 ONWSIAT 588 (CanLII),2021-04-20,0,0,0,0,0,0,0,,
2021onwsiat589,2021 ONWSIAT 589 (CanLII),2021-04-20,0,0,0,0,0,0,0,,
2021onwsiat590,2021 ONWSIAT 590 (CanLII),2021-04-20,0,0,0,0,0,0,0,,
2021onwsiat591,2021 ONWSIAT 591 (CanLII),2021-04-20,0,0,0,0,0,0,0,,
2021onwsiat592,2021 ONWSIAT 592 (CanLII),2021-04-20,0,0,0,0,0,0,0,,
2021onwsiat593,2021 ONWSIAT 593 (CanLII),2021-04-20,0,0,0,0,0,0,1,,
2021onwsiat594,2021 ONWSIAT 594 (CanLII),2021-04-20,0,0,0,0,0,0,0,,
2021onwsiat595,2021 ONWSIAT 595 (CanLII),2021-04-20,0,0,0,0,0,0,0,,
2021onwsiat597,2021 ONWSIAT 597 (CanLII),2021-04-20,0,0,0,0,0,0,0,,
2021onwsiat598,2021 ONWSIAT 598 (CanLII),2021-04-20,0,0,0,0,0,0,0,,
2021onwsiat599,2021 ONWSIAT 599 (CanLII),2021-04-21,0,0,0,0,0,0,0,,
2021onwsiat600,2021 ONWSIAT 600 (CanLII),2021-04-21,0,0,0,0,0,0,0,,
2021onwsiat601,2021 ONWSIAT 601 (CanLII),2021-04-21,0,0,0,0,0,0,0,,
2021onwsiat602,2021 ONWSIAT 602 (CanLII),2021-04-22,0,0,0,0,0,0,0,,
2021onwsiat603,2021 ONWSIAT 603 (CanLII),2021-04-22,0,0,0,0,0,0,0,,
2021onwsiat604,2021 ONWSIAT 604 (CanLII),2021-04-22,0,0,0,0,0,0,0,,
2021onwsiat605,2021 ONWSIAT 605 (CanLII),2021-04-22,0,0,0,0,0,0,0,,
2021onwsiat606,2021 ONWSIAT 606 (CanLII),2021-04-23,0,0,0,0,0,0,0,,
2021onwsiat607,2021 ONWSIAT 607 (CanLII),2021-04-23,0,0,0,0,0,0,0,,
2021onwsiat608,2021 ONWSIAT 608 (CanLII),2021-04-23,0,0,0,0,0,0,0,,
2021onwsiat609,2021 ONWSIAT 609 (CanLII),2021-04-23,0,0,0,0,0,0,0,,
2021onwsiat610,2021 ONWSIAT 610 (CanLII),2021-04-26,0,0,0,0,0,0,0,,
2021onwsiat611,2021 ONWSIAT 611 (CanLII),2021-04-26,0,0,0,0,0,0,0,,
2021onwsiat612,2021 ONWSIAT 612 (CanLII),2021-04-26,0,0,0,0,0,0,0,,
2021onwsiat613,2021 ONWSIAT 613 (CanLII),2021-04-26,0,0,0,0,0,0,0,,
2021onwsiat614,2021 ONWSIAT 614 (CanLII),2021-04-26,0,0,0,0,0,0,0,,
2021onwsiat615,2021 ONWSIAT 615 (CanLII),2021-04-26,0,0,0,0,0,0,0,,
2021onwsiat616,2021 ONWSIAT 616 (CanLII),2021-04-26,0,0,0,0,0,0,0,,
2021onwsiat617,2021 ONWSIAT 617 (CanLII),2021-04-26,0,0,0,0,0,0,0,,
2021onwsiat618,2021 ONWSIAT 618 (CanLII),2021-04-26,0,0,0,0,0,0,0,,
2021onwsiat619,2021 ONWSIAT 619 (CanLII),2021-04-26,0,0,0,0,0,0,0,,
2021onwsiat620,2021 ONWSIAT 620 (CanLII),2021-04-26,0,0,0,0,0,0,0,,
2021onwsiat621,2021 ONWSIAT 621 (CanLII),2021-04-26,0,0,0,0,0,0,0,,
2021onwsiat622,2021 ONWSIAT 622 (CanLII),2021-04-26,0,0,0,0,0,0,0,,
2021onwsiat623,2021 ONWSIAT 623 (CanLII),2021-04-27,0,0,0,0,0,0,0,,
2021onwsiat624,2021 ONWSIAT 624 (CanLII),2021-04-27,0,0,0,0,0,0,0,,
2021onwsiat625,2021 ONWSIAT 625 (CanLII),2021-04-27,0,0,0,0,0,0,0,,
2021onwsiat626,2021 ONWSIAT 626 (CanLII),2021-04-27,0,0,0,0,0,0,0,,
2021onwsiat627,2021 ONWSIAT 627 (CanLII),2021-04-27,0,0,0,0,0,0,0,,
2021onwsiat628,2021 ONWSIAT 628 (CanLII),2021-04-28,0,0,0,0,0,0,0,,
2021onwsiat629,2021 ONWSIAT 629 (CanLII),2021-04-28,0,0,0,0,0,0,0,,
2021onwsiat630,2021 ONWSIAT 630 (CanLII),2021-04-28,0,0,0,0,0,0,0,,
2021onwsiat631,2021 ONWSIAT 631 (CanLII),2021-04-28,0,0,0,0,0,0,0,,
2021onwsiat632,2021 ONWSIAT 632 (CanLII),2021-04-28,0,0,0,0,0,0,0,,
2021onwsiat633,2021 ONWSIAT 633 (CanLII),2021-04-28,0,0,0,0,0,0,1,,
2021onwsiat634,2021 ONWSIAT 634 (CanLII),2021-04-28,0,0,0,0,0,0,0,,
2021onwsiat635,2021 ONWSIAT 635 (CanLII),2021-04-29,0,0,0,0,0,0,0,,
2021onwsiat636,2021 ONWSIAT 636 (CanLII),2021-04-29,0,0,0,0,0,0,0,,
2021onwsiat637,2021 ONWSIAT 637 (CanLII),2021-04-29,0,0,0,0,0,0,0,,
2021onwsiat638,2021 ONWSIAT 638 (CanLII),2021-04-29,0,0,0,0,0,0,0,,
2021onwsiat639,2021 ONWSIAT 639 (CanLII),2021-04-29,0,0,0,0,0,0,0,,
2021onwsiat640,2021 ONWSIAT 640 (CanLII),2021-04-29,0,0,0,0,0,0,0,,
2021onwsiat641,2021 ONWSIAT 641 (CanLII),2021-04-29,0,0,0,0,0,0,0,,
2021onwsiat642,2021 ONWSIAT 642 (CanLII),2021-04-29,0,0,0,0,0,0,0,,
2021onwsiat643,2021 ONWSIAT 643 (CanLII),2021-04-29,0,0,0,0,0,0,0,,
2021onwsiat644,2021 ONWSIAT 644 (CanLII),2021-04-29,0,0,0,0,0,0,0,,
2021onwsiat645,2021 ONWSIAT 645 (CanLII),2021-04-29,0,0,0,0,0,0,0,,
2021onwsiat646,2021 ONWSIAT 646 (CanLII),2021-04-29,0,0,0,0,0,0,0,,
2021onwsiat647,2021 ONWSIAT 647 (CanLII),2021-04-30,0,0,0,0,0,0,0,,
2021onwsiat648,2021 ONWSIAT 648 (CanLII),2021-04-30,0,0,0,0,0,0,0,,
2021onwsiat649,2021 ONWSIAT 649 (CanLII),2021-04-30,0,0,0,0,0,0,0,,
2021onwsiat650,2021 ONWSIAT 650 (CanLII),2021-04-30,0,0,0,0,0,0,0,,
2021onwsiat651,2021 ONWSIAT 651 (CanLII),2021-04-30,0,0,0,0,0,0,0,,
2021onwsiat652,2021 ONWSIAT 652 (CanLII),2021-04-30,0,0,0,0,0,0,1,,
2021onwsiat653,2021 ONWSIAT 653 (CanLII),2021-04-30,0,0,0,0,0,0,0,,
2021onwsiat654,2021 ONWSIAT 654 (CanLII),2021-04-30,0,0,0,0,0,0,0,,
2021onwsiat655,2021 ONWSIAT 655 (CanLII),2021-04-30,0,0,0,0,0,0,0,,
2021onwsiat656,2021 ONWSIAT 656 (CanLII),2021-04-30,0,0,0,0,0,0,0,,
2021onwsiat657,2021 ONWSIAT 657 (CanLII),2021-05-03,0,0,0,0,0,0,0,,
2021onwsiat658,2021 ONWSIAT 658 (CanLII),2021-05-03,0,0,0,0,0,0,0,,
2021onwsiat659,2021 ONWSIAT 659 (CanLII),2021-05-03,0,0,0,0,0,0,0,,
2021onwsiat660,2021 ONWSIAT 660 (CanLII),2021-05-03,0,0,0,0,0,0,0,,
2021onwsiat661,2021 ONWSIAT 661 (CanLII),2021-05-03,0,0,0,0,0,0,0,,
2021onwsiat662,2021 ONWSIAT 662 (CanLII),2021-05-03,0,0,0,0,0,0,0,,
2021onwsiat663,2021 ONWSIAT 663 (CanLII),2021-05-03,0,0,0,0,0,0,0,,
2021onwsiat664,2021 ONWSIAT 664 (CanLII),2021-05-03,0,0,0,0,0,0,0,,
2021onwsiat665,2021 ONWSIAT 665 (CanLII),2021-05-03,0,0,0,0,0,0,0,,
2021onwsiat666,2021 ONWSIAT 666 (CanLII),2021-05-03,0,0,0,0,0,0,0,,
2021onwsiat667,2021 ONWSIAT 667 (CanLII),2021-05-03,0,0,0,0,0,0,0,,
2021onwsiat668,2021 ONWSIAT 668 (CanLII),2021-05-03,0,0,0,0,0,0,0,,
2021onwsiat669,2021 ONWSIAT 669 (CanLII),2021-05-03,0,0,0,0,0,0,0,,
2021onwsiat670,2021 ONWSIAT 670 (CanLII),2021-05-03,0,0,0,0,0,0,0,,
2021onwsiat671,2021 ONWSIAT 671 (CanLII),2021-05-03,0,0,0,0,0,0,0,,
2021onwsiat672,2021 ONWSIAT 672 (CanLII),2021-05-03,0,0,0,0,0,0,0,,
2021onwsiat673,2021 ONWSIAT 673 (CanLII),2021-05-03,0,0,0,0,0,0,1,,
2021onwsiat674,2021 ONWSIAT 674 (CanLII),2021-05-04,0,0,0,0,0,0,0,,
2021onwsiat675,2021 ONWSIAT 675 (CanLII),2021-05-04,0,0,0,0,0,0,0,,
2021onwsiat676,2021 ONWSIAT 676 (CanLII),2021-05-04,0,0,0,0,0,0,0,,
2021onwsiat677,2021 ONWSIAT 677 (CanLII),2021-05-04,0,0,0,0,0,0,0,,
2021onwsiat678,2021 ONWSIAT 678 (CanLII),2021-05-04,0,0,0,0,0,0,0,,
2021onwsiat679,2021 ONWSIAT 679 (CanLII),2021-05-05,0,0,0,0,0,0,0,,
2021onwsiat680,2021 ONWSIAT 680 (CanLII),2021-05-05,0,0,0,0,0,0,0,,
2021onwsiat681,2021 ONWSIAT 681 (CanLII),2021-05-05,0,0,0,0,0,0,0,,
2021onwsiat682,2021 ONWSIAT 682 (CanLII),2021-05-05,0,0,0,0,0,0,0,,
2021onwsiat683,2021 ONWSIAT 683 (CanLII),2021-05-05,0,0,0,0,0,0,0,,
2021onwsiat684,2021 ONWSIAT 684 (CanLII),2021-05-05,0,0,0,0,0,0,0,,
2021onwsiat685,2021 ONWSIAT 685 (CanLII),2021-05-05,0,0,0,0,0,0,0,,
2021onwsiat686,2021 ONWSIAT 686 (CanLII),2021-05-05,0,0,0,0,0,0,0,,
2021onwsiat687,2021 ONWSIAT 687 (CanLII),2021-05-05,0,0,0,0,0,0,0,,
2021onwsiat688,2021 ONWSIAT 688 (CanLII),2021-05-05,0,0,0,0,0,0,0,,
2021onwsiat689,2021 ONWSIAT 689 (CanLII),2021-05-06,0,0,0,0,0,0,0,,
2021onwsiat690,2021 ONWSIAT 690 (CanLII),2021-05-06,0,0,0,0,0,0,0,,
2021onwsiat691,2021 ONWSIAT 691 (CanLII),2021-05-06,0,0,0,0,0,0,0,,
2021onwsiat692,2021 ONWSIAT 692 (CanLII),2021-05-06,0,0,0,0,0,0,0,,
2021onwsiat693,2021 ONWSIAT 693 (CanLII),2021-05-06,0,0,0,0,0,0,0,,
2021onwsiat694,2021 ONWSIAT 694 (CanLII),2021-05-06,0,0,0,0,0,0,0,,
2021onwsiat695,2021 ONWSIAT 695 (CanLII),2021-05-06,0,0,0,0,0,0,0,,
2021onwsiat696,2021 ONWSIAT 696 (CanLII),2021-05-07,0,0,0,0,0,0,0,,
2021onwsiat697,2021 ONWSIAT 697 (CanLII),2021-05-07,0,0,0,0,0,0,0,,
2021onwsiat698,2021 ONWSIAT 698 (CanLII),2021-05-07,0,0,0,0,0,0,0,,
2021onwsiat699,2021 ONWSIAT 699 (CanLII),2021-05-07,0,0,0,0,0,0,0,,
2021onwsiat700,2021 ONWSIAT 700 (CanLII),2021-05-07,0,0,0,0,0,0,0,,
2021onwsiat701,2021 ONWSIAT 701 (CanLII),2021-05-07,0,0,0,0,0,0,0,,
2021onwsiat702,2021 ONWSIAT 702 (CanLII),2021-05-07,0,0,0,0,0,0,0,,
2021onwsiat703,2021 ONWSIAT 703 (CanLII),2021-05-07,0,0,0,0,0,0,0,,
2021onwsiat704,2021 ONWSIAT 704 (CanLII),2021-05-07,0,0,0,0,0,0,0,,
2021onwsiat705,2021 ONWSIAT 705 (CanLII),2021-05-07,0,0,0,0,0,0,0,,
2021onwsiat706,2021 ONWSIAT 706 (CanLII),2021-05-10,0,0,0,0,0,0,0,,
2021onwsiat707,2021 ONWSIAT 707 (CanLII),2021-05-10,0,0,0,0,0,0,0,,
2021onwsiat708,2021 ONWSIAT 708 (CanLII),2021-05-10,0,0,0,0,0,0,0,,
2021onwsiat709,2021 ONWSIAT 709 (CanLII),2021-05-10,0,0,0,0,0,0,1,,
2021onwsiat710,2021 ONWSIAT 710 (CanLII),2021-05-10,0,0,0,0,0,0,0,,
2021onwsiat711,2021 ONWSIAT 711 (CanLII),2021-05-10,0,0,0,0,0,0,0,,
2021onwsiat712,2021 ONWSIAT 712 (CanLII),2021-05-10,0,0,0,0,0,0,0,,
2021onwsiat713,2021 ONWSIAT 713 (CanLII),2021-05-10,0,0,0,0,0,0,0,,
2021onwsiat714,2021 ONWSIAT 714 (CanLII),2021-05-10,0,0,0,0,0,0,0,,
2021onwsiat715,2021 ONWSIAT 715 (CanLII),2021-05-11,0,0,0,0,0,0,0,,
2021onwsiat716,2021 ONWSIAT 716 (CanLII),2021-05-11,0,0,0,0,0,0,0,,
2021onwsiat717,2021 ONWSIAT 717 (CanLII),2021-05-11,0,0,0,0,0,0,0,,
2021onwsiat718,2021 ONWSIAT 718 (CanLII),2021-05-11,0,0,0,0,0,0,0,,
2021onwsiat719,2021 ONWSIAT 719 (CanLII),2021-05-11,0,0,0,0,0,0,0,,
2021onwsiat720,2021 ONWSIAT 720 (CanLII),2021-05-11,0,0,0,0,0,0,0,,
2021onwsiat721,2021 ONWSIAT 721 (CanLII),2021-05-11,0,0,0,0,0,0,0,,
2021onwsiat722,2021 ONWSIAT 722 (CanLII),2021-05-11,0,0,0,0,0,0,0,,
2021onwsiat723,2021 ONWSIAT 723 (CanLII),2021-05-12,0,0,0,0,0,0,0,,
2021onwsiat724,2021 ONWSIAT 724 (CanLII),2021-05-12,0,0,0,0,0,0,0,,
2021onwsiat725,2021 ONWSIAT 725 (CanLII),2021-05-12,0,0,0,0,0,0,0,,
2021onwsiat726,2021 ONWSIAT 726 (CanLII),2021-05-12,0,0,0,0,0,0,0,,
2021onwsiat727,2021 ONWSIAT 727 (CanLII),2021-05-12,0,0,0,0,0,0,0,,
2021onwsiat728,2021 ONWSIAT 728 (CanLII),2021-05-12,0,0,0,0,0,0,0,,
2021onwsiat729,2021 ONWSIAT 729 (CanLII),2021-05-12,0,0,0,0,0,0,0,,
2021onwsiat730,2021 ONWSIAT 730 (CanLII),2021-05-12,0,0,0,0,0,0,1,,
2021onwsiat731,2021 ONWSIAT 731 (CanLII),2021-05-12,0,0,0,0,0,0,0,,
2021onwsiat732,2021 ONWSIAT 732 (CanLII),2021-05-12,0,0,0,0,0,0,1,,
2021onwsiat733,2021 ONWSIAT 733 (CanLII),2021-05-12,0,0,0,0,0,0,0,,
2021onwsiat734,2021 ONWSIAT 734 (CanLII),2021-05-12,0,0,0,0,0,0,0,,
2021onwsiat735,2021 ONWSIAT 735 (CanLII),2021-05-12,0,0,0,0,0,0,0,,
2021onwsiat736,2021 ONWSIAT 736 (CanLII),2021-05-13,0,0,0,0,0,0,0,,
2021onwsiat737,2021 ONWSIAT 737 (CanLII),2021-05-13,0,0,0,0,0,0,0,,
2021onwsiat738,2021 ONWSIAT 738 (CanLII),2021-05-13,0,0,0,0,0,0,0,,
2021onwsiat739,2021 ONWSIAT 739 (CanLII),2021-05-13,0,0,0,0,0,0,0,,
2021onwsiat740,2021 ONWSIAT 740 (CanLII),2021-05-13,0,0,0,0,0,0,0,,
2021onwsiat741,2021 ONWSIAT 741 (CanLII),2021-05-13,0,0,0,0,0,0,0,,
2021onwsiat742,2021 ONWSIAT 742 (CanLII),2021-05-13,0,0,0,0,0,0,0,,
2021onwsiat743,2021 ONWSIAT 743 (CanLII),2021-05-13,0,0,0,0,0,0,0,,
2021onwsiat744,2021 ONWSIAT 744 (CanLII),2021-05-14,0,0,0,0,0,0,0,,
2021onwsiat745,2021 ONWSIAT 745 (CanLII),2021-05-14,0,0,0,0,0,0,0,,
2021onwsiat746,2021 ONWSIAT 746 (CanLII),2021-05-14,0,0,0,0,0,0,0,,
2021onwsiat747,2021 ONWSIAT 747 (CanLII),2021-05-14,0,0,0,0,0,0,1,,
2021onwsiat748,2021 ONWSIAT 748 (CanLII),2021-05-14,0,0,0,0,0,0,0,,
2021onwsiat749,2021 ONWSIAT 749 (CanLII),2021-05-14,0,0,0,0,0,0,0,,
2021onwsiat750,2021 ONWSIAT 750 (CanLII),2021-05-14,0,0,0,0,0,0,0,,
2021onwsiat751,2021 ONWSIAT 751 (CanLII),2021-05-14,0,0,0,0,0,0,0,,
2021onwsiat752,2021 ONWSIAT 752 (CanLII),2021-05-14,0,0,0,0,0,0,0,,
2021onwsiat753,2021 ONWSIAT 753 (CanLII),2021-05-14,0,0,0,0,0,0,0,,
2021onwsiat754,2021 ONWSIAT 754 (CanLII),2021-05-14,0,0,0,0,0,0,0,,
2021onwsiat755,2021 ONWSIAT 755 (CanLII),2021-05-14,0,0,0,0,0,0,0,,
2021onwsiat756,2021 ONWSIAT 756 (CanLII),2021-05-17,0,0,0,0,0,0,0,,
2021onwsiat757,2021 ONWSIAT 757 (CanLII),2021-05-17,0,0,0,0,0,0,0,,
2021onwsiat758,2021 ONWSIAT 758 (CanLII),2021-05-17,0,0,0,0,0,0,0,,
2021onwsiat759,2021 ONWSIAT 759 (CanLII),2021-05-17,0,0,0,0,0,0,0,,
2021onwsiat760,2021 ONWSIAT 760 (CanLII),2021-05-17,0,0,0,0,0,0,0,,
2021onwsiat761,2021 ONWSIAT 761 (CanLII),2021-05-17,0,0,0,0,0,0,0,,
2021onwsiat762,2021 ONWSIAT 762 (CanLII),2021-05-17,0,0,0,0,0,0,0,,
2021onwsiat763,2021 ONWSIAT 763 (CanLII),2021-05-17,0,0,0,0,0,0,0,,
2021onwsiat764,2021 ONWSIAT 764 (CanLII),2021-05-17,0,0,0,0,0,0,0,,
2021onwsiat765,2021 ONWSIAT 765 (CanLII),2021-05-17,0,0,0,0,0,0,0,,
2021onwsiat766,2021 ONWSIAT 766 (CanLII),2021-05-18,0,0,0,0,0,0,0,,
2021onwsiat767,2021 ONWSIAT 767 (CanLII),2021-05-18,0,0,0,0,0,0,0,,
2021onwsiat768,2021 ONWSIAT 768 (CanLII),2021-05-18,0,0,0,0,0,0,0,,
2021onwsiat769,2021 ONWSIAT 769 (CanLII),2021-05-18,0,0,0,0,0,0,0,,
2021onwsiat770,2021 ONWSIAT 770 (CanLII),2021-05-18,0,0,0,0,0,0,0,,
2021onwsiat771,2021 ONWSIAT 771 (CanLII),2021-05-18,0,0,0,0,0,0,1,,
2021onwsiat772,2021 ONWSIAT 772 (CanLII),2021-05-18,0,0,0,0,0,0,0,,
2021onwsiat773,2021 ONWSIAT 773 (CanLII),2021-05-18,0,0,0,0,0,0,0,,
2021onwsiat774,2021 ONWSIAT 774 (CanLII),2021-05-18,0,0,0,0,0,0,0,,
2021onwsiat775,2021 ONWSIAT 775 (CanLII),2021-05-18,0,0,0,0,0,0,0,,
2021onwsiat776,2021 ONWSIAT 776 (CanLII),2021-05-18,0,0,0,0,0,0,0,,
2021onwsiat777,2021 ONWSIAT 777 (CanLII),2021-05-18,0,0,0,0,0,0,0,,
2021onwsiat778,2021 ONWSIAT 778 (CanLII),2021-05-18,0,0,0,0,0,0,0,,
2021onwsiat779,2021 ONWSIAT 779 (CanLII),2021-05-19,0,0,0,0,0,0,1,,
2021onwsiat780,2021 ONWSIAT 780 (CanLII),2021-05-19,0,0,0,0,0,0,0,,
2021onwsiat781,2021 ONWSIAT 781 (CanLII),2021-05-19,0,0,0,0,0,0,0,,
2021onwsiat782,2021 ONWSIAT 782 (CanLII),2021-05-19,0,0,0,0,0,0,0,,
2021onwsiat783,2021 ONWSIAT 783 (CanLII),2021-05-19,0,0,0,0,0,0,0,,
2021onwsiat784,2021 ONWSIAT 784 (CanLII),2021-05-19,0,0,0,0,0,0,0,,
2021onwsiat785,2021 ONWSIAT 785 (CanLII),2021-05-19,0,0,0,0,0,0,0,,
2021onwsiat786,2021 ONWSIAT 786 (CanLII),2021-05-19,0,0,0,0,0,0,0,,
2021onwsiat787,2021 ONWSIAT 787 (CanLII),2021-05-20,0,0,0,0,0,0,0,,
2021onwsiat788,2021 ONWSIAT 788 (CanLII),2021-05-20,0,0,0,0,0,0,0,,
2021onwsiat789,2021 ONWSIAT 789 (CanLII),2021-05-20,0,0,0,0,0,0,0,,
2021onwsiat790,2021 ONWSIAT 790 (CanLII),2021-05-20,0,0,0,0,0,0,0,,
2021onwsiat791,2021 ONWSIAT 791 (CanLII),2021-05-20,0,0,0,0,0,0,0,,
2021onwsiat792,2021 ONWSIAT 792 (CanLII),2021-05-20,0,0,0,0,0,0,0,,
2021onwsiat793,2021 ONWSIAT 793 (CanLII),2021-05-20,0,0,0,0,0,0,0,,
2021onwsiat794,2021 ONWSIAT 794 (CanLII),2021-05-20,0,0,0,0,0,0,0,,
2021onwsiat795,2021 ONWSIAT 795 (CanLII),2021-05-20,0,0,0,0,0,0,0,,
2021onwsiat796,2021 ONWSIAT 796 (CanLII),2021-05-20,0,0,0,0,0,0,0,,
2021onwsiat797,2021 ONWSIAT 797 (CanLII),2021-05-20,0,0,0,0,0,0,0,,
2021onwsiat798,2021 ONWSIAT 798 (CanLII),2021-05-20,0,0,0,0,0,0,0,,
2021onwsiat799,2021 ONWSIAT 799 (CanLII),2021-05-20,0,0,0,0,0,0,0,,
2021onwsiat800,2021 ONWSIAT 800 (CanLII),2021-05-20,0,0,0,0,0,0,0,,
2021onwsiat801,2021 ONWSIAT 801 (CanLII),2021-05-20,0,0,0,0,0,0,0,,
2021onwsiat802,2021 ONWSIAT 802 (CanLII),2021-05-20,0,0,0,0,0,0,0,,
2021onwsiat803,2021 ONWSIAT 803 (CanLII),2021-05-20,0,0,0,0,0,0,0,,
2021onwsiat804,2021 ONWSIAT 804 (CanLII),2021-05-20,0,0,0,0,0,0,0,,
2021onwsiat805,2021 ONWSIAT 805 (CanLII),2021-05-20,0,0,0,0,0,0,0,,
2021onwsiat806,2021 ONWSIAT 806 (CanLII),2021-05-21,0,0,0,0,0,0,0,,
2021onwsiat807,2021 ONWSIAT 807 (CanLII),2021-05-21,0,0,0,0,0,0,0,,
2021onwsiat808,2021 ONWSIAT 808 (CanLII),2021-05-21,0,0,0,0,0,0,1,,
2021onwsiat809,2021 ONWSIAT 809 (CanLII),2021-05-21,0,0,0,0,0,0,0,,
2021onwsiat810,2021 ONWSIAT 810 (CanLII),2021-05-21,0,0,0,0,0,0,0,,
2021onwsiat811,2021 ONWSIAT 811 (CanLII),2021-05-21,0,0,0,0,0,0,0,,
2021onwsiat812,2021 ONWSIAT 812 (CanLII),2021-05-21,0,0,0,0,0,0,0,,
2021onwsiat813,2021 ONWSIAT 813 (CanLII),2021-05-21,0,0,0,0,0,0,0,,
2021onwsiat814,2021 ONWSIAT 814 (CanLII),2021-05-21,0,0,0,0,0,0,0,,
2021onwsiat815,2021 ONWSIAT 815 (CanLII),2021-05-21,0,0,0,0,0,0,0,,
2021onwsiat816,2021 ONWSIAT 816 (CanLII),2021-05-21,0,0,0,0,0,0,0,,
2021onwsiat817,2021 ONWSIAT 817 (CanLII),2021-05-21,0,0,0,0,0,0,0,,
2021onwsiat818,2021 ONWSIAT 818 (CanLII),2021-05-25,0,0,0,0,0,0,0,,
2021onwsiat819,2021 ONWSIAT 819 (CanLII),2021-05-25,0,0,0,0,0,0,0,,
2021onwsiat820,2021 ONWSIAT 820 (CanLII),2021-05-25,0,0,0,0,0,0,0,,
2021onwsiat821,2021 ONWSIAT 821 (CanLII),2021-05-25,0,0,0,0,0,0,0,,
2021onwsiat822,2021 ONWSIAT 822 (CanLII),2021-05-25,0,0,0,0,0,0,0,,
2021onwsiat823,2021 ONWSIAT 823 (CanLII),2021-05-25,0,0,0,0,0,0,0,,
2021onwsiat824,2021 ONWSIAT 824 (CanLII),2021-05-25,0,0,0,0,0,0,0,,
2021onwsiat825,2021 ONWSIAT 825 (CanLII),2021-05-25,0,0,0,0,0,0,0,,
2021onwsiat826,2021 ONWSIAT 826 (CanLII),2021-05-25,0,0,0,0,0,0,0,,
2021onwsiat827,2021 ONWSIAT 827 (CanLII),2021-05-25,0,0,0,0,0,0,0,,
2021onwsiat828,2021 ONWSIAT 828 (CanLII),2021-05-25,0,0,0,0,0,0,0,,
2021onwsiat829,2021 ONWSIAT 829 (CanLII),2021-05-25,0,0,0,0,0,0,0,,
2021onwsiat830,2021 ONWSIAT 830 (CanLII),2021-05-25,0,0,0,0,0,0,1,,
2021onwsiat831,2021 ONWSIAT 831 (CanLII),2021-05-26,0,0,0,0,0,0,0,,
2021onwsiat832,2021 ONWSIAT 832 (CanLII),2021-05-26,0,0,0,0,0,0,0,,
2021onwsiat833,2021 ONWSIAT 833 (CanLII),2021-05-26,0,0,0,0,0,0,0,,
2021onwsiat834,2021 ONWSIAT 834 (CanLII),2021-05-26,0,0,0,0,0,0,0,,
2021onwsiat835,2021 ONWSIAT 835 (CanLII),2021-05-26,0,0,0,0,0,0,0,,
2021onwsiat836,2021 ONWSIAT 836 (CanLII),2021-05-26,0,0,0,0,0,0,0,,
2021onwsiat837,2021 ONWSIAT 837 (CanLII),2021-05-26,0,0,0,0,0,0,0,,
2021onwsiat838,2021 ONWSIAT 838 (CanLII),2021-05-26,0,0,0,0,0,0,0,,
2021onwsiat839,2021 ONWSIAT 839 (CanLII),2021-05-26,0,0,0,0,0,0,0,,
2021onwsiat840,2021 ONWSIAT 840 (CanLII),2021-05-26,0,0,0,0,0,0,0,,
2021onwsiat841,2021 ONWSIAT 841 (CanLII),2021-05-26,0,0,0,0,0,0,0,,
2021onwsiat842,2021 ONWSIAT 842 (CanLII),2021-05-26,0,0,0,0,0,0,0,,
2021onwsiat843,2021 ONWSIAT 843 (CanLII),2021-05-26,0,0,0,0,0,0,0,,
2021onwsiat844,2021 ONWSIAT 844 (CanLII),2021-05-26,0,0,0,0,0,0,1,,
2021onwsiat845,2021 ONWSIAT 845 (CanLII),2021-05-26,0,0,0,0,0,0,0,,
2021onwsiat846,2021 ONWSIAT 846 (CanLII),2021-05-26,0,0,0,0,0,0,0,,
2021onwsiat847,2021 ONWSIAT 847 (CanLII),2021-05-26,0,0,0,0,0,0,1,,
2021onwsiat848,2021 ONWSIAT 848 (CanLII),2021-05-27,1,0,0,0,0,0,0,,
2021onwsiat849,2021 ONWSIAT 849 (CanLII),2021-05-27,0,0,0,0,0,0,0,,
2021onwsiat850,2021 ONWSIAT 850 (CanLII),2021-05-27,0,0,0,0,0,0,0,,
2021onwsiat851,2021 ONWSIAT 851 (CanLII),2021-05-27,0,0,0,0,0,0,0,,
2021onwsiat852,2021 ONWSIAT 852 (CanLII),2021-05-28,0,0,0,0,0,0,0,,
2021onwsiat853,2021 ONWSIAT 853 (CanLII),2021-05-28,0,0,0,0,0,0,0,,
2021onwsiat854,2021 ONWSIAT 854 (CanLII),2021-05-28,0,0,0,0,0,0,0,,
2021onwsiat855,2021 ONWSIAT 855 (CanLII),2021-05-28,0,0,0,0,0,0,0,,
2021onwsiat856,2021 ONWSIAT 856 (CanLII),2021-05-28,0,0,0,0,0,0,0,,
2021onwsiat857,2021 ONWSIAT 857 (CanLII),2021-05-28,0,0,0,0,0,0,0,,
2021onwsiat858,2021 ONWSIAT 858 (CanLII),2021-05-28,0,0,0,0,0,0,0,,
2021onwsiat859,2021 ONWSIAT 859 (CanLII),2021-05-28,0,0,0,0,0,0,0,,
2021onwsiat860,2021 ONWSIAT 860 (CanLII),2021-05-28,0,0,0,0,0,0,0,,
2021onwsiat861,2021 ONWSIAT 861 (CanLII),2021-05-28,0,0,0,0,0,0,0,,
2021onwsiat862,2021 ONWSIAT 862 (CanLII),2021-05-28,0,0,0,0,0,0,0,,
2021onwsiat863,2021 ONWSIAT 863 (CanLII),2021-05-28,0,0,0,0,0,0,0,,
2021onwsiat864,2021 ONWSIAT 864 (CanLII),2021-05-31,0,0,0,0,0,0,0,,
2021onwsiat865,2021 ONWSIAT 865 (CanLII),2021-05-31,0,0,0,0,0,0,0,,
2021onwsiat866,2021 ONWSIAT 866 (CanLII),2021-05-31,0,0,0,0,0,0,0,,
2021onwsiat867,2021 ONWSIAT 867 (CanLII),2021-05-31,0,0,0,0,0,0,0,,
2021onwsiat868,2021 ONWSIAT 868 (CanLII),2021-05-31,0,0,0,0,0,0,0,,
2021onwsiat869,2021 ONWSIAT 869 (CanLII),2021-05-31,0,0,0,0,0,0,0,,
2021onwsiat870,2021 ONWSIAT 870 (CanLII),2021-06-01,0,0,0,0,0,0,0,,
2021onwsiat871,2021 ONWSIAT 871 (CanLII),2021-06-01,0,0,0,0,0,0,0,,
2021onwsiat872,2021 ONWSIAT 872 (CanLII),2021-06-01,0,0,0,0,0,0,0,,
2021onwsiat873,2021 ONWSIAT 873 (CanLII),2021-06-01,0,0,0,0,0,0,0,,
2021onwsiat874,2021 ONWSIAT 874 (CanLII),2021-06-01,0,0,0,0,0,0,0,,
2021onwsiat875,2021 ONWSIAT 875 (CanLII),2021-06-01,0,0,0,0,0,0,0,,
2021onwsiat876,2021 ONWSIAT 876 (CanLII),2021-06-02,0,0,0,0,0,0,0,,
2021onwsiat877,2021 ONWSIAT 877 (CanLII),2021-06-02,0,0,0,0,0,0,0,,
2021onwsiat878,2021 ONWSIAT 878 (CanLII),2021-06-02,0,0,0,0,0,0,0,,
2021onwsiat879,2021 ONWSIAT 879 (CanLII),2021-06-02,0,0,0,0,0,0,0,,
2021onwsiat880,2021 ONWSIAT 880 (CanLII),2021-06-02,0,0,0,0,0,0,0,,
2021onwsiat881,2021 ONWSIAT 881 (CanLII),2021-06-02,0,0,0,0,0,0,0,,
2021onwsiat882,2021 ONWSIAT 882 (CanLII),2021-06-02,0,0,0,0,0,0,0,,
2021onwsiat883,2021 ONWSIAT 883 (CanLII),2021-06-02,0,0,0,0,0,0,0,,
2021onwsiat884,2021 ONWSIAT 884 (CanLII),2021-06-02,0,0,0,0,0,0,0,,
2021onwsiat885,2021 ONWSIAT 885 (CanLII),2021-06-03,0,0,0,0,0,0,0,,
2021onwsiat886,2021 ONWSIAT 886 (CanLII),2021-06-03,0,0,0,0,0,0,0,,
2021onwsiat887,2021 ONWSIAT 887 (CanLII),2021-06-03,0,0,0,0,0,0,0,,
2021onwsiat888,2021 ONWSIAT 888 (CanLII),2021-06-03,0,0,0,0,0,0,0,,
2021onwsiat889,2021 ONWSIAT 889 (CanLII),2021-06-03,0,0,0,0,0,0,0,,
2021onwsiat890,2021 ONWSIAT 890 (CanLII),2021-06-03,0,0,0,0,0,0,0,,
2021onwsiat891,2021 ONWSIAT 891 (CanLII),2021-06-03,0,0,0,0,0,0,0,,
2021onwsiat892,2021 ONWSIAT 892 (CanLII),2021-06-04,0,0,0,0,0,0,0,,
2021onwsiat893,2021 ONWSIAT 893 (CanLII),2021-06-04,0,0,0,0,0,0,0,,
2021onwsiat894,2021 ONWSIAT 894 (CanLII),2021-06-04,0,0,0,0,0,0,0,,
2021onwsiat895,2021 ONWSIAT 895 (CanLII),2021-06-07,0,0,0,0,0,0,0,,
2021onwsiat896,2021 ONWSIAT 896 (CanLII),2021-06-07,0,0,0,0,0,0,0,,
2021onwsiat897,2021 ONWSIAT 897 (CanLII),2021-06-07,0,0,0,0,0,0,0,,
2021onwsiat898,2021 ONWSIAT 898 (CanLII),2021-06-07,0,0,0,0,0,0,0,,
2021onwsiat899,2021 ONWSIAT 899 (CanLII),2021-06-07,0,0,0,0,0,0,0,,
2021onwsiat900,2021 ONWSIAT 900 (CanLII),2021-06-07,0,0,0,0,0,0,0,,
2021onwsiat901,2021 ONWSIAT 901 (CanLII),2021-06-07,0,0,0,0,0,0,0,,
2021onwsiat902,2021 ONWSIAT 902 (CanLII),2021-06-08,0,0,0,0,0,0,0,,
2021onwsiat903,2021 ONWSIAT 903 (CanLII),2021-06-08,0,0,0,0,0,0,0,,
2021onwsiat904,2021 ONWSIAT 904 (CanLII),2021-06-08,0,0,0,0,0,0,0,,
2021onwsiat905,2021 ONWSIAT 905 (CanLII),2021-06-08,0,0,0,0,0,0,0,,
2021onwsiat906,2021 ONWSIAT 906 (CanLII),2021-06-08,0,0,0,0,0,0,0,,
2021onwsiat907,2021 ONWSIAT 907 (CanLII),2021-06-08,0,0,0,0,0,0,0,,
2021onwsiat908,2021 ONWSIAT 908 (CanLII),2021-06-08,0,0,0,0,0,0,0,,
2021onwsiat909,2021 ONWSIAT 909 (CanLII),2021-06-09,0,0,0,0,0,0,0,,
2021onwsiat910,2021 ONWSIAT 910 (CanLII),2021-06-09,0,0,0,0,0,0,0,,
2021onwsiat911,2021 ONWSIAT 911 (CanLII),2021-06-09,0,0,0,0,0,0,0,,
2021onwsiat912,2021 ONWSIAT 912 (CanLII),2021-06-09,0,0,0,0,0,0,0,,
2021onwsiat913,2021 ONWSIAT 913 (CanLII),2021-06-10,0,0,0,0,0,0,0,,
2021onwsiat914,2021 ONWSIAT 914 (CanLII),2021-06-10,0,0,0,0,0,0,0,,
2021onwsiat915,2021 ONWSIAT 915 (CanLII),2021-06-10,0,0,0,0,0,0,0,,
2021onwsiat916,2021 ONWSIAT 916 (CanLII),2021-06-10,0,0,0,0,0,0,0,,
2021onwsiat917,2021 ONWSIAT 917 (CanLII),2021-06-11,0,0,0,0,0,0,0,,
2021onwsiat918,2021 ONWSIAT 918 (CanLII),2021-06-11,0,0,0,0,0,0,0,,
2021onwsiat919,2021 ONWSIAT 919 (CanLII),2021-06-11,0,0,0,0,0,0,0,,
2021onwsiat920,2021 ONWSIAT 920 (CanLII),2021-06-11,0,0,0,0,0,0,0,,
2021onwsiat921,2021 ONWSIAT 921 (CanLII),2021-06-11,0,0,0,0,0,0,0,,
2021onwsiat922,2021 ONWSIAT 922 (CanLII),2021-06-11,0,0,0,0,0,0,0,,
2021onwsiat923,2021 ONWSIAT 923 (CanLII),2021-06-11,0,0,0,0,0,0,0,,
2021onwsiat924,2021 ONWSIAT 924 (CanLII),2021-06-11,0,0,0,0,0,0,0,,
2021onwsiat925,2021 ONWSIAT 925 (CanLII),2021-06-11,0,0,0,0,0,0,0,,
2021onwsiat926,2021 ONWSIAT 926 (CanLII),2021-06-11,0,0,0,0,0,0,0,,
2021onwsiat927,2021 ONWSIAT 927 (CanLII),2021-06-14,0,0,0,0,0,0,0,,
2021onwsiat928,2021 ONWSIAT 928 (CanLII),2021-06-14,0,0,0,0,0,0,0,,
2021onwsiat929,2021 ONWSIAT 929 (CanLII),2021-06-14,0,0,0,0,0,0,0,,
2021onwsiat930,2021 ONWSIAT 930 (CanLII),2021-06-14,0,0,0,0,0,0,0,,
2021onwsiat931,2021 ONWSIAT 931 (CanLII),2021-06-15,0,0,0,0,0,0,0,,
2021onwsiat932,2021 ONWSIAT 932 (CanLII),2021-06-15,0,0,0,0,0,0,0,,
2021onwsiat933,2021 ONWSIAT 933 (CanLII),2021-06-15,0,0,0,0,0,0,0,,
2021onwsiat934,2021 ONWSIAT 934 (CanLII),2021-06-15,0,0,0,0,0,0,0,,
2021onwsiat935,2021 ONWSIAT 935 (CanLII),2021-06-15,0,0,0,0,0,0,0,,
2021onwsiat936,2021 ONWSIAT 936 (CanLII),2021-06-15,0,0,0,0,0,0,0,,
2021onwsiat937,2021 ONWSIAT 937 (CanLII),2021-06-15,0,0,0,0,0,0,0,,
2021onwsiat938,2021 ONWSIAT 938 (CanLII),2021-06-15,0,0,0,0,0,0,0,,
2021onwsiat939,2021 ONWSIAT 939 (CanLII),2021-06-15,0,0,0,0,0,0,0,,
2021onwsiat940,2021 ONWSIAT 940 (CanLII),2021-06-15,0,0,0,0,0,0,1,,
2021onwsiat941,2021 ONWSIAT 941 (CanLII),2021-06-15,0,0,0,0,0,0,0,,
2021onwsiat942,2021 ONWSIAT 942 (CanLII),2021-06-15,0,0,0,0,0,0,0,,
2021onwsiat943,2021 ONWSIAT 943 (CanLII),2021-06-16,0,0,0,0,0,0,0,,
2021onwsiat944,2021 ONWSIAT 944 (CanLII),2021-06-16,0,0,0,0,0,0,0,,
2021onwsiat945,2021 ONWSIAT 945 (CanLII),2021-06-16,0,0,0,0,0,0,0,,
2021onwsiat946,2021 ONWSIAT 946 (CanLII),2021-06-16,0,0,0,0,0,0,0,,
2021onwsiat947,2021 ONWSIAT 947 (CanLII),2021-06-16,0,0,0,0,0,0,0,,
2021onwsiat948,2021 ONWSIAT 948 (CanLII),2021-06-16,0,0,0,0,0,0,0,,
2021onwsiat949,2021 ONWSIAT 949 (CanLII),2021-06-16,0,0,0,0,0,0,0,,
2021onwsiat950,2021 ONWSIAT 950 (CanLII),2021-06-16,0,0,0,0,0,0,0,,
2021onwsiat951,2021 ONWSIAT 951 (CanLII),2021-06-16,0,0,0,0,0,0,0,,
2021onwsiat952,2021 ONWSIAT 952 (CanLII),2021-06-16,0,0,0,0,0,0,0,,
2021onwsiat953,2021 ONWSIAT 953 (CanLII),2021-06-16,0,0,0,0,0,0,0,,
2021onwsiat954,2021 ONWSIAT 954 (CanLII),2021-06-16,0,0,0,0,0,0,0,,
2021onwsiat955,2021 ONWSIAT 955 (CanLII),2021-06-16,0,0,0,0,0,0,0,,
2021onwsiat956,2021 ONWSIAT 956 (CanLII),2021-06-16,0,0,0,0,0,0,0,,
2021onwsiat957,2021 ONWSIAT 957 (CanLII),2021-06-17,0,0,0,0,0,0,0,,
2021onwsiat958,2021 ONWSIAT 958 (CanLII),2021-06-17,0,0,0,0,0,0,0,,
2021onwsiat959,2021 ONWSIAT 959 (CanLII),2021-06-17,0,0,0,0,0,0,0,,
2021onwsiat960,2021 ONWSIAT 960 (CanLII),2021-06-17,0,0,0,0,0,0,0,,
2021onwsiat961,2021 ONWSIAT 961 (CanLII),2021-06-17,0,0,0,0,0,0,0,,
2021onwsiat962,2021 ONWSIAT 962 (CanLII),2021-06-17,0,0,0,0,0,0,0,,
2021onwsiat963,2021 ONWSIAT 963 (CanLII),2021-06-17,0,0,0,0,0,0,0,,
2021onwsiat964,2021 ONWSIAT 964 (CanLII),2021-06-17,0,0,0,0,0,0,0,,
2021onwsiat965,2021 ONWSIAT 965 (CanLII),2021-06-17,0,0,0,0,0,0,0,,
2021onwsiat966,2021 ONWSIAT 966 (CanLII),2021-06-17,0,0,0,0,0,0,1,,
2021onwsiat967,2021 ONWSIAT 967 (CanLII),2021-06-17,0,0,0,0,0,0,0,,
2021onwsiat968,2021 ONWSIAT 968 (CanLII),2021-06-17,0,0,0,0,0,0,0,,
2021onwsiat969,2021 ONWSIAT 969 (CanLII),2021-06-18,0,0,0,0,0,0,0,,
2021onwsiat970,2021 ONWSIAT 970 (CanLII),2021-06-18,0,0,0,0,0,0,0,,
2021onwsiat971,2021 ONWSIAT 971 (CanLII),2021-06-21,0,0,0,0,0,0,0,,
2021onwsiat972,2021 ONWSIAT 972 (CanLII),2021-06-21,0,0,0,0,0,0,0,,
2021onwsiat973,2021 ONWSIAT 973 (CanLII),2021-06-21,0,0,0,0,0,0,1,,
2021onwsiat974,2021 ONWSIAT 974 (CanLII),2021-06-21,0,0,0,0,0,0,0,,
2021onwsiat975,2021 ONWSIAT 975 (CanLII),2021-06-21,0,0,0,0,0,0,0,,
2021onwsiat976,2021 ONWSIAT 976 (CanLII),2021-06-21,0,0,0,0,0,0,0,,
2021onwsiat977,2021 ONWSIAT 977 (CanLII),2021-06-21,0,0,0,0,0,0,0,,
2021onwsiat978,2021 ONWSIAT 978 (CanLII),2021-06-21,0,0,0,0,0,0,1,,
2021onwsiat979,2021 ONWSIAT 979 (CanLII),2021-06-21,0,0,0,0,0,0,0,,
2021onwsiat980,2021 ONWSIAT 980 (CanLII),2021-06-21,0,0,0,0,0,0,0,,
2021onwsiat981,2021 ONWSIAT 981 (CanLII),2021-06-21,0,0,0,0,0,0,1,,
2021onwsiat982,2021 ONWSIAT 982 (CanLII),2021-06-21,0,0,0,0,0,0,0,,
2021onwsiat983,2021 ONWSIAT 983 (CanLII),2021-06-21,0,0,0,0,0,0,0,,
2021onwsiat984,2021 ONWSIAT 984 (CanLII),2021-06-21,0,0,0,0,0,0,0,,
2021onwsiat985,2021 ONWSIAT 985 (CanLII),2021-06-21,0,0,0,0,0,0,0,,
2021onwsiat986,2021 ONWSIAT 986 (CanLII),2021-06-21,0,0,0,0,0,0,0,,
2021onwsiat987,2021 ONWSIAT 987 (CanLII),2021-06-22,0,0,0,0,0,0,0,,
2021onwsiat988,2021 ONWSIAT 988 (CanLII),2021-06-22,0,0,0,0,0,0,0,,
2021onwsiat989,2021 ONWSIAT 989 (CanLII),2021-06-22,0,0,0,0,0,0,0,,
2021onwsiat990,2021 ONWSIAT 990 (CanLII),2021-06-22,0,0,0,0,0,0,0,,
2021onwsiat991,2021 ONWSIAT 991 (CanLII),2021-06-22,0,0,0,0,0,0,0,,
2021onwsiat992,2021 ONWSIAT 992 (CanLII),2021-06-22,0,0,0,0,0,0,0,,
2021onwsiat993,2021 ONWSIAT 993 (CanLII),2021-06-22,0,0,0,0,0,0,0,,
2021onwsiat994,2021 ONWSIAT 994 (CanLII),2021-06-22,0,0,0,0,0,0,0,,
2021onwsiat995,2021 ONWSIAT 995 (CanLII),2021-06-22,1,0,0,0,0,0,0,,
2021onwsiat996,2021 ONWSIAT 996 (CanLII),2021-06-22,0,0,0,0,0,0,0,,
2021onwsiat997,2021 ONWSIAT 997 (CanLII),2021-06-22,0,0,0,0,0,0,0,,
2021onwsiat998,2021 ONWSIAT 998 (CanLII),2021-06-22,0,0,0,0,0,0,0,,
2021onwsiat999,2021 ONWSIAT 999 (CanLII),2021-06-23,0,0,0,0,0,0,0,,
2021onwsiat1000,2021 ONWSIAT 1000 (CanLII),2021-06-23,0,0,0,0,0,0,0,,
2021onwsiat1001,2021 ONWSIAT 1001 (CanLII),2021-06-23,0,0,0,0,0,0,0,,
2021onwsiat1002,2021 ONWSIAT 1002 (CanLII),2021-06-23,0,0,0,0,0,0,0,,
2021onwsiat1003,2021 ONWSIAT 1003 (CanLII),2021-06-23,0,0,0,0,0,0,0,,
2021onwsiat1004,2021 ONWSIAT 1004 (CanLII),2021-06-23,0,0,0,0,0,0,0,,
2021onwsiat1005,2021 ONWSIAT 1005 (CanLII),2021-06-23,0,0,0,0,0,0,1,,
2021onwsiat1006,2021 ONWSIAT 1006 (CanLII),2021-06-23,0,0,0,0,0,0,0,,
2021onwsiat1007,2021 ONWSIAT 1007 (CanLII),2021-06-23,0,0,0,0,0,0,1,,
2021onwsiat1008,2021 ONWSIAT 1008 (CanLII),2021-06-24,0,0,0,0,0,0,0,,
2021onwsiat1009,2021 ONWSIAT 1009 (CanLII),2021-06-24,0,0,0,0,0,0,0,,
2021onwsiat1010,2021 ONWSIAT 1010 (CanLII),2021-06-24,0,0,0,0,0,0,0,,
2021onwsiat1011,2021 ONWSIAT 1011 (CanLII),2021-06-24,0,0,0,0,0,0,0,,
2021onwsiat1012,2021 ONWSIAT 1012 (CanLII),2021-06-24,0,0,0,0,0,0,0,,
2021onwsiat1013,2021 ONWSIAT 1013 (CanLII),2021-06-24,0,0,0,0,0,0,0,,
2021onwsiat1014,2021 ONWSIAT 1014 (CanLII),2021-06-24,0,0,0,0,0,0,0,,
2021onwsiat1015,2021 ONWSIAT 1015 (CanLII),2021-06-24,0,0,0,0,0,0,0,,
2021onwsiat1016,2021 ONWSIAT 1016 (CanLII),2021-06-24,0,0,0,0,0,0,0,,
2021onwsiat1017,2021 ONWSIAT 1017 (CanLII),2021-06-24,0,0,0,0,0,0,0,,
2021onwsiat1018,2021 ONWSIAT 1018 (CanLII),2021-06-24,0,0,0,0,0,0,0,,
2021onwsiat1019,2021 ONWSIAT 1019 (CanLII),2021-06-24,0,0,0,0,0,0,0,,
2021onwsiat1020,2021 ONWSIAT 1020 (CanLII),2021-06-24,0,0,0,0,0,0,0,,
2021onwsiat1021,2021 ONWSIAT 1021 (CanLII),2021-06-24,0,0,0,0,0,0,0,,
2021onwsiat1022,2021 ONWSIAT 1022 (CanLII),2021-06-25,0,0,0,0,0,0,0,,
2021onwsiat1023,2021 ONWSIAT 1023 (CanLII),2021-06-25,0,0,0,0,0,0,0,,
2021onwsiat1024,2021 ONWSIAT 1024 (CanLII),2021-06-25,0,0,0,0,0,0,0,,
2021onwsiat1025,2021 ONWSIAT 1025 (CanLII),2021-06-28,0,0,0,0,0,0,1,,
2021onwsiat1026,2021 ONWSIAT 1026 (CanLII),2021-06-28,0,0,0,0,0,0,1,,
2021onwsiat1027,2021 ONWSIAT 1027 (CanLII),2021-06-28,0,0,0,0,0,0,0,,
2021onwsiat1028,2021 ONWSIAT 1028 (CanLII),2021-06-28,0,0,0,0,0,0,0,,
2021onwsiat1029,2021 ONWSIAT 1029 (CanLII),2021-06-28,0,0,0,0,0,0,0,,
2021onwsiat1030,2021 ONWSIAT 1030 (CanLII),2021-06-28,0,0,0,0,0,0,0,,
2021onwsiat1031,2021 ONWSIAT 1031 (CanLII),2021-06-28,0,0,0,0,0,0,0,,
2021onwsiat1032,2021 ONWSIAT 1032 (CanLII),2021-06-28,0,0,0,0,0,0,0,,
2021onwsiat1033,2021 ONWSIAT 1033 (CanLII),2021-06-29,0,0,0,0,0,0,0,,
2021onwsiat1034,2021 ONWSIAT 1034 (CanLII),2021-06-29,0,0,0,0,0,0,0,,
2021onwsiat1035,2021 ONWSIAT 1035 (CanLII),2021-06-29,0,0,0,0,0,0,0,,
2021onwsiat1036,2021 ONWSIAT 1036 (CanLII),2021-06-29,0,0,0,0,0,0,0,,
2021onwsiat1037,2021 ONWSIAT 1037 (CanLII),2021-06-29,0,0,0,0,0,0,0,,
2021onwsiat1038,2021 ONWSIAT 1038 (CanLII),2021-06-29,0,0,0,0,0,0,0,,
2021onwsiat1039,2021 ONWSIAT 1039 (CanLII),2021-06-29,0,0,0,0,0,0,0,,
2021onwsiat1040,2021 ONWSIAT 1040 (CanLII),2021-06-29,0,0,0,0,0,0,0,,
2021onwsiat1041,2021 ONWSIAT 1041 (CanLII),2021-06-29,0,0,0,0,0,0,0,,
2021onwsiat1042,2021 ONWSIAT 1042 (CanLII),2021-06-29,1,0,0,0,0,0,0,,
2021onwsiat1043,2021 ONWSIAT 1043 (CanLII),2021-06-30,0,0,0,0,0,0,0,,
2021onwsiat1044,2021 ONWSIAT 1044 (CanLII),2021-06-30,0,0,0,0,0,0,0,,
2021onwsiat1045,2021 ONWSIAT 1045 (CanLII),2021-06-30,0,0,0,0,0,0,0,,
2021onwsiat1046,2021 ONWSIAT 1046 (CanLII),2021-06-30,0,0,0,0,0,0,0,,
2021onwsiat1047,2021 ONWSIAT 1047 (CanLII),2021-06-30,0,0,0,0,0,0,1,,
2021onwsiat1048,2021 ONWSIAT 1048 (CanLII),2021-06-30,0,0,0,0,0,0,0,,
2021onwsiat1049,2021 ONWSIAT 1049 (CanLII),2021-06-30,0,0,0,0,0,0,0,,
2021onwsiat1050,2021 ONWSIAT 1050 (CanLII),2021-07-02,0,0,0,0,0,0,0,,
2021onwsiat1051,2021 ONWSIAT 1051 (CanLII),2021-07-02,0,0,0,0,0,0,0,,
2021onwsiat1052,2021 ONWSIAT 1052 (CanLII),2021-07-02,0,0,0,0,0,0,1,,
2021onwsiat1053,2021 ONWSIAT 1053 (CanLII),2021-07-02,0,0,0,0,0,0,0,,
2021onwsiat1054,2021 ONWSIAT 1054 (CanLII),2021-07-02,0,0,0,0,0,0,0,,
2021onwsiat1055,2021 ONWSIAT 1055 (CanLII),2021-07-02,0,0,0,0,0,0,0,,
2021onwsiat1056,2021 ONWSIAT 1056 (CanLII),2021-07-02,0,0,0,0,0,0,0,,
2021onwsiat1057,2021 ONWSIAT 1057 (CanLII),2021-07-02,0,0,0,0,0,0,0,,
2021onwsiat1058,2021 ONWSIAT 1058 (CanLII),2021-07-05,0,0,0,0,0,0,0,,
2021onwsiat1059,2021 ONWSIAT 1059 (CanLII),2021-07-02,0,0,0,0,0,0,0,,
2021onwsiat1060,2021 ONWSIAT 1060 (CanLII),2021-07-05,0,0,0,0,0,0,0,,
2021onwsiat1061,2021 ONWSIAT 1061 (CanLII),2021-07-05,0,0,0,0,0,0,0,,
2021onwsiat1062,2021 ONWSIAT 1062 (CanLII),2021-07-05,0,0,0,0,0,0,0,,
2021onwsiat1063,2021 ONWSIAT 1063 (CanLII),2021-07-05,0,0,0,0,0,0,0,,
2021onwsiat1064,2021 ONWSIAT 1064 (CanLII),2021-07-06,0,0,0,0,0,0,0,,
2021onwsiat1065,2021 ONWSIAT 1065 (CanLII),2021-07-06,0,0,0,0,0,0,0,,
2021onwsiat1066,2021 ONWSIAT 1066 (CanLII),2021-07-06,0,0,0,0,0,0,0,,
2021onwsiat1067,2021 ONWSIAT 1067 (CanLII),2021-07-06,0,0,0,0,0,0,0,,
2021onwsiat1068,2021 ONWSIAT 1068 (CanLII),2021-07-06,0,0,0,0,0,0,0,,
2021onwsiat1069,2021 ONWSIAT 1069 (CanLII),2021-07-06,0,0,0,0,0,0,0,,
2021onwsiat1070,2021 ONWSIAT 1070 (CanLII),2021-07-07,0,0,0,0,0,0,0,,
2021onwsiat1071,2021 ONWSIAT 1071 (CanLII),2021-07-07,0,0,0,0,0,0,0,,
2021onwsiat1072,2021 ONWSIAT 1072 (CanLII),2021-07-07,0,0,0,0,0,0,0,,
2021onwsiat1073,2021 ONWSIAT 1073 (CanLII),2021-07-07,0,0,0,0,0,0,0,,
2021onwsiat1074,2021 ONWSIAT 1074 (CanLII),2021-07-07,0,0,0,0,0,0,0,,
2021onwsiat1075,2021 ONWSIAT 1075 (CanLII),2021-07-07,0,0,0,0,0,0,0,,
2021onwsiat1076,2021 ONWSIAT 1076 (CanLII),2021-07-07,0,0,0,0,0,0,0,,
2021onwsiat1077,2021 ONWSIAT 1077 (CanLII),2021-07-08,0,0,0,0,0,0,0,,
2021onwsiat1078,2021 ONWSIAT 1078 (CanLII),2021-07-08,0,0,0,0,0,0,0,,
2021onwsiat1079,2021 ONWSIAT 1079 (CanLII),2021-07-08,0,0,0,0,0,0,0,,
2021onwsiat1080,2021 ONWSIAT 1080 (CanLII),2021-07-08,0,0,0,0,0,0,0,,
2021onwsiat1081,2021 ONWSIAT 1081 (CanLII),2021-07-08,0,0,0,0,0,0,0,,
2021onwsiat1082,2021 ONWSIAT 1082 (CanLII),2021-07-08,0,0,0,0,0,0,0,,
2021onwsiat1083,2021 ONWSIAT 1083 (CanLII),2021-07-08,0,0,0,0,0,0,0,,
2021onwsiat1084,2021 ONWSIAT 1084 (CanLII),2021-07-08,0,0,0,0,0,0,0,,
2021onwsiat1085,2021 ONWSIAT 1085 (CanLII),2021-07-08,0,0,0,0,0,0,0,,
2021onwsiat1086,2021 ONWSIAT 1086 (CanLII),2021-07-08,0,0,0,0,0,0,0,,
2021onwsiat1087,2021 ONWSIAT 1087 (CanLII),2021-07-08,0,0,0,0,0,0,0,,
2021onwsiat1088,2021 ONWSIAT 1088 (CanLII),2021-07-09,0,0,0,0,0,0,0,,
2021onwsiat1089,2021 ONWSIAT 1089 (CanLII),2021-07-09,0,0,0,0,0,0,0,,
2021onwsiat1090,2021 ONWSIAT 1090 (CanLII),2021-07-09,0,0,0,0,0,0,0,,
2021onwsiat1091,2021 ONWSIAT 1091 (CanLII),2021-07-12,0,0,0,0,0,0,0,,
2021onwsiat1092,2021 ONWSIAT 1092 (CanLII),2021-07-12,0,0,0,0,0,0,0,,
2021onwsiat1093,2021 ONWSIAT 1093 (CanLII),2021-07-12,0,0,0,0,0,0,0,,
2021onwsiat1094,2021 ONWSIAT 1094 (CanLII),2021-07-12,0,1,0,0,0,0,1,,
2021onwsiat1095,2021 ONWSIAT 1095 (CanLII),2021-07-12,0,0,0,0,0,0,0,,
2021onwsiat1096,2021 ONWSIAT 1096 (CanLII),2021-07-12,0,0,0,0,0,0,0,,
2021onwsiat1097,2021 ONWSIAT 1097 (CanLII),2021-07-12,0,0,0,0,0,0,0,,
2021onwsiat1098,2021 ONWSIAT 1098 (CanLII),2021-07-12,0,0,0,0,0,0,0,,
2021onwsiat1099,2021 ONWSIAT 1099 (CanLII),2021-07-12,0,0,0,0,0,0,0,,
2021onwsiat1100,2021 ONWSIAT 1100 (CanLII),2021-07-12,0,0,0,0,0,0,0,,
2021onwsiat1101,2021 ONWSIAT 1101 (CanLII),2021-07-12,0,0,0,0,0,0,0,,
2021onwsiat1102,2021 ONWSIAT 1102 (CanLII),2021-07-12,0,0,0,0,0,0,0,,
2021onwsiat1103,2021 ONWSIAT 1103 (CanLII),2021-07-13,0,0,0,0,0,0,0,,
2021onwsiat1104,2021 ONWSIAT 1104 (CanLII),2021-07-13,0,0,0,0,0,0,0,,
2021onwsiat1105,2021 ONWSIAT 1105 (CanLII),2021-07-13,0,0,0,0,0,0,0,,
2021onwsiat1106,2021 ONWSIAT 1106 (CanLII),2021-07-13,0,0,0,0,0,0,0,,
2021onwsiat1107,2021 ONWSIAT 1107 (CanLII),2021-07-13,0,0,0,0,0,0,0,,
2021onwsiat1108,2021 ONWSIAT 1108 (CanLII),2021-07-13,0,0,0,0,0,0,0,,
2021onwsiat1109,2021 ONWSIAT 1109 (CanLII),2021-07-14,0,0,0,0,0,0,0,,
2021onwsiat1110,2021 ONWSIAT 1110 (CanLII),2021-07-14,0,0,0,0,0,0,0,,
2021onwsiat1111,2021 ONWSIAT 1111 (CanLII),2021-07-14,0,0,0,0,0,0,0,,
2021onwsiat1112,2021 ONWSIAT 1112 (CanLII),2021-07-14,0,0,0,0,0,0,0,,
2021onwsiat1113,2021 ONWSIAT 1113 (CanLII),2021-07-14,0,0,0,0,0,0,0,,
2021onwsiat1114,2021 ONWSIAT 1114 (CanLII),2021-07-14,0,0,0,0,0,0,0,,
2021onwsiat1115,2021 ONWSIAT 1115 (CanLII),2021-07-14,0,0,0,0,0,0,0,,
2021onwsiat1116,2021 ONWSIAT 1116 (CanLII),2021-07-14,0,0,0,0,0,0,0,,
2021onwsiat1117,2021 ONWSIAT 1117 (CanLII),2021-07-14,0,0,0,0,0,0,0,,
2021onwsiat1118,2021 ONWSIAT 1118 (CanLII),2021-07-15,0,0,0,0,0,0,0,,
2021onwsiat1119,2021 ONWSIAT 1119 (CanLII),2021-07-15,0,0,0,0,0,0,0,,
2021onwsiat1120,2021 ONWSIAT 1120 (CanLII),2021-07-15,0,0,0,0,0,0,0,,
2021onwsiat1121,2021 ONWSIAT 1121 (CanLII),2021-07-15,0,0,0,0,0,0,0,,
2021onwsiat1122,2021 ONWSIAT 1122 (CanLII),2021-07-16,0,0,0,0,0,0,0,,
2021onwsiat1123,2021 ONWSIAT 1123 (CanLII),2021-07-16,0,0,0,0,0,0,0,,
2021onwsiat1124,2021 ONWSIAT 1124 (CanLII),2021-07-16,0,0,0,0,0,0,1,,
2021onwsiat1125,2021 ONWSIAT 1125 (CanLII),2021-07-16,0,0,0,0,0,0,0,,
2021onwsiat1126,2021 ONWSIAT 1126 (CanLII),2021-07-16,0,0,0,0,0,0,0,,
2021onwsiat1127,2021 ONWSIAT 1127 (CanLII),2021-07-19,0,0,0,0,0,0,0,,
2021onwsiat1128,2021 ONWSIAT 1128 (CanLII),2021-07-16,0,0,0,0,0,0,0,,
2021onwsiat1129,2021 ONWSIAT 1129 (CanLII),2021-07-16,0,0,0,0,0,0,0,,
2021onwsiat1130,2021 ONWSIAT 1130 (CanLII),2021-07-16,0,0,0,0,0,0,0,,
2021onwsiat1131,2021 ONWSIAT 1131 (CanLII),2021-07-16,0,0,0,0,0,0,0,,
2021onwsiat1132,2021 ONWSIAT 1132 (CanLII),2021-07-19,0,0,0,0,0,0,0,,
2021onwsiat1133,2021 ONWSIAT 1133 (CanLII),2021-07-19,0,0,0,0,0,0,0,,
2021onwsiat1134,2021 ONWSIAT 1134 (CanLII),2021-07-19,0,0,0,0,0,0,0,,
2021onwsiat1135,2021 ONWSIAT 1135 (CanLII),2021-07-19,0,0,0,0,0,0,0,,
2021onwsiat1136,2021 ONWSIAT 1136 (CanLII),2021-07-19,0,0,0,0,0,0,0,,
2021onwsiat1137,2021 ONWSIAT 1137 (CanLII),2021-07-19,0,0,0,0,0,0,0,,
2021onwsiat1138,2021 ONWSIAT 1138 (CanLII),2021-07-19,0,0,0,0,0,0,0,,
2021onwsiat1139,2021 ONWSIAT 1139 (CanLII),2021-07-19,0,0,0,0,0,0,0,,
2021onwsiat1140,2021 ONWSIAT 1140 (CanLII),2021-07-19,0,0,0,0,0,0,0,,
2021onwsiat1141,2021 ONWSIAT 1141 (CanLII),2021-07-20,0,0,0,0,0,0,0,,
2021onwsiat1142,2021 ONWSIAT 1142 (CanLII),2021-07-20,0,0,0,0,0,0,0,,
2021onwsiat1143,2021 ONWSIAT 1143 (CanLII),2021-07-20,0,0,0,0,0,0,0,,
2021onwsiat1144,2021 ONWSIAT 1144 (CanLII),2021-07-20,0,0,0,0,0,0,0,,
2021onwsiat1145,2021 ONWSIAT 1145 (CanLII),2021-07-20,0,0,0,0,0,0,0,,
2021onwsiat1146,2021 ONWSIAT 1146 (CanLII),2021-07-20,0,0,0,0,0,0,0,,
2021onwsiat1147,2021 ONWSIAT 1147 (CanLII),2021-07-20,0,0,0,0,0,0,0,,
2021onwsiat1148,2021 ONWSIAT 1148 (CanLII),2021-07-20,0,0,0,0,0,0,0,,
2021onwsiat1149,2021 ONWSIAT 1149 (CanLII),2021-07-20,0,0,0,0,0,0,1,,
2021onwsiat1150,2021 ONWSIAT 1150 (CanLII),2021-07-20,0,0,0,0,0,0,0,,
2021onwsiat1151,2021 ONWSIAT 1151 (CanLII),2021-07-20,0,0,0,0,0,0,0,,
2021onwsiat1152,2021 ONWSIAT 1152 (CanLII),2021-07-20,0,0,0,0,0,0,1,,
2021onwsiat1153,2021 ONWSIAT 1153 (CanLII),2021-07-21,0,0,0,0,0,0,1,,
2021onwsiat1154,2021 ONWSIAT 1154 (CanLII),2021-07-21,0,0,0,0,0,0,1,,
2021onwsiat1155,2021 ONWSIAT 1155 (CanLII),2021-07-21,0,0,0,0,0,0,0,,
2021onwsiat1156,2021 ONWSIAT 1156 (CanLII),2021-07-21,0,0,0,0,0,0,0,,
2021onwsiat1157,2021 ONWSIAT 1157 (CanLII),2021-07-21,0,0,0,0,0,0,0,,
2021onwsiat1158,2021 ONWSIAT 1158 (CanLII),2021-07-21,0,0,0,0,0,0,0,,
2021onwsiat1159,2021 ONWSIAT 1159 (CanLII),2021-07-21,0,0,0,0,0,0,0,,
2021onwsiat1160,2021 ONWSIAT 1160 (CanLII),2021-07-22,0,0,0,0,0,0,0,,
2021onwsiat1161,2021 ONWSIAT 1161 (CanLII),2021-07-22,0,0,0,0,0,0,0,,
2021onwsiat1162,2021 ONWSIAT 1162 (CanLII),2021-07-22,0,0,0,0,0,0,0,,
2021onwsiat1163,2021 ONWSIAT 1163 (CanLII),2021-07-22,0,0,0,0,0,0,0,,
2021onwsiat1164,2021 ONWSIAT 1164 (CanLII),2021-07-22,0,0,0,0,0,0,0,,
2021onwsiat1165,2021 ONWSIAT 1165 (CanLII),2021-07-22,0,0,0,0,0,0,0,,
2021onwsiat1166,2021 ONWSIAT 1166 (CanLII),2021-07-22,0,0,0,0,0,0,0,,
2021onwsiat1167,2021 ONWSIAT 1167 (CanLII),2021-07-22,0,0,0,0,0,0,0,,
2021onwsiat1168,2021 ONWSIAT 1168 (CanLII),2021-07-22,0,0,0,0,0,0,0,,
2021onwsiat1169,2021 ONWSIAT 1169 (CanLII),2021-07-22,0,0,0,0,0,0,0,,
2021onwsiat1170,2021 ONWSIAT 1170 (CanLII),2021-07-22,0,0,0,0,0,0,0,,
2021onwsiat1171,2021 ONWSIAT 1171 (CanLII),2021-07-22,0,0,0,0,0,0,0,,
2021onwsiat1172,2021 ONWSIAT 1172 (CanLII),2021-07-23,0,0,0,0,0,0,0,,
2021onwsiat1173,2021 ONWSIAT 1173 (CanLII),2021-07-23,0,0,0,0,0,0,0,,
2021onwsiat1174,2021 ONWSIAT 1174 (CanLII),2021-07-23,0,0,0,0,0,0,0,,
2021onwsiat1175,2021 ONWSIAT 1175 (CanLII),2021-07-23,0,0,0,0,0,0,0,,
2021onwsiat1176,2021 ONWSIAT 1176 (CanLII),2021-07-23,0,0,0,0,0,0,0,,
2021onwsiat1177,2021 ONWSIAT 1177 (CanLII),2021-07-23,0,0,0,0,0,0,0,,
2021onwsiat1178,2021 ONWSIAT 1178 (CanLII),2021-07-26,0,0,0,0,0,0,0,,
2021onwsiat1179,2021 ONWSIAT 1179 (CanLII),2021-07-26,0,0,0,0,0,0,0,,
2021onwsiat1180,2021 ONWSIAT 1180 (CanLII),2021-07-26,0,0,0,0,0,0,0,,
2021onwsiat1181,2021 ONWSIAT 1181 (CanLII),2021-07-26,0,0,0,0,0,0,0,,
2021onwsiat1182,2021 ONWSIAT 1182 (CanLII),2021-07-26,0,0,0,0,0,0,0,,
2021onwsiat1183,2021 ONWSIAT 1183 (CanLII),2021-07-26,0,0,0,0,0,0,0,,
2021onwsiat1184,2021 ONWSIAT 1184 (CanLII),2021-07-26,0,0,0,0,0,0,0,,
2021onwsiat1185,2021 ONWSIAT 1185 (CanLII),2021-07-27,0,0,0,0,0,0,0,,
2021onwsiat1186,2021 ONWSIAT 1186 (CanLII),2021-07-27,0,0,0,0,0,0,0,,
2021onwsiat1187,2021 ONWSIAT 1187 (CanLII),2021-07-27,0,0,0,0,0,0,0,,
2021onwsiat1188,2021 ONWSIAT 1188 (CanLII),2021-07-27,0,0,0,0,0,0,0,,
2021onwsiat1189,2021 ONWSIAT 1189 (CanLII),2021-07-27,0,0,0,0,0,0,0,,
2021onwsiat1190,2021 ONWSIAT 1190 (CanLII),2021-07-27,0,0,0,0,0,0,0,,
2021onwsiat1191,2021 ONWSIAT 1191 (CanLII),2021-07-27,0,0,0,0,0,0,0,,
2021onwsiat1192,2021 ONWSIAT 1192 (CanLII),2021-07-27,0,0,0,0,0,0,0,,
2021onwsiat1193,2021 ONWSIAT 1193 (CanLII),2021-07-28,0,0,0,0,0,0,0,,
2021onwsiat1194,2021 ONWSIAT 1194 (CanLII),2021-07-28,0,0,0,0,0,0,0,,
2021onwsiat1195,2021 ONWSIAT 1195 (CanLII),2021-07-28,0,0,0,0,0,0,0,,
2021onwsiat1196,2021 ONWSIAT 1196 (CanLII),2021-07-28,0,0,0,0,0,0,0,,
2021onwsiat1197,2021 ONWSIAT 1197 (CanLII),2021-07-28,0,0,0,0,0,0,0,,
2021onwsiat1198,2021 ONWSIAT 1198 (CanLII),2021-07-28,0,0,0,0,0,0,0,,
2021onwsiat1199,2021 ONWSIAT 1199 (CanLII),2021-07-28,0,0,0,0,0,0,0,,
2021onwsiat1200,2021 ONWSIAT 1200 (CanLII),2021-07-29,0,0,0,0,0,0,1,,
2021onwsiat1201,2021 ONWSIAT 1201 (CanLII),2021-07-29,0,0,0,0,0,0,0,,
2021onwsiat1202,2021 ONWSIAT 1202 (CanLII),2021-07-29,0,0,0,0,0,0,0,,
2021onwsiat1203,2021 ONWSIAT 1203 (CanLII),2021-07-29,0,0,0,0,0,0,0,,
2021onwsiat1204,2021 ONWSIAT 1204 (CanLII),2021-07-29,0,0,0,0,0,0,0,,
2021onwsiat1205,2021 ONWSIAT 1205 (CanLII),2021-07-29,0,0,0,0,0,0,0,,
2021onwsiat1206,2021 ONWSIAT 1206 (CanLII),2021-07-29,0,0,0,0,0,0,0,,
2021onwsiat1207,2021 ONWSIAT 1207 (CanLII),2021-07-29,0,0,0,0,0,0,0,,
2021onwsiat1208,2021 ONWSIAT 1208 (CanLII),2021-07-30,0,0,0,0,0,0,0,,
2021onwsiat1209,2021 ONWSIAT 1209 (CanLII),2021-07-30,0,0,0,0,0,0,0,,
2021onwsiat1210,2021 ONWSIAT 1210 (CanLII),2021-07-30,0,0,0,0,0,0,1,,
2021onwsiat1211,2021 ONWSIAT 1211 (CanLII),2021-07-30,0,0,0,0,0,0,0,,
2021onwsiat1212,2021 ONWSIAT 1212 (CanLII),2021-07-30,0,0,0,0,0,0,0,,
2021onwsiat1213,2021 ONWSIAT 1213 (CanLII),2021-08-03,0,0,0,0,0,0,0,,
2021onwsiat1214,2021 ONWSIAT 1214 (CanLII),2021-08-03,0,0,0,0,0,0,0,,
2021onwsiat1215,2021 ONWSIAT 1215 (CanLII),2021-08-03,0,0,0,0,0,0,0,,
2021onwsiat1216,2021 ONWSIAT 1216 (CanLII),2021-08-03,0,0,0,0,0,0,0,,
2021onwsiat1217,2021 ONWSIAT 1217 (CanLII),2021-08-03,0,0,0,0,0,0,0,,
2021onwsiat1218,2021 ONWSIAT 1218 (CanLII),2021-08-03,0,0,0,0,0,0,0,,
2021onwsiat1219,2021 ONWSIAT 1219 (CanLII),2021-08-04,0,0,0,0,0,0,0,,
2021onwsiat1220,2021 ONWSIAT 1220 (CanLII),2021-08-04,0,0,0,0,0,0,0,,
2021onwsiat1221,2021 ONWSIAT 1221 (CanLII),2021-08-04,0,0,0,0,0,0,0,,
2021onwsiat1222,2021 ONWSIAT 1222 (CanLII),2021-08-04,0,0,0,0,0,0,0,,
2021onwsiat1223,2021 ONWSIAT 1223 (CanLII),2021-08-04,0,0,0,0,0,0,0,,
2021onwsiat1224,2021 ONWSIAT 1224 (CanLII),2021-08-05,0,0,0,0,0,0,0,,
2021onwsiat1225,2021 ONWSIAT 1225 (CanLII),2021-08-05,0,0,0,0,0,0,0,,
2021onwsiat1226,2021 ONWSIAT 1226 (CanLII),2021-08-05,0,0,0,0,0,0,0,,
2021onwsiat1227,2021 ONWSIAT 1227 (CanLII),2021-08-05,0,0,0,0,0,0,0,,
2021onwsiat1228,2021 ONWSIAT 1228 (CanLII),2021-08-06,0,0,0,0,0,0,0,,
2021onwsiat1229,2021 ONWSIAT 1229 (CanLII),2021-08-06,0,0,0,0,0,0,0,,
2021onwsiat1230,2021 ONWSIAT 1230 (CanLII),2021-08-06,0,0,0,0,0,0,0,,
2021onwsiat1231,2021 ONWSIAT 1231 (CanLII),2021-08-06,0,0,0,0,0,0,0,,
2021onwsiat1232,2021 ONWSIAT 1232 (CanLII),2021-08-06,0,0,0,0,0,0,0,,
2021onwsiat1233,2021 ONWSIAT 1233 (CanLII),2021-08-06,0,0,0,0,0,0,0,,
2021onwsiat1234,2021 ONWSIAT 1234 (CanLII),2021-08-09,0,0,0,0,0,0,0,,
2021onwsiat1235,2021 ONWSIAT 1235 (CanLII),2021-08-09,0,0,0,0,0,0,0,,
2021onwsiat1236,2021 ONWSIAT 1236 (CanLII),2021-08-09,0,0,0,0,0,0,0,,
2021onwsiat1237,2021 ONWSIAT 1237 (CanLII),2021-08-09,0,0,0,0,0,0,0,,
2021onwsiat1238,2021 ONWSIAT 1238 (CanLII),2021-08-09,0,0,0,0,0,0,0,,
2021onwsiat1239,2021 ONWSIAT 1239 (CanLII),2021-08-09,0,0,0,0,0,0,0,,
2021onwsiat1240,2021 ONWSIAT 1240 (CanLII),2021-08-09,0,0,0,0,0,0,0,,
2021onwsiat1241,2021 ONWSIAT 1241 (CanLII),2021-08-09,0,0,0,0,0,0,0,,
2021onwsiat1242,2021 ONWSIAT 1242 (CanLII),2021-08-10,0,0,0,0,0,0,0,,
2021onwsiat1243,2021 ONWSIAT 1243 (CanLII),2021-08-10,0,0,0,0,0,0,0,,
2021onwsiat1244,2021 ONWSIAT 1244 (CanLII),2021-08-10,0,0,0,0,0,0,0,,
2021onwsiat1245,2021 ONWSIAT 1245 (CanLII),2021-08-10,0,0,0,0,0,0,0,,
2021onwsiat1246,2021 ONWSIAT 1246 (CanLII),2021-08-10,0,0,0,0,0,0,0,,
2021onwsiat1247,2021 ONWSIAT 1247 (CanLII),2021-08-10,0,0,0,0,0,0,0,,
2021onwsiat1248,2021 ONWSIAT 1248 (CanLII),2021-08-10,0,0,0,0,0,0,0,,
2021onwsiat1249,2021 ONWSIAT 1249 (CanLII),2021-08-10,0,0,0,0,0,0,0,,
2021onwsiat1250,2021 ONWSIAT 1250 (CanLII),2021-08-10,0,0,0,0,0,0,1,,
2021onwsiat1251,2021 ONWSIAT 1251 (CanLII),2021-08-10,0,0,0,0,0,0,1,,
2021onwsiat1252,2021 ONWSIAT 1252 (CanLII),2021-08-10,0,0,0,0,0,0,0,,
2021onwsiat1253,2021 ONWSIAT 1253 (CanLII),2021-08-11,0,0,0,0,0,0,0,,
2021onwsiat1254,2021 ONWSIAT 1254 (CanLII),2021-08-11,0,0,0,0,0,0,0,,
2021onwsiat1255,2021 ONWSIAT 1255 (CanLII),2021-08-11,0,0,0,0,0,0,0,,
2021onwsiat1256,2021 ONWSIAT 1256 (CanLII),2021-08-11,0,0,0,0,0,0,0,,
2021onwsiat1257,2021 ONWSIAT 1257 (CanLII),2021-08-11,0,0,0,0,0,0,0,,
2021onwsiat1258,2021 ONWSIAT 1258 (CanLII),2021-08-11,0,0,0,0,0,0,0,,
2021onwsiat1259,2021 ONWSIAT 1259 (CanLII),2021-08-11,0,0,0,0,0,0,0,,
2021onwsiat1260,2021 ONWSIAT 1260 (CanLII),2021-08-12,0,0,0,0,0,0,0,,
2021onwsiat1261,2021 ONWSIAT 1261 (CanLII),2021-08-12,0,0,0,0,0,0,0,,
2021onwsiat1262,2021 ONWSIAT 1262 (CanLII),2021-08-12,0,0,0,0,0,0,0,,
2021onwsiat1263,2021 ONWSIAT 1263 (CanLII),2021-08-12,0,0,0,0,0,0,0,,
2021onwsiat1264,2021 ONWSIAT 1264 (CanLII),2021-08-12,0,0,0,0,0,0,0,,
2021onwsiat1265,2021 ONWSIAT 1265 (CanLII),2021-08-12,0,0,0,0,0,0,0,,
2021onwsiat1266,2021 ONWSIAT 1266 (CanLII),2021-08-16,0,0,0,0,0,0,0,,
2021onwsiat1267,2021 ONWSIAT 1267 (CanLII),2021-08-12,0,0,0,0,0,0,0,,
2021onwsiat1268,2021 ONWSIAT 1268 (CanLII),2021-08-13,0,0,0,0,0,0,0,,
2021onwsiat1269,2021 ONWSIAT 1269 (CanLII),2021-08-13,0,0,0,0,0,0,0,,
2021onwsiat1270,2021 ONWSIAT 1270 (CanLII),2021-08-13,0,0,0,0,0,0,0,,
2021onwsiat1271,2021 ONWSIAT 1271 (CanLII),2021-08-13,0,0,0,0,0,0,0,,
2021onwsiat1272,2021 ONWSIAT 1272 (CanLII),2021-08-13,0,0,0,0,0,0,0,,
2021onwsiat1273,2021 ONWSIAT 1273 (CanLII),2021-08-13,0,0,0,0,0,0,0,,
2021onwsiat1274,2021 ONWSIAT 1274 (CanLII),2021-08-13,0,0,0,0,0,0,0,,
2021onwsiat1275,2021 ONWSIAT 1275 (CanLII),2021-08-13,0,0,0,0,0,0,0,,
2021onwsiat1276,2021 ONWSIAT 1276 (CanLII),2021-08-13,0,0,0,0,0,0,0,,
2021onwsiat1277,2021 ONWSIAT 1277 (CanLII),2021-08-16,0,0,0,0,0,0,0,,
2021onwsiat1278,2021 ONWSIAT 1278 (CanLII),2021-08-16,0,0,0,0,0,0,0,,
2021onwsiat1279,2021 ONWSIAT 1279 (CanLII),2021-08-16,0,0,0,0,0,0,0,,
2021onwsiat1280,2021 ONWSIAT 1280 (CanLII),2021-08-16,0,0,0,0,0,0,0,,
2021onwsiat1281,2021 ONWSIAT 1281 (CanLII),2021-08-16,0,0,0,0,0,0,0,,
2021onwsiat1282,2021 ONWSIAT 1282 (CanLII),2021-08-16,0,0,0,0,0,0,0,,
2021onwsiat1283,2021 ONWSIAT 1283 (CanLII),2021-08-16,0,0,0,0,0,0,0,,
2021onwsiat1284,2021 ONWSIAT 1284 (CanLII),2021-08-16,0,0,0,0,0,0,0,,
2021onwsiat1285,2021 ONWSIAT 1285 (CanLII),2021-08-16,0,0,0,0,0,0,0,,
2021onwsiat1286,2021 ONWSIAT 1286 (CanLII),2021-08-17,0,0,0,0,0,0,0,,
2021onwsiat1287,2021 ONWSIAT 1287 (CanLII),2021-08-17,0,0,0,0,0,0,0,,
2021onwsiat1288,2021 ONWSIAT 1288 (CanLII),2021-08-17,0,0,0,0,0,0,0,,
2021onwsiat1289,2021 ONWSIAT 1289 (CanLII),2021-08-17,0,0,0,0,0,0,0,,
2021onwsiat1290,2021 ONWSIAT 1290 (CanLII),2021-08-17,0,0,0,0,0,0,0,,
2021onwsiat1291,2021 ONWSIAT 1291 (CanLII),2021-08-17,0,0,0,0,0,0,0,,
2021onwsiat1292,2021 ONWSIAT 1292 (CanLII),2021-08-17,0,0,0,0,0,0,0,,
2021onwsiat1293,2021 ONWSIAT 1293 (CanLII),2021-08-17,0,0,0,0,0,0,0,,
2021onwsiat1294,2021 ONWSIAT 1294 (CanLII),2021-08-17,0,0,0,0,0,0,0,,
2021onwsiat1295,2021 ONWSIAT 1295 (CanLII),2021-08-17,0,0,0,0,0,0,0,,
2021onwsiat1296,2021 ONWSIAT 1296 (CanLII),2021-08-18,0,0,0,0,0,0,0,,
2021onwsiat1297,2021 ONWSIAT 1297 (CanLII),2021-08-18,0,0,0,0,0,0,0,,
2021onwsiat1298,2021 ONWSIAT 1298 (CanLII),2021-08-18,0,0,0,0,0,0,0,,
2021onwsiat1299,2021 ONWSIAT 1299 (CanLII),2021-08-18,0,0,0,0,0,0,0,,
2021onwsiat1300,2021 ONWSIAT 1300 (CanLII),2021-08-18,0,0,0,0,0,0,0,,
2021onwsiat1301,2021 ONWSIAT 1301 (CanLII),2021-08-18,0,0,0,0,0,0,1,,
2021onwsiat1302,2021 ONWSIAT 1302 (CanLII),2021-08-18,0,0,0,0,0,0,0,,
2021onwsiat1303,2021 ONWSIAT 1303 (CanLII),2021-08-18,0,0,0,0,0,0,0,,
2021onwsiat1304,2021 ONWSIAT 1304 (CanLII),2021-08-18,0,0,0,0,0,0,0,,
2021onwsiat1305,2021 ONWSIAT 1305 (CanLII),2021-08-18,0,0,0,0,0,0,0,,
2021onwsiat1306,2021 ONWSIAT 1306 (CanLII),2021-08-18,0,0,0,0,0,0,0,,
2021onwsiat1307,2021 ONWSIAT 1307 (CanLII),2021-08-19,0,0,0,0,0,0,0,,
2021onwsiat1308,2021 ONWSIAT 1308 (CanLII),2021-08-19,0,0,0,0,0,0,0,,
2021onwsiat1309,2021 ONWSIAT 1309 (CanLII),2021-08-19,0,0,0,0,0,0,0,,
2021onwsiat1310,2021 ONWSIAT 1310 (CanLII),2021-08-19,0,0,0,0,0,0,0,,
2021onwsiat1311,2021 ONWSIAT 1311 (CanLII),2021-08-19,0,0,0,0,0,0,0,,
2021onwsiat1312,2021 ONWSIAT 1312 (CanLII),2021-08-19,0,0,0,0,0,0,0,,
2021onwsiat1313,2021 ONWSIAT 1313 (CanLII),2021-08-19,0,0,0,0,0,0,0,,
2021onwsiat1314,2021 ONWSIAT 1314 (CanLII),2021-08-20,0,0,0,0,0,0,0,,
2021onwsiat1315,2021 ONWSIAT 1315 (CanLII),2021-08-20,0,0,0,0,0,0,0,,
2021onwsiat1316,2021 ONWSIAT 1316 (CanLII),2021-08-20,0,0,0,0,0,0,0,,
2021onwsiat1317,2021 ONWSIAT 1317 (CanLII),2021-08-20,0,0,0,0,0,0,0,,
2021onwsiat1318,2021 ONWSIAT 1318 (CanLII),2021-08-20,0,0,0,0,0,0,0,,
2021onwsiat1319,2021 ONWSIAT 1319 (CanLII),2021-08-20,0,0,0,0,0,0,1,,
2021onwsiat1320,2021 ONWSIAT 1320 (CanLII),2021-08-20,0,0,0,0,0,0,0,,
2021onwsiat1321,2021 ONWSIAT 1321 (CanLII),2021-08-20,0,0,0,0,0,0,0,,
2021onwsiat1322,2021 ONWSIAT 1322 (CanLII),2021-08-20,0,0,0,0,0,0,0,,
2021onwsiat1323,2021 ONWSIAT 1323 (CanLII),2021-08-20,0,0,0,0,0,0,0,,
2021onwsiat1324,2021 ONWSIAT 1324 (CanLII),2021-08-20,0,0,0,0,0,0,0,,
2021onwsiat1325,2021 ONWSIAT 1325 (CanLII),2021-08-20,0,0,0,0,0,0,0,,
2021onwsiat1326,2021 ONWSIAT 1326 (CanLII),2021-08-20,0,0,0,0,0,0,0,,
2021onwsiat1327,2021 ONWSIAT 1327 (CanLII),2021-08-23,0,0,0,0,0,0,0,,
2021onwsiat1328,2021 ONWSIAT 1328 (CanLII),2021-08-23,0,0,0,0,0,0,0,,
2021onwsiat1329,2021 ONWSIAT 1329 (CanLII),2021-08-23,0,0,0,0,0,0,0,,
2021onwsiat1330,2021 ONWSIAT 1330 (CanLII),2021-08-23,0,0,0,0,0,0,0,,
2021onwsiat1331,2021 ONWSIAT 1331 (CanLII),2021-08-23,0,0,0,0,0,0,0,,
2021onwsiat1332,2021 ONWSIAT 1332 (CanLII),2021-08-23,0,0,0,0,0,0,0,,
2021onwsiat1333,2021 ONWSIAT 1333 (CanLII),2021-08-24,0,0,0,0,0,0,0,,
2021onwsiat1334,2021 ONWSIAT 1334 (CanLII),2021-08-24,0,0,0,0,0,0,0,,
2021onwsiat1335,2021 ONWSIAT 1335 (CanLII),2021-08-24,0,0,0,0,0,0,0,,
2021onwsiat1336,2021 ONWSIAT 1336 (CanLII),2021-08-24,0,0,0,0,0,0,0,,
2021onwsiat1337,2021 ONWSIAT 1337 (CanLII),2021-08-24,0,0,0,0,0,0,0,,
2021onwsiat1338,2021 ONWSIAT 1338 (CanLII),2021-08-24,0,0,0,0,0,0,0,,
2021onwsiat1339,2021 ONWSIAT 1339 (CanLII),2021-08-24,0,0,0,0,0,0,0,,
2021onwsiat1340,2021 ONWSIAT 1340 (CanLII),2021-08-24,0,0,0,0,0,0,0,,
2021onwsiat1341,2021 ONWSIAT 1341 (CanLII),2021-08-24,0,0,0,0,0,0,0,,
2021onwsiat1342,2021 ONWSIAT 1342 (CanLII),2021-08-24,0,0,0,0,0,0,0,,
2021onwsiat1343,2021 ONWSIAT 1343 (CanLII),2021-08-24,0,0,0,0,0,0,0,,
2021onwsiat1344,2021 ONWSIAT 1344 (CanLII),2021-08-24,0,0,0,0,0,0,0,,
2021onwsiat1345,2021 ONWSIAT 1345 (CanLII),2021-08-24,0,0,0,0,0,0,0,,
2021onwsiat1346,2021 ONWSIAT 1346 (CanLII),2021-08-25,0,0,0,0,0,0,0,,
2021onwsiat1347,2021 ONWSIAT 1347 (CanLII),2021-08-25,0,0,0,0,0,0,0,,
2021onwsiat1348,2021 ONWSIAT 1348 (CanLII),2021-08-25,1,0,0,0,0,0,0,,
2021onwsiat1349,2021 ONWSIAT 1349 (CanLII),2021-08-25,0,0,0,0,0,0,0,,
2021onwsiat1350,2021 ONWSIAT 1350 (CanLII),2021-08-26,0,0,0,0,0,0,0,,
2021onwsiat1351,2021 ONWSIAT 1351 (CanLII),2021-08-26,0,0,0,0,0,0,0,,
2021onwsiat1352,2021 ONWSIAT 1352 (CanLII),2021-08-26,0,0,0,0,0,0,0,,
2021onwsiat1353,2021 ONWSIAT 1353 (CanLII),2021-08-26,0,0,0,0,0,0,0,,
2021onwsiat1354,2021 ONWSIAT 1354 (CanLII),2021-08-26,0,0,0,0,0,0,0,,
2021onwsiat1355,2021 ONWSIAT 1355 (CanLII),2021-08-26,0,0,0,0,0,0,0,,
2021onwsiat1356,2021 ONWSIAT 1356 (CanLII),2021-08-26,0,0,0,0,0,0,0,,
2021onwsiat1357,2021 ONWSIAT 1357 (CanLII),2021-08-27,0,0,0,0,0,0,0,,
2021onwsiat1358,2021 ONWSIAT 1358 (CanLII),2021-08-27,0,0,0,0,0,0,0,,
2021onwsiat1359,2021 ONWSIAT 1359 (CanLII),2021-08-27,0,0,0,0,0,0,0,,
2021onwsiat1360,2021 ONWSIAT 1360 (CanLII),2021-08-27,0,0,0,0,0,0,0,,
2021onwsiat1361,2021 ONWSIAT 1361 (CanLII),2021-08-27,0,0,0,0,0,0,0,,
2021onwsiat1362,2021 ONWSIAT 1362 (CanLII),2021-08-27,0,0,0,0,0,0,0,,
2021onwsiat1363,2021 ONWSIAT 1363 (CanLII),2021-08-27,0,0,0,0,0,0,0,,
2021onwsiat1364,2021 ONWSIAT 1364 (CanLII),2021-08-27,0,0,0,0,0,0,0,,
2021onwsiat1365,2021 ONWSIAT 1365 (CanLII),2021-08-30,0,0,0,0,0,0,0,,
2021onwsiat1366,2021 ONWSIAT 1366 (CanLII),2021-08-30,0,0,0,0,0,0,0,,
2021onwsiat1367,2021 ONWSIAT 1367 (CanLII),2021-08-30,0,0,0,0,0,0,0,,
2021onwsiat1368,2021 ONWSIAT 1368 (CanLII),2021-08-30,0,0,0,0,0,0,0,,
2021onwsiat1369,2021 ONWSIAT 1369 (CanLII),2021-08-30,0,0,0,0,0,0,0,,
2021onwsiat1370,2021 ONWSIAT 1370 (CanLII),2021-08-30,0,0,0,0,0,0,0,,
2021onwsiat1371,2021 ONWSIAT 1371 (CanLII),2021-08-30,0,0,0,0,0,0,0,,
2021onwsiat1372,2021 ONWSIAT 1372 (CanLII),2021-08-30,0,0,0,0,0,0,0,,
2021onwsiat1373,2021 ONWSIAT 1373 (CanLII),2021-08-31,0,0,0,0,0,0,0,,
2021onwsiat1374,2021 ONWSIAT 1374 (CanLII),2021-08-31,0,0,0,0,0,0,0,,
2021onwsiat1375,2021 ONWSIAT 1375 (CanLII),2021-08-31,0,0,0,0,0,0,0,,
2021onwsiat1376,2021 ONWSIAT 1376 (CanLII),2021-08-31,0,0,0,0,0,0,0,,
2021onwsiat1377,2021 ONWSIAT 1377 (CanLII),2021-08-31,0,0,0,0,0,0,0,,
2021onwsiat1378,2021 ONWSIAT 1378 (CanLII),2021-08-31,0,0,0,0,0,0,0,,
2021onwsiat1379,2021 ONWSIAT 1379 (CanLII),2021-08-31,0,0,0,0,0,0,0,,
2021onwsiat1380,2021 ONWSIAT 1380 (CanLII),2021-08-31,0,0,0,0,0,0,0,,
2021onwsiat1381,2021 ONWSIAT 1381 (CanLII),2021-08-31,0,0,0,0,0,0,1,,
2021onwsiat1382,2021 ONWSIAT 1382 (CanLII),2021-09-01,0,0,0,0,0,0,0,,
2021onwsiat1383,2021 ONWSIAT 1383 (CanLII),2021-09-01,0,0,0,0,0,0,0,,
2021onwsiat1384,2021 ONWSIAT 1384 (CanLII),2021-09-01,0,0,0,0,0,0,0,,
2021onwsiat1385,2021 ONWSIAT 1385 (CanLII),2021-09-01,0,0,0,0,0,0,0,,
2021onwsiat1386,2021 ONWSIAT 1386 (CanLII),2021-09-01,0,0,0,0,0,0,0,,
2021onwsiat1387,2021 ONWSIAT 1387 (CanLII),2021-09-01,0,0,0,0,0,0,0,,
2021onwsiat1388,2021 ONWSIAT 1388 (CanLII),2021-09-01,0,0,0,0,0,0,0,,
2021onwsiat1389,2021 ONWSIAT 1389 (CanLII),2021-09-02,0,0,0,0,0,0,0,,
2021onwsiat1390,2021 ONWSIAT 1390 (CanLII),2021-09-02,0,0,0,0,0,0,0,,
2021onwsiat1391,2021 ONWSIAT 1391 (CanLII),2021-09-02,0,0,0,0,0,0,0,,
2021onwsiat1392,2021 ONWSIAT 1392 (CanLII),2021-09-02,0,0,0,0,0,0,0,,
2021onwsiat1393,2021 ONWSIAT 1393 (CanLII),2021-09-02,0,0,0,0,0,0,0,,
2021onwsiat1394,2021 ONWSIAT 1394 (CanLII),2021-09-02,0,0,0,0,0,0,0,,
2021onwsiat1395,2021 ONWSIAT 1395 (CanLII),2021-09-02,0,0,0,0,0,0,0,,
2021onwsiat1396,2021 ONWSIAT 1396 (CanLII),2021-09-02,0,0,0,0,0,0,0,,
2021onwsiat1397,2021 ONWSIAT 1397 (CanLII),2021-09-02,0,0,0,0,0,0,0,,
2021onwsiat1398,2021 ONWSIAT 1398 (CanLII),2021-09-02,0,0,0,0,0,0,0,,
2021onwsiat1399,2021 ONWSIAT 1399 (CanLII),2021-09-03,0,0,0,0,0,0,0,,
2021onwsiat1400,2021 ONWSIAT 1400 (CanLII),2021-09-03,0,0,0,0,0,0,0,,
2021onwsiat1401,2021 ONWSIAT 1401 (CanLII),2021-09-03,0,0,0,0,0,0,0,,
2021onwsiat1402,2021 ONWSIAT 1402 (CanLII),2021-09-03,0,0,0,0,0,0,0,,
2021onwsiat1403,2021 ONWSIAT 1403 (CanLII),2021-09-03,0,0,0,0,0,0,1,,
2021onwsiat1404,2021 ONWSIAT 1404 (CanLII),2021-09-03,0,0,0,0,0,0,0,,
2021onwsiat1405,2021 ONWSIAT 1405 (CanLII),2021-09-03,0,0,0,0,0,0,0,,
2021onwsiat1406,2021 ONWSIAT 1406 (CanLII),2021-09-07,0,0,0,0,0,0,0,,
2021onwsiat1407,2021 ONWSIAT 1407 (CanLII),2021-09-07,0,0,0,0,0,0,0,,
2021onwsiat1408,2021 ONWSIAT 1408 (CanLII),2021-09-07,0,0,0,0,0,0,0,,
2021onwsiat1409,2021 ONWSIAT 1409 (CanLII),2021-09-07,0,0,0,0,0,0,0,,
2021onwsiat1410,2021 ONWSIAT 1410 (CanLII),2021-09-07,0,0,0,0,0,0,0,,
2021onwsiat1411,2021 ONWSIAT 1411 (CanLII),2021-09-07,0,0,0,0,0,0,0,,
2021onwsiat1412,2021 ONWSIAT 1412 (CanLII),2021-09-07,0,0,0,0,0,0,0,,
2021onwsiat1413,2021 ONWSIAT 1413 (CanLII),2021-09-07,0,0,0,0,0,0,0,,
2021onwsiat1414,2021 ONWSIAT 1414 (CanLII),2021-09-07,0,0,0,0,0,0,0,,
2021onwsiat1415,2021 ONWSIAT 1415 (CanLII),2021-09-07,0,0,0,0,0,0,0,,
2021onwsiat1416,2021 ONWSIAT 1416 (CanLII),2021-09-08,0,0,0,0,0,0,0,,
2021onwsiat1417,2021 ONWSIAT 1417 (CanLII),2021-09-08,0,0,0,0,0,0,0,,
2021onwsiat1418,2021 ONWSIAT 1418 (CanLII),2021-09-08,0,0,0,0,0,0,0,,
2021onwsiat1419,2021 ONWSIAT 1419 (CanLII),2021-09-08,0,0,0,0,0,0,0,,
2021onwsiat1420,2021 ONWSIAT 1420 (CanLII),2021-09-08,0,0,0,0,0,0,1,,
2021onwsiat1421,2021 ONWSIAT 1421 (CanLII),2021-09-08,0,0,0,0,0,0,0,,
2021onwsiat1422,2021 ONWSIAT 1422 (CanLII),2021-09-13,0,0,0,0,0,0,0,,
2021onwsiat1423,2021 ONWSIAT 1423 (CanLII),2021-09-08,0,0,0,0,0,0,1,,
2021onwsiat1424,2021 ONWSIAT 1424 (CanLII),2021-09-09,0,0,0,0,0,0,0,,
2021onwsiat1425,2021 ONWSIAT 1425 (CanLII),2021-09-09,0,0,0,0,0,0,0,,
2021onwsiat1426,2021 ONWSIAT 1426 (CanLII),2021-09-09,0,0,0,0,0,0,0,,
2021onwsiat1427,2021 ONWSIAT 1427 (CanLII),2021-09-09,0,0,0,0,0,0,0,,
2021onwsiat1428,2021 ONWSIAT 1428 (CanLII),2021-09-09,0,0,0,0,0,0,0,,
2021onwsiat1429,2021 ONWSIAT 1429 (CanLII),2021-09-09,0,0,0,0,0,0,0,,
2021onwsiat1430,2021 ONWSIAT 1430 (CanLII),2021-09-09,0,0,0,0,0,0,0,,
2021onwsiat1431,2021 ONWSIAT 1431 (CanLII),2021-09-09,0,0,0,0,0,0,0,,
2021onwsiat1432,2021 ONWSIAT 1432 (CanLII),2021-09-09,0,0,0,0,0,0,0,,
2021onwsiat1433,2021 ONWSIAT 1433 (CanLII),2021-09-10,0,0,0,0,0,0,1,,
2021onwsiat1434,2021 ONWSIAT 1434 (CanLII),2021-09-10,0,0,0,0,0,0,0,,
2021onwsiat1435,2021 ONWSIAT 1435 (CanLII),2021-09-10,0,0,0,0,0,0,1,,
2021onwsiat1436,2021 ONWSIAT 1436 (CanLII),2021-09-10,0,0,0,0,0,0,0,,
2021onwsiat1437,2021 ONWSIAT 1437 (CanLII),2021-09-10,0,0,0,0,0,0,0,,
2021onwsiat1438,2021 ONWSIAT 1438 (CanLII),2021-09-10,0,0,0,0,0,0,0,,
2021onwsiat1439,2021 ONWSIAT 1439 (CanLII),2021-09-10,0,0,0,0,0,0,0,,
2021onwsiat1440,2021 ONWSIAT 1440 (CanLII),2021-09-10,0,0,0,0,0,0,0,,
2021onwsiat1441,2021 ONWSIAT 1441 (CanLII),2021-09-10,0,0,0,0,0,0,0,,
2021onwsiat1442,2021 ONWSIAT 1442 (CanLII),2021-09-10,0,0,0,0,0,0,0,,
2021onwsiat1443,2021 ONWSIAT 1443 (CanLII),2021-09-10,0,0,0,0,0,0,0,,
2021onwsiat1444,2021 ONWSIAT 1444 (CanLII),2021-09-10,0,0,0,0,0,0,0,,
2021onwsiat1445,2021 ONWSIAT 1445 (CanLII),2021-09-10,0,0,0,0,0,0,0,,
2021onwsiat1446,2021 ONWSIAT 1446 (CanLII),2021-09-13,0,0,0,0,0,0,0,,
2021onwsiat1447,2021 ONWSIAT 1447 (CanLII),2021-09-13,0,0,0,0,0,0,0,,
2021onwsiat1448,2021 ONWSIAT 1448 (CanLII),2021-09-13,0,0,0,0,0,0,0,,
2021onwsiat1449,2021 ONWSIAT 1449 (CanLII),2021-09-13,0,0,0,0,0,0,0,,
2021onwsiat1450,2021 ONWSIAT 1450 (CanLII),2021-09-13,0,0,0,0,0,0,0,,
2021onwsiat1451,2021 ONWSIAT 1451 (CanLII),2021-09-13,0,0,0,0,0,0,0,,
2021onwsiat1452,2021 ONWSIAT 1452 (CanLII),2021-09-14,0,0,0,0,0,0,0,,
2021onwsiat1453,2021 ONWSIAT 1453 (CanLII),2021-09-14,0,0,0,0,0,0,0,,
2021onwsiat1454,2021 ONWSIAT 1454 (CanLII),2021-09-14,0,0,0,0,0,0,0,,
2021onwsiat1455,2021 ONWSIAT 1455 (CanLII),2021-09-14,0,0,0,0,0,0,0,,
2021onwsiat1456,2021 ONWSIAT 1456 (CanLII),2021-09-14,0,0,0,0,0,0,0,,
2021onwsiat1457,2021 ONWSIAT 1457 (CanLII),2021-09-14,0,0,0,0,0,0,0,,
2021onwsiat1458,2021 ONWSIAT 1458 (CanLII),2021-09-14,0,0,0,0,0,0,0,,
2021onwsiat1459,2021 ONWSIAT 1459 (CanLII),2021-09-14,0,0,0,0,0,0,0,,
2021onwsiat1460,2021 ONWSIAT 1460 (CanLII),2021-09-14,0,0,0,0,0,0,0,,
2021onwsiat1461,2021 ONWSIAT 1461 (CanLII),2021-09-14,0,0,0,0,0,0,0,,
2021onwsiat1462,2021 ONWSIAT 1462 (CanLII),2021-09-15,0,0,0,0,0,0,0,,
2021onwsiat1463,2021 ONWSIAT 1463 (CanLII),2021-09-15,0,0,0,0,0,0,0,,
2021onwsiat1464,2021 ONWSIAT 1464 (CanLII),2021-09-15,0,0,0,0,0,0,0,,
2021onwsiat1465,2021 ONWSIAT 1465 (CanLII),2021-09-15,0,0,0,0,0,0,0,,
2021onwsiat1466,2021 ONWSIAT 1466 (CanLII),2021-09-16,0,0,0,0,0,0,1,,
2021onwsiat1467,2021 ONWSIAT 1467 (CanLII),2021-09-15,0,0,0,0,0,0,0,,
2021onwsiat1468,2021 ONWSIAT 1468 (CanLII),2021-09-15,0,0,0,0,0,0,0,,
2021onwsiat1469,2021 ONWSIAT 1469 (CanLII),2021-09-15,0,0,0,0,0,0,0,,
2021onwsiat1470,2021 ONWSIAT 1470 (CanLII),2021-09-15,0,0,0,0,0,0,0,,
2021onwsiat1471,2021 ONWSIAT 1471 (CanLII),2021-09-15,0,0,0,0,0,0,0,,
2021onwsiat1472,2021 ONWSIAT 1472 (CanLII),2021-09-15,0,0,0,0,0,0,0,,
2021onwsiat1473,2021 ONWSIAT 1473 (CanLII),2021-09-15,0,0,0,0,0,0,0,,
2021onwsiat1474,2021 ONWSIAT 1474 (CanLII),2021-09-16,0,0,0,0,0,0,0,,
2021onwsiat1475,2021 ONWSIAT 1475 (CanLII),2021-09-16,0,0,0,0,0,0,0,,
2021onwsiat1476,2021 ONWSIAT 1476 (CanLII),2021-09-16,0,0,0,0,0,0,0,,
2021onwsiat1477,2021 ONWSIAT 1477 (CanLII),2021-09-16,0,0,0,0,0,0,0,,
2021onwsiat1478,2021 ONWSIAT 1478 (CanLII),2021-09-16,0,0,0,0,0,0,0,,
2021onwsiat1479,2021 ONWSIAT 1479 (CanLII),2021-09-16,0,0,0,0,0,0,0,,
2021onwsiat1480,2021 ONWSIAT 1480 (CanLII),2021-09-16,0,0,0,0,0,0,1,,
2021onwsiat1481,2021 ONWSIAT 1481 (CanLII),2021-09-16,0,0,0,0,0,0,0,,
2021onwsiat1482,2021 ONWSIAT 1482 (CanLII),2021-09-17,0,0,0,0,0,0,0,,
2021onwsiat1483,2021 ONWSIAT 1483 (CanLII),2021-09-17,0,0,0,0,0,0,0,,
2021onwsiat1484,2021 ONWSIAT 1484 (CanLII),2021-09-17,0,0,0,0,0,0,0,,
2021onwsiat1485,2021 ONWSIAT 1485 (CanLII),2021-09-17,0,0,0,0,0,0,0,,
2021onwsiat1486,2021 ONWSIAT 1486 (CanLII),2021-09-17,0,0,0,0,0,0,0,,
2021onwsiat1487,2021 ONWSIAT 1487 (CanLII),2021-09-17,0,0,0,0,0,0,0,,
2021onwsiat1488,2021 ONWSIAT 1488 (CanLII),2021-09-17,0,0,0,0,0,0,1,,
2021onwsiat1489,2021 ONWSIAT 1489 (CanLII),2021-09-17,0,0,0,0,0,0,0,,
2021onwsiat1490,2021 ONWSIAT 1490 (CanLII),2021-09-20,0,0,0,0,0,0,0,,
2021onwsiat1491,2021 ONWSIAT 1491 (CanLII),2021-09-20,0,0,0,0,0,0,0,,
2021onwsiat1492,2021 ONWSIAT 1492 (CanLII),2021-09-20,0,0,0,0,0,0,1,,
2021onwsiat1493,2021 ONWSIAT 1493 (CanLII),2021-09-20,0,0,0,0,0,0,0,,
2021onwsiat1494,2021 ONWSIAT 1494 (CanLII),2021-09-20,0,0,0,0,0,0,0,,
2021onwsiat1495,2021 ONWSIAT 1495 (CanLII),2021-09-20,0,0,0,0,0,0,0,,
2021onwsiat1496,2021 ONWSIAT 1496 (CanLII),2021-09-20,0,0,0,0,0,0,0,,
2021onwsiat1497,2021 ONWSIAT 1497 (CanLII),2021-09-20,0,0,0,0,0,0,0,,
2021onwsiat1498,2021 ONWSIAT 1498 (CanLII),2021-09-20,0,0,0,0,0,0,0,,
2021onwsiat1499,2021 ONWSIAT 1499 (CanLII),2021-09-20,0,0,0,0,0,0,0,,
2021onwsiat1500,2021 ONWSIAT 1500 (CanLII),2021-09-20,0,0,0,0,0,0,0,,
2021onwsiat1501,2021 ONWSIAT 1501 (CanLII),2021-09-20,0,0,0,0,0,0,0,,
2021onwsiat1502,2021 ONWSIAT 1502 (CanLII),2021-09-20,0,0,0,0,0,0,0,,
2021onwsiat1503,2021 ONWSIAT 1503 (CanLII),2021-09-20,0,0,0,0,0,0,0,,
2021onwsiat1504,2021 ONWSIAT 1504 (CanLII),2021-09-21,0,0,0,0,0,0,0,,
2021onwsiat1505,2021 ONWSIAT 1505 (CanLII),2021-09-21,0,0,0,0,0,0,0,,
2021onwsiat1506,2021 ONWSIAT 1506 (CanLII),2021-09-21,0,0,0,0,0,0,0,,
2021onwsiat1507,2021 ONWSIAT 1507 (CanLII),2021-09-21,0,0,0,0,0,0,0,,
2021onwsiat1508,2021 ONWSIAT 1508 (CanLII),2021-09-21,0,0,0,0,0,0,0,,
2021onwsiat1509,2021 ONWSIAT 1509 (CanLII),2021-09-21,0,0,0,0,0,0,0,,
2021onwsiat1510,2021 ONWSIAT 1510 (CanLII),2021-09-21,0,0,0,0,0,0,0,,
2021onwsiat1511,2021 ONWSIAT 1511 (CanLII),2021-09-21,0,0,0,0,0,0,0,,
2021onwsiat1512,2021 ONWSIAT 1512 (CanLII),2021-09-21,0,0,0,0,0,0,0,,
2021onwsiat1513,2021 ONWSIAT 1513 (CanLII),2021-09-21,0,0,0,0,0,0,0,,
2021onwsiat1514,2021 ONWSIAT 1514 (CanLII),2021-09-21,0,0,0,0,0,0,0,,
2021onwsiat1515,2021 ONWSIAT 1515 (CanLII),2021-09-21,0,0,0,0,0,0,0,,
2021onwsiat1516,2021 ONWSIAT 1516 (CanLII),2021-09-22,0,0,0,0,0,0,0,,
2021onwsiat1517,2021 ONWSIAT 1517 (CanLII),2021-09-21,0,0,0,0,0,0,1,,
2021onwsiat1518,2021 ONWSIAT 1518 (CanLII),2021-09-22,0,0,0,0,0,0,0,,
2021onwsiat1519,2021 ONWSIAT 1519 (CanLII),2021-09-22,0,0,0,0,0,0,0,,
2021onwsiat1520,2021 ONWSIAT 1520 (CanLII),2021-09-22,0,0,0,0,0,0,0,,
2021onwsiat1521,2021 ONWSIAT 1521 (CanLII),2021-09-22,0,0,0,0,0,0,0,,
2021onwsiat1522,2021 ONWSIAT 1522 (CanLII),2021-09-22,0,0,0,0,0,0,0,,
2021onwsiat1523,2021 ONWSIAT 1523 (CanLII),2021-09-22,0,0,0,0,0,0,0,,
2021onwsiat1524,2021 ONWSIAT 1524 (CanLII),2021-09-22,0,0,0,0,0,0,0,,
2021onwsiat1525,2021 ONWSIAT 1525 (CanLII),2021-09-22,0,0,0,0,0,0,0,,
2021onwsiat1526,2021 ONWSIAT 1526 (CanLII),2021-09-23,0,0,0,0,0,0,0,,
2021onwsiat1527,2021 ONWSIAT 1527 (CanLII),2021-09-23,0,0,0,0,0,0,0,,
2021onwsiat1528,2021 ONWSIAT 1528 (CanLII),2021-09-23,0,0,0,0,0,0,0,,
2021onwsiat1529,2021 ONWSIAT 1529 (CanLII),2021-09-23,0,0,0,0,0,0,0,,
2021onwsiat1530,2021 ONWSIAT 1530 (CanLII),2021-09-23,0,0,0,0,0,0,0,,
2021onwsiat1531,2021 ONWSIAT 1531 (CanLII),2021-09-23,0,0,0,0,0,0,0,,
2021onwsiat1532,2021 ONWSIAT 1532 (CanLII),2021-09-23,0,0,0,0,0,0,0,,
2021onwsiat1533,2021 ONWSIAT 1533 (CanLII),2021-09-23,0,0,0,0,0,0,0,,
2021onwsiat1534,2021 ONWSIAT 1534 (CanLII),2021-09-23,0,0,0,0,0,0,0,,
2021onwsiat1535,2021 ONWSIAT 1535 (CanLII),2021-09-24,0,0,0,0,0,0,0,,
2021onwsiat1536,2021 ONWSIAT 1536 (CanLII),2021-09-24,0,0,0,0,0,0,0,,
2021onwsiat1537,2021 ONWSIAT 1537 (CanLII),2021-09-24,0,0,0,0,0,0,0,,
2021onwsiat1538,2021 ONWSIAT 1538 (CanLII),2021-09-24,0,0,0,0,0,0,0,,
2021onwsiat1539,2021 ONWSIAT 1539 (CanLII),2021-09-24,0,0,0,0,0,0,0,,
2021onwsiat1540,2021 ONWSIAT 1540 (CanLII),2021-09-27,0,0,0,0,0,0,0,,
2021onwsiat1541,2021 ONWSIAT 1541 (CanLII),2021-09-27,0,0,0,0,0,0,0,,
2021onwsiat1542,2021 ONWSIAT 1542 (CanLII),2021-09-28,0,0,0,0,0,0,0,,
2021onwsiat1543,2021 ONWSIAT 1543 (CanLII),2021-09-28,0,0,0,0,0,0,0,,
2021onwsiat1544,2021 ONWSIAT 1544 (CanLII),2021-09-28,0,0,0,0,0,0,0,,
2021onwsiat1545,2021 ONWSIAT 1545 (CanLII),2021-09-28,0,0,0,0,0,0,0,,
2021onwsiat1546,2021 ONWSIAT 1546 (CanLII),2021-09-28,0,0,0,0,0,0,1,,
2021onwsiat1547,2021 ONWSIAT 1547 (CanLII),2021-09-28,0,0,0,0,0,0,0,,
2021onwsiat1548,2021 ONWSIAT 1548 (CanLII),2021-09-28,0,0,0,0,0,0,0,,
2021onwsiat1549,2021 ONWSIAT 1549 (CanLII),2021-09-28,0,0,0,0,0,0,0,,
2021onwsiat1550,2021 ONWSIAT 1550 (CanLII),2021-09-28,0,0,0,0,0,0,0,,
2021onwsiat1551,2021 ONWSIAT 1551 (CanLII),2021-09-28,0,0,0,0,0,0,0,,
2021onwsiat1552,2021 ONWSIAT 1552 (CanLII),2021-09-29,0,0,0,0,0,0,0,,
2021onwsiat1553,2021 ONWSIAT 1553 (CanLII),2021-09-29,0,0,0,0,0,0,0,,
2021onwsiat1554,2021 ONWSIAT 1554 (CanLII),2021-09-29,0,0,0,0,0,0,0,,
2021onwsiat1555,2021 ONWSIAT 1555 (CanLII),2021-09-29,0,0,0,0,0,0,0,,
2021onwsiat1556,2021 ONWSIAT 1556 (CanLII),2021-09-29,0,0,0,0,0,0,0,,
2021onwsiat1557,2021 ONWSIAT 1557 (CanLII),2021-09-29,0,0,0,0,0,0,0,,
2021onwsiat1558,2021 ONWSIAT 1558 (CanLII),2021-09-29,0,0,0,0,0,0,0,,
2021onwsiat1559,2021 ONWSIAT 1559 (CanLII),2021-09-29,0,0,0,0,0,0,0,,
2021onwsiat1560,2021 ONWSIAT 1560 (CanLII),2021-09-29,0,0,0,0,0,0,0,,
2021onwsiat1561,2021 ONWSIAT 1561 (CanLII),2021-09-29,0,0,0,0,0,0,0,,
2021onwsiat1562,2021 ONWSIAT 1562 (CanLII),2021-09-29,0,0,0,0,0,0,0,,
2021onwsiat1563,2021 ONWSIAT 1563 (CanLII),2021-09-29,0,0,0,0,0,0,1,,
2021onwsiat1564,2021 ONWSIAT 1564 (CanLII),2021-09-29,0,0,0,0,0,0,0,,
2021onwsiat1565,2021 ONWSIAT 1565 (CanLII),2021-10-01,0,0,0,0,0,0,0,,
2021onwsiat1566,2021 ONWSIAT 1566 (CanLII),2021-10-01,0,0,0,0,0,0,0,,
2021onwsiat1567,2021 ONWSIAT 1567 (CanLII),2021-10-01,0,0,0,0,0,0,0,,
2021onwsiat1568,2021 ONWSIAT 1568 (CanLII),2021-10-01,0,0,0,0,0,0,0,,
2021onwsiat1569,2021 ONWSIAT 1569 (CanLII),2021-10-01,0,0,0,0,0,0,0,,
2021onwsiat1570,2021 ONWSIAT 1570 (CanLII),2021-10-01,0,0,0,0,0,0,0,,
2021onwsiat1571,2021 ONWSIAT 1571 (CanLII),2021-10-01,0,0,0,0,0,0,0,,
2021onwsiat1572,2021 ONWSIAT 1572 (CanLII),2021-10-01,0,0,0,0,0,0,0,,
2021onwsiat1573,2021 ONWSIAT 1573 (CanLII),2021-10-01,0,0,0,0,0,0,0,,
2021onwsiat1574,2021 ONWSIAT 1574 (CanLII),2021-10-01,0,0,0,0,0,0,0,,
2021onwsiat1575,2021 ONWSIAT 1575 (CanLII),2021-10-04,0,0,0,0,0,0,0,,
2021onwsiat1576,2021 ONWSIAT 1576 (CanLII),2021-10-04,0,0,0,0,0,0,0,,
2021onwsiat1577,2021 ONWSIAT 1577 (CanLII),2021-10-04,0,0,0,0,0,0,0,,
2021onwsiat1578,2021 ONWSIAT 1578 (CanLII),2021-10-04,0,0,0,0,0,0,0,,
2021onwsiat1579,2021 ONWSIAT 1579 (CanLII),2021-10-04,0,0,0,0,0,0,0,,
2021onwsiat1580,2021 ONWSIAT 1580 (CanLII),2021-10-04,0,0,0,0,0,0,0,,
2021onwsiat1581,2021 ONWSIAT 1581 (CanLII),2021-10-04,0,0,0,0,0,0,0,,
2021onwsiat1582,2021 ONWSIAT 1582 (CanLII),2021-10-04,0,0,0,0,0,0,0,,
2021onwsiat1583,2021 ONWSIAT 1583 (CanLII),2021-10-04,0,0,0,0,0,0,0,,
2021onwsiat1584,2021 ONWSIAT 1584 (CanLII),2021-10-04,0,0,0,0,0,0,0,,
2021onwsiat1585,2021 ONWSIAT 1585 (CanLII),2021-10-05,0,0,0,0,0,0,0,,
2021onwsiat1586,2021 ONWSIAT 1586 (CanLII),2021-10-05,0,0,0,0,0,0,1,,
2021onwsiat1587,2021 ONWSIAT 1587 (CanLII),2021-10-05,0,0,0,0,0,0,0,,
2021onwsiat1588,2021 ONWSIAT 1588 (CanLII),2021-10-05,0,0,0,0,0,0,0,,
2021onwsiat1589,2021 ONWSIAT 1589 (CanLII),2021-10-05,0,0,0,0,0,0,0,,
2021onwsiat1590,2021 ONWSIAT 1590 (CanLII),2021-10-05,0,0,0,0,0,0,0,,
2021onwsiat1591,2021 ONWSIAT 1591 (CanLII),2021-10-05,0,0,0,0,0,0,0,,
2021onwsiat1592,2021 ONWSIAT 1592 (CanLII),2021-10-05,0,0,0,0,0,0,0,,
2021onwsiat1593,2021 ONWSIAT 1593 (CanLII),2021-10-06,0,0,0,0,0,0,0,,
2021onwsiat1594,2021 ONWSIAT 1594 (CanLII),2021-10-06,0,0,0,0,0,0,1,,
2021onwsiat1595,2021 ONWSIAT 1595 (CanLII),2021-10-06,0,0,0,0,0,0,0,,
2021onwsiat1596,2021 ONWSIAT 1596 (CanLII),2021-10-06,0,0,0,0,0,0,0,,
2021onwsiat1597,2021 ONWSIAT 1597 (CanLII),2021-10-07,0,0,0,0,0,0,0,,
2021onwsiat1598,2021 ONWSIAT 1598 (CanLII),2021-10-07,0,0,0,0,0,0,0,,
2021onwsiat1599,2021 ONWSIAT 1599 (CanLII),2021-10-07,0,0,0,0,0,0,0,,
2021onwsiat1600,2021 ONWSIAT 1600 (CanLII),2021-10-07,0,0,0,0,0,0,0,,
2021onwsiat1601,2021 ONWSIAT 1601 (CanLII),2021-10-07,0,0,0,0,0,0,0,,
2021onwsiat1602,2021 ONWSIAT 1602 (CanLII),2021-10-07,0,0,0,0,0,0,0,,
2021onwsiat1603,2021 ONWSIAT 1603 (CanLII),2021-10-07,0,0,0,0,0,0,0,,
2021onwsiat1604,2021 ONWSIAT 1604 (CanLII),2021-10-08,0,0,0,0,0,0,0,,
2021onwsiat1605,2021 ONWSIAT 1605 (CanLII),2021-10-08,0,0,0,0,0,0,0,,
2021onwsiat1606,2021 ONWSIAT 1606 (CanLII),2021-10-08,0,0,0,0,0,0,0,,
2021onwsiat1607,2021 ONWSIAT 1607 (CanLII),2021-10-08,0,0,0,0,0,0,0,,
2021onwsiat1608,2021 ONWSIAT 1608 (CanLII),2021-10-08,0,0,0,0,0,0,0,,
2021onwsiat1609,2021 ONWSIAT 1609 (CanLII),2021-10-08,0,0,0,0,0,0,0,,
2021onwsiat1610,2021 ONWSIAT 1610 (CanLII),2021-10-08,0,0,0,0,0,0,0,,
2021onwsiat1611,2021 ONWSIAT 1611 (CanLII),2021-10-08,0,0,0,0,0,0,0,,
2021onwsiat1612,2021 ONWSIAT 1612 (CanLII),2021-10-08,0,0,0,0,0,0,0,,
2021onwsiat1613,2021 ONWSIAT 1613 (CanLII),2021-10-08,0,0,0,0,0,0,0,,
2021onwsiat1614,2021 ONWSIAT 1614 (CanLII),2021-10-12,0,0,0,0,0,0,1,,
2021onwsiat1615,2021 ONWSIAT 1615 (CanLII),2021-10-12,0,0,0,0,0,0,0,,
2021onwsiat1616,2021 ONWSIAT 1616 (CanLII),2021-10-12,0,0,0,0,0,0,0,,
2021onwsiat1617,2021 ONWSIAT 1617 (CanLII),2021-10-12,0,0,0,0,0,0,0,,
2021onwsiat1618,2021 ONWSIAT 1618 (CanLII),2021-10-12,0,0,0,0,0,0,0,,
2021onwsiat1619,2021 ONWSIAT 1619 (CanLII),2021-10-12,0,0,0,0,0,0,0,,
2021onwsiat1620,2021 ONWSIAT 1620 (CanLII),2021-10-12,0,0,0,0,0,0,0,,
2021onwsiat1621,2021 ONWSIAT 1621 (CanLII),2021-10-12,0,0,0,0,0,0,1,,
2021onwsiat1622,2021 ONWSIAT 1622 (CanLII),2021-10-12,0,0,0,0,0,0,1,,
2021onwsiat1623,2021 ONWSIAT 1623 (CanLII),2021-10-12,0,0,0,0,0,0,0,,
2021onwsiat1624,2021 ONWSIAT 1624 (CanLII),2021-10-12,0,0,0,0,0,0,0,,
2021onwsiat1625,2021 ONWSIAT 1625 (CanLII),2021-10-13,0,0,0,0,0,0,0,,
2021onwsiat1626,2021 ONWSIAT 1626 (CanLII),2021-10-13,0,0,0,0,0,0,0,,
2021onwsiat1627,2021 ONWSIAT 1627 (CanLII),2021-10-13,0,0,0,0,0,0,0,,
2021onwsiat1628,2021 ONWSIAT 1628 (CanLII),2021-10-13,0,0,0,0,0,0,0,,
2021onwsiat1629,2021 ONWSIAT 1629 (CanLII),2021-10-13,0,0,0,0,0,0,0,,
2021onwsiat1630,2021 ONWSIAT 1630 (CanLII),2021-10-13,0,0,0,0,0,0,0,,
2021onwsiat1631,2021 ONWSIAT 1631 (CanLII),2021-10-13,0,0,0,0,0,0,0,,
2021onwsiat1632,2021 ONWSIAT 1632 (CanLII),2021-10-13,0,0,0,0,0,0,0,,
2021onwsiat1633,2021 ONWSIAT 1633 (CanLII),2021-10-13,0,0,0,0,0,0,0,,
2021onwsiat1634,2021 ONWSIAT 1634 (CanLII),2021-10-13,0,0,0,0,0,0,0,,
2021onwsiat1635,2021 ONWSIAT 1635 (CanLII),2021-10-13,0,0,0,0,0,0,0,,
2021onwsiat1636,2021 ONWSIAT 1636 (CanLII),2021-10-13,0,0,0,0,0,0,0,,
2021onwsiat1637,2021 ONWSIAT 1637 (CanLII),2021-10-13,0,0,0,0,0,0,0,,
2021onwsiat1638,2021 ONWSIAT 1638 (CanLII),2021-10-13,0,0,0,0,0,0,0,,
2021onwsiat1639,2021 ONWSIAT 1639 (CanLII),2021-10-14,0,0,0,0,0,0,0,,
2021onwsiat1640,2021 ONWSIAT 1640 (CanLII),2021-10-14,0,0,0,0,0,0,0,,
2021onwsiat1641,2021 ONWSIAT 1641 (CanLII),2021-10-14,0,0,0,0,0,0,0,,
2021onwsiat1642,2021 ONWSIAT 1642 (CanLII),2021-10-14,0,0,0,0,0,0,0,,
2021onwsiat1643,2021 ONWSIAT 1643 (CanLII),2021-10-14,0,0,0,0,0,0,0,,
2021onwsiat1644,2021 ONWSIAT 1644 (CanLII),2021-10-14,0,0,0,0,0,0,0,,
2021onwsiat1645,2021 ONWSIAT 1645 (CanLII),2021-10-14,0,0,0,0,0,0,1,,
2021onwsiat1646,2021 ONWSIAT 1646 (CanLII),2021-10-14,0,0,0,0,0,0,0,,
2021onwsiat1647,2021 ONWSIAT 1647 (CanLII),2021-10-14,0,0,0,0,0,0,0,,
2021onwsiat1648,2021 ONWSIAT 1648 (CanLII),2021-10-14,0,0,0,0,0,0,0,,
2021onwsiat1649,2021 ONWSIAT 1649 (CanLII),2021-10-14,0,0,0,0,0,0,0,,
2021onwsiat1650,2021 ONWSIAT 1650 (CanLII),2021-10-14,0,0,0,0,0,0,0,,
2021onwsiat1651,2021 ONWSIAT 1651 (CanLII),2021-10-14,0,0,0,0,0,0,0,,
2021onwsiat1652,2021 ONWSIAT 1652 (CanLII),2021-10-14,0,0,0,0,0,0,0,,
2021onwsiat1653,2021 ONWSIAT 1653 (CanLII),2021-10-14,0,0,0,0,0,0,0,,
2021onwsiat1654,2021 ONWSIAT 1654 (CanLII),2021-10-14,0,0,0,0,0,0,0,,
2021onwsiat1655,2021 ONWSIAT 1655 (CanLII),2021-10-15,0,0,0,0,0,0,0,,
2021onwsiat1656,2021 ONWSIAT 1656 (CanLII),2021-10-15,0,0,0,0,0,0,0,,
2021onwsiat1657,2021 ONWSIAT 1657 (CanLII),2021-10-15,0,0,0,0,0,0,0,,
2021onwsiat1658,2021 ONWSIAT 1658 (CanLII),2021-10-18,0,0,0,0,0,0,0,,
2021onwsiat1659,2021 ONWSIAT 1659 (CanLII),2021-10-18,1,0,0,0,0,0,0,,
2021onwsiat1660,2021 ONWSIAT 1660 (CanLII),2021-10-18,0,0,0,0,0,0,0,,
2021onwsiat1661,2021 ONWSIAT 1661 (CanLII),2021-10-18,0,0,0,0,0,0,1,,
2021onwsiat1662,2021 ONWSIAT 1662 (CanLII),2021-10-18,0,0,0,0,0,0,0,,
2021onwsiat1663,2021 ONWSIAT 1663 (CanLII),2021-10-18,0,0,0,0,0,0,0,,
2021onwsiat1664,2021 ONWSIAT 1664 (CanLII),2021-10-19,0,0,0,0,0,0,0,,
2021onwsiat1665,2021 ONWSIAT 1665 (CanLII),2021-10-19,0,0,0,0,0,0,0,,
2021onwsiat1666,2021 ONWSIAT 1666 (CanLII),2021-10-19,0,0,0,0,0,0,0,,
2021onwsiat1667,2021 ONWSIAT 1667 (CanLII),2021-10-19,0,0,0,0,0,0,0,,
2021onwsiat1668,2021 ONWSIAT 1668 (CanLII),2021-10-19,0,0,0,0,0,0,0,,
2021onwsiat1669,2021 ONWSIAT 1669 (CanLII),2021-10-19,0,0,0,0,0,0,0,,
2021onwsiat1670,2021 ONWSIAT 1670 (CanLII),2021-10-19,0,0,0,0,0,0,0,,
2021onwsiat1671,2021 ONWSIAT 1671 (CanLII),2021-10-19,0,0,0,0,0,0,0,,
2021onwsiat1672,2021 ONWSIAT 1672 (CanLII),2021-10-19,0,0,0,0,0,0,0,,
2021onwsiat1673,2021 ONWSIAT 1673 (CanLII),2021-10-19,0,0,0,0,0,0,0,,
2021onwsiat1674,2021 ONWSIAT 1674 (CanLII),2021-10-19,0,0,0,0,0,0,0,,
2021onwsiat1675,2021 ONWSIAT 1675 (CanLII),2021-10-19,0,0,0,0,0,0,0,,
2021onwsiat1676,2021 ONWSIAT 1676 (CanLII),2021-10-19,0,0,0,0,0,0,0,,
2021onwsiat1677,2021 ONWSIAT 1677 (CanLII),2021-10-20,0,0,0,0,0,0,0,,
2021onwsiat1678,2021 ONWSIAT 1678 (CanLII),2021-10-20,0,0,0,0,0,0,0,,
2021onwsiat1679,2021 ONWSIAT 1679 (CanLII),2021-10-20,0,0,0,0,0,0,0,,
2021onwsiat1680,2021 ONWSIAT 1680 (CanLII),2021-10-20,0,0,0,0,0,0,0,,
2021onwsiat1681,2021 ONWSIAT 1681 (CanLII),2021-10-20,0,0,0,0,0,0,0,,
2021onwsiat1682,2021 ONWSIAT 1682 (CanLII),2021-10-20,0,0,0,0,0,0,0,,
2021onwsiat1683,2021 ONWSIAT 1683 (CanLII),2021-10-20,0,0,0,0,0,0,0,,
2021onwsiat1684,2021 ONWSIAT 1684 (CanLII),2021-10-20,0,0,0,0,0,0,0,,
2021onwsiat1686,2021 ONWSIAT 1686 (CanLII),2021-10-20,0,0,0,0,0,0,0,,
2021onwsiat1687,2021 ONWSIAT 1687 (CanLII),2021-10-21,0,0,0,0,0,0,0,,
2021onwsiat1688,2021 ONWSIAT 1688 (CanLII),2021-10-21,0,0,0,0,0,0,0,,
2021onwsiat1689,2021 ONWSIAT 1689 (CanLII),2021-10-21,0,0,0,0,0,0,0,,
2021onwsiat1690,2021 ONWSIAT 1690 (CanLII),2021-10-22,0,0,0,0,0,0,0,,
2021onwsiat1691,2021 ONWSIAT 1691 (CanLII),2021-10-22,0,0,0,0,0,0,0,,
2021onwsiat1692,2021 ONWSIAT 1692 (CanLII),2021-10-22,0,0,0,0,0,0,0,,
2021onwsiat1693,2021 ONWSIAT 1693 (CanLII),2021-10-22,0,0,0,0,0,0,0,,
2021onwsiat1694,2021 ONWSIAT 1694 (CanLII),2021-10-22,0,0,0,0,0,0,0,,
2021onwsiat1695,2021 ONWSIAT 1695 (CanLII),2021-10-22,0,0,0,0,0,0,0,,
2021onwsiat1696,2021 ONWSIAT 1696 (CanLII),2021-10-22,0,0,0,0,0,0,0,,
2021onwsiat1697,2021 ONWSIAT 1697 (CanLII),2021-10-22,0,0,0,0,0,0,0,,
2021onwsiat1698,2021 ONWSIAT 1698 (CanLII),2021-10-22,0,0,0,0,0,0,0,,
2021onwsiat1699,2021 ONWSIAT 1699 (CanLII),2021-10-22,0,0,0,0,0,0,0,,
2021onwsiat1700,2021 ONWSIAT 1700 (CanLII),2021-10-22,0,0,0,0,0,0,0,,
2021onwsiat1701,2021 ONWSIAT 1701 (CanLII),2021-10-25,0,0,0,0,0,0,0,,
2021onwsiat1702,2021 ONWSIAT 1702 (CanLII),2021-10-25,0,0,0,0,0,0,0,,
2021onwsiat1703,2021 ONWSIAT 1703 (CanLII),2021-10-25,0,0,0,0,0,0,0,,
2021onwsiat1704,2021 ONWSIAT 1704 (CanLII),2021-10-26,0,0,0,0,0,0,0,,
2021onwsiat1705,2021 ONWSIAT 1705 (CanLII),2021-10-26,0,0,0,0,0,0,0,,
2021onwsiat1706,2021 ONWSIAT 1706 (CanLII),2021-10-26,0,0,0,0,0,0,0,,
2021onwsiat1707,2021 ONWSIAT 1707 (CanLII),2021-10-26,0,0,0,0,0,0,0,,
2021onwsiat1708,2021 ONWSIAT 1708 (CanLII),2021-10-26,0,0,0,0,0,0,0,,
2021onwsiat1709,2021 ONWSIAT 1709 (CanLII),2021-10-26,0,0,0,0,0,0,0,,
2021onwsiat1710,2021 ONWSIAT 1710 (CanLII),2021-10-26,0,0,0,0,0,0,0,,
2021onwsiat1711,2021 ONWSIAT 1711 (CanLII),2021-10-26,0,0,0,0,0,0,0,,
2021onwsiat1712,2021 ONWSIAT 1712 (CanLII),2021-10-26,0,0,0,0,0,0,0,,
2021onwsiat1713,2021 ONWSIAT 1713 (CanLII),2021-10-26,0,0,0,0,0,0,0,,
2021onwsiat1714,2021 ONWSIAT 1714 (CanLII),2021-10-27,0,0,0,0,0,0,0,,
2021onwsiat1715,2021 ONWSIAT 1715 (CanLII),2021-10-27,0,0,0,0,0,0,0,,
2021onwsiat1716,2021 ONWSIAT 1716 (CanLII),2021-10-27,0,0,0,0,0,0,0,,
2021onwsiat1717,2021 ONWSIAT 1717 (CanLII),2021-10-27,0,0,0,0,0,0,0,,
2021onwsiat1718,2021 ONWSIAT 1718 (CanLII),2021-10-27,0,0,0,0,0,0,0,,
2021onwsiat1719,2021 ONWSIAT 1719 (CanLII),2021-10-27,0,0,0,0,0,0,0,,
2021onwsiat1720,2021 ONWSIAT 1720 (CanLII),2021-10-27,0,0,0,0,0,0,0,,
2021onwsiat1721,2021 ONWSIAT 1721 (CanLII),2021-10-27,0,0,0,0,0,0,0,,
2021onwsiat1722,2021 ONWSIAT 1722 (CanLII),2021-10-28,0,0,0,0,0,0,0,,
2021onwsiat1723,2021 ONWSIAT 1723 (CanLII),2021-10-28,0,0,0,0,0,0,0,,
2021onwsiat1724,2021 ONWSIAT 1724 (CanLII),2021-10-28,0,0,0,0,0,0,0,,
2021onwsiat1725,2021 ONWSIAT 1725 (CanLII),2021-10-28,0,0,0,0,0,0,0,,
2021onwsiat1726,2021 ONWSIAT 1726 (CanLII),2021-10-28,0,0,0,0,0,0,0,,
2021onwsiat1727,2021 ONWSIAT 1727 (CanLII),2021-10-28,0,0,0,0,0,0,0,,
2021onwsiat1728,2021 ONWSIAT 1728 (CanLII),2021-10-28,0,0,0,0,0,0,0,,
2021onwsiat1729,2021 ONWSIAT 1729 (CanLII),2021-10-28,0,0,0,0,0,0,0,,
2021onwsiat1730,2021 ONWSIAT 1730 (CanLII),2021-10-28,0,0,0,0,0,0,0,,
2021onwsiat1731,2021 ONWSIAT 1731 (CanLII),2021-10-29,0,0,0,0,0,0,0,,
2021onwsiat1732,2021 ONWSIAT 1732 (CanLII),2021-10-29,0,0,0,0,0,0,0,,
2021onwsiat1733,2021 ONWSIAT 1733 (CanLII),2021-10-29,0,0,0,0,0,0,0,,
2021onwsiat1734,2021 ONWSIAT 1734 (CanLII),2021-11-01,0,0,0,0,0,0,0,,
2021onwsiat1735,2021 ONWSIAT 1735 (CanLII),2021-11-01,0,0,0,0,0,0,0,,
2021onwsiat1736,2021 ONWSIAT 1736 (CanLII),2021-11-01,0,0,0,0,0,0,0,,
2021onwsiat1737,2021 ONWSIAT 1737 (CanLII),2021-11-01,0,0,0,0,0,0,0,,
2021onwsiat1738,2021 ONWSIAT 1738 (CanLII),2021-11-01,0,0,0,0,0,0,0,,
2021onwsiat1739,2021 ONWSIAT 1739 (CanLII),2021-11-01,0,0,0,0,0,0,0,,
2021onwsiat1740,2021 ONWSIAT 1740 (CanLII),2021-11-01,0,0,0,0,0,0,0,,
2021onwsiat1741,2021 ONWSIAT 1741 (CanLII),2021-11-01,0,0,0,0,0,0,0,,
2021onwsiat1742,2021 ONWSIAT 1742 (CanLII),2021-11-01,0,0,0,0,0,0,0,,
2021onwsiat1743,2021 ONWSIAT 1743 (CanLII),2021-11-02,0,0,0,0,0,0,0,,
2021onwsiat1744,2021 ONWSIAT 1744 (CanLII),2021-11-02,0,0,0,0,0,0,1,,
2021onwsiat1745,2021 ONWSIAT 1745 (CanLII),2021-11-02,0,0,0,0,0,0,1,,
2021onwsiat1746,2021 ONWSIAT 1746 (CanLII),2021-11-02,0,0,0,0,0,0,0,,
2021onwsiat1747,2021 ONWSIAT 1747 (CanLII),2021-11-02,0,0,0,0,0,0,0,,
2021onwsiat1748,2021 ONWSIAT 1748 (CanLII),2021-11-02,0,0,0,0,0,0,0,,
2021onwsiat1749,2021 ONWSIAT 1749 (CanLII),2021-11-02,0,0,0,0,0,0,0,,
2021onwsiat1750,2021 ONWSIAT 1750 (CanLII),2021-11-02,0,0,0,0,0,0,0,,
2021onwsiat1751,2021 ONWSIAT 1751 (CanLII),2021-11-02,0,0,0,0,0,0,0,,
2021onwsiat1752,2021 ONWSIAT 1752 (CanLII),2021-11-02,0,0,0,0,0,0,0,,
2021onwsiat1753,2021 ONWSIAT 1753 (CanLII),2021-11-02,0,0,0,0,0,0,0,,
2021onwsiat1754,2021 ONWSIAT 1754 (CanLII),2021-11-02,0,0,0,0,0,0,0,,
2021onwsiat1755,2021 ONWSIAT 1755 (CanLII),2021-11-02,0,0,0,0,0,0,0,,
2021onwsiat1756,2021 ONWSIAT 1756 (CanLII),2021-11-03,0,0,0,0,0,0,0,,
2021onwsiat1757,2021 ONWSIAT 1757 (CanLII),2021-11-03,0,0,0,0,0,0,0,,
2021onwsiat1758,2021 ONWSIAT 1758 (CanLII),2021-11-03,0,0,0,0,0,0,0,,
2021onwsiat1759,2021 ONWSIAT 1759 (CanLII),2021-11-03,0,0,0,0,0,0,0,,
2021onwsiat1760,2021 ONWSIAT 1760 (CanLII),2021-11-03,0,0,0,0,0,0,0,,
2021onwsiat1761,2021 ONWSIAT 1761 (CanLII),2021-11-03,0,0,0,0,0,0,0,,
2021onwsiat1762,2021 ONWSIAT 1762 (CanLII),2021-11-03,0,0,0,0,0,0,0,,
2021onwsiat1763,2021 ONWSIAT 1763 (CanLII),2021-11-03,0,0,0,0,0,0,0,,
2021onwsiat1764,2021 ONWSIAT 1764 (CanLII),2021-11-03,0,0,0,0,0,0,0,,
2021onwsiat1765,2021 ONWSIAT 1765 (CanLII),2021-11-04,0,0,0,0,0,0,0,,
2021onwsiat1766,2021 ONWSIAT 1766 (CanLII),2021-11-04,0,0,0,0,0,0,0,,
2021onwsiat1767,2021 ONWSIAT 1767 (CanLII),2021-11-04,0,0,0,0,0,0,0,,
2021onwsiat1768,2021 ONWSIAT 1768 (CanLII),2021-11-05,0,0,0,0,0,0,0,,
2021onwsiat1769,2021 ONWSIAT 1769 (CanLII),2021-11-05,0,0,0,0,0,0,0,,
2021onwsiat1770,2021 ONWSIAT 1770 (CanLII),2021-11-05,0,0,0,0,0,0,0,,
2021onwsiat1771,2021 ONWSIAT 1771 (CanLII),2021-11-05,0,0,0,0,0,0,0,,
2021onwsiat1772,2021 ONWSIAT 1772 (CanLII),2021-11-05,0,0,0,0,0,0,0,,
2021onwsiat1773,2021 ONWSIAT 1773 (CanLII),2021-11-05,0,0,0,0,0,0,0,,
2021onwsiat1774,2021 ONWSIAT 1774 (CanLII),2021-11-05,0,0,0,0,0,0,0,,
2021onwsiat1775,2021 ONWSIAT 1775 (CanLII),2021-11-05,0,0,0,0,0,0,0,,
2021onwsiat1776,2021 ONWSIAT 1776 (CanLII),2021-11-05,0,0,0,0,0,0,0,,
2021onwsiat1777,2021 ONWSIAT 1777 (CanLII),2021-11-08,0,0,0,0,0,0,0,,
2021onwsiat1778,2021 ONWSIAT 1778 (CanLII),2021-11-08,0,0,0,0,0,0,0,,
2021onwsiat1779,2021 ONWSIAT 1779 (CanLII),2021-11-08,0,0,0,0,0,0,0,,
2021onwsiat1780,2021 ONWSIAT 1780 (CanLII),2021-11-08,0,0,0,0,0,0,0,,
2021onwsiat1781,2021 ONWSIAT 1781 (CanLII),2021-11-08,0,0,0,0,0,0,0,,
2021onwsiat1782,2021 ONWSIAT 1782 (CanLII),2021-11-08,0,0,0,0,0,0,0,,
2021onwsiat1783,2021 ONWSIAT 1783 (CanLII),2021-11-08,0,0,0,0,0,0,0,,
2021onwsiat1784,2021 ONWSIAT 1784 (CanLII),2021-11-08,0,0,0,0,0,0,0,,
2021onwsiat1785,2021 ONWSIAT 1785 (CanLII),2021-11-09,0,0,0,0,0,0,0,,
2021onwsiat1786,2021 ONWSIAT 1786 (CanLII),2021-11-09,0,0,0,0,0,0,1,,
2021onwsiat1787,2021 ONWSIAT 1787 (CanLII),2021-11-09,0,0,0,0,0,0,0,,
2021onwsiat1788,2021 ONWSIAT 1788 (CanLII),2021-11-09,0,0,0,0,0,0,0,,
2021onwsiat1789,2021 ONWSIAT 1789 (CanLII),2021-11-09,0,0,0,0,0,0,0,,
2021onwsiat1790,2021 ONWSIAT 1790 (CanLII),2021-11-09,0,0,0,0,0,0,0,,
2021onwsiat1791,2021 ONWSIAT 1791 (CanLII),2021-11-10,0,0,0,0,0,0,0,,
2021onwsiat1792,2021 ONWSIAT 1792 (CanLII),2021-11-10,0,0,0,0,0,0,0,,
2021onwsiat1793,2021 ONWSIAT 1793 (CanLII),2021-11-10,0,0,0,0,0,0,0,,
2021onwsiat1794,2021 ONWSIAT 1794 (CanLII),2021-11-10,0,0,0,0,0,0,0,,
2021onwsiat1795,2021 ONWSIAT 1795 (CanLII),2021-11-10,0,0,0,0,0,0,0,,
2021onwsiat1796,2021 ONWSIAT 1796 (CanLII),2021-11-10,0,0,0,0,0,0,0,,
2021onwsiat1797,2021 ONWSIAT 1797 (CanLII),2021-11-10,0,0,0,0,0,0,0,,
2021onwsiat1798,2021 ONWSIAT 1798 (CanLII),2021-11-10,0,0,0,0,0,0,0,,
2021onwsiat1799,2021 ONWSIAT 1799 (CanLII),2021-11-10,0,0,0,0,0,0,1,,
2021onwsiat1800,2021 ONWSIAT 1800 (CanLII),2021-11-10,0,0,0,0,0,0,0,,
2021onwsiat1801,2021 ONWSIAT 1801 (CanLII),2021-11-10,0,0,0,0,0,0,0,,
2021onwsiat1802,2021 ONWSIAT 1802 (CanLII),2021-11-12,0,0,0,0,0,0,0,,
2021onwsiat1804,2021 ONWSIAT 1804 (CanLII),2021-11-12,0,0,0,0,0,0,1,,
2021onwsiat1805,2021 ONWSIAT 1805 (CanLII),2021-11-12,0,0,0,0,0,0,0,,
2021onwsiat1806,2021 ONWSIAT 1806 (CanLII),2021-11-12,0,0,0,0,0,0,0,,
2021onwsiat1807,2021 ONWSIAT 1807 (CanLII),2021-11-12,0,0,0,0,0,0,0,,
2021onwsiat1808,2021 ONWSIAT 1808 (CanLII),2021-11-12,0,0,0,0,0,0,1,,
2021onwsiat1809,2021 ONWSIAT 1809 (CanLII),2021-11-12,0,0,0,0,0,0,0,,
2021onwsiat1810,2021 ONWSIAT 1810 (CanLII),2021-11-12,0,0,0,0,0,0,0,,
2021onwsiat1811,2021 ONWSIAT 1811 (CanLII),2021-11-12,0,0,0,0,0,0,0,,
2021onwsiat1812,2021 ONWSIAT 1812 (CanLII),2021-11-12,0,0,0,0,0,0,1,,
2021onwsiat1813,2021 ONWSIAT 1813 (CanLII),2021-11-15,0,0,0,0,0,0,0,,
2021onwsiat1814,2021 ONWSIAT 1814 (CanLII),2021-11-15,0,0,0,0,0,0,0,,
2021onwsiat1815,2021 ONWSIAT 1815 (CanLII),2021-11-15,0,0,0,0,0,0,0,,
2021onwsiat1816,2021 ONWSIAT 1816 (CanLII),2021-11-15,0,0,0,0,0,0,0,,
2021onwsiat1817,2021 ONWSIAT 1817 (CanLII),2021-11-15,0,0,0,0,0,0,0,,
2021onwsiat1818,2021 ONWSIAT 1818 (CanLII),2021-11-16,0,0,0,0,0,0,0,,
2021onwsiat1819,2021 ONWSIAT 1819 (CanLII),2021-11-16,0,0,0,0,0,0,0,,
2021onwsiat1820,2021 ONWSIAT 1820 (CanLII),2021-11-16,0,0,0,0,0,0,0,,
2021onwsiat1821,2021 ONWSIAT 1821 (CanLII),2021-11-16,0,0,0,0,0,0,0,,
2021onwsiat1822,2021 ONWSIAT 1822 (CanLII),2021-11-16,0,0,0,0,0,0,0,,
2021onwsiat1823,2021 ONWSIAT 1823 (CanLII),2021-11-16,0,0,0,0,0,0,0,,
2021onwsiat1824,2021 ONWSIAT 1824 (CanLII),2021-11-16,0,0,0,0,0,0,0,,
2021onwsiat1825,2021 ONWSIAT 1825 (CanLII),2021-11-16,0,0,0,0,0,0,1,,
2021onwsiat1826,2021 ONWSIAT 1826 (CanLII),2021-11-16,0,0,0,0,0,0,0,,
2021onwsiat1827,2021 ONWSIAT 1827 (CanLII),2021-11-17,0,0,0,0,0,0,1,,
2021onwsiat1828,2021 ONWSIAT 1828 (CanLII),2021-11-17,0,0,0,0,0,0,0,,
2021onwsiat1829,2021 ONWSIAT 1829 (CanLII),2021-11-17,0,0,0,0,0,0,0,,
2021onwsiat1830,2021 ONWSIAT 1830 (CanLII),2021-11-17,0,0,0,0,0,0,0,,
2021onwsiat1831,2021 ONWSIAT 1831 (CanLII),2021-11-17,0,0,0,0,0,0,0,,
2021onwsiat1832,2021 ONWSIAT 1832 (CanLII),2021-11-17,0,0,0,0,0,0,1,,
2021onwsiat1833,2021 ONWSIAT 1833 (CanLII),2021-11-17,0,0,0,0,0,0,0,,
2021onwsiat1834,2021 ONWSIAT 1834 (CanLII),2021-11-17,0,0,0,0,0,0,0,,
2021onwsiat1835,2021 ONWSIAT 1835 (CanLII),2021-11-17,0,0,0,0,0,0,0,,
2021onwsiat1836,2021 ONWSIAT 1836 (CanLII),2021-11-17,0,0,0,0,0,0,0,,
2021onwsiat1837,2021 ONWSIAT 1837 (CanLII),2021-11-17,0,0,0,0,0,0,0,,
2021onwsiat1838,2021 ONWSIAT 1838 (CanLII),2021-11-18,0,0,0,0,0,0,0,,
2021onwsiat1839,2021 ONWSIAT 1839 (CanLII),2021-11-18,0,0,0,0,0,0,0,,
2021onwsiat1840,2021 ONWSIAT 1840 (CanLII),2021-11-18,0,0,0,0,0,0,0,,
2021onwsiat1841,2021 ONWSIAT 1841 (CanLII),2021-11-18,0,0,0,0,0,0,0,,
2021onwsiat1842,2021 ONWSIAT 1842 (CanLII),2021-11-18,0,0,0,0,0,0,0,,
2021onwsiat1843,2021 ONWSIAT 1843 (CanLII),2021-11-18,0,0,0,0,0,0,0,,
2021onwsiat1844,2021 ONWSIAT 1844 (CanLII),2021-11-18,0,0,0,0,0,0,0,,
2021onwsiat1845,2021 ONWSIAT 1845 (CanLII),2021-11-18,0,0,0,0,0,0,0,,
2021onwsiat1846,2021 ONWSIAT 1846 (CanLII),2021-11-19,0,0,0,0,0,0,0,,
2021onwsiat1847,2021 ONWSIAT 1847 (CanLII),2021-11-19,0,0,0,0,0,0,0,,
2021onwsiat1848,2021 ONWSIAT 1848 (CanLII),2021-11-19,0,0,0,0,0,0,0,,
2021onwsiat1849,2021 ONWSIAT 1849 (CanLII),2021-11-22,0,0,0,0,0,0,0,,
2021onwsiat1850,2021 ONWSIAT 1850 (CanLII),2021-11-22,0,0,0,0,0,0,0,,
2021onwsiat1851,2021 ONWSIAT 1851 (CanLII),2021-11-22,0,0,0,0,0,0,0,,
2021onwsiat1852,2021 ONWSIAT 1852 (CanLII),2021-11-22,0,0,0,0,0,0,0,,
2021onwsiat1853,2021 ONWSIAT 1853 (CanLII),2021-11-22,0,0,0,0,0,0,0,,
2021onwsiat1854,2021 ONWSIAT 1854 (CanLII),2021-11-22,0,0,0,0,0,0,0,,
2021onwsiat1855,2021 ONWSIAT 1855 (CanLII),2021-11-22,0,0,0,0,0,0,0,,
2021onwsiat1856,2021 ONWSIAT 1856 (CanLII),2021-11-23,0,0,0,0,0,0,0,,
2021onwsiat1857,2021 ONWSIAT 1857 (CanLII),2021-11-23,0,0,0,0,0,0,0,,
2021onwsiat1858,2021 ONWSIAT 1858 (CanLII),2021-11-23,0,0,0,0,0,0,0,,
2021onwsiat1859,2021 ONWSIAT 1859 (CanLII),2021-11-23,0,0,0,0,0,0,0,,
2021onwsiat1860,2021 ONWSIAT 1860 (CanLII),2021-11-24,0,0,0,0,0,0,0,,
2021onwsiat1861,2021 ONWSIAT 1861 (CanLII),2021-11-24,0,0,0,0,0,0,0,,
2021onwsiat1862,2021 ONWSIAT 1862 (CanLII),2021-11-24,0,0,0,0,0,0,0,,
2021onwsiat1863,2021 ONWSIAT 1863 (CanLII),2021-11-24,0,0,0,0,0,0,0,,
2021onwsiat1864,2021 ONWSIAT 1864 (CanLII),2021-11-25,0,0,0,0,0,0,0,,
2021onwsiat1865,2021 ONWSIAT 1865 (CanLII),2021-11-25,0,0,0,0,0,0,0,,
2021onwsiat1866,2021 ONWSIAT 1866 (CanLII),2021-11-25,0,0,0,0,0,0,0,,
2021onwsiat1867,2021 ONWSIAT 1867 (CanLII),2021-11-25,0,0,0,0,0,0,0,,
2021onwsiat1868,2021 ONWSIAT 1868 (CanLII),2021-11-26,0,0,0,0,0,0,0,,
2021onwsiat1869,2021 ONWSIAT 1869 (CanLII),2021-11-26,0,0,0,0,0,0,0,,
2021onwsiat1870,2021 ONWSIAT 1870 (CanLII),2021-11-29,0,0,0,0,0,0,0,,
2021onwsiat1871,2021 ONWSIAT 1871 (CanLII),2021-11-29,0,0,0,0,0,0,0,,
2021onwsiat1872,2021 ONWSIAT 1872 (CanLII),2021-11-29,0,0,0,0,0,0,0,,
2021onwsiat1873,2021 ONWSIAT 1873 (CanLII),2021-11-29,0,0,0,0,0,0,0,,
2021onwsiat1874,2021 ONWSIAT 1874 (CanLII),2021-11-29,0,0,0,0,0,0,0,,
2021onwsiat1875,2021 ONWSIAT 1875 (CanLII),2021-11-29,0,0,0,0,0,0,0,,
2021onwsiat1876,2021 ONWSIAT 1876 (CanLII),2021-11-29,0,0,0,0,0,0,0,,
2021onwsiat1877,2021 ONWSIAT 1877 (CanLII),2021-11-29,0,0,0,0,0,0,0,,
2021onwsiat1878,2021 ONWSIAT 1878 (CanLII),2021-11-29,0,0,0,0,0,0,0,,
2021onwsiat1880,2021 ONWSIAT 1880 (CanLII),2021-11-30,0,0,0,0,0,0,0,,
2021onwsiat1881,2021 ONWSIAT 1881 (CanLII),2021-11-30,0,0,0,0,0,0,0,,
2021onwsiat1882,2021 ONWSIAT 1882 (CanLII),2021-11-30,0,0,0,0,0,0,0,,
2021onwsiat1883,2021 ONWSIAT 1883 (CanLII),2021-11-30,0,0,0,0,0,0,0,,
2021onwsiat1884,2021 ONWSIAT 1884 (CanLII),2021-11-30,0,0,0,0,0,0,0,,
2021onwsiat1885,2021 ONWSIAT 1885 (CanLII),2021-11-30,0,0,0,0,0,0,0,,
2021onwsiat1886,2021 ONWSIAT 1886 (CanLII),2021-11-30,0,0,0,0,0,0,1,,
2021onwsiat1887,2021 ONWSIAT 1887 (CanLII),2021-11-30,0,0,0,0,0,0,0,,
2021onwsiat1888,2021 ONWSIAT 1888 (CanLII),2021-11-30,0,0,0,0,0,0,0,,
2021onwsiat1889,2021 ONWSIAT 1889 (CanLII),2021-11-30,0,0,0,0,0,0,0,,
2021onwsiat1890,2021 ONWSIAT 1890 (CanLII),2021-11-30,0,0,0,0,0,0,0,,
2021onwsiat1891,2021 ONWSIAT 1891 (CanLII),2021-11-30,1,0,0,0,0,0,0,,
2021onwsiat1892,2021 ONWSIAT 1892 (CanLII),2021-11-30,0,0,0,0,0,0,0,,
2021onwsiat1893,2021 ONWSIAT 1893 (CanLII),2021-11-30,0,0,0,0,0,0,0,,
2021onwsiat1894,2021 ONWSIAT 1894 (CanLII),2021-12-01,0,0,0,0,0,0,0,,
2021onwsiat1895,2021 ONWSIAT 1895 (CanLII),2021-12-01,0,0,0,0,0,0,0,,
2021onwsiat1896,2021 ONWSIAT 1896 (CanLII),2021-12-01,0,0,0,0,0,0,0,,
2021onwsiat1897,2021 ONWSIAT 1897 (CanLII),2021-12-01,0,0,0,0,0,0,0,,
2021onwsiat1898,2021 ONWSIAT 1898 (CanLII),2021-12-01,0,0,0,0,0,0,0,,
2021onwsiat1899,2021 ONWSIAT 1899 (CanLII),2021-12-01,0,0,0,0,0,0,0,,
2021onwsiat1900,2021 ONWSIAT 1900 (CanLII),2021-12-01,0,0,0,0,0,0,0,,
2021onwsiat1901,2021 ONWSIAT 1901 (CanLII),2021-12-01,0,0,0,0,0,0,1,,
2021onwsiat1902,2021 ONWSIAT 1902 (CanLII),2021-12-01,0,0,0,0,0,0,0,,
2021onwsiat1903,2021 ONWSIAT 1903 (CanLII),2021-12-01,0,0,0,0,0,0,0,,
2021onwsiat1904,2021 ONWSIAT 1904 (CanLII),2021-12-02,0,0,0,0,0,0,0,,
2021onwsiat1905,2021 ONWSIAT 1905 (CanLII),2021-12-02,0,0,0,0,0,0,0,,
2021onwsiat1906,2021 ONWSIAT 1906 (CanLII),2021-12-02,0,0,0,0,0,0,1,,
2021onwsiat1907,2021 ONWSIAT 1907 (CanLII),2021-12-02,0,0,0,0,0,0,0,,
2021onwsiat1908,2021 ONWSIAT 1908 (CanLII),2021-12-02,0,0,0,0,0,0,0,,
2021onwsiat1909,2021 ONWSIAT 1909 (CanLII),2021-12-02,0,0,0,0,0,0,0,,
2021onwsiat1910,2021 ONWSIAT 1910 (CanLII),2021-12-02,1,0,0,0,0,0,0,,
2021onwsiat1911,2021 ONWSIAT 1911 (CanLII),2021-12-02,0,0,0,0,0,0,0,,
2021onwsiat1912,2021 ONWSIAT 1912 (CanLII),2021-12-02,0,0,0,0,0,0,0,,
2021onwsiat1913,2021 ONWSIAT 1913 (CanLII),2021-12-03,0,0,0,0,0,0,0,,
2021onwsiat1914,2021 ONWSIAT 1914 (CanLII),2021-12-03,0,0,0,0,0,0,0,,
2021onwsiat1915,2021 ONWSIAT 1915 (CanLII),2021-12-03,0,0,0,0,0,0,0,,
2021onwsiat1916,2021 ONWSIAT 1916 (CanLII),2021-12-03,0,0,0,0,0,0,0,,
2021onwsiat1917,2021 ONWSIAT 1917 (CanLII),2021-12-03,0,0,0,0,0,0,1,,
2021onwsiat1918,2021 ONWSIAT 1918 (CanLII),2021-12-03,0,0,0,0,0,0,0,,
2021onwsiat1919,2021 ONWSIAT 1919 (CanLII),2021-12-03,0,0,0,0,0,0,0,,
2021onwsiat1920,2021 ONWSIAT 1920 (CanLII),2021-12-03,0,0,0,0,0,0,0,,
2021onwsiat1921,2021 ONWSIAT 1921 (CanLII),2021-12-06,0,0,0,0,0,0,0,,
2021onwsiat1922,2021 ONWSIAT 1922 (CanLII),2021-12-06,0,0,0,0,0,0,0,,
2021onwsiat1923,2021 ONWSIAT 1923 (CanLII),2021-12-06,0,0,0,0,0,0,0,,
2021onwsiat1924,2021 ONWSIAT 1924 (CanLII),2021-12-06,0,0,0,0,0,0,0,,
2021onwsiat1925,2021 ONWSIAT 1925 (CanLII),2021-12-06,0,0,0,0,0,0,0,,
2021onwsiat1926,2021 ONWSIAT 1926 (CanLII),2021-12-06,0,0,0,0,0,0,0,,
2021onwsiat1927,2021 ONWSIAT 1927 (CanLII),2021-12-06,0,0,0,0,0,0,0,,
2021onwsiat1928,2021 ONWSIAT 1928 (CanLII),2021-12-07,0,0,0,0,0,0,0,,
2021onwsiat1929,2021 ONWSIAT 1929 (CanLII),2021-12-07,0,0,0,0,0,0,0,,
2021onwsiat1930,2021 ONWSIAT 1930 (CanLII),2021-12-07,0,0,0,0,0,0,0,,
2021onwsiat1931,2021 ONWSIAT 1931 (CanLII),2021-12-07,0,0,0,0,0,0,0,,
2021onwsiat1932,2021 ONWSIAT 1932 (CanLII),2021-12-07,0,0,0,0,0,0,0,,
2021onwsiat1933,2021 ONWSIAT 1933 (CanLII),2021-12-07,0,0,0,0,0,0,0,,
2021onwsiat1934,2021 ONWSIAT 1934 (CanLII),2021-12-08,0,0,0,0,0,0,0,,
2021onwsiat1935,2021 ONWSIAT 1935 (CanLII),2021-12-08,0,0,0,0,0,0,0,,
2021onwsiat1936,2021 ONWSIAT 1936 (CanLII),2021-12-08,0,0,0,0,0,0,1,,
2021onwsiat1937,2021 ONWSIAT 1937 (CanLII),2021-12-08,0,0,0,0,0,0,0,,
2021onwsiat1938,2021 ONWSIAT 1938 (CanLII),2021-12-08,0,0,0,0,0,0,0,,
2021onwsiat1939,2021 ONWSIAT 1939 (CanLII),2021-12-08,0,0,0,1,0,0,0,,
2021onwsiat1940,2021 ONWSIAT 1940 (CanLII),2021-12-09,1,0,0,0,0,0,0,,
2021onwsiat1941,2021 ONWSIAT 1941 (CanLII),2021-12-09,0,0,0,0,0,0,0,,
2021onwsiat1942,2021 ONWSIAT 1942 (CanLII),2021-12-09,0,0,0,0,0,0,0,,
2021onwsiat1943,2021 ONWSIAT 1943 (CanLII),2021-12-09,0,0,0,0,0,0,0,,
2021onwsiat1944,2021 ONWSIAT 1944 (CanLII),2021-12-09,0,0,0,0,0,0,0,,
2021onwsiat1945,2021 ONWSIAT 1945 (CanLII),2021-12-09,0,0,0,0,0,0,0,,
2021onwsiat1946,2021 ONWSIAT 1946 (CanLII),2021-12-09,0,0,0,0,0,0,0,,
2021onwsiat1947,2021 ONWSIAT 1947 (CanLII),2021-12-09,0,0,0,0,0,0,0,,
2021onwsiat1948,2021 ONWSIAT 1948 (CanLII),2021-12-10,0,0,0,0,0,0,0,,
2021onwsiat1949,2021 ONWSIAT 1949 (CanLII),2021-12-10,0,0,0,0,0,0,1,,
2021onwsiat1950,2021 ONWSIAT 1950 (CanLII),2021-12-10,0,0,0,0,0,0,0,,
2021onwsiat1951,2021 ONWSIAT 1951 (CanLII),2021-12-13,0,0,0,0,0,0,0,,
2021onwsiat1952,2021 ONWSIAT 1952 (CanLII),2021-12-13,0,0,0,0,0,0,0,,
2021onwsiat1953,2021 ONWSIAT 1953 (CanLII),2021-12-13,0,0,0,0,0,0,0,,
2021onwsiat1954,2021 ONWSIAT 1954 (CanLII),2021-12-13,0,0,0,0,0,0,0,,
2021onwsiat1955,2021 ONWSIAT 1955 (CanLII),2021-12-13,0,0,0,0,0,0,0,,
2021onwsiat1956,2021 ONWSIAT 1956 (CanLII),2021-12-13,0,0,0,0,0,0,0,,
2021onwsiat1957,2021 ONWSIAT 1957 (CanLII),2021-12-13,0,0,0,0,0,0,0,,
2021onwsiat1958,2021 ONWSIAT 1958 (CanLII),2021-12-14,0,0,0,0,0,0,0,,
2021onwsiat1959,2021 ONWSIAT 1959 (CanLII),2021-12-14,0,0,0,0,0,0,0,,
2021onwsiat1960,2021 ONWSIAT 1960 (CanLII),2021-12-14,0,0,0,0,0,0,0,,
2021onwsiat1961,2021 ONWSIAT 1961 (CanLII),2021-12-14,0,0,0,0,0,0,0,,
2021onwsiat1962,2021 ONWSIAT 1962 (CanLII),2021-12-14,0,0,0,0,0,0,0,,
2021onwsiat1963,2021 ONWSIAT 1963 (CanLII),2021-12-14,0,0,0,0,0,0,0,,
2021onwsiat1964,2021 ONWSIAT 1964 (CanLII),2021-12-14,0,0,0,0,0,0,0,,
2021onwsiat1965,2021 ONWSIAT 1965 (CanLII),2021-12-14,0,0,0,0,0,0,0,,
2021onwsiat1966,2021 ONWSIAT 1966 (CanLII),2021-12-14,0,0,0,0,0,0,0,,
2021onwsiat1967,2021 ONWSIAT 1967 (CanLII),2021-12-15,0,0,0,0,0,0,0,,
2021onwsiat1968,2021 ONWSIAT 1968 (CanLII),2021-12-15,0,0,0,0,0,0,0,,
2021onwsiat1969,2021 ONWSIAT 1969 (CanLII),2021-12-15,0,0,0,0,0,0,0,,
2021onwsiat1970,2021 ONWSIAT 1970 (CanLII),2021-12-15,0,0,0,0,0,0,0,,
2021onwsiat1971,2021 ONWSIAT 1971 (CanLII),2021-12-15,0,0,0,0,0,0,0,,
2021onwsiat1972,2021 ONWSIAT 1972 (CanLII),2021-12-16,0,0,0,0,0,0,0,,
2021onwsiat1973,2021 ONWSIAT 1973 (CanLII),2021-12-16,0,0,0,0,0,0,0,,
2021onwsiat1974,2021 ONWSIAT 1974 (CanLII),2021-12-16,0,0,0,0,0,0,0,,
2021onwsiat1975,2021 ONWSIAT 1975 (CanLII),2021-12-16,0,0,0,0,0,0,0,,
2021onwsiat1976,2021 ONWSIAT 1976 (CanLII),2021-12-16,0,0,0,0,0,0,0,,
2021onwsiat1977,2021 ONWSIAT 1977 (CanLII),2021-12-16,0,0,0,0,0,0,0,,
2021onwsiat1978,2021 ONWSIAT 1978 (CanLII),2021-12-16,0,0,0,0,0,0,0,,
2021onwsiat1979,2021 ONWSIAT 1979 (CanLII),2021-12-16,0,0,0,0,0,0,0,,
2021onwsiat1980,2021 ONWSIAT 1980 (CanLII),2021-12-16,0,0,0,0,0,0,0,,
2021onwsiat1981,2021 ONWSIAT 1981 (CanLII),2021-12-16,0,0,0,0,0,0,0,,
2021onwsiat1982,2021 ONWSIAT 1982 (CanLII),2021-12-16,0,0,0,0,0,0,0,,
2021onwsiat1983,2021 ONWSIAT 1983 (CanLII),2021-12-16,0,0,0,0,0,0,0,,
2021onwsiat1984,2021 ONWSIAT 1984 (CanLII),2021-12-17,0,0,0,0,0,0,0,,
2021onwsiat1985,2021 ONWSIAT 1985 (CanLII),2021-12-17,0,0,0,0,0,0,0,,
2021onwsiat1986,2021 ONWSIAT 1986 (CanLII),2021-12-17,0,0,0,0,0,0,0,,
2021onwsiat1987,2021 ONWSIAT 1987 (CanLII),2021-12-17,0,0,0,0,0,0,0,,
2021onwsiat1988,2021 ONWSIAT 1988 (CanLII),2021-12-17,0,0,0,0,0,0,0,,
2021onwsiat1989,2021 ONWSIAT 1989 (CanLII),2021-12-17,0,0,0,0,0,0,0,,
2021onwsiat1990,2021 ONWSIAT 1990 (CanLII),2021-12-17,0,0,0,0,0,0,0,,
2021onwsiat1991,2021 ONWSIAT 1991 (CanLII),2021-12-17,0,0,0,0,0,0,0,,
2021onwsiat1992,2021 ONWSIAT 1992 (CanLII),2021-12-17,0,0,0,0,0,0,0,,
2021onwsiat1993,2021 ONWSIAT 1993 (CanLII),2021-12-17,0,0,0,0,0,0,0,,
2021onwsiat1994,2021 ONWSIAT 1994 (CanLII),2021-12-17,0,0,0,0,0,0,0,,
2021onwsiat1995,2021 ONWSIAT 1995 (CanLII),2021-12-20,0,0,0,0,0,0,0,,
2021onwsiat1996,2021 ONWSIAT 1996 (CanLII),2021-12-20,0,0,0,0,0,0,0,,
2021onwsiat1997,2021 ONWSIAT 1997 (CanLII),2021-12-20,0,0,0,0,0,0,0,,
2021onwsiat1998,2021 ONWSIAT 1998 (CanLII),2021-12-20,0,0,0,0,0,0,0,,
2021onwsiat1999,2021 ONWSIAT 1999 (CanLII),2021-12-20,0,0,0,0,0,0,1,,
2021onwsiat2000,2021 ONWSIAT 2000 (CanLII),2021-12-20,0,0,0,0,0,0,0,,
2021onwsiat2001,2021 ONWSIAT 2001 (CanLII),2021-12-20,0,0,0,0,0,0,0,,
2021onwsiat2002,2021 ONWSIAT 2002 (CanLII),2021-12-20,0,0,0,0,0,0,0,,
2021onwsiat2003,2021 ONWSIAT 2003 (CanLII),2021-12-20,0,0,0,0,0,0,0,,
2021onwsiat2004,2021 ONWSIAT 2004 (CanLII),2021-12-20,0,0,0,0,0,0,0,,
2021onwsiat2005,2021 ONWSIAT 2005 (CanLII),2021-12-20,0,0,0,0,0,0,0,,
2021onwsiat2006,2021 ONWSIAT 2006 (CanLII),2021-12-20,0,0,0,0,0,0,0,,
2021onwsiat2007,2021 ONWSIAT 2007 (CanLII),2021-12-20,0,0,0,0,0,0,0,,
2021onwsiat2008,2021 ONWSIAT 2008 (CanLII),2021-12-20,0,0,0,0,0,0,0,,
2021onwsiat2009,2021 ONWSIAT 2009 (CanLII),2021-12-21,0,0,0,0,0,0,0,,
2021onwsiat2010,2021 ONWSIAT 2010 (CanLII),2021-12-21,0,0,0,0,0,0,0,,
2021onwsiat2011,2021 ONWSIAT 2011 (CanLII),2021-12-21,0,0,0,0,0,0,0,,
2021onwsiat2012,2021 ONWSIAT 2012 (CanLII),2021-12-21,0,0,0,0,0,0,0,,
2021onwsiat2013,2021 ONWSIAT 2013 (CanLII),2021-12-21,0,0,0,0,0,0,1,,
2021onwsiat2014,2021 ONWSIAT 2014 (CanLII),2021-12-21,0,0,0,0,0,0,0,,
2021onwsiat2015,2021 ONWSIAT 2015 (CanLII),2021-12-21,0,0,0,0,0,0,0,,
2021onwsiat2016,2021 ONWSIAT 2016 (CanLII),2021-12-21,0,0,0,0,0,0,0,,
2021onwsiat2017,2021 ONWSIAT 2017 (CanLII),2021-12-21,0,0,0,0,0,0,0,,
2021onwsiat2018,2021 ONWSIAT 2018 (CanLII),2021-12-21,0,0,0,0,0,0,0,,
2021onwsiat2019,2021 ONWSIAT 2019 (CanLII),2021-12-21,0,0,0,0,0,0,0,,
2021onwsiat2020,2021 ONWSIAT 2020 (CanLII),2021-12-21,0,0,0,0,0,0,0,,
2021onwsiat2021,2021 ONWSIAT 2021 (CanLII),2021-12-21,0,0,0,0,0,0,0,,
2021onwsiat2022,2021 ONWSIAT 2022 (CanLII),2021-12-21,0,0,0,0,0,0,0,,
2021onwsiat2023,2021 ONWSIAT 2023 (CanLII),2021-12-21,0,0,0,0,0,0,0,,
2021onwsiat2024,2021 ONWSIAT 2024 (CanLII),2021-12-22,0,0,0,0,0,0,0,,
2021onwsiat2025,2021 ONWSIAT 2025 (CanLII),2021-12-22,0,0,0,0,0,0,0,,
2021onwsiat2026,2021 ONWSIAT 2026 (CanLII),2021-12-22,0,0,0,0,0,0,0,,
2021onwsiat2027,2021 ONWSIAT 2027 (CanLII),2021-12-22,0,0,0,0,0,0,0,,
2021onwsiat2028,2021 ONWSIAT 2028 (CanLII),2021-12-22,0,0,0,0,0,0,0,,
2021onwsiat2029,2021 ONWSIAT 2029 (CanLII),2021-12-22,0,0,0,0,0,0,0,,
2021onwsiat2030,2021 ONWSIAT 2030 (CanLII),2021-12-22,0,0,0,0,0,0,0,,
2021onwsiat2031,2021 ONWSIAT 2031 (CanLII),2021-12-22,0,0,0,0,0,0,0,,
2021onwsiat2032,2021 ONWSIAT 2032 (CanLII),2021-12-23,0,0,0,0,0,0,0,,
2021onwsiat2033,2021 ONWSIAT 2033 (CanLII),2021-12-23,0,0,0,0,0,0,0,,
2021onwsiat2034,2021 ONWSIAT 2034 (CanLII),2021-12-23,0,0,0,0,0,0,0,,
2021onwsiat2035,2021 ONWSIAT 2035 (CanLII),2021-12-23,0,0,0,0,0,0,0,,
2021onwsiat2036,2021 ONWSIAT 2036 (CanLII),2021-12-23,0,0,0,0,0,0,0,,
2021onwsiat2037,2021 ONWSIAT 2037 (CanLII),2021-12-24,0,0,0,0,0,0,0,,
2021onwsiat2038,2021 ONWSIAT 2038 (CanLII),2021-12-24,0,0,0,0,0,0,0,,
2021onwsiat2039,2021 ONWSIAT 2039 (CanLII),2021-12-24,0,0,0,0,0,0,0,,
2021onwsiat2040,2021 ONWSIAT 2040 (CanLII),2021-12-24,0,0,0,0,0,0,0,,
2021onwsiat2041,2021 ONWSIAT 2041 (CanLII),2021-12-24,0,0,0,0,0,0,0,,
2021onwsiat2042,2021 ONWSIAT 2042 (CanLII),2021-12-24,0,0,0,0,0,0,0,,
2021onwsiat2043,2021 ONWSIAT 2043 (CanLII),2021-12-29,0,0,0,0,0,0,0,,
2021onwsiat2044,2021 ONWSIAT 2044 (CanLII),2021-12-29,0,0,0,0,0,0,0,,
2021onwsiat2045,2021 ONWSIAT 2045 (CanLII),2021-12-29,0,0,0,0,0,0,0,,
2021onwsiat2046,2021 ONWSIAT 2046 (CanLII),2021-12-29,0,0,0,0,0,0,0,,
2021onwsiat2047,2021 ONWSIAT 2047 (CanLII),2021-12-29,0,0,0,0,0,0,0,,
2021onwsiat2048,2021 ONWSIAT 2048 (CanLII),2021-12-29,0,0,0,0,0,0,0,,
2021onwsiat2049,2021 ONWSIAT 2049 (CanLII),2021-12-30,0,0,0,0,0,0,0,,
2021onwsiat2050,2021 ONWSIAT 2050 (CanLII),2021-12-30,0,0,0,0,0,0,0,,
2021onwsiat2051,2021 ONWSIAT 2051 (CanLII),2021-12-30,0,0,0,0,0,0,0,,
2021onwsiat2052,2021 ONWSIAT 2052 (CanLII),2021-12-30,0,0,0,0,0,0,0,,
2021onwsiat2053,2021 ONWSIAT 2053 (CanLII),2021-12-30,0,0,0,0,0,0,0,,
2021onwsiat2054,2021 ONWSIAT 2054 (CanLII),2021-12-30,0,0,0,0,0,0,0,,
2021onwsiat2055,2021 ONWSIAT 2055 (CanLII),2021-12-31,0,0,0,0,0,0,0,,
2021onwsiat2056,2021 ONWSIAT 2056 (CanLII),2021-12-31,0,0,0,0,0,0,0,,
2021onwsiat2057,2021 ONWSIAT 2057 (CanLII),2021-12-31,0,0,0,0,0,0,0,,
2022onwsiat1,2022 ONWSIAT 1 (CanLII),2022-01-04,0,0,0,0,0,0,0,,
2022onwsiat2,2022 ONWSIAT 2 (CanLII),2022-01-04,0,0,0,0,0,0,0,,
2022onwsiat3,2022 ONWSIAT 3 (CanLII),2022-01-04,0,0,0,0,0,0,0,,
2022onwsiat4,2022 ONWSIAT 4 (CanLII),2022-01-04,0,0,0,0,0,0,0,,
2022onwsiat5,2022 ONWSIAT 5 (CanLII),2022-01-04,0,0,0,0,0,0,0,,
2022onwsiat6,2022 ONWSIAT 6 (CanLII),2022-01-05,0,0,0,0,0,0,0,,
2022onwsiat7,2022 ONWSIAT 7 (CanLII),2022-01-04,0,0,0,0,0,0,0,,
2022onwsiat8,2022 ONWSIAT 8 (CanLII),2022-01-04,0,0,0,0,0,0,0,,
2022onwsiat9,2022 ONWSIAT 9 (CanLII),2022-01-04,0,0,0,0,0,0,0,,
2022onwsiat10,2022 ONWSIAT 10 (CanLII),2022-01-05,0,0,0,0,0,0,0,,
2022onwsiat11,2022 ONWSIAT 11 (CanLII),2022-01-05,0,0,0,0,0,0,0,,
2022onwsiat12,2022 ONWSIAT 12 (CanLII),2022-01-05,0,0,0,0,0,0,0,,
2022onwsiat13,2022 ONWSIAT 13 (CanLII),2022-01-05,0,0,0,0,0,0,0,,
2022onwsiat14,2022 ONWSIAT 14 (CanLII),2022-01-05,0,0,0,0,0,0,0,,
2022onwsiat15,2022 ONWSIAT 15 (CanLII),2022-01-05,0,0,0,0,0,0,0,,
2022onwsiat16,2022 ONWSIAT 16 (CanLII),2022-01-05,0,0,0,0,0,0,0,,
2022onwsiat17,2022 ONWSIAT 17 (CanLII),2022-01-05,0,0,0,0,0,0,0,,
2022onwsiat18,2022 ONWSIAT 18 (CanLII),2022-01-05,0,0,0,0,0,0,0,,
2022onwsiat19,2022 ONWSIAT 19 (CanLII),2022-01-05,0,0,0,0,0,0,0,,
2022onwsiat20,2022 ONWSIAT 20 (CanLII),2022-01-05,0,0,0,0,0,0,0,,
2022onwsiat21,2022 ONWSIAT 21 (CanLII),2022-01-05,0,0,0,0,0,0,0,,
2022onwsiat22,2022 ONWSIAT 22 (CanLII),2022-01-06,0,0,0,0,0,0,0,,
2022onwsiat23,2022 ONWSIAT 23 (CanLII),2022-01-06,0,0,0,0,0,0,0,,
2022onwsiat24,2022 ONWSIAT 24 (CanLII),2022-01-06,0,0,0,0,0,0,0,,
2022onwsiat25,2022 ONWSIAT 25 (CanLII),2022-01-06,0,0,0,0,0,0,0,,
2022onwsiat26,2022 ONWSIAT 26 (CanLII),2022-01-06,0,0,0,0,0,0,0,,
2022onwsiat27,2022 ONWSIAT 27 (CanLII),2022-01-06,0,0,0,0,0,0,0,,
2022onwsiat28,2022 ONWSIAT 28 (CanLII),2022-01-06,0,0,0,0,0,0,0,,
2022onwsiat29,2022 ONWSIAT 29 (CanLII),2022-01-06,0,0,0,0,0,0,0,,
2022onwsiat30,2022 ONWSIAT 30 (CanLII),2022-01-06,0,0,0,0,0,0,0,,
2022onwsiat31,2022 ONWSIAT 31 (CanLII),2022-01-06,0,0,0,0,0,0,0,,
2022onwsiat32,2022 ONWSIAT 32 (CanLII),2022-01-07,1,0,0,0,0,0,0,,
2022onwsiat33,2022 ONWSIAT 33 (CanLII),2022-01-07,0,0,0,0,0,0,0,,
2022onwsiat34,2022 ONWSIAT 34 (CanLII),2022-01-07,0,0,0,0,0,0,0,,
2022onwsiat35,2022 ONWSIAT 35 (CanLII),2022-01-07,0,0,0,0,0,0,0,,
2022onwsiat36,2022 ONWSIAT 36 (CanLII),2022-01-07,0,0,0,0,0,0,0,,
2022onwsiat37,2022 ONWSIAT 37 (CanLII),2022-01-07,0,0,0,0,0,0,0,,
2022onwsiat38,2022 ONWSIAT 38 (CanLII),2022-01-07,0,0,0,0,0,0,0,,
2022onwsiat39,2022 ONWSIAT 39 (CanLII),2022-01-10,0,0,0,0,0,0,0,,
2022onwsiat40,2022 ONWSIAT 40 (CanLII),2022-01-10,0,0,0,0,0,0,0,,
2022onwsiat41,2022 ONWSIAT 41 (CanLII),2022-01-10,0,0,0,0,0,0,0,,
2022onwsiat42,2022 ONWSIAT 42 (CanLII),2022-01-10,0,0,0,0,0,0,0,,
2022onwsiat43,2022 ONWSIAT 43 (CanLII),2022-01-10,0,0,0,0,0,0,0,,
2022onwsiat44,2022 ONWSIAT 44 (CanLII),2022-01-10,0,0,0,0,0,0,0,,
2022onwsiat45,2022 ONWSIAT 45 (CanLII),2022-01-10,0,0,0,0,0,0,1,,
2022onwsiat46,2022 ONWSIAT 46 (CanLII),2022-01-10,0,0,0,0,0,0,0,,
2022onwsiat47,2022 ONWSIAT 47 (CanLII),2022-01-10,0,0,0,0,0,0,0,,
2022onwsiat48,2022 ONWSIAT 48 (CanLII),2022-01-10,0,0,0,0,0,0,0,,
2022onwsiat49,2022 ONWSIAT 49 (CanLII),2022-01-10,0,0,0,0,0,0,0,,
2022onwsiat50,2022 ONWSIAT 50 (CanLII),2022-01-10,0,0,0,0,0,0,0,,
2022onwsiat51,2022 ONWSIAT 51 (CanLII),2022-01-10,0,0,0,0,0,0,0,,
2022onwsiat52,2022 ONWSIAT 52 (CanLII),2022-01-11,0,0,0,0,0,0,0,,
2022onwsiat53,2022 ONWSIAT 53 (CanLII),2022-01-11,0,0,0,0,0,0,0,,
2022onwsiat54,2022 ONWSIAT 54 (CanLII),2022-01-11,0,0,0,0,0,0,0,,
2022onwsiat55,2022 ONWSIAT 55 (CanLII),2022-01-11,0,0,0,0,0,0,0,,
2022onwsiat56,2022 ONWSIAT 56 (CanLII),2022-01-11,0,0,0,0,0,0,1,,
2022onwsiat57,2022 ONWSIAT 57 (CanLII),2022-01-11,0,0,0,0,0,0,0,,
2022onwsiat58,2022 ONWSIAT 58 (CanLII),2022-01-11,0,0,0,0,0,0,0,,
2022onwsiat59,2022 ONWSIAT 59 (CanLII),2022-01-11,0,0,0,0,0,0,0,,
2022onwsiat60,2022 ONWSIAT 60 (CanLII),2022-01-11,0,0,0,0,0,0,0,,
2022onwsiat61,2022 ONWSIAT 61 (CanLII),2022-01-11,0,0,0,0,0,0,0,,
2022onwsiat62,2022 ONWSIAT 62 (CanLII),2022-01-11,0,0,0,0,0,0,0,,
2022onwsiat63,2022 ONWSIAT 63 (CanLII),2022-01-11,0,0,0,0,0,0,0,,
2022onwsiat64,2022 ONWSIAT 64 (CanLII),2022-01-11,0,0,0,0,0,0,1,,
2022onwsiat65,2022 ONWSIAT 65 (CanLII),2022-01-12,0,0,0,0,0,0,0,,
2022onwsiat66,2022 ONWSIAT 66 (CanLII),2022-01-12,0,0,0,0,0,0,0,,
2022onwsiat67,2022 ONWSIAT 67 (CanLII),2022-01-12,0,0,0,0,0,0,0,,
2022onwsiat68,2022 ONWSIAT 68 (CanLII),2022-01-12,0,0,0,0,0,0,0,,
2022onwsiat69,2022 ONWSIAT 69 (CanLII),2022-01-12,0,0,0,0,0,0,0,,
2022onwsiat70,2022 ONWSIAT 70 (CanLII),2022-01-13,0,0,0,0,0,0,0,,
2022onwsiat71,2022 ONWSIAT 71 (CanLII),2022-01-13,0,0,0,0,0,0,0,,
2022onwsiat72,2022 ONWSIAT 72 (CanLII),2022-01-13,0,0,0,0,0,0,0,,
2022onwsiat73,2022 ONWSIAT 73 (CanLII),2022-01-13,0,0,0,0,0,0,0,,
2022onwsiat74,2022 ONWSIAT 74 (CanLII),2022-01-13,0,0,0,0,0,0,0,,
2022onwsiat75,2022 ONWSIAT 75 (CanLII),2022-01-13,0,0,0,0,0,0,1,,
2022onwsiat76,2022 ONWSIAT 76 (CanLII),2022-01-13,0,0,0,0,0,0,0,,
2022onwsiat77,2022 ONWSIAT 77 (CanLII),2022-01-13,0,0,0,0,0,0,0,,
2022onwsiat78,2022 ONWSIAT 78 (CanLII),2022-01-13,0,0,0,0,0,0,0,,
2022onwsiat79,2022 ONWSIAT 79 (CanLII),2022-01-13,0,0,0,0,0,0,1,,
2022onwsiat80,2022 ONWSIAT 80 (CanLII),2022-01-13,0,0,0,0,0,0,0,,
2022onwsiat81,2022 ONWSIAT 81 (CanLII),2022-01-14,0,0,0,0,0,0,0,,
2022onwsiat82,2022 ONWSIAT 82 (CanLII),2022-01-17,0,0,0,0,0,0,0,,
2022onwsiat83,2022 ONWSIAT 83 (CanLII),2022-01-14,0,0,0,0,0,0,0,,
2022onwsiat84,2022 ONWSIAT 84 (CanLII),2022-01-17,0,0,0,0,0,0,1,,
2022onwsiat85,2022 ONWSIAT 85 (CanLII),2022-01-17,0,0,0,0,0,0,0,,
2022onwsiat86,2022 ONWSIAT 86 (CanLII),2022-01-17,0,0,0,0,0,0,0,,
2022onwsiat88,2022 ONWSIAT 88 (CanLII),2022-01-17,0,0,0,0,0,0,0,,
2022onwsiat89,2022 ONWSIAT 89 (CanLII),2022-01-17,0,0,0,0,0,0,0,,
2022onwsiat90,2022 ONWSIAT 90 (CanLII),2022-01-17,0,0,0,0,0,0,0,,
2022onwsiat91,2022 ONWSIAT 91 (CanLII),2022-01-17,0,0,0,0,0,0,0,,
2022onwsiat92,2022 ONWSIAT 92 (CanLII),2022-01-17,0,0,0,0,0,0,0,,
2022onwsiat93,2022 ONWSIAT 93 (CanLII),2022-01-18,0,0,0,0,0,0,0,,
2022onwsiat94,2022 ONWSIAT 94 (CanLII),2022-01-18,0,0,0,0,0,0,1,,
2022onwsiat95,2022 ONWSIAT 95 (CanLII),2022-01-18,0,0,0,0,0,0,0,,
2022onwsiat96,2022 ONWSIAT 96 (CanLII),2022-01-18,0,0,0,0,0,0,0,,
2022onwsiat97,2022 ONWSIAT 97 (CanLII),2022-01-18,0,0,0,0,0,0,0,,
2022onwsiat98,2022 ONWSIAT 98 (CanLII),2022-01-18,0,0,0,0,0,0,0,,
2022onwsiat99,2022 ONWSIAT 99 (CanLII),2022-01-18,0,0,0,0,0,0,0,,
2022onwsiat100,2022 ONWSIAT 100 (CanLII),2022-01-18,0,0,0,0,0,0,0,,
2022onwsiat101,2022 ONWSIAT 101 (CanLII),2022-01-18,0,0,0,0,0,0,0,,
2022onwsiat102,2022 ONWSIAT 102 (CanLII),2022-01-18,0,0,0,0,0,0,0,,
2022onwsiat103,2022 ONWSIAT 103 (CanLII),2022-01-18,0,0,0,0,0,0,1,,
2022onwsiat104,2022 ONWSIAT 104 (CanLII),2022-01-18,0,0,0,0,0,0,1,,
2022onwsiat105,2022 ONWSIAT 105 (CanLII),2022-01-18,0,0,0,0,0,0,0,,
2022onwsiat106,2022 ONWSIAT 106 (CanLII),2022-01-19,0,0,0,0,0,0,0,,
2022onwsiat107,2022 ONWSIAT 107 (CanLII),2022-01-19,0,0,0,0,0,0,0,,
2022onwsiat108,2022 ONWSIAT 108 (CanLII),2022-01-19,0,0,0,0,0,0,0,,
2022onwsiat109,2022 ONWSIAT 109 (CanLII),2022-01-19,0,0,0,0,0,0,1,,
2022onwsiat110,2022 ONWSIAT 110 (CanLII),2022-01-19,0,0,0,0,0,0,0,,
2022onwsiat111,2022 ONWSIAT 111 (CanLII),2022-01-19,0,0,0,0,0,0,0,,
2022onwsiat112,2022 ONWSIAT 112 (CanLII),2022-01-19,0,0,0,0,0,0,0,,
2022onwsiat113,2022 ONWSIAT 113 (CanLII),2022-01-19,0,0,0,0,0,0,0,,
2022onwsiat114,2022 ONWSIAT 114 (CanLII),2022-01-19,0,0,0,0,0,0,0,,
2022onwsiat115,2022 ONWSIAT 115 (CanLII),2022-01-19,0,0,0,0,0,0,1,,
2022onwsiat116,2022 ONWSIAT 116 (CanLII),2022-01-19,0,0,0,0,0,0,0,,
2022onwsiat117,2022 ONWSIAT 117 (CanLII),2022-01-19,0,0,0,0,0,0,0,,
2022onwsiat118,2022 ONWSIAT 118 (CanLII),2022-01-19,0,0,0,0,0,0,0,,
2022onwsiat119,2022 ONWSIAT 119 (CanLII),2022-01-20,0,0,0,0,0,0,0,,
2022onwsiat120,2022 ONWSIAT 120 (CanLII),2022-01-20,0,0,0,0,0,0,0,,
2022onwsiat121,2022 ONWSIAT 121 (CanLII),2022-01-20,0,0,0,0,0,0,0,,
2022onwsiat122,2022 ONWSIAT 122 (CanLII),2022-01-20,0,0,0,0,0,0,0,,
2022onwsiat123,2022 ONWSIAT 123 (CanLII),2022-01-20,0,0,0,0,0,0,0,,
2022onwsiat124,2022 ONWSIAT 124 (CanLII),2022-01-20,0,0,0,0,0,0,0,,
2022onwsiat125,2022 ONWSIAT 125 (CanLII),2022-01-20,0,0,0,0,0,0,0,,
2022onwsiat126,2022 ONWSIAT 126 (CanLII),2022-01-21,0,0,0,0,0,0,0,,
2022onwsiat127,2022 ONWSIAT 127 (CanLII),2022-01-21,0,0,0,0,0,0,0,,
2022onwsiat128,2022 ONWSIAT 128 (CanLII),2022-01-21,0,0,0,0,0,0,0,,
2022onwsiat129,2022 ONWSIAT 129 (CanLII),2022-01-21,0,0,0,0,0,0,0,,
2022onwsiat130,2022 ONWSIAT 130 (CanLII),2022-01-21,0,0,0,0,0,0,0,,
2022onwsiat131,2022 ONWSIAT 131 (CanLII),2022-01-21,0,0,0,0,0,0,0,,
2022onwsiat132,2022 ONWSIAT 132 (CanLII),2022-01-21,0,0,0,0,0,0,0,,
2022onwsiat133,2022 ONWSIAT 133 (CanLII),2022-01-21,0,0,0,0,0,0,0,,
2022onwsiat134,2022 ONWSIAT 134 (CanLII),2022-01-21,0,0,0,0,0,0,0,,
2022onwsiat135,2022 ONWSIAT 135 (CanLII),2022-01-21,0,0,0,0,0,0,0,,
2022onwsiat136,2022 ONWSIAT 136 (CanLII),2022-01-21,0,0,0,0,0,0,0,,
2022onwsiat137,2022 ONWSIAT 137 (CanLII),2022-01-24,0,0,0,0,0,0,0,,
2022onwsiat138,2022 ONWSIAT 138 (CanLII),2022-01-24,0,0,0,0,0,0,0,,
2022onwsiat139,2022 ONWSIAT 139 (CanLII),2022-01-24,0,0,0,0,0,0,0,,
2022onwsiat140,2022 ONWSIAT 140 (CanLII),2022-01-24,0,0,0,0,0,0,0,,
2022onwsiat141,2022 ONWSIAT 141 (CanLII),2022-01-24,0,0,0,0,0,0,1,,
2022onwsiat142,2022 ONWSIAT 142 (CanLII),2022-01-24,0,0,0,0,0,0,0,,
2022onwsiat143,2022 ONWSIAT 143 (CanLII),2022-01-24,0,0,0,0,0,0,0,,
2022onwsiat144,2022 ONWSIAT 144 (CanLII),2022-01-24,0,0,0,0,0,0,0,,
2022onwsiat145,2022 ONWSIAT 145 (CanLII),2022-01-24,0,0,0,0,0,0,0,,
2022onwsiat146,2022 ONWSIAT 146 (CanLII),2022-01-25,0,0,0,0,0,0,0,,
2022onwsiat147,2022 ONWSIAT 147 (CanLII),2022-01-25,0,0,0,0,0,0,0,,
2022onwsiat148,2022 ONWSIAT 148 (CanLII),2022-01-25,0,0,0,0,0,0,0,,
2022onwsiat149,2022 ONWSIAT 149 (CanLII),2022-01-25,0,0,0,0,0,0,0,,
2022onwsiat150,2022 ONWSIAT 150 (CanLII),2022-01-25,0,0,0,0,0,0,0,,
2022onwsiat151,2022 ONWSIAT 151 (CanLII),2022-01-25,0,0,0,0,0,0,0,,
2022onwsiat152,2022 ONWSIAT 152 (CanLII),2022-01-25,0,0,0,0,0,0,0,,
2022onwsiat153,2022 ONWSIAT 153 (CanLII),2022-01-25,0,0,0,0,0,0,0,,
2022onwsiat154,2022 ONWSIAT 154 (CanLII),2022-01-25,0,0,0,0,0,0,0,,
2022onwsiat155,2022 ONWSIAT 155 (CanLII),2022-01-25,0,0,0,0,0,0,0,,
2022onwsiat156,2022 ONWSIAT 156 (CanLII),2022-01-25,0,0,0,0,0,0,0,,
2022onwsiat157,2022 ONWSIAT 157 (CanLII),2022-01-25,0,0,0,0,0,0,0,,
2022onwsiat158,2022 ONWSIAT 158 (CanLII),2022-01-25,0,0,0,0,0,0,0,,
2022onwsiat159,2022 ONWSIAT 159 (CanLII),2022-01-25,0,0,0,0,0,0,1,,
2022onwsiat160,2022 ONWSIAT 160 (CanLII),2022-01-25,0,0,0,0,0,0,0,,
2022onwsiat161,2022 ONWSIAT 161 (CanLII),2022-01-26,0,0,0,0,0,0,0,,
2022onwsiat162,2022 ONWSIAT 162 (CanLII),2022-01-26,0,0,0,0,0,0,0,,
2022onwsiat163,2022 ONWSIAT 163 (CanLII),2022-01-26,0,0,0,0,0,0,0,,
2022onwsiat164,2022 ONWSIAT 164 (CanLII),2022-01-26,0,0,0,0,0,0,0,,
2022onwsiat165,2022 ONWSIAT 165 (CanLII),2022-01-26,0,0,0,0,0,0,0,,
2022onwsiat166,2022 ONWSIAT 166 (CanLII),2022-01-26,0,0,0,0,0,0,0,,
2022onwsiat167,2022 ONWSIAT 167 (CanLII),2022-01-27,0,0,0,0,0,0,0,,
2022onwsiat168,2022 ONWSIAT 168 (CanLII),2022-01-27,0,0,0,0,0,0,0,,
2022onwsiat169,2022 ONWSIAT 169 (CanLII),2022-01-27,0,0,0,0,0,0,0,,
2022onwsiat170,2022 ONWSIAT 170 (CanLII),2022-01-27,0,0,0,0,0,0,0,,
2022onwsiat171,2022 ONWSIAT 171 (CanLII),2022-01-28,0,0,0,0,0,0,0,,
2022onwsiat172,2022 ONWSIAT 172 (CanLII),2022-01-28,0,0,0,0,0,0,1,,
2022onwsiat173,2022 ONWSIAT 173 (CanLII),2022-01-28,0,0,0,0,0,0,0,,
2022onwsiat174,2022 ONWSIAT 174 (CanLII),2022-01-28,0,0,0,0,0,0,0,,
2022onwsiat175,2022 ONWSIAT 175 (CanLII),2022-01-28,0,0,0,0,0,0,0,,
2022onwsiat176,2022 ONWSIAT 176 (CanLII),2022-01-28,0,0,0,0,0,0,0,,
2022onwsiat177,2022 ONWSIAT 177 (CanLII),2022-01-31,0,0,0,0,0,0,0,,
2022onwsiat178,2022 ONWSIAT 178 (CanLII),2022-01-31,0,0,0,0,0,0,0,,
2022onwsiat179,2022 ONWSIAT 179 (CanLII),2022-01-31,0,0,0,0,0,0,0,,
2022onwsiat180,2022 ONWSIAT 180 (CanLII),2022-01-31,0,0,0,0,0,0,0,,
2022onwsiat181,2022 ONWSIAT 181 (CanLII),2022-01-31,0,0,0,0,0,0,0,,
2022onwsiat182,2022 ONWSIAT 182 (CanLII),2022-01-31,0,0,0,0,0,0,0,,
2022onwsiat183,2022 ONWSIAT 183 (CanLII),2022-01-31,0,0,0,0,0,0,0,,
2022onwsiat184,2022 ONWSIAT 184 (CanLII),2022-01-31,0,0,0,0,0,0,0,,
2022onwsiat185,2022 ONWSIAT 185 (CanLII),2022-01-31,0,0,0,0,0,0,0,,
2022onwsiat186,2022 ONWSIAT 186 (CanLII),2022-01-31,0,0,0,0,0,0,0,,
2022onwsiat187,2022 ONWSIAT 187 (CanLII),2022-01-31,0,0,0,0,0,0,0,,
2022onwsiat188,2022 ONWSIAT 188 (CanLII),2022-01-31,0,0,0,0,0,0,0,,
2022onwsiat189,2022 ONWSIAT 189 (CanLII),2022-01-31,0,0,0,0,0,0,0,,
2022onwsiat190,2022 ONWSIAT 190 (CanLII),2022-02-01,0,0,0,0,0,0,0,,
2022onwsiat191,2022 ONWSIAT 191 (CanLII),2022-02-01,0,0,0,0,0,0,0,,
2022onwsiat192,2022 ONWSIAT 192 (CanLII),2022-02-01,0,0,0,0,0,0,0,,
2022onwsiat193,2022 ONWSIAT 193 (CanLII),2022-02-01,0,0,0,0,0,0,0,,
2022onwsiat194,2022 ONWSIAT 194 (CanLII),2022-02-01,0,0,0,0,0,0,0,,
2022onwsiat195,2022 ONWSIAT 195 (CanLII),2022-02-01,0,0,0,0,0,0,0,,
2022onwsiat196,2022 ONWSIAT 196 (CanLII),2022-02-01,0,0,0,0,0,0,0,,
2022onwsiat197,2022 ONWSIAT 197 (CanLII),2022-02-01,0,0,0,0,0,0,0,,
2022onwsiat198,2022 ONWSIAT 198 (CanLII),2022-02-01,0,0,0,0,0,0,0,,
2022onwsiat199,2022 ONWSIAT 199 (CanLII),2022-02-02,0,0,0,0,0,0,0,,
2022onwsiat200,2022 ONWSIAT 200 (CanLII),2022-02-02,0,0,0,0,0,0,0,,
2022onwsiat201,2022 ONWSIAT 201 (CanLII),2022-02-02,0,0,0,0,0,0,0,,
2022onwsiat202,2022 ONWSIAT 202 (CanLII),2022-02-02,0,0,0,0,0,0,0,,
2022onwsiat203,2022 ONWSIAT 203 (CanLII),2022-02-02,0,0,0,0,0,0,0,,
2022onwsiat204,2022 ONWSIAT 204 (CanLII),2022-02-02,0,0,0,0,0,0,0,,
2022onwsiat205,2022 ONWSIAT 205 (CanLII),2022-02-02,0,0,0,0,0,0,0,,
2022onwsiat206,2022 ONWSIAT 206 (CanLII),2022-02-02,0,0,0,0,0,0,0,,
2022onwsiat207,2022 ONWSIAT 207 (CanLII),2022-02-02,0,0,0,0,0,0,0,,
2022onwsiat208,2022 ONWSIAT 208 (CanLII),2022-02-02,0,0,0,0,0,0,0,,
2022onwsiat209,2022 ONWSIAT 209 (CanLII),2022-02-03,0,0,0,0,0,0,0,,
2022onwsiat210,2022 ONWSIAT 210 (CanLII),2022-02-03,0,0,0,0,0,0,0,,
2022onwsiat211,2022 ONWSIAT 211 (CanLII),2022-02-03,0,0,0,0,0,0,0,,
2022onwsiat212,2022 ONWSIAT 212 (CanLII),2022-02-03,0,0,0,0,0,0,0,,
2022onwsiat213,2022 ONWSIAT 213 (CanLII),2022-02-03,0,0,0,0,0,0,1,,
2022onwsiat214,2022 ONWSIAT 214 (CanLII),2022-02-03,0,0,0,0,0,0,0,,
2022onwsiat215,2022 ONWSIAT 215 (CanLII),2022-02-03,0,0,0,0,0,0,0,,
2022onwsiat216,2022 ONWSIAT 216 (CanLII),2022-02-04,0,0,0,0,0,0,0,,
2022onwsiat217,2022 ONWSIAT 217 (CanLII),2022-02-04,0,0,0,0,0,0,0,,
2022onwsiat218,2022 ONWSIAT 218 (CanLII),2022-02-04,0,0,0,0,0,0,0,,
2022onwsiat219,2022 ONWSIAT 219 (CanLII),2022-02-04,0,0,0,0,0,0,0,,
2022onwsiat220,2022 ONWSIAT 220 (CanLII),2022-02-04,0,0,0,0,0,0,0,,
2022onwsiat221,2022 ONWSIAT 221 (CanLII),2022-02-04,0,0,0,0,0,0,0,,
2022onwsiat222,2022 ONWSIAT 222 (CanLII),2022-02-07,0,0,0,0,0,0,1,,
2022onwsiat223,2022 ONWSIAT 223 (CanLII),2022-02-07,0,0,0,0,0,0,0,,
2022onwsiat224,2022 ONWSIAT 224 (CanLII),2022-02-07,0,0,0,0,0,0,0,,
2022onwsiat225,2022 ONWSIAT 225 (CanLII),2022-02-07,0,0,0,0,0,0,0,,
2022onwsiat226,2022 ONWSIAT 226 (CanLII),2022-02-07,0,0,0,0,0,0,0,,
2022onwsiat227,2022 ONWSIAT 227 (CanLII),2022-02-07,0,0,0,0,0,0,1,,
2022onwsiat228,2022 ONWSIAT 228 (CanLII),2022-02-07,0,0,0,0,0,0,0,,
2022onwsiat229,2022 ONWSIAT 229 (CanLII),2022-02-07,0,0,0,0,0,0,0,,
2022onwsiat230,2022 ONWSIAT 230 (CanLII),2022-02-07,0,0,0,0,0,0,0,,
2022onwsiat231,2022 ONWSIAT 231 (CanLII),2022-02-08,0,0,0,0,0,0,0,,
2022onwsiat232,2022 ONWSIAT 232 (CanLII),2022-02-08,0,0,0,0,0,0,0,,
2022onwsiat233,2022 ONWSIAT 233 (CanLII),2022-02-08,0,0,0,0,0,0,0,,
2022onwsiat234,2022 ONWSIAT 234 (CanLII),2022-02-08,0,0,0,0,0,0,0,,
2022onwsiat235,2022 ONWSIAT 235 (CanLII),2022-02-08,0,0,0,0,0,0,0,,
2022onwsiat236,2022 ONWSIAT 236 (CanLII),2022-02-09,0,0,0,0,0,0,0,,
2022onwsiat237,2022 ONWSIAT 237 (CanLII),2022-02-09,0,0,0,0,0,0,0,,
2022onwsiat238,2022 ONWSIAT 238 (CanLII),2022-02-09,0,0,0,0,0,0,0,,
2022onwsiat239,2022 ONWSIAT 239 (CanLII),2022-02-09,0,0,0,0,0,0,0,,
2022onwsiat240,2022 ONWSIAT 240 (CanLII),2022-02-09,0,0,0,0,0,0,0,,
2022onwsiat241,2022 ONWSIAT 241 (CanLII),2022-02-09,0,0,0,0,0,0,0,,
2022onwsiat242,2022 ONWSIAT 242 (CanLII),2022-02-09,0,0,0,0,0,0,0,,
2022onwsiat243,2022 ONWSIAT 243 (CanLII),2022-02-10,0,0,0,0,0,0,0,,
2022onwsiat244,2022 ONWSIAT 244 (CanLII),2022-02-10,0,0,0,0,0,0,0,,
2022onwsiat245,2022 ONWSIAT 245 (CanLII),2022-02-10,0,0,0,0,0,0,0,,
2022onwsiat246,2022 ONWSIAT 246 (CanLII),2022-02-10,0,0,0,0,0,0,0,,
2022onwsiat247,2022 ONWSIAT 247 (CanLII),2022-02-10,0,0,0,0,0,0,0,,
2022onwsiat248,2022 ONWSIAT 248 (CanLII),2022-02-11,0,0,0,0,0,0,0,,
2022onwsiat249,2022 ONWSIAT 249 (CanLII),2022-02-11,0,0,0,0,0,0,0,,
2022onwsiat250,2022 ONWSIAT 250 (CanLII),2022-02-11,0,0,0,0,0,0,0,,
2022onwsiat251,2022 ONWSIAT 251 (CanLII),2022-02-11,0,0,0,0,0,0,0,,
2022onwsiat252,2022 ONWSIAT 252 (CanLII),2022-02-11,0,0,0,0,0,0,1,,
2022onwsiat253,2022 ONWSIAT 253 (CanLII),2022-02-11,0,0,0,0,0,0,0,,
2022onwsiat254,2022 ONWSIAT 254 (CanLII),2022-02-11,0,0,0,0,0,0,0,,
2022onwsiat255,2022 ONWSIAT 255 (CanLII),2022-02-11,0,0,0,0,0,0,0,,
2022onwsiat256,2022 ONWSIAT 256 (CanLII),2022-02-11,0,0,0,0,0,0,0,,
2022onwsiat257,2022 ONWSIAT 257 (CanLII),2022-02-11,0,0,0,0,0,0,0,,
2022onwsiat258,2022 ONWSIAT 258 (CanLII),2022-02-14,0,0,0,0,0,0,0,,
2022onwsiat259,2022 ONWSIAT 259 (CanLII),2022-02-14,0,0,0,0,0,0,0,,
2022onwsiat260,2022 ONWSIAT 260 (CanLII),2022-02-14,0,0,0,0,0,0,0,,
2022onwsiat261,2022 ONWSIAT 261 (CanLII),2022-02-14,0,0,0,0,0,0,1,,
2022onwsiat262,2022 ONWSIAT 262 (CanLII),2022-02-14,0,0,0,0,0,0,0,,
2022onwsiat263,2022 ONWSIAT 263 (CanLII),2022-02-14,0,0,0,0,0,0,0,,
2022onwsiat264,2022 ONWSIAT 264 (CanLII),2022-02-14,0,0,0,0,0,0,0,,
2022onwsiat265,2022 ONWSIAT 265 (CanLII),2022-02-14,0,0,0,0,0,0,0,,
2022onwsiat266,2022 ONWSIAT 266 (CanLII),2022-02-14,0,0,0,0,0,0,0,,
2022onwsiat267,2022 ONWSIAT 267 (CanLII),2022-02-14,0,0,0,0,0,0,0,,
2022onwsiat268,2022 ONWSIAT 268 (CanLII),2022-02-14,0,0,0,0,0,0,0,,
2022onwsiat269,2022 ONWSIAT 269 (CanLII),2022-02-14,0,0,0,0,0,0,0,,
2022onwsiat270,2022 ONWSIAT 270 (CanLII),2022-02-15,0,0,0,0,0,0,0,,
2022onwsiat271,2022 ONWSIAT 271 (CanLII),2022-02-15,0,0,0,0,0,0,0,,
2022onwsiat272,2022 ONWSIAT 272 (CanLII),2022-02-15,0,0,0,0,0,0,0,,
2022onwsiat273,2022 ONWSIAT 273 (CanLII),2022-02-15,0,0,0,0,0,0,0,,
2022onwsiat274,2022 ONWSIAT 274 (CanLII),2022-02-15,0,0,0,0,0,0,0,,
2022onwsiat275,2022 ONWSIAT 275 (CanLII),2022-02-15,0,0,0,0,0,0,0,,
2022onwsiat276,2022 ONWSIAT 276 (CanLII),2022-02-15,0,0,0,0,0,0,0,,
2022onwsiat277,2022 ONWSIAT 277 (CanLII),2022-02-15,0,0,0,0,0,0,0,,
2022onwsiat278,2022 ONWSIAT 278 (CanLII),2022-02-15,0,0,0,0,0,0,0,,
2022onwsiat279,2022 ONWSIAT 279 (CanLII),2022-02-15,0,0,0,0,0,0,0,,
2022onwsiat280,2022 ONWSIAT 280 (CanLII),2022-02-16,0,0,0,0,0,0,0,,
2022onwsiat281,2022 ONWSIAT 281 (CanLII),2022-02-16,0,0,0,0,0,0,0,,
2022onwsiat282,2022 ONWSIAT 282 (CanLII),2022-02-16,0,0,0,0,0,0,0,,
2022onwsiat283,2022 ONWSIAT 283 (CanLII),2022-02-16,0,0,0,0,0,0,1,,
2022onwsiat284,2022 ONWSIAT 284 (CanLII),2022-02-16,0,0,0,0,0,0,0,,
2022onwsiat285,2022 ONWSIAT 285 (CanLII),2022-02-16,0,0,0,0,0,0,0,,
2022onwsiat286,2022 ONWSIAT 286 (CanLII),2022-02-16,0,0,0,0,0,0,0,,
2022onwsiat287,2022 ONWSIAT 287 (CanLII),2022-02-16,0,0,0,0,0,0,0,,
2022onwsiat288,2022 ONWSIAT 288 (CanLII),2022-02-16,0,0,0,0,0,0,0,,
2022onwsiat289,2022 ONWSIAT 289 (CanLII),2022-02-17,0,0,0,0,0,0,0,,
2022onwsiat290,2022 ONWSIAT 290 (CanLII),2022-02-17,0,0,0,0,0,0,0,,
2022onwsiat291,2022 ONWSIAT 291 (CanLII),2022-02-17,0,0,0,0,0,0,0,,
2022onwsiat292,2022 ONWSIAT 292 (CanLII),2022-02-17,0,0,0,0,0,0,1,,
2022onwsiat293,2022 ONWSIAT 293 (CanLII),2022-02-17,0,0,0,0,0,0,0,,
2022onwsiat294,2022 ONWSIAT 294 (CanLII),2022-02-17,0,0,0,0,0,0,0,,
2022onwsiat295,2022 ONWSIAT 295 (CanLII),2022-02-17,0,0,0,0,0,0,0,,
2022onwsiat296,2022 ONWSIAT 296 (CanLII),2022-02-17,0,0,0,0,0,0,1,,
2022onwsiat297,2022 ONWSIAT 297 (CanLII),2022-02-17,0,0,0,0,0,0,0,,
2022onwsiat298,2022 ONWSIAT 298 (CanLII),2022-02-18,0,0,0,0,0,0,0,,
2022onwsiat299,2022 ONWSIAT 299 (CanLII),2022-02-18,0,0,0,0,0,0,0,,
2022onwsiat300,2022 ONWSIAT 300 (CanLII),2022-02-18,0,0,0,0,0,0,1,,
2022onwsiat301,2022 ONWSIAT 301 (CanLII),2022-02-18,0,0,0,0,0,0,0,,
2022onwsiat302,2022 ONWSIAT 302 (CanLII),2022-02-18,0,0,0,0,0,0,0,,
2022onwsiat303,2022 ONWSIAT 303 (CanLII),2022-02-22,0,0,0,0,0,0,0,,
2022onwsiat304,2022 ONWSIAT 304 (CanLII),2022-02-22,0,0,0,0,0,0,0,,
2022onwsiat305,2022 ONWSIAT 305 (CanLII),2022-02-22,0,0,0,0,0,0,0,,
2022onwsiat306,2022 ONWSIAT 306 (CanLII),2022-02-22,0,0,0,0,0,0,0,,
2022onwsiat307,2022 ONWSIAT 307 (CanLII),2022-02-22,0,0,0,0,0,0,0,,
2022onwsiat308,2022 ONWSIAT 308 (CanLII),2022-02-22,0,0,0,0,0,0,0,,
2022onwsiat309,2022 ONWSIAT 309 (CanLII),2022-02-22,0,0,0,0,0,0,0,,
2022onwsiat310,2022 ONWSIAT 310 (CanLII),2022-02-22,0,0,0,0,0,0,0,,
2022onwsiat311,2022 ONWSIAT 311 (CanLII),2022-02-22,0,0,0,0,0,0,0,,
2022onwsiat312,2022 ONWSIAT 312 (CanLII),2022-02-22,0,0,0,0,0,0,0,,
2022onwsiat313,2022 ONWSIAT 313 (CanLII),2022-02-22,0,0,0,0,0,0,0,,
2022onwsiat314,2022 ONWSIAT 314 (CanLII),2022-02-22,0,0,0,0,0,0,0,,
2022onwsiat315,2022 ONWSIAT 315 (CanLII),2022-02-22,0,0,0,0,0,0,0,,
2022onwsiat316,2022 ONWSIAT 316 (CanLII),2022-02-22,0,0,0,0,0,0,0,,
2022onwsiat317,2022 ONWSIAT 317 (CanLII),2022-02-23,0,0,0,0,0,0,0,,
2022onwsiat318,2022 ONWSIAT 318 (CanLII),2022-02-23,0,0,0,0,0,0,0,,
2022onwsiat319,2022 ONWSIAT 319 (CanLII),2022-02-23,0,0,0,0,0,0,0,,
2022onwsiat320,2022 ONWSIAT 320 (CanLII),2022-02-23,0,0,0,0,0,0,0,,
2022onwsiat321,2022 ONWSIAT 321 (CanLII),2022-02-23,0,0,0,0,0,0,0,,
2022onwsiat322,2022 ONWSIAT 322 (CanLII),2022-02-24,0,0,0,0,0,0,1,,
2022onwsiat323,2022 ONWSIAT 323 (CanLII),2022-02-24,0,0,0,0,0,0,0,,
2022onwsiat324,2022 ONWSIAT 324 (CanLII),2022-02-24,0,0,0,0,0,0,0,,
2022onwsiat325,2022 ONWSIAT 325 (CanLII),2022-02-24,0,0,0,0,0,0,0,,
2022onwsiat326,2022 ONWSIAT 326 (CanLII),2022-02-24,0,0,0,0,0,0,0,,
2022onwsiat327,2022 ONWSIAT 327 (CanLII),2022-02-25,0,0,0,0,0,0,0,,
2022onwsiat328,2022 ONWSIAT 328 (CanLII),2022-02-25,0,0,0,0,0,0,0,,
2022onwsiat329,2022 ONWSIAT 329 (CanLII),2022-02-25,0,0,0,0,0,0,0,,
2022onwsiat330,2022 ONWSIAT 330 (CanLII),2022-02-25,0,0,0,0,0,0,1,,
2022onwsiat331,2022 ONWSIAT 331 (CanLII),2022-02-25,0,0,0,0,0,0,0,,
2022onwsiat332,2022 ONWSIAT 332 (CanLII),2022-02-25,0,0,0,0,0,0,0,,
2022onwsiat333,2022 ONWSIAT 333 (CanLII),2022-02-25,0,0,0,0,0,0,0,,
2022onwsiat334,2022 ONWSIAT 334 (CanLII),2022-02-25,0,0,0,0,0,0,0,,
2022onwsiat335,2022 ONWSIAT 335 (CanLII),2022-02-25,0,0,0,0,0,0,0,,
2022onwsiat336,2022 ONWSIAT 336 (CanLII),2022-02-28,0,0,0,0,0,0,0,,
2022onwsiat337,2022 ONWSIAT 337 (CanLII),2022-02-28,0,0,0,0,0,0,0,,
2022onwsiat338,2022 ONWSIAT 338 (CanLII),2022-02-28,0,0,0,0,0,0,0,,
2022onwsiat339,2022 ONWSIAT 339 (CanLII),2022-02-28,0,0,0,0,0,0,0,,
2022onwsiat340,2022 ONWSIAT 340 (CanLII),2022-02-28,0,0,0,0,0,0,0,,
2022onwsiat341,2022 ONWSIAT 341 (CanLII),2022-02-28,0,0,0,0,0,0,0,,
2022onwsiat342,2022 ONWSIAT 342 (CanLII),2022-02-28,0,0,0,0,0,0,0,,
2022onwsiat343,2022 ONWSIAT 343 (CanLII),2022-02-28,0,0,0,0,0,0,0,,
2022onwsiat344,2022 ONWSIAT 344 (CanLII),2022-02-28,0,0,0,0,0,0,0,,
2022onwsiat345,2022 ONWSIAT 345 (CanLII),2022-02-28,0,0,0,0,0,0,0,,
2022onwsiat346,2022 ONWSIAT 346 (CanLII),2022-02-28,0,0,0,0,0,0,0,,
2022onwsiat347,2022 ONWSIAT 347 (CanLII),2022-02-28,0,0,0,0,0,0,0,,
2022onwsiat348,2022 ONWSIAT 348 (CanLII),2022-03-01,0,0,0,0,0,0,0,,
2022onwsiat349,2022 ONWSIAT 349 (CanLII),2022-03-01,0,0,0,0,0,0,0,,
2022onwsiat350,2022 ONWSIAT 350 (CanLII),2022-03-01,0,0,0,0,0,0,0,,
2022onwsiat351,2022 ONWSIAT 351 (CanLII),2022-03-01,0,0,0,0,0,0,0,,
2022onwsiat352,2022 ONWSIAT 352 (CanLII),2022-03-01,0,0,0,0,0,0,0,,
2022onwsiat353,2022 ONWSIAT 353 (CanLII),2022-03-01,0,0,0,0,0,0,0,,
2022onwsiat354,2022 ONWSIAT 354 (CanLII),2022-03-01,0,0,0,0,0,0,0,,
2022onwsiat355,2022 ONWSIAT 355 (CanLII),2022-03-01,0,0,0,0,0,0,0,,
2022onwsiat356,2022 ONWSIAT 356 (CanLII),2022-03-01,0,0,0,0,0,0,0,,
2022onwsiat357,2022 ONWSIAT 357 (CanLII),2022-03-01,0,0,0,0,0,0,0,,
2022onwsiat358,2022 ONWSIAT 358 (CanLII),2022-03-02,0,0,0,0,0,0,0,,
2022onwsiat359,2022 ONWSIAT 359 (CanLII),2022-03-02,0,0,0,0,0,0,0,,
2022onwsiat360,2022 ONWSIAT 360 (CanLII),2022-03-02,0,0,0,0,0,0,0,,
2022onwsiat361,2022 ONWSIAT 361 (CanLII),2022-03-02,0,0,0,0,0,0,0,,
2022onwsiat362,2022 ONWSIAT 362 (CanLII),2022-03-02,0,0,0,0,0,0,0,,
2022onwsiat363,2022 ONWSIAT 363 (CanLII),2022-03-02,0,0,0,0,0,0,0,,
2022onwsiat364,2022 ONWSIAT 364 (CanLII),2022-03-02,0,0,0,0,0,0,0,,
2022onwsiat365,2022 ONWSIAT 365 (CanLII),2022-03-03,0,0,0,0,0,0,0,,
2022onwsiat366,2022 ONWSIAT 366 (CanLII),2022-03-03,0,0,0,0,0,0,0,,
2022onwsiat367,2022 ONWSIAT 367 (CanLII),2022-03-03,0,0,0,0,0,0,0,,
2022onwsiat368,2022 ONWSIAT 368 (CanLII),2022-03-03,0,0,0,0,0,0,0,,
2022onwsiat369,2022 ONWSIAT 369 (CanLII),2022-03-03,0,0,0,0,0,0,0,,
2022onwsiat370,2022 ONWSIAT 370 (CanLII),2022-03-03,0,0,0,0,0,0,0,,
2022onwsiat371,2022 ONWSIAT 371 (CanLII),2022-03-03,0,0,0,0,0,0,0,,
2022onwsiat372,2022 ONWSIAT 372 (CanLII),2022-03-03,0,0,0,0,0,0,0,,
2022onwsiat373,2022 ONWSIAT 373 (CanLII),2022-03-03,0,0,0,0,0,0,0,,
2022onwsiat374,2022 ONWSIAT 374 (CanLII),2022-03-03,0,0,0,0,0,0,0,,
2022onwsiat375,2022 ONWSIAT 375 (CanLII),2022-03-04,0,0,0,0,0,0,0,,
2022onwsiat376,2022 ONWSIAT 376 (CanLII),2022-03-04,0,0,0,0,0,0,0,,
2022onwsiat377,2022 ONWSIAT 377 (CanLII),2022-03-04,0,0,0,0,0,0,0,,
2022onwsiat378,2022 ONWSIAT 378 (CanLII),2022-03-04,0,0,0,0,0,0,0,,
2022onwsiat379,2022 ONWSIAT 379 (CanLII),2022-03-04,0,0,0,0,0,0,0,,
2022onwsiat380,2022 ONWSIAT 380 (CanLII),2022-03-04,0,0,0,0,0,0,0,,
2022onwsiat381,2022 ONWSIAT 381 (CanLII),2022-03-04,0,0,0,0,0,0,0,,
2022onwsiat382,2022 ONWSIAT 382 (CanLII),2022-03-07,0,0,0,0,0,0,0,,
2022onwsiat383,2022 ONWSIAT 383 (CanLII),2022-03-07,0,0,0,0,0,0,0,,
2022onwsiat384,2022 ONWSIAT 384 (CanLII),2022-03-07,0,0,0,0,0,0,0,,
2022onwsiat385,2022 ONWSIAT 385 (CanLII),2022-03-07,0,0,0,0,0,0,0,,
2022onwsiat386,2022 ONWSIAT 386 (CanLII),2022-03-07,0,0,0,0,0,0,1,,
2022onwsiat387,2022 ONWSIAT 387 (CanLII),2022-03-07,0,0,0,0,0,0,0,,
2022onwsiat388,2022 ONWSIAT 388 (CanLII),2022-03-07,0,0,0,0,0,0,0,,
2022onwsiat389,2022 ONWSIAT 389 (CanLII),2022-03-08,0,0,0,0,0,0,0,,
2022onwsiat390,2022 ONWSIAT 390 (CanLII),2022-03-08,0,0,0,0,0,0,0,,
2022onwsiat391,2022 ONWSIAT 391 (CanLII),2022-03-08,0,0,0,0,0,0,0,,
2022onwsiat392,2022 ONWSIAT 392 (CanLII),2022-03-08,0,0,0,0,0,0,0,,
2022onwsiat393,2022 ONWSIAT 393 (CanLII),2022-03-08,0,0,0,0,0,0,0,,
2022onwsiat394,2022 ONWSIAT 394 (CanLII),2022-03-08,0,0,0,0,0,0,0,,
2022onwsiat395,2022 ONWSIAT 395 (CanLII),2022-03-08,0,0,0,0,0,0,0,,
2022onwsiat396,2022 ONWSIAT 396 (CanLII),2022-03-09,0,0,0,0,0,0,0,,
2022onwsiat397,2022 ONWSIAT 397 (CanLII),2022-03-09,0,0,0,0,0,0,0,,
2022onwsiat398,2022 ONWSIAT 398 (CanLII),2022-03-09,0,0,0,0,0,0,0,,
2022onwsiat399,2022 ONWSIAT 399 (CanLII),2022-03-09,0,0,0,0,0,0,0,,
2022onwsiat400,2022 ONWSIAT 400 (CanLII),2022-03-09,0,0,0,0,0,0,0,,
2022onwsiat401,2022 ONWSIAT 401 (CanLII),2022-03-09,0,0,0,0,0,0,0,,
2022onwsiat402,2022 ONWSIAT 402 (CanLII),2022-03-09,0,0,0,0,0,0,0,,
2022onwsiat403,2022 ONWSIAT 403 (CanLII),2022-03-10,0,0,0,0,0,0,0,,
2022onwsiat404,2022 ONWSIAT 404 (CanLII),2022-03-10,0,0,0,0,0,0,0,,
2022onwsiat405,2022 ONWSIAT 405 (CanLII),2022-03-10,0,0,0,0,0,0,0,,
2022onwsiat406,2022 ONWSIAT 406 (CanLII),2022-03-10,0,0,0,0,0,0,0,,
2022onwsiat407,2022 ONWSIAT 407 (CanLII),2022-03-10,0,0,0,0,0,0,0,,
2022onwsiat408,2022 ONWSIAT 408 (CanLII),2022-03-10,0,0,0,0,0,0,0,,
2022onwsiat409,2022 ONWSIAT 409 (CanLII),2022-03-10,0,0,0,0,0,0,0,,
2022onwsiat410,2022 ONWSIAT 410 (CanLII),2022-03-10,0,0,0,0,0,0,0,,
2022onwsiat411,2022 ONWSIAT 411 (CanLII),2022-03-10,0,0,0,0,0,0,0,,
2022onwsiat412,2022 ONWSIAT 412 (CanLII),2022-03-10,0,0,0,0,0,0,0,,
2022onwsiat413,2022 ONWSIAT 413 (CanLII),2022-03-11,0,0,0,0,0,0,0,,
2022onwsiat414,2022 ONWSIAT 414 (CanLII),2022-03-11,0,0,0,0,0,0,0,,
2022onwsiat415,2022 ONWSIAT 415 (CanLII),2022-03-11,0,0,0,0,0,0,0,,
2022onwsiat416,2022 ONWSIAT 416 (CanLII),2022-03-11,0,0,0,0,0,0,0,,
2022onwsiat417,2022 ONWSIAT 417 (CanLII),2022-03-11,0,0,0,0,0,0,0,,
2022onwsiat418,2022 ONWSIAT 418 (CanLII),2022-03-11,0,0,0,0,0,0,0,,
2022onwsiat419,2022 ONWSIAT 419 (CanLII),2022-03-11,0,0,0,0,0,0,0,,
2022onwsiat420,2022 ONWSIAT 420 (CanLII),2022-03-11,0,0,0,0,0,0,0,,
2022onwsiat421,2022 ONWSIAT 421 (CanLII),2022-03-11,0,0,0,0,0,0,0,,
2022onwsiat422,2022 ONWSIAT 422 (CanLII),2022-03-11,0,0,0,0,0,0,0,,
2022onwsiat423,2022 ONWSIAT 423 (CanLII),2022-03-11,0,0,0,1,0,0,0,,
2022onwsiat424,2022 ONWSIAT 424 (CanLII),2022-03-11,0,0,0,0,0,0,0,,
2022onwsiat425,2022 ONWSIAT 425 (CanLII),2022-03-14,0,0,0,0,0,0,1,,
2022onwsiat426,2022 ONWSIAT 426 (CanLII),2022-03-14,0,0,0,0,0,0,0,,
2022onwsiat427,2022 ONWSIAT 427 (CanLII),2022-03-14,0,0,0,0,0,0,0,,
2022onwsiat428,2022 ONWSIAT 428 (CanLII),2022-03-14,0,0,0,0,0,0,0,,
2022onwsiat429,2022 ONWSIAT 429 (CanLII),2022-03-14,0,0,0,0,0,0,0,,
2022onwsiat430,2022 ONWSIAT 430 (CanLII),2022-03-14,0,0,0,0,0,0,0,,
2022onwsiat431,2022 ONWSIAT 431 (CanLII),2022-03-15,0,0,0,0,0,0,0,,
2022onwsiat432,2022 ONWSIAT 432 (CanLII),2022-03-15,0,0,0,0,0,0,0,,
2022onwsiat433,2022 ONWSIAT 433 (CanLII),2022-03-15,0,0,0,0,0,0,0,,
2022onwsiat434,2022 ONWSIAT 434 (CanLII),2022-03-15,0,0,0,0,0,0,0,,
2022onwsiat435,2022 ONWSIAT 435 (CanLII),2022-03-15,0,0,0,0,0,0,0,,
2022onwsiat436,2022 ONWSIAT 436 (CanLII),2022-03-15,0,0,0,0,0,0,0,,
2022onwsiat437,2022 ONWSIAT 437 (CanLII),2022-03-15,0,0,0,0,0,0,0,,
2022onwsiat438,2022 ONWSIAT 438 (CanLII),2022-03-15,0,0,0,0,0,0,0,,
2022onwsiat439,2022 ONWSIAT 439 (CanLII),2022-03-15,0,0,0,0,0,0,1,,
2022onwsiat440,2022 ONWSIAT 440 (CanLII),2022-03-15,0,0,0,0,0,0,0,,
2022onwsiat441,2022 ONWSIAT 441 (CanLII),2022-03-16,0,0,0,0,0,0,0,,
2022onwsiat442,2022 ONWSIAT 442 (CanLII),2022-03-16,0,0,0,0,0,0,0,,
2022onwsiat443,2022 ONWSIAT 443 (CanLII),2022-03-16,0,0,0,0,0,0,0,,
2022onwsiat444,2022 ONWSIAT 444 (CanLII),2022-03-16,0,0,0,0,0,0,0,,
2022onwsiat445,2022 ONWSIAT 445 (CanLII),2022-03-16,0,0,0,0,0,0,0,,
2022onwsiat446,2022 ONWSIAT 446 (CanLII),2022-03-16,0,0,0,0,0,0,0,,
2022onwsiat447,2022 ONWSIAT 447 (CanLII),2022-03-16,0,0,0,0,0,0,0,,
2022onwsiat448,2022 ONWSIAT 448 (CanLII),2022-03-16,0,0,0,0,0,0,0,,
2022onwsiat449,2022 ONWSIAT 449 (CanLII),2022-03-16,0,0,0,0,0,0,0,,
2022onwsiat450,2022 ONWSIAT 450 (CanLII),2022-03-16,0,0,0,0,0,0,0,,
2022onwsiat451,2022 ONWSIAT 451 (CanLII),2022-03-17,0,0,0,0,0,0,0,,
2022onwsiat452,2022 ONWSIAT 452 (CanLII),2022-03-17,0,0,0,0,0,0,0,,
2022onwsiat453,2022 ONWSIAT 453 (CanLII),2022-03-17,0,0,0,0,0,0,0,,
2022onwsiat454,2022 ONWSIAT 454 (CanLII),2022-03-17,0,0,0,0,0,0,0,,
2022onwsiat455,2022 ONWSIAT 455 (CanLII),2022-03-17,0,0,0,0,0,0,0,,
2022onwsiat456,2022 ONWSIAT 456 (CanLII),2022-03-17,0,0,0,0,0,0,0,,
2022onwsiat457,2022 ONWSIAT 457 (CanLII),2022-03-18,0,0,0,0,0,0,0,,
2022onwsiat458,2022 ONWSIAT 458 (CanLII),2022-03-18,0,0,0,0,0,0,0,,
2022onwsiat459,2022 ONWSIAT 459 (CanLII),2022-03-18,0,0,0,0,0,0,0,,
2022onwsiat460,2022 ONWSIAT 460 (CanLII),2022-03-18,0,0,0,0,0,0,0,,
2022onwsiat461,2022 ONWSIAT 461 (CanLII),2022-03-18,0,0,0,0,0,0,0,,
2022onwsiat462,2022 ONWSIAT 462 (CanLII),2022-03-18,0,0,0,0,0,0,0,,
2022onwsiat463,2022 ONWSIAT 463 (CanLII),2022-03-18,0,0,0,0,0,0,0,,
2022onwsiat464,2022 ONWSIAT 464 (CanLII),2022-03-18,0,0,0,0,0,0,0,,
2022onwsiat465,2022 ONWSIAT 465 (CanLII),2022-03-21,0,0,0,0,0,0,0,,
2022onwsiat466,2022 ONWSIAT 466 (CanLII),2022-03-21,0,0,0,0,0,0,0,,
2022onwsiat467,2022 ONWSIAT 467 (CanLII),2022-03-21,0,0,0,0,0,0,0,,
2022onwsiat468,2022 ONWSIAT 468 (CanLII),2022-03-21,0,0,0,0,0,0,0,,
2022onwsiat469,2022 ONWSIAT 469 (CanLII),2022-03-21,0,0,0,0,0,0,0,,
2022onwsiat470,2022 ONWSIAT 470 (CanLII),2022-03-22,0,0,0,0,0,0,0,,
2022onwsiat471,2022 ONWSIAT 471 (CanLII),2022-03-22,0,0,0,0,0,0,0,,
2022onwsiat472,2022 ONWSIAT 472 (CanLII),2022-03-22,0,0,0,0,0,0,0,,
2022onwsiat473,2022 ONWSIAT 473 (CanLII),2022-03-22,0,0,0,0,0,0,0,,
2022onwsiat474,2022 ONWSIAT 474 (CanLII),2022-03-22,0,0,0,0,0,0,0,,
2022onwsiat475,2022 ONWSIAT 475 (CanLII),2022-03-22,0,0,0,0,0,0,1,,
2022onwsiat476,2022 ONWSIAT 476 (CanLII),2022-03-22,0,0,0,0,0,0,0,,
2022onwsiat477,2022 ONWSIAT 477 (CanLII),2022-03-22,0,0,0,0,0,0,0,,
2022onwsiat478,2022 ONWSIAT 478 (CanLII),2022-03-22,0,0,0,0,0,0,0,,
2022onwsiat479,2022 ONWSIAT 479 (CanLII),2022-03-22,0,0,0,0,0,0,0,,
2022onwsiat480,2022 ONWSIAT 480 (CanLII),2022-03-23,0,0,0,0,0,0,0,,
2022onwsiat481,2022 ONWSIAT 481 (CanLII),2022-03-23,0,0,0,0,0,0,0,,
2022onwsiat482,2022 ONWSIAT 482 (CanLII),2022-03-23,0,0,0,0,0,0,0,,
2022onwsiat483,2022 ONWSIAT 483 (CanLII),2022-03-23,0,0,0,0,0,0,0,,
2022onwsiat484,2022 ONWSIAT 484 (CanLII),2022-03-23,0,0,0,0,0,0,0,,
2022onwsiat485,2022 ONWSIAT 485 (CanLII),2022-03-23,0,0,0,0,0,0,0,,
2022onwsiat486,2022 ONWSIAT 486 (CanLII),2022-03-23,0,0,0,0,0,0,1,,
2022onwsiat487,2022 ONWSIAT 487 (CanLII),2022-03-24,0,0,0,0,0,0,0,,
2022onwsiat488,2022 ONWSIAT 488 (CanLII),2022-03-24,0,0,0,0,0,0,0,,
2022onwsiat489,2022 ONWSIAT 489 (CanLII),2022-03-24,0,0,0,0,0,0,0,,
2022onwsiat490,2022 ONWSIAT 490 (CanLII),2022-03-24,0,0,0,0,0,0,0,,
2022onwsiat491,2022 ONWSIAT 491 (CanLII),2022-03-24,0,0,0,0,0,0,0,,
2022onwsiat492,2022 ONWSIAT 492 (CanLII),2022-03-24,0,0,0,0,0,0,0,,
2022onwsiat494,2022 ONWSIAT 494 (CanLII),2022-03-24,0,0,0,0,0,0,0,,
2022onwsiat495,2022 ONWSIAT 495 (CanLII),2022-03-25,0,0,0,0,0,0,0,,
2022onwsiat496,2022 ONWSIAT 496 (CanLII),2022-03-25,0,0,0,0,0,0,0,,
2022onwsiat497,2022 ONWSIAT 497 (CanLII),2022-03-25,0,0,0,0,0,0,0,,
2022onwsiat498,2022 ONWSIAT 498 (CanLII),2022-03-25,0,0,0,0,0,0,0,,
2022onwsiat499,2022 ONWSIAT 499 (CanLII),2022-03-25,0,0,0,0,0,0,0,,
2022onwsiat500,2022 ONWSIAT 500 (CanLII),2022-03-25,0,0,0,0,0,0,0,,
2022onwsiat501,2022 ONWSIAT 501 (CanLII),2022-03-25,0,0,0,0,0,0,0,,
2022onwsiat502,2022 ONWSIAT 502 (CanLII),2022-03-25,0,0,0,0,0,0,0,,
2022onwsiat503,2022 ONWSIAT 503 (CanLII),2022-03-28,0,0,0,0,0,0,1,,
2022onwsiat504,2022 ONWSIAT 504 (CanLII),2022-03-28,0,0,0,0,0,0,0,,
2022onwsiat505,2022 ONWSIAT 505 (CanLII),2022-03-28,0,0,0,0,0,0,0,,
2022onwsiat506,2022 ONWSIAT 506 (CanLII),2022-03-28,0,0,0,0,0,0,0,,
2022onwsiat507,2022 ONWSIAT 507 (CanLII),2022-03-28,0,0,0,0,0,0,0,,
2022onwsiat508,2022 ONWSIAT 508 (CanLII),2022-03-28,0,0,0,0,0,0,0,,
2022onwsiat509,2022 ONWSIAT 509 (CanLII),2022-03-29,0,0,0,0,0,0,0,,
2022onwsiat510,2022 ONWSIAT 510 (CanLII),2022-03-29,0,0,0,0,0,0,0,,
2022onwsiat511,2022 ONWSIAT 511 (CanLII),2022-03-29,0,0,0,0,0,0,0,,
2022onwsiat512,2022 ONWSIAT 512 (CanLII),2022-03-29,0,0,0,0,0,0,0,,
2022onwsiat513,2022 ONWSIAT 513 (CanLII),2022-03-29,0,0,0,0,0,0,0,,
2022onwsiat514,2022 ONWSIAT 514 (CanLII),2022-03-29,0,0,0,0,0,0,0,,
2022onwsiat515,2022 ONWSIAT 515 (CanLII),2022-03-30,0,0,0,0,0,0,0,,
2022onwsiat516,2022 ONWSIAT 516 (CanLII),2022-03-30,0,0,0,0,0,0,0,,
2022onwsiat517,2022 ONWSIAT 517 (CanLII),2022-03-30,0,0,0,0,0,0,0,,
2022onwsiat518,2022 ONWSIAT 518 (CanLII),2022-03-30,0,0,0,0,0,0,0,,
2022onwsiat519,2022 ONWSIAT 519 (CanLII),2022-03-31,0,0,0,0,0,0,0,,
2022onwsiat520,2022 ONWSIAT 520 (CanLII),2022-03-31,0,0,0,0,0,0,0,,
2022onwsiat521,2022 ONWSIAT 521 (CanLII),2022-03-31,0,0,0,0,0,0,0,,
2022onwsiat522,2022 ONWSIAT 522 (CanLII),2022-03-31,0,0,0,0,0,0,0,,
2022onwsiat523,2022 ONWSIAT 523 (CanLII),2022-03-31,0,0,0,0,0,0,0,,
2022onwsiat524,2022 ONWSIAT 524 (CanLII),2022-03-31,0,0,0,0,0,0,0,,
2022onwsiat525,2022 ONWSIAT 525 (CanLII),2022-03-31,0,0,0,0,0,0,0,,
2022onwsiat526,2022 ONWSIAT 526 (CanLII),2022-03-31,0,0,0,0,0,0,0,,
2022onwsiat527,2022 ONWSIAT 527 (CanLII),2022-03-31,0,0,0,0,0,0,0,,
2022onwsiat528,2022 ONWSIAT 528 (CanLII),2022-03-31,0,0,0,0,0,0,0,,
2022onwsiat529,2022 ONWSIAT 529 (CanLII),2022-03-31,0,0,0,0,0,0,0,,
2022onwsiat530,2022 ONWSIAT 530 (CanLII),2022-04-01,0,0,0,0,0,0,0,,
2022onwsiat531,2022 ONWSIAT 531 (CanLII),2022-04-01,0,0,0,0,0,0,0,,
2022onwsiat532,2022 ONWSIAT 532 (CanLII),2022-04-01,0,0,0,0,0,0,0,,
2022onwsiat533,2022 ONWSIAT 533 (CanLII),2022-04-01,0,0,0,0,0,0,0,,
2022onwsiat534,2022 ONWSIAT 534 (CanLII),2022-04-01,0,0,0,0,0,0,0,,
2022onwsiat535,2022 ONWSIAT 535 (CanLII),2022-04-01,0,0,0,0,0,0,0,,
2022onwsiat536,2022 ONWSIAT 536 (CanLII),2022-04-01,0,0,0,0,0,0,0,,
2022onwsiat537,2022 ONWSIAT 537 (CanLII),2022-04-01,0,0,0,0,0,0,0,,
2022onwsiat538,2022 ONWSIAT 538 (CanLII),2022-04-01,0,0,0,0,0,0,0,,
2022onwsiat539,2022 ONWSIAT 539 (CanLII),2022-04-01,0,0,0,0,0,0,0,,
2022onwsiat540,2022 ONWSIAT 540 (CanLII),2022-04-04,0,0,0,0,0,0,0,,
2022onwsiat541,2022 ONWSIAT 541 (CanLII),2022-04-04,0,0,0,0,0,0,0,,
2022onwsiat542,2022 ONWSIAT 542 (CanLII),2022-04-04,0,0,0,0,0,0,0,,
2022onwsiat543,2022 ONWSIAT 543 (CanLII),2022-04-04,0,0,0,0,0,0,0,,
2022onwsiat544,2022 ONWSIAT 544 (CanLII),2022-04-04,0,0,0,0,0,0,0,,
2022onwsiat545,2022 ONWSIAT 545 (CanLII),2022-04-04,0,0,0,0,0,0,0,,
2022onwsiat546,2022 ONWSIAT 546 (CanLII),2022-04-04,0,0,0,0,0,0,0,,
2022onwsiat547,2022 ONWSIAT 547 (CanLII),2022-04-04,0,0,0,0,0,0,0,,
2022onwsiat548,2022 ONWSIAT 548 (CanLII),2022-04-04,0,0,0,0,0,0,0,,
2022onwsiat549,2022 ONWSIAT 549 (CanLII),2022-04-04,0,0,0,0,0,0,0,,
2022onwsiat550,2022 ONWSIAT 550 (CanLII),2022-04-05,1,0,0,0,0,0,0,,
2022onwsiat551,2022 ONWSIAT 551 (CanLII),2022-04-05,0,0,0,0,0,0,0,,
2022onwsiat552,2022 ONWSIAT 552 (CanLII),2022-04-05,0,0,0,0,0,0,0,,
2022onwsiat553,2022 ONWSIAT 553 (CanLII),2022-04-05,1,0,0,0,0,0,0,,
2022onwsiat554,2022 ONWSIAT 554 (CanLII),2022-04-05,0,0,0,0,0,0,0,,
2022onwsiat555,2022 ONWSIAT 555 (CanLII),2022-04-05,0,0,0,0,0,0,0,,
2022onwsiat556,2022 ONWSIAT 556 (CanLII),2022-04-06,0,0,0,0,0,0,0,,
2022onwsiat557,2022 ONWSIAT 557 (CanLII),2022-04-06,0,0,0,0,0,0,0,,
2022onwsiat558,2022 ONWSIAT 558 (CanLII),2022-04-07,0,0,0,0,0,0,1,,
2022onwsiat559,2022 ONWSIAT 559 (CanLII),2022-04-07,0,0,0,0,0,0,1,,
2022onwsiat560,2022 ONWSIAT 560 (CanLII),2022-04-07,0,0,0,0,0,0,0,,
2022onwsiat561,2022 ONWSIAT 561 (CanLII),2022-04-07,0,0,0,0,0,0,0,,
2022onwsiat562,2022 ONWSIAT 562 (CanLII),2022-04-07,0,0,0,0,0,0,0,,
2022onwsiat563,2022 ONWSIAT 563 (CanLII),2022-04-07,0,0,0,0,0,0,0,,
2022onwsiat564,2022 ONWSIAT 564 (CanLII),2022-04-07,0,0,0,0,0,0,1,,
2022onwsiat565,2022 ONWSIAT 565 (CanLII),2022-04-07,0,0,0,0,0,0,0,,
2022onwsiat566,2022 ONWSIAT 566 (CanLII),2022-04-07,0,0,0,0,0,0,0,,
2022onwsiat567,2022 ONWSIAT 567 (CanLII),2022-04-07,0,0,0,0,0,0,0,,
2022onwsiat569,2022 ONWSIAT 569 (CanLII),2022-04-08,0,0,0,0,0,0,0,,
2022onwsiat570,2022 ONWSIAT 570 (CanLII),2022-04-08,0,0,0,0,0,0,0,,
2022onwsiat571,2022 ONWSIAT 571 (CanLII),2022-04-08,0,0,0,0,0,0,0,,
2022onwsiat572,2022 ONWSIAT 572 (CanLII),2022-04-08,0,0,0,0,0,0,0,,
2022onwsiat573,2022 ONWSIAT 573 (CanLII),2022-04-08,0,0,0,0,0,0,0,,
2022onwsiat574,2022 ONWSIAT 574 (CanLII),2022-04-08,0,0,0,0,0,0,0,,
2022onwsiat575,2022 ONWSIAT 575 (CanLII),2022-04-08,0,0,0,0,0,0,0,,
2022onwsiat576,2022 ONWSIAT 576 (CanLII),2022-04-11,0,0,0,0,0,0,0,,
2022onwsiat577,2022 ONWSIAT 577 (CanLII),2022-04-11,0,0,0,0,0,0,1,,
2022onwsiat578,2022 ONWSIAT 578 (CanLII),2022-04-11,0,0,0,0,0,0,0,,
2022onwsiat579,2022 ONWSIAT 579 (CanLII),2022-04-11,0,0,0,0,0,0,0,,
2022onwsiat580,2022 ONWSIAT 580 (CanLII),2022-04-11,0,0,0,0,0,0,0,,
2022onwsiat581,2022 ONWSIAT 581 (CanLII),2022-04-11,0,0,0,0,0,0,0,,
2022onwsiat582,2022 ONWSIAT 582 (CanLII),2022-04-11,0,0,0,0,0,0,1,,
2022onwsiat583,2022 ONWSIAT 583 (CanLII),2022-04-11,0,0,0,0,0,0,0,,
2022onwsiat584,2022 ONWSIAT 584 (CanLII),2022-04-12,0,0,0,0,0,0,0,,
2022onwsiat585,2022 ONWSIAT 585 (CanLII),2022-04-12,0,0,0,0,0,0,0,,
2022onwsiat586,2022 ONWSIAT 586 (CanLII),2022-04-12,0,0,0,0,0,0,0,,
2022onwsiat587,2022 ONWSIAT 587 (CanLII),2022-04-12,0,0,0,0,0,0,0,,
2022onwsiat588,2022 ONWSIAT 588 (CanLII),2022-04-12,0,0,0,0,0,0,0,,
2022onwsiat589,2022 ONWSIAT 589 (CanLII),2022-04-12,0,0,0,0,0,0,0,,
2022onwsiat590,2022 ONWSIAT 590 (CanLII),2022-04-12,0,0,0,0,0,0,1,,
2022onwsiat591,2022 ONWSIAT 591 (CanLII),2022-04-12,0,0,0,0,0,0,0,,
2022onwsiat592,2022 ONWSIAT 592 (CanLII),2022-04-12,0,0,0,0,0,0,0,,
2022onwsiat593,2022 ONWSIAT 593 (CanLII),2022-04-13,0,0,0,0,0,0,0,,
2022onwsiat594,2022 ONWSIAT 594 (CanLII),2022-04-13,0,0,0,0,0,0,0,,
2022onwsiat595,2022 ONWSIAT 595 (CanLII),2022-04-13,0,0,0,0,0,0,0,,
2022onwsiat596,2022 ONWSIAT 596 (CanLII),2022-04-13,0,0,0,0,0,0,0,,
2022onwsiat597,2022 ONWSIAT 597 (CanLII),2022-04-13,0,0,0,0,0,0,0,,
2022onwsiat598,2022 ONWSIAT 598 (CanLII),2022-04-13,0,0,0,0,0,0,0,,
2022onwsiat599,2022 ONWSIAT 599 (CanLII),2022-04-13,0,0,0,0,0,0,0,,
2022onwsiat600,2022 ONWSIAT 600 (CanLII),2022-04-13,0,0,0,0,0,0,0,,
2022onwsiat601,2022 ONWSIAT 601 (CanLII),2022-04-13,0,0,0,0,0,0,0,,
2022onwsiat602,2022 ONWSIAT 602 (CanLII),2022-04-13,0,0,0,0,0,0,0,,
2022onwsiat603,2022 ONWSIAT 603 (CanLII),2022-04-13,0,0,0,0,0,0,0,,
2022onwsiat604,2022 ONWSIAT 604 (CanLII),2022-04-13,0,0,0,0,0,0,0,,
2022onwsiat605,2022 ONWSIAT 605 (CanLII),2022-04-14,0,0,0,0,0,0,0,,
2022onwsiat606,2022 ONWSIAT 606 (CanLII),2022-04-14,0,0,0,0,0,0,0,,
2022onwsiat607,2022 ONWSIAT 607 (CanLII),2022-04-14,0,0,0,0,0,0,0,,
2022onwsiat608,2022 ONWSIAT 608 (CanLII),2022-04-14,0,0,0,0,0,0,0,,
2022onwsiat609,2022 ONWSIAT 609 (CanLII),2022-04-14,0,0,0,0,0,0,0,,
2022onwsiat610,2022 ONWSIAT 610 (CanLII),2022-04-14,0,0,0,0,0,0,0,,
2022onwsiat611,2022 ONWSIAT 611 (CanLII),2022-04-14,0,0,0,0,0,0,0,,
2022onwsiat612,2022 ONWSIAT 612 (CanLII),2022-04-14,0,0,0,0,0,0,0,,
2022onwsiat613,2022 ONWSIAT 613 (CanLII),2022-04-14,0,0,0,0,0,0,0,,
2022onwsiat614,2022 ONWSIAT 614 (CanLII),2022-04-14,0,0,0,0,0,0,0,,
2022onwsiat615,2022 ONWSIAT 615 (CanLII),2022-04-19,0,0,0,0,0,0,0,,
2022onwsiat616,2022 ONWSIAT 616 (CanLII),2022-04-19,0,0,0,0,0,0,0,,
2022onwsiat617,2022 ONWSIAT 617 (CanLII),2022-04-19,0,0,0,0,0,0,0,,
2022onwsiat618,2022 ONWSIAT 618 (CanLII),2022-04-19,0,0,0,0,0,0,0,,
2022onwsiat619,2022 ONWSIAT 619 (CanLII),2022-04-19,0,0,0,0,0,0,0,,
2022onwsiat620,2022 ONWSIAT 620 (CanLII),2022-04-19,0,0,0,0,0,0,0,,
2022onwsiat621,2022 ONWSIAT 621 (CanLII),2022-04-19,0,0,0,0,0,0,0,,
2022onwsiat622,2022 ONWSIAT 622 (CanLII),2022-04-19,0,0,0,0,0,0,0,,
2022onwsiat623,2022 ONWSIAT 623 (CanLII),2022-04-19,0,0,0,0,0,0,0,,
2022onwsiat624,2022 ONWSIAT 624 (CanLII),2022-04-19,0,0,0,0,0,0,0,,
2022onwsiat625,2022 ONWSIAT 625 (CanLII),2022-04-19,0,0,0,0,0,0,0,,
2022onwsiat626,2022 ONWSIAT 626 (CanLII),2022-04-19,0,0,0,0,0,0,0,,
2022onwsiat627,2022 ONWSIAT 627 (CanLII),2022-04-19,0,0,0,0,0,0,0,,
2022onwsiat628,2022 ONWSIAT 628 (CanLII),2022-04-19,0,0,0,0,0,0,0,,
2022onwsiat629,2022 ONWSIAT 629 (CanLII),2022-04-20,0,0,0,0,0,0,0,,
2022onwsiat630,2022 ONWSIAT 630 (CanLII),2022-04-20,0,0,0,0,0,0,0,,
2022onwsiat631,2022 ONWSIAT 631 (CanLII),2022-04-20,0,0,0,0,0,0,0,,
2022onwsiat632,2022 ONWSIAT 632 (CanLII),2022-04-20,0,0,0,0,0,0,0,,
2022onwsiat633,2022 ONWSIAT 633 (CanLII),2022-04-20,0,0,0,0,0,0,0,,
2022onwsiat634,2022 ONWSIAT 634 (CanLII),2022-04-20,0,0,0,0,0,0,0,,
2022onwsiat635,2022 ONWSIAT 635 (CanLII),2022-04-20,0,0,0,0,0,0,0,,
2022onwsiat636,2022 ONWSIAT 636 (CanLII),2022-04-20,0,0,0,0,0,0,0,,
2022onwsiat637,2022 ONWSIAT 637 (CanLII),2022-04-20,0,0,0,0,0,0,0,,
2022onwsiat638,2022 ONWSIAT 638 (CanLII),2022-04-20,0,0,0,0,0,0,0,,
2022onwsiat639,2022 ONWSIAT 639 (CanLII),2022-04-20,0,0,0,0,0,0,0,,
2022onwsiat640,2022 ONWSIAT 640 (CanLII),2022-04-20,0,0,0,0,0,0,0,,
2022onwsiat641,2022 ONWSIAT 641 (CanLII),2022-04-21,1,0,0,0,0,0,0,,
2022onwsiat642,2022 ONWSIAT 642 (CanLII),2022-04-21,0,0,0,0,0,0,0,,
2022onwsiat643,2022 ONWSIAT 643 (CanLII),2022-04-21,0,0,0,0,0,0,0,,
2022onwsiat644,2022 ONWSIAT 644 (CanLII),2022-04-21,0,0,0,0,0,0,0,,
2022onwsiat645,2022 ONWSIAT 645 (CanLII),2022-04-21,1,0,0,0,0,0,0,,
2022onwsiat646,2022 ONWSIAT 646 (CanLII),2022-04-21,0,0,0,0,0,0,1,,
2022onwsiat647,2022 ONWSIAT 647 (CanLII),2022-04-21,0,0,0,0,0,0,0,,
2022onwsiat648,2022 ONWSIAT 648 (CanLII),2022-04-21,0,0,0,0,0,0,0,,
2022onwsiat649,2022 ONWSIAT 649 (CanLII),2022-04-21,0,0,0,0,0,0,0,,
2022onwsiat650,2022 ONWSIAT 650 (CanLII),2022-04-21,0,0,0,0,0,0,0,,
2022onwsiat651,2022 ONWSIAT 651 (CanLII),2022-04-22,0,0,0,0,0,0,0,,
2022onwsiat652,2022 ONWSIAT 652 (CanLII),2022-04-22,0,0,0,0,0,0,0,,
2022onwsiat653,2022 ONWSIAT 653 (CanLII),2022-04-22,0,0,0,0,0,0,0,,
2022onwsiat654,2022 ONWSIAT 654 (CanLII),2022-04-25,0,0,0,0,0,0,0,,
2022onwsiat655,2022 ONWSIAT 655 (CanLII),2022-04-25,0,0,0,0,0,0,0,,
2022onwsiat656,2022 ONWSIAT 656 (CanLII),2022-04-25,0,0,0,0,0,0,0,,
2022onwsiat657,2022 ONWSIAT 657 (CanLII),2022-04-25,0,0,0,0,0,0,0,,
2022onwsiat658,2022 ONWSIAT 658 (CanLII),2022-04-25,0,0,0,0,0,0,0,,
2022onwsiat659,2022 ONWSIAT 659 (CanLII),2022-04-25,0,0,0,0,0,0,0,,
2022onwsiat660,2022 ONWSIAT 660 (CanLII),2022-04-25,0,0,0,0,0,0,0,,
2022onwsiat661,2022 ONWSIAT 661 (CanLII),2022-04-25,0,0,0,0,0,0,0,,
2022onwsiat662,2022 ONWSIAT 662 (CanLII),2022-04-25,0,0,0,0,0,0,0,,
2022onwsiat663,2022 ONWSIAT 663 (CanLII),2022-04-25,0,0,0,0,0,0,0,,
2022onwsiat664,2022 ONWSIAT 664 (CanLII),2022-04-25,0,0,0,0,0,0,0,,
2022onwsiat665,2022 ONWSIAT 665 (CanLII),2022-04-26,0,0,0,0,0,0,0,,
2022onwsiat666,2022 ONWSIAT 666 (CanLII),2022-04-26,0,0,0,0,0,0,0,,
2022onwsiat667,2022 ONWSIAT 667 (CanLII),2022-04-26,0,0,0,0,0,0,0,,
2022onwsiat668,2022 ONWSIAT 668 (CanLII),2022-04-26,0,0,0,0,0,0,0,,
2022onwsiat669,2022 ONWSIAT 669 (CanLII),2022-04-26,0,0,0,0,0,0,0,,
2022onwsiat670,2022 ONWSIAT 670 (CanLII),2022-04-26,0,0,0,0,0,0,0,,
2022onwsiat671,2022 ONWSIAT 671 (CanLII),2022-04-26,0,0,0,0,0,0,0,,
2022onwsiat672,2022 ONWSIAT 672 (CanLII),2022-04-26,0,0,0,0,0,0,0,,
2022onwsiat673,2022 ONWSIAT 673 (CanLII),2022-04-26,0,0,0,0,0,0,0,,
2022onwsiat674,2022 ONWSIAT 674 (CanLII),2022-04-26,0,0,0,0,0,0,0,,
2022onwsiat675,2022 ONWSIAT 675 (CanLII),2022-04-27,0,0,0,0,0,0,0,,
2022onwsiat676,2022 ONWSIAT 676 (CanLII),2022-04-27,0,0,0,0,0,0,0,,
2022onwsiat677,2022 ONWSIAT 677 (CanLII),2022-04-27,0,0,0,0,0,0,0,,
2022onwsiat678,2022 ONWSIAT 678 (CanLII),2022-04-27,0,0,0,0,0,0,0,,
2022onwsiat679,2022 ONWSIAT 679 (CanLII),2022-04-27,0,0,0,0,0,0,0,,
2022onwsiat680,2022 ONWSIAT 680 (CanLII),2022-04-27,0,0,0,0,0,0,0,,
2022onwsiat681,2022 ONWSIAT 681 (CanLII),2022-04-27,0,0,0,0,0,0,0,,
2022onwsiat682,2022 ONWSIAT 682 (CanLII),2022-04-27,0,0,0,0,0,0,0,,
2022onwsiat683,2022 ONWSIAT 683 (CanLII),2022-04-28,0,0,0,0,0,0,0,,
2022onwsiat684,2022 ONWSIAT 684 (CanLII),2022-04-28,0,0,0,0,0,0,0,,
2022onwsiat685,2022 ONWSIAT 685 (CanLII),2022-04-28,0,0,0,0,0,0,0,,
2022onwsiat686,2022 ONWSIAT 686 (CanLII),2022-04-28,0,0,0,0,0,0,0,,
2022onwsiat687,2022 ONWSIAT 687 (CanLII),2022-04-28,0,0,0,0,0,0,1,,
2022onwsiat688,2022 ONWSIAT 688 (CanLII),2022-04-28,0,0,0,0,0,0,0,,
2022onwsiat689,2022 ONWSIAT 689 (CanLII),2022-04-28,0,0,0,0,0,0,0,,
2022onwsiat690,2022 ONWSIAT 690 (CanLII),2022-04-28,0,0,0,0,0,0,0,,
2022onwsiat691,2022 ONWSIAT 691 (CanLII),2022-04-29,0,0,0,0,0,0,0,,
2022onwsiat692,2022 ONWSIAT 692 (CanLII),2022-04-29,0,0,0,0,0,0,0,,
2022onwsiat693,2022 ONWSIAT 693 (CanLII),2022-04-29,0,0,0,0,0,0,0,,
2022onwsiat694,2022 ONWSIAT 694 (CanLII),2022-04-29,0,0,0,0,0,0,0,,
2022onwsiat695,2022 ONWSIAT 695 (CanLII),2022-04-29,0,0,0,0,0,0,0,,
2022onwsiat696,2022 ONWSIAT 696 (CanLII),2022-04-29,0,0,0,0,0,0,0,,
2022onwsiat697,2022 ONWSIAT 697 (CanLII),2022-04-29,0,0,0,0,0,0,0,,
2022onwsiat698,2022 ONWSIAT 698 (CanLII),2022-04-29,0,0,0,0,0,0,0,,
2022onwsiat699,2022 ONWSIAT 699 (CanLII),2022-04-29,0,0,0,0,0,0,0,,
2022onwsiat700,2022 ONWSIAT 700 (CanLII),2022-05-02,0,0,0,0,0,0,0,,
2022onwsiat701,2022 ONWSIAT 701 (CanLII),2022-05-02,0,0,0,0,0,0,0,,
2022onwsiat702,2022 ONWSIAT 702 (CanLII),2022-05-02,0,0,0,0,0,0,0,,
2022onwsiat703,2022 ONWSIAT 703 (CanLII),2022-05-02,0,0,0,0,0,0,0,,
2022onwsiat704,2022 ONWSIAT 704 (CanLII),2022-05-02,0,0,0,0,0,0,0,,
2022onwsiat705,2022 ONWSIAT 705 (CanLII),2022-05-02,0,0,0,0,0,0,0,,
2022onwsiat706,2022 ONWSIAT 706 (CanLII),2022-05-02,0,0,0,0,0,0,0,,
2022onwsiat707,2022 ONWSIAT 707 (CanLII),2022-05-02,0,0,0,0,0,0,0,,
2022onwsiat708,2022 ONWSIAT 708 (CanLII),2022-05-03,0,0,0,0,0,0,0,,
2022onwsiat709,2022 ONWSIAT 709 (CanLII),2022-05-03,0,0,0,0,0,0,0,,
2022onwsiat710,2022 ONWSIAT 710 (CanLII),2022-05-03,0,0,0,0,0,0,0,,
2022onwsiat711,2022 ONWSIAT 711 (CanLII),2022-05-03,0,0,0,0,0,0,0,,
2022onwsiat712,2022 ONWSIAT 712 (CanLII),2022-05-03,0,0,0,0,0,0,0,,
2022onwsiat713,2022 ONWSIAT 713 (CanLII),2022-05-03,0,0,0,0,0,0,0,,
2022onwsiat714,2022 ONWSIAT 714 (CanLII),2022-05-03,0,0,0,0,0,0,0,,
2022onwsiat715,2022 ONWSIAT 715 (CanLII),2022-05-03,0,0,0,0,0,0,0,,
2022onwsiat716,2022 ONWSIAT 716 (CanLII),2022-05-03,0,0,0,0,0,0,0,,
2022onwsiat717,2022 ONWSIAT 717 (CanLII),2022-05-03,0,0,0,0,0,0,0,,
2022onwsiat718,2022 ONWSIAT 718 (CanLII),2022-05-04,0,0,0,0,0,0,0,,
2022onwsiat719,2022 ONWSIAT 719 (CanLII),2022-05-04,0,0,0,0,0,0,0,,
2022onwsiat720,2022 ONWSIAT 720 (CanLII),2022-05-04,0,0,0,0,0,0,0,,
2022onwsiat721,2022 ONWSIAT 721 (CanLII),2022-05-04,0,0,0,0,0,0,0,,
2022onwsiat722,2022 ONWSIAT 722 (CanLII),2022-05-04,0,0,0,0,0,0,0,,
2022onwsiat723,2022 ONWSIAT 723 (CanLII),2022-05-04,0,0,0,0,0,0,0,,
2022onwsiat724,2022 ONWSIAT 724 (CanLII),2022-05-04,0,0,0,0,0,0,0,,
2022onwsiat725,2022 ONWSIAT 725 (CanLII),2022-05-04,0,0,0,0,0,0,0,,
2022onwsiat726,2022 ONWSIAT 726 (CanLII),2022-05-04,0,0,0,0,0,0,0,,
2022onwsiat727,2022 ONWSIAT 727 (CanLII),2022-05-04,0,0,0,0,0,0,0,,
2022onwsiat728,2022 ONWSIAT 728 (CanLII),2022-05-05,0,0,0,0,0,0,0,,
2022onwsiat729,2022 ONWSIAT 729 (CanLII),2022-05-05,0,0,0,0,0,0,0,,
2022onwsiat730,2022 ONWSIAT 730 (CanLII),2022-05-05,0,0,0,0,0,0,0,,
2022onwsiat731,2022 ONWSIAT 731 (CanLII),2022-05-06,0,0,0,0,0,0,0,,
2022onwsiat732,2022 ONWSIAT 732 (CanLII),2022-05-06,0,0,0,0,0,0,0,,
2022onwsiat733,2022 ONWSIAT 733 (CanLII),2022-05-06,0,0,0,0,0,0,0,,
2022onwsiat734,2022 ONWSIAT 734 (CanLII),2022-05-09,0,0,0,0,0,0,0,,
2022onwsiat735,2022 ONWSIAT 735 (CanLII),2022-05-09,0,0,0,0,0,0,1,,
2022onwsiat736,2022 ONWSIAT 736 (CanLII),2022-05-09,0,0,0,0,0,0,0,,
2022onwsiat737,2022 ONWSIAT 737 (CanLII),2022-05-09,0,0,0,0,0,0,0,,
2022onwsiat738,2022 ONWSIAT 738 (CanLII),2022-05-09,0,0,0,0,0,0,0,,
2022onwsiat739,2022 ONWSIAT 739 (CanLII),2022-05-09,0,0,0,0,0,0,0,,
2022onwsiat740,2022 ONWSIAT 740 (CanLII),2022-05-09,0,0,0,0,0,0,1,,
2022onwsiat741,2022 ONWSIAT 741 (CanLII),2022-05-09,0,0,0,0,0,0,0,,
2022onwsiat742,2022 ONWSIAT 742 (CanLII),2022-05-09,0,0,0,0,0,0,0,,
2022onwsiat743,2022 ONWSIAT 743 (CanLII),2022-05-09,0,0,0,0,0,0,0,,
2022onwsiat744,2022 ONWSIAT 744 (CanLII),2022-05-09,0,0,0,0,0,0,0,,
2022onwsiat745,2022 ONWSIAT 745 (CanLII),2022-05-09,0,0,0,0,0,0,0,,
2022onwsiat746,2022 ONWSIAT 746 (CanLII),2022-05-09,0,0,0,0,0,0,0,,
2022onwsiat747,2022 ONWSIAT 747 (CanLII),2022-05-10,0,0,0,0,0,0,0,,
2022onwsiat748,2022 ONWSIAT 748 (CanLII),2022-05-10,0,0,0,0,0,0,0,,
2022onwsiat749,2022 ONWSIAT 749 (CanLII),2022-05-10,0,0,0,0,0,0,0,,
2022onwsiat750,2022 ONWSIAT 750 (CanLII),2022-05-10,0,0,0,0,0,0,1,,
2022onwsiat751,2022 ONWSIAT 751 (CanLII),2022-05-10,0,0,0,0,0,0,0,,
2022onwsiat752,2022 ONWSIAT 752 (CanLII),2022-05-10,0,0,0,0,0,0,0,,
2022onwsiat753,2022 ONWSIAT 753 (CanLII),2022-05-10,0,0,0,0,0,0,0,,
2022onwsiat754,2022 ONWSIAT 754 (CanLII),2022-05-10,0,0,0,0,0,0,0,,
2022onwsiat755,2022 ONWSIAT 755 (CanLII),2022-05-10,0,0,0,0,0,0,0,,
2022onwsiat756,2022 ONWSIAT 756 (CanLII),2022-05-11,0,0,0,0,0,0,0,,
2022onwsiat757,2022 ONWSIAT 757 (CanLII),2022-05-11,0,0,0,0,0,0,0,,
2022onwsiat758,2022 ONWSIAT 758 (CanLII),2022-05-11,0,0,0,0,0,0,0,,
2022onwsiat759,2022 ONWSIAT 759 (CanLII),2022-05-11,0,0,0,0,0,0,0,,
2022onwsiat760,2022 ONWSIAT 760 (CanLII),2022-05-11,0,0,0,0,0,0,0,,
2022onwsiat761,2022 ONWSIAT 761 (CanLII),2022-05-11,0,0,0,0,0,0,0,,
2022onwsiat762,2022 ONWSIAT 762 (CanLII),2022-05-11,0,0,0,0,0,0,0,,
2022onwsiat763,2022 ONWSIAT 763 (CanLII),2022-05-11,0,0,0,0,0,0,0,,
2022onwsiat764,2022 ONWSIAT 764 (CanLII),2022-05-11,0,0,0,0,0,0,0,,
2022onwsiat765,2022 ONWSIAT 765 (CanLII),2022-05-12,0,0,0,0,0,0,0,,
2022onwsiat766,2022 ONWSIAT 766 (CanLII),2022-05-12,0,0,0,0,0,0,0,,
2022onwsiat767,2022 ONWSIAT 767 (CanLII),2022-05-12,0,0,0,0,0,0,0,,
2022onwsiat768,2022 ONWSIAT 768 (CanLII),2022-05-12,0,0,0,0,0,0,0,,
2022onwsiat769,2022 ONWSIAT 769 (CanLII),2022-05-12,0,0,0,0,0,0,0,,
2022onwsiat770,2022 ONWSIAT 770 (CanLII),2022-05-12,0,0,0,0,0,0,0,,
2022onwsiat771,2022 ONWSIAT 771 (CanLII),2022-05-12,0,0,0,0,0,0,0,,
2022onwsiat772,2022 ONWSIAT 772 (CanLII),2022-05-12,0,0,0,0,0,0,0,,
2022onwsiat773,2022 ONWSIAT 773 (CanLII),2022-05-12,0,0,0,0,0,0,0,,
2022onwsiat774,2022 ONWSIAT 774 (CanLII),2022-05-12,0,0,0,0,0,0,0,,
2022onwsiat775,2022 ONWSIAT 775 (CanLII),2022-05-12,0,0,0,0,0,0,0,,
2022onwsiat776,2022 ONWSIAT 776 (CanLII),2022-05-12,0,0,0,0,0,0,0,,
2022onwsiat777,2022 ONWSIAT 777 (CanLII),2022-05-13,0,0,0,0,0,0,0,,
2022onwsiat778,2022 ONWSIAT 778 (CanLII),2022-05-13,0,0,0,0,0,0,0,,
2022onwsiat779,2022 ONWSIAT 779 (CanLII),2022-05-13,0,0,0,0,0,0,0,,
2022onwsiat780,2022 ONWSIAT 780 (CanLII),2022-05-13,0,0,0,0,0,0,0,,
2022onwsiat781,2022 ONWSIAT 781 (CanLII),2022-05-13,0,0,0,0,0,0,0,,
2022onwsiat782,2022 ONWSIAT 782 (CanLII),2022-05-13,0,0,0,0,0,0,0,,
2022onwsiat783,2022 ONWSIAT 783 (CanLII),2022-05-13,0,0,0,0,0,0,0,,
2022onwsiat784,2022 ONWSIAT 784 (CanLII),2022-05-16,0,0,0,0,0,0,0,,
2022onwsiat785,2022 ONWSIAT 785 (CanLII),2022-05-16,0,0,0,0,0,0,0,,
2022onwsiat786,2022 ONWSIAT 786 (CanLII),2022-05-16,0,0,0,0,0,0,0,,
2022onwsiat787,2022 ONWSIAT 787 (CanLII),2022-05-16,0,0,0,0,0,0,0,,
2022onwsiat788,2022 ONWSIAT 788 (CanLII),2022-05-16,0,0,0,0,0,0,0,,
2022onwsiat789,2022 ONWSIAT 789 (CanLII),2022-05-16,0,0,0,0,0,0,0,,
2022onwsiat790,2022 ONWSIAT 790 (CanLII),2022-05-16,0,0,0,0,0,0,0,,
2022onwsiat791,2022 ONWSIAT 791 (CanLII),2022-05-16,0,0,0,0,0,0,0,,
2022onwsiat792,2022 ONWSIAT 792 (CanLII),2022-05-16,0,0,0,0,0,0,0,,
2022onwsiat793,2022 ONWSIAT 793 (CanLII),2022-05-17,0,0,0,0,0,0,0,,
2022onwsiat794,2022 ONWSIAT 794 (CanLII),2022-05-17,0,0,0,0,0,0,0,,
2022onwsiat795,2022 ONWSIAT 795 (CanLII),2022-05-17,0,0,0,0,0,0,0,,
2022onwsiat796,2022 ONWSIAT 796 (CanLII),2022-05-17,0,0,0,0,0,0,0,,
2022onwsiat797,2022 ONWSIAT 797 (CanLII),2022-05-17,0,0,0,0,0,0,0,,
2022onwsiat798,2022 ONWSIAT 798 (CanLII),2022-05-17,0,0,0,0,0,0,0,,
2022onwsiat799,2022 ONWSIAT 799 (CanLII),2022-05-17,0,0,0,0,0,0,0,,
2022onwsiat800,2022 ONWSIAT 800 (CanLII),2022-05-18,0,0,0,0,0,0,0,,
2022onwsiat801,2022 ONWSIAT 801 (CanLII),2022-05-18,0,0,0,0,0,0,0,,
2022onwsiat802,2022 ONWSIAT 802 (CanLII),2022-05-18,0,0,0,0,0,0,0,,
2022onwsiat803,2022 ONWSIAT 803 (CanLII),2022-05-18,0,0,0,0,0,0,1,,
2022onwsiat804,2022 ONWSIAT 804 (CanLII),2022-05-18,0,0,0,0,0,0,0,,
2022onwsiat805,2022 ONWSIAT 805 (CanLII),2022-05-18,0,0,0,0,0,0,0,,
2022onwsiat806,2022 ONWSIAT 806 (CanLII),2022-05-18,0,0,0,0,0,0,1,,
2022onwsiat807,2022 ONWSIAT 807 (CanLII),2022-05-18,0,0,0,0,0,0,0,,
2022onwsiat808,2022 ONWSIAT 808 (CanLII),2022-05-18,0,0,0,0,0,0,0,,
2022onwsiat809,2022 ONWSIAT 809 (CanLII),2022-05-18,0,0,0,0,0,0,0,,
2022onwsiat810,2022 ONWSIAT 810 (CanLII),2022-05-18,0,0,0,0,0,0,0,,
2022onwsiat811,2022 ONWSIAT 811 (CanLII),2022-05-18,0,0,0,0,0,0,0,,
2022onwsiat812,2022 ONWSIAT 812 (CanLII),2022-05-19,0,0,0,0,0,0,0,,
2022onwsiat813,2022 ONWSIAT 813 (CanLII),2022-05-19,0,0,0,0,0,0,0,,
2022onwsiat814,2022 ONWSIAT 814 (CanLII),2022-05-19,0,0,0,0,0,0,0,,
2022onwsiat815,2022 ONWSIAT 815 (CanLII),2022-05-19,0,0,0,0,0,0,0,,
2022onwsiat816,2022 ONWSIAT 816 (CanLII),2022-05-19,0,0,0,0,0,0,0,,
2022onwsiat817,2022 ONWSIAT 817 (CanLII),2022-05-19,0,0,0,0,0,0,0,,
2022onwsiat818,2022 ONWSIAT 818 (CanLII),2022-05-19,0,0,0,0,0,0,0,,
2022onwsiat819,2022 ONWSIAT 819 (CanLII),2022-05-19,0,0,0,0,0,0,0,,
2022onwsiat820,2022 ONWSIAT 820 (CanLII),2022-05-19,0,0,0,0,0,0,0,,
2022onwsiat821,2022 ONWSIAT 821 (CanLII),2022-05-19,0,0,0,0,0,0,0,,
2022onwsiat822,2022 ONWSIAT 822 (CanLII),2022-05-20,0,0,0,0,0,0,0,,
2022onwsiat823,2022 ONWSIAT 823 (CanLII),2022-05-20,0,0,0,0,0,0,0,,
2022onwsiat824,2022 ONWSIAT 824 (CanLII),2022-05-20,0,0,0,0,0,0,0,,
2022onwsiat825,2022 ONWSIAT 825 (CanLII),2022-05-20,0,0,0,0,0,0,0,,
2022onwsiat826,2022 ONWSIAT 826 (CanLII),2022-05-20,0,0,0,0,0,0,0,,
2022onwsiat827,2022 ONWSIAT 827 (CanLII),2022-05-20,0,0,0,0,0,0,0,,
2022onwsiat828,2022 ONWSIAT 828 (CanLII),2022-05-20,0,0,0,0,0,0,0,,
2022onwsiat829,2022 ONWSIAT 829 (CanLII),2022-05-20,0,0,0,0,0,0,0,,
2022onwsiat830,2022 ONWSIAT 830 (CanLII),2022-05-20,0,0,0,0,0,0,0,,
2022onwsiat831,2022 ONWSIAT 831 (CanLII),2022-05-20,0,0,0,0,0,0,0,,
2022onwsiat832,2022 ONWSIAT 832 (CanLII),2022-05-20,0,0,0,0,0,0,0,,
2022onwsiat833,2022 ONWSIAT 833 (CanLII),2022-05-20,0,0,0,0,0,0,0,,
2022onwsiat834,2022 ONWSIAT 834 (CanLII),2022-05-20,0,0,0,0,0,0,0,,
2022onwsiat835,2022 ONWSIAT 835 (CanLII),2022-05-20,0,0,0,0,0,0,0,,
2022onwsiat836,2022 ONWSIAT 836 (CanLII),2022-05-20,0,0,0,0,0,0,1,,
2022onwsiat837,2022 ONWSIAT 837 (CanLII),2022-05-20,0,0,0,0,0,0,0,,
2022onwsiat838,2022 ONWSIAT 838 (CanLII),2022-05-24,0,0,0,0,0,0,0,,
2022onwsiat839,2022 ONWSIAT 839 (CanLII),2022-05-24,0,0,0,0,0,0,0,,
2022onwsiat840,2022 ONWSIAT 840 (CanLII),2022-05-24,0,0,0,0,0,0,0,,
2022onwsiat841,2022 ONWSIAT 841 (CanLII),2022-05-24,0,0,0,0,0,0,0,,
2022onwsiat842,2022 ONWSIAT 842 (CanLII),2022-05-24,0,0,0,0,0,0,0,,
2022onwsiat843,2022 ONWSIAT 843 (CanLII),2022-05-24,0,0,0,0,0,0,0,,
2022onwsiat844,2022 ONWSIAT 844 (CanLII),2022-05-25,0,0,0,0,0,0,0,,
2022onwsiat845,2022 ONWSIAT 845 (CanLII),2022-05-25,0,0,0,0,0,0,0,,
2022onwsiat846,2022 ONWSIAT 846 (CanLII),2022-05-25,0,0,0,0,0,0,0,,
2022onwsiat847,2022 ONWSIAT 847 (CanLII),2022-05-25,0,0,0,0,0,0,0,,
2022onwsiat848,2022 ONWSIAT 848 (CanLII),2022-05-26,0,0,0,0,0,0,0,,
2022onwsiat849,2022 ONWSIAT 849 (CanLII),2022-05-26,0,0,0,0,0,0,0,,
2022onwsiat850,2022 ONWSIAT 850 (CanLII),2022-05-27,0,0,0,0,0,0,0,,
2022onwsiat851,2022 ONWSIAT 851 (CanLII),2022-05-27,0,0,0,0,0,0,0,,
2022onwsiat852,2022 ONWSIAT 852 (CanLII),2022-05-27,0,0,0,0,0,0,0,,
2022onwsiat853,2022 ONWSIAT 853 (CanLII),2022-05-27,0,0,0,0,0,0,0,,
2022onwsiat854,2022 ONWSIAT 854 (CanLII),2022-05-30,0,0,0,0,0,0,0,,
2022onwsiat855,2022 ONWSIAT 855 (CanLII),2022-05-30,0,0,0,0,0,0,0,,
2022onwsiat856,2022 ONWSIAT 856 (CanLII),2022-05-30,0,0,0,0,0,0,0,,
2022onwsiat857,2022 ONWSIAT 857 (CanLII),2022-05-30,0,0,0,0,0,0,1,,
2022onwsiat858,2022 ONWSIAT 858 (CanLII),2022-05-30,0,0,0,0,0,0,0,,
2022onwsiat859,2022 ONWSIAT 859 (CanLII),2022-05-30,0,0,0,0,0,0,1,,
2022onwsiat860,2022 ONWSIAT 860 (CanLII),2022-05-30,0,0,0,0,0,0,1,,
2022onwsiat861,2022 ONWSIAT 861 (CanLII),2022-05-30,0,0,0,0,0,0,1,,
2022onwsiat862,2022 ONWSIAT 862 (CanLII),2022-05-30,0,0,0,0,0,0,0,,
2022onwsiat863,2022 ONWSIAT 863 (CanLII),2022-05-31,0,0,0,0,0,0,0,,
2022onwsiat864,2022 ONWSIAT 864 (CanLII),2022-05-31,0,0,0,0,0,0,0,,
2022onwsiat865,2022 ONWSIAT 865 (CanLII),2022-05-31,0,0,0,0,0,0,0,,
2022onwsiat866,2022 ONWSIAT 866 (CanLII),2022-05-31,0,0,0,0,0,0,0,,
2022onwsiat867,2022 ONWSIAT 867 (CanLII),2022-05-31,0,0,0,0,0,0,0,,
2022onwsiat868,2022 ONWSIAT 868 (CanLII),2022-06-01,0,0,0,0,0,0,0,,
2022onwsiat869,2022 ONWSIAT 869 (CanLII),2022-06-01,0,0,0,0,0,0,0,,
2022onwsiat870,2022 ONWSIAT 870 (CanLII),2022-06-01,0,0,0,0,0,0,0,,
2022onwsiat871,2022 ONWSIAT 871 (CanLII),2022-06-02,0,0,0,0,0,0,0,,
2022onwsiat872,2022 ONWSIAT 872 (CanLII),2022-06-02,0,0,0,0,0,0,1,,
2022onwsiat873,2022 ONWSIAT 873 (CanLII),2022-06-02,0,0,0,0,0,0,0,,
2022onwsiat874,2022 ONWSIAT 874 (CanLII),2022-06-02,0,0,0,0,0,0,0,,
2022onwsiat875,2022 ONWSIAT 875 (CanLII),2022-06-02,0,0,0,0,0,0,0,,
2022onwsiat876,2022 ONWSIAT 876 (CanLII),2022-06-02,0,0,0,0,0,0,0,,
2022onwsiat877,2022 ONWSIAT 877 (CanLII),2022-06-02,0,0,0,0,0,0,0,,
2022onwsiat878,2022 ONWSIAT 878 (CanLII),2022-06-03,0,0,0,0,0,0,0,,
2022onwsiat879,2022 ONWSIAT 879 (CanLII),2022-06-03,0,0,0,0,0,0,0,,
2022onwsiat880,2022 ONWSIAT 880 (CanLII),2022-06-03,0,0,0,0,0,0,0,,
2022onwsiat881,2022 ONWSIAT 881 (CanLII),2022-06-03,0,0,0,0,0,0,0,,
2022onwsiat882,2022 ONWSIAT 882 (CanLII),2022-06-03,0,0,0,0,0,0,0,,
2022onwsiat883,2022 ONWSIAT 883 (CanLII),2022-06-03,0,0,0,0,0,0,0,,
2022onwsiat884,2022 ONWSIAT 884 (CanLII),2022-06-03,0,0,0,0,0,0,0,,
2022onwsiat885,2022 ONWSIAT 885 (CanLII),2022-06-03,0,0,0,0,0,0,0,,
2022onwsiat886,2022 ONWSIAT 886 (CanLII),2022-06-03,0,0,0,0,0,0,0,,
2022onwsiat887,2022 ONWSIAT 887 (CanLII),2022-06-06,0,0,0,0,0,0,0,,
2022onwsiat888,2022 ONWSIAT 888 (CanLII),2022-06-06,0,0,0,0,0,0,0,,
2022onwsiat889,2022 ONWSIAT 889 (CanLII),2022-06-06,0,0,0,0,0,0,1,,
2022onwsiat890,2022 ONWSIAT 890 (CanLII),2022-06-06,0,0,0,0,0,0,0,,
2022onwsiat891,2022 ONWSIAT 891 (CanLII),2022-06-06,0,0,0,0,0,0,0,,
2022onwsiat892,2022 ONWSIAT 892 (CanLII),2022-06-06,1,0,0,0,0,0,0,,
2022onwsiat893,2022 ONWSIAT 893 (CanLII),2022-06-06,0,0,0,0,0,0,0,,
2022onwsiat894,2022 ONWSIAT 894 (CanLII),2022-06-06,0,0,0,0,0,0,0,,
2022onwsiat895,2022 ONWSIAT 895 (CanLII),2022-06-06,0,0,0,0,0,0,0,,
2022onwsiat896,2022 ONWSIAT 896 (CanLII),2022-06-07,0,0,0,0,0,0,0,,
2022onwsiat897,2022 ONWSIAT 897 (CanLII),2022-06-07,0,0,0,0,0,0,0,,
2022onwsiat898,2022 ONWSIAT 898 (CanLII),2022-06-07,0,0,0,0,0,0,0,,
2022onwsiat899,2022 ONWSIAT 899 (CanLII),2022-06-07,0,0,0,0,0,0,0,,
2022onwsiat900,2022 ONWSIAT 900 (CanLII),2022-06-07,0,0,0,0,0,0,1,,
2022onwsiat901,2022 ONWSIAT 901 (CanLII),2022-06-07,0,0,0,0,0,0,0,,
2022onwsiat902,2022 ONWSIAT 902 (CanLII),2022-06-07,0,0,0,0,0,0,0,,
2022onwsiat903,2022 ONWSIAT 903 (CanLII),2022-06-08,0,0,0,0,0,0,0,,
2022onwsiat904,2022 ONWSIAT 904 (CanLII),2022-06-07,0,0,0,0,0,0,0,,
2022onwsiat905,2022 ONWSIAT 905 (CanLII),2022-06-08,0,0,0,0,0,0,0,,
2022onwsiat906,2022 ONWSIAT 906 (CanLII),2022-06-08,0,0,0,0,0,0,1,,
2022onwsiat907,2022 ONWSIAT 907 (CanLII),2022-06-08,0,0,0,0,0,0,0,,
2022onwsiat908,2022 ONWSIAT 908 (CanLII),2022-06-08,0,0,0,0,0,0,0,,
2022onwsiat909,2022 ONWSIAT 909 (CanLII),2022-06-08,0,0,0,0,0,0,0,,
2022onwsiat910,2022 ONWSIAT 910 (CanLII),2022-06-09,0,0,0,0,0,0,0,,
2022onwsiat911,2022 ONWSIAT 911 (CanLII),2022-06-09,0,0,0,0,0,0,1,,
2022onwsiat912,2022 ONWSIAT 912 (CanLII),2022-06-09,0,0,0,0,0,0,0,,
2022onwsiat913,2022 ONWSIAT 913 (CanLII),2022-06-09,0,0,0,0,0,0,0,,
2022onwsiat914,2022 ONWSIAT 914 (CanLII),2022-06-10,0,0,0,0,0,0,0,,
2022onwsiat915,2022 ONWSIAT 915 (CanLII),2022-06-10,0,0,0,0,0,0,0,,
2022onwsiat916,2022 ONWSIAT 916 (CanLII),2022-06-10,0,0,0,0,0,0,0,,
2022onwsiat917,2022 ONWSIAT 917 (CanLII),2022-06-10,0,0,0,0,0,0,0,,
2022onwsiat918,2022 ONWSIAT 918 (CanLII),2022-06-10,0,0,0,0,0,0,0,,
2022onwsiat919,2022 ONWSIAT 919 (CanLII),2022-06-10,0,0,0,0,0,0,0,,
2022onwsiat920,2022 ONWSIAT 920 (CanLII),2022-06-13,0,0,0,0,0,0,0,,
2022onwsiat921,2022 ONWSIAT 921 (CanLII),2022-06-13,0,0,0,0,0,0,0,,
2022onwsiat922,2022 ONWSIAT 922 (CanLII),2022-06-13,0,0,0,0,0,0,0,,
2022onwsiat923,2022 ONWSIAT 923 (CanLII),2022-06-13,0,0,0,0,0,0,0,,
2022onwsiat924,2022 ONWSIAT 924 (CanLII),2022-06-13,0,0,0,0,0,0,0,,
2022onwsiat925,2022 ONWSIAT 925 (CanLII),2022-06-13,0,0,0,0,0,0,0,,
2022onwsiat926,2022 ONWSIAT 926 (CanLII),2022-06-13,0,0,0,0,0,0,0,,
2022onwsiat927,2022 ONWSIAT 927 (CanLII),2022-06-13,0,0,0,0,0,0,0,,
2022onwsiat928,2022 ONWSIAT 928 (CanLII),2022-06-13,0,0,0,0,0,0,0,,
2022onwsiat929,2022 ONWSIAT 929 (CanLII),2022-06-13,0,0,0,0,0,0,0,,
2022onwsiat930,2022 ONWSIAT 930 (CanLII),2022-06-13,0,0,0,0,0,0,0,,
2022onwsiat931,2022 ONWSIAT 931 (CanLII),2022-06-13,0,0,0,0,0,0,0,,
2022onwsiat932,2022 ONWSIAT 932 (CanLII),2022-06-13,0,0,0,0,0,0,0,,
2022onwsiat933,2022 ONWSIAT 933 (CanLII),2022-06-14,0,0,0,0,0,0,0,,
2022onwsiat934,2022 ONWSIAT 934 (CanLII),2022-06-14,0,0,0,0,0,0,0,,
2022onwsiat935,2022 ONWSIAT 935 (CanLII),2022-06-14,0,0,0,0,0,0,0,,
2022onwsiat936,2022 ONWSIAT 936 (CanLII),2022-06-14,0,0,0,0,0,0,0,,
2022onwsiat937,2022 ONWSIAT 937 (CanLII),2022-06-14,0,0,0,0,0,0,0,,
2022onwsiat938,2022 ONWSIAT 938 (CanLII),2022-06-14,0,0,0,0,0,0,0,,
2022onwsiat939,2022 ONWSIAT 939 (CanLII),2022-06-14,0,0,0,0,0,0,0,,
2022onwsiat940,2022 ONWSIAT 940 (CanLII),2022-06-14,0,0,0,0,0,0,0,,
2022onwsiat941,2022 ONWSIAT 941 (CanLII),2022-06-14,0,0,0,0,0,0,0,,
2022onwsiat942,2022 ONWSIAT 942 (CanLII),2022-06-14,0,0,0,0,0,0,0,,
2022onwsiat943,2022 ONWSIAT 943 (CanLII),2022-06-14,0,0,0,0,0,0,0,,
2022onwsiat944,2022 ONWSIAT 944 (CanLII),2022-06-14,0,0,0,0,0,0,0,,
2022onwsiat945,2022 ONWSIAT 945 (CanLII),2022-06-14,0,0,0,0,0,0,0,,
2022onwsiat946,2022 ONWSIAT 946 (CanLII),2022-06-15,0,0,0,0,0,0,1,,
2022onwsiat947,2022 ONWSIAT 947 (CanLII),2022-06-15,0,0,0,0,0,0,0,,
2022onwsiat948,2022 ONWSIAT 948 (CanLII),2022-06-15,0,0,0,0,0,0,0,,
2022onwsiat949,2022 ONWSIAT 949 (CanLII),2022-06-15,0,0,0,0,0,0,0,,
2022onwsiat950,2022 ONWSIAT 950 (CanLII),2022-06-15,0,0,0,0,0,0,0,,
2022onwsiat951,2022 ONWSIAT 951 (CanLII),2022-06-15,0,0,0,0,0,0,0,,
2022onwsiat952,2022 ONWSIAT 952 (CanLII),2022-06-15,0,0,0,0,0,0,0,,
2022onwsiat953,2022 ONWSIAT 953 (CanLII),2022-06-15,0,0,0,0,0,0,0,,
2022onwsiat954,2022 ONWSIAT 954 (CanLII),2022-06-15,0,0,0,0,0,0,0,,
2022onwsiat955,2022 ONWSIAT 955 (CanLII),2022-06-15,0,0,0,0,0,0,0,,
2022onwsiat956,2022 ONWSIAT 956 (CanLII),2022-06-15,0,0,0,0,0,0,0,,
2022onwsiat957,2022 ONWSIAT 957 (CanLII),2022-06-15,0,0,0,0,0,0,0,,
2022onwsiat958,2022 ONWSIAT 958 (CanLII),2022-06-16,0,0,0,0,0,0,0,,
2022onwsiat959,2022 ONWSIAT 959 (CanLII),2022-06-16,0,0,0,0,0,0,0,,
2022onwsiat960,2022 ONWSIAT 960 (CanLII),2022-06-16,0,0,0,0,0,0,0,,
2022onwsiat961,2022 ONWSIAT 961 (CanLII),2022-06-16,0,0,0,0,0,0,0,,
2022onwsiat962,2022 ONWSIAT 962 (CanLII),2022-06-16,0,0,0,0,0,0,0,,
2022onwsiat963,2022 ONWSIAT 963 (CanLII),2022-06-16,0,0,0,0,0,0,0,,
2022onwsiat964,2022 ONWSIAT 964 (CanLII),2022-06-17,0,0,0,0,0,0,0,,
2022onwsiat965,2022 ONWSIAT 965 (CanLII),2022-06-17,0,0,0,0,0,0,0,,
2022onwsiat966,2022 ONWSIAT 966 (CanLII),2022-06-17,0,0,0,0,0,0,0,,
2022onwsiat967,2022 ONWSIAT 967 (CanLII),2022-06-17,0,0,0,0,0,0,0,,
2022onwsiat968,2022 ONWSIAT 968 (CanLII),2022-06-17,0,0,0,0,0,0,0,,
2022onwsiat969,2022 ONWSIAT 969 (CanLII),2022-06-17,0,0,0,0,0,0,0,,
2022onwsiat970,2022 ONWSIAT 970 (CanLII),2022-06-17,0,0,0,0,0,0,0,,
2022onwsiat971,2022 ONWSIAT 971 (CanLII),2022-06-17,0,0,0,0,0,0,0,,
2022onwsiat972,2022 ONWSIAT 972 (CanLII),2022-06-17,0,0,0,0,0,0,0,,
2022onwsiat973,2022 ONWSIAT 973 (CanLII),2022-06-17,0,0,0,0,0,0,0,,
2022onwsiat974,2022 ONWSIAT 974 (CanLII),2022-06-17,0,0,0,0,0,0,0,,
2022onwsiat975,2022 ONWSIAT 975 (CanLII),2022-06-17,0,0,0,0,0,0,0,,
2022onwsiat976,2022 ONWSIAT 976 (CanLII),2022-06-17,0,0,0,0,0,0,0,,
2022onwsiat977,2022 ONWSIAT 977 (CanLII),2022-06-20,0,0,0,0,0,0,0,,
2022onwsiat978,2022 ONWSIAT 978 (CanLII),2022-06-20,0,0,0,0,0,0,0,,
2022onwsiat979,2022 ONWSIAT 979 (CanLII),2022-06-20,0,0,0,0,0,0,0,,
2022onwsiat980,2022 ONWSIAT 980 (CanLII),2022-06-20,0,0,0,0,0,0,0,,
2022onwsiat981,2022 ONWSIAT 981 (CanLII),2022-06-20,0,0,0,0,0,0,0,,
2022onwsiat982,2022 ONWSIAT 982 (CanLII),2022-06-20,0,0,0,0,0,0,0,,
2022onwsiat983,2022 ONWSIAT 983 (CanLII),2022-06-20,0,0,0,0,0,0,0,,
2022onwsiat984,2022 ONWSIAT 984 (CanLII),2022-06-20,0,0,0,0,0,0,1,,
2022onwsiat985,2022 ONWSIAT 985 (CanLII),2022-06-20,0,0,0,0,0,0,0,,
2022onwsiat986,2022 ONWSIAT 986 (CanLII),2022-06-20,0,0,0,0,0,0,0,,
2022onwsiat987,2022 ONWSIAT 987 (CanLII),2022-06-20,1,0,0,0,0,0,1,,
2022onwsiat988,2022 ONWSIAT 988 (CanLII),2022-06-20,0,0,0,0,0,0,0,,
2022onwsiat989,2022 ONWSIAT 989 (CanLII),2022-06-21,0,0,0,0,0,0,0,,
2022onwsiat990,2022 ONWSIAT 990 (CanLII),2022-06-21,0,0,0,0,0,0,0,,
2022onwsiat991,2022 ONWSIAT 991 (CanLII),2022-06-21,0,0,0,0,0,0,0,,
2022onwsiat992,2022 ONWSIAT 992 (CanLII),2022-06-21,0,0,0,0,0,0,0,,
2022onwsiat993,2022 ONWSIAT 993 (CanLII),2022-06-21,0,0,0,0,0,0,0,,
2022onwsiat994,2022 ONWSIAT 994 (CanLII),2022-06-21,0,0,0,0,0,0,0,,
2022onwsiat995,2022 ONWSIAT 995 (CanLII),2022-06-21,0,0,0,0,0,0,0,,
2022onwsiat996,2022 ONWSIAT 996 (CanLII),2022-06-22,0,0,0,0,0,0,0,,
2022onwsiat997,2022 ONWSIAT 997 (CanLII),2022-06-22,0,0,0,0,0,0,0,,
2022onwsiat998,2022 ONWSIAT 998 (CanLII),2022-06-22,0,0,0,0,0,0,0,,
2022onwsiat999,2022 ONWSIAT 999 (CanLII),2022-06-22,0,0,0,0,0,0,0,,
2022onwsiat1000,2022 ONWSIAT 1000 (CanLII),2022-06-22,0,0,0,0,0,0,0,,
2022onwsiat1001,2022 ONWSIAT 1001 (CanLII),2022-06-22,0,0,0,0,0,0,1,,
2022onwsiat1002,2022 ONWSIAT 1002 (CanLII),2022-06-23,0,0,0,0,0,0,0,,
2022onwsiat1003,2022 ONWSIAT 1003 (CanLII),2022-06-23,0,0,0,0,0,0,0,,
2022onwsiat1004,2022 ONWSIAT 1004 (CanLII),2022-06-23,0,0,0,0,0,0,0,,
2022onwsiat1005,2022 ONWSIAT 1005 (CanLII),2022-06-23,0,0,0,0,0,0,0,,
2022onwsiat1006,2022 ONWSIAT 1006 (CanLII),2022-06-23,0,0,0,0,0,0,0,,
2022onwsiat1007,2022 ONWSIAT 1007 (CanLII),2022-06-24,0,0,0,0,0,0,0,,
2022onwsiat1008,2022 ONWSIAT 1008 (CanLII),2022-06-24,0,0,0,0,0,0,0,,
2022onwsiat1009,2022 ONWSIAT 1009 (CanLII),2022-06-24,0,0,0,0,0,0,0,,
2022onwsiat1010,2022 ONWSIAT 1010 (CanLII),2022-06-24,0,0,0,0,0,0,0,,
2022onwsiat1011,2022 ONWSIAT 1011 (CanLII),2022-06-24,0,0,0,0,0,0,0,,
2022onwsiat1012,2022 ONWSIAT 1012 (CanLII),2022-06-24,0,0,0,0,0,0,0,,
2022onwsiat1013,2022 ONWSIAT 1013 (CanLII),2022-06-24,0,0,0,0,0,0,0,,
2022onwsiat1014,2022 ONWSIAT 1014 (CanLII),2022-06-24,0,0,0,0,0,0,1,,
2022onwsiat1015,2022 ONWSIAT 1015 (CanLII),2022-06-27,0,0,0,0,0,0,0,,
2022onwsiat1016,2022 ONWSIAT 1016 (CanLII),2022-06-27,0,0,0,0,0,0,0,,
2022onwsiat1017,2022 ONWSIAT 1017 (CanLII),2022-06-27,0,0,0,0,0,0,0,,
2022onwsiat1018,2022 ONWSIAT 1018 (CanLII),2022-06-28,0,0,0,0,0,0,0,,
2022onwsiat1019,2022 ONWSIAT 1019 (CanLII),2022-06-27,0,0,0,0,0,0,0,,
2022onwsiat1020,2022 ONWSIAT 1020 (CanLII),2022-06-27,0,0,0,0,0,0,0,,
2022onwsiat1021,2022 ONWSIAT 1021 (CanLII),2022-06-28,0,0,0,0,0,0,0,,
2022onwsiat1022,2022 ONWSIAT 1022 (CanLII),2022-06-29,0,0,0,0,0,0,0,,
2022onwsiat1023,2022 ONWSIAT 1023 (CanLII),2022-06-29,0,0,0,0,0,0,0,,
2022onwsiat1024,2022 ONWSIAT 1024 (CanLII),2022-06-29,0,0,0,0,0,0,0,,
2022onwsiat1025,2022 ONWSIAT 1025 (CanLII),2022-06-29,0,0,0,0,0,0,0,,
2022onwsiat1026,2022 ONWSIAT 1026 (CanLII),2022-06-29,0,0,0,0,0,0,0,,
2022onwsiat1027,2022 ONWSIAT 1027 (CanLII),2022-06-29,0,0,0,0,0,0,0,,
2022onwsiat1028,2022 ONWSIAT 1028 (CanLII),2022-06-29,0,0,0,0,0,0,0,,
2022onwsiat1029,2022 ONWSIAT 1029 (CanLII),2022-06-29,0,0,0,0,0,0,0,,
2022onwsiat1030,2022 ONWSIAT 1030 (CanLII),2022-06-29,0,0,0,0,0,0,0,,
2022onwsiat1031,2022 ONWSIAT 1031 (CanLII),2022-06-30,0,0,0,0,0,0,0,,
2022onwsiat1032,2022 ONWSIAT 1032 (CanLII),2022-06-30,0,0,0,0,0,0,0,,
2022onwsiat1033,2022 ONWSIAT 1033 (CanLII),2022-06-30,0,0,0,0,0,0,0,,
2022onwsiat1034,2022 ONWSIAT 1034 (CanLII),2022-06-30,0,0,0,0,0,0,0,,
2022onwsiat1035,2022 ONWSIAT 1035 (CanLII),2022-06-30,0,0,0,0,0,0,0,,
2022onwsiat1036,2022 ONWSIAT 1036 (CanLII),2022-06-30,0,0,0,0,0,0,0,,
2022onwsiat1037,2022 ONWSIAT 1037 (CanLII),2022-06-30,0,0,0,0,0,0,0,,
2022onwsiat1038,2022 ONWSIAT 1038 (CanLII),2022-06-30,0,0,0,0,0,0,0,,
2022onwsiat1039,2022 ONWSIAT 1039 (CanLII),2022-06-30,0,0,0,0,0,0,0,,
2022onwsiat1040,2022 ONWSIAT 1040 (CanLII),2022-07-04,0,0,0,0,0,0,0,,
2022onwsiat1041,2022 ONWSIAT 1041 (CanLII),2022-07-04,0,0,0,0,0,0,0,,
2022onwsiat1042,2022 ONWSIAT 1042 (CanLII),2022-07-04,0,0,0,0,0,0,0,,
2022onwsiat1043,2022 ONWSIAT 1043 (CanLII),2022-07-04,0,0,0,0,0,0,0,,
2022onwsiat1044,2022 ONWSIAT 1044 (CanLII),2022-07-04,0,0,0,0,0,0,0,,
2022onwsiat1045,2022 ONWSIAT 1045 (CanLII),2022-07-04,0,0,0,0,0,0,0,,
2022onwsiat1046,2022 ONWSIAT 1046 (CanLII),2022-07-04,0,0,0,0,0,0,0,,
2022onwsiat1047,2022 ONWSIAT 1047 (CanLII),2022-07-05,0,0,0,0,0,0,0,,
2022onwsiat1048,2022 ONWSIAT 1048 (CanLII),2022-07-05,0,0,0,0,0,0,0,,
2022onwsiat1049,2022 ONWSIAT 1049 (CanLII),2022-07-05,0,0,0,0,0,0,0,,
2022onwsiat1050,2022 ONWSIAT 1050 (CanLII),2022-07-06,0,0,0,0,0,0,0,,
2022onwsiat1051,2022 ONWSIAT 1051 (CanLII),2022-07-06,0,0,0,0,0,0,0,,
2022onwsiat1052,2022 ONWSIAT 1052 (CanLII),2022-07-06,0,0,0,0,0,0,0,,
2022onwsiat1053,2022 ONWSIAT 1053 (CanLII),2022-07-06,0,0,0,0,0,0,0,,
2022onwsiat1054,2022 ONWSIAT 1054 (CanLII),2022-07-06,0,0,0,0,0,0,0,,
2022onwsiat1055,2022 ONWSIAT 1055 (CanLII),2022-07-06,0,0,0,0,0,0,0,,
2022onwsiat1056,2022 ONWSIAT 1056 (CanLII),2022-07-06,0,0,0,0,0,0,0,,
2022onwsiat1057,2022 ONWSIAT 1057 (CanLII),2022-07-07,0,0,0,0,0,0,0,,
2022onwsiat1058,2022 ONWSIAT 1058 (CanLII),2022-07-07,0,0,0,0,0,0,0,,
2022onwsiat1059,2022 ONWSIAT 1059 (CanLII),2022-07-07,0,0,0,0,0,0,0,,
2022onwsiat1060,2022 ONWSIAT 1060 (CanLII),2022-07-07,0,0,0,0,0,0,0,,
2022onwsiat1061,2022 ONWSIAT 1061 (CanLII),2022-07-08,0,0,0,0,0,0,0,,
2022onwsiat1062,2022 ONWSIAT 1062 (CanLII),2022-07-08,0,0,0,0,0,0,1,,
2022onwsiat1063,2022 ONWSIAT 1063 (CanLII),2022-07-08,0,0,0,0,0,0,0,,
2022onwsiat1064,2022 ONWSIAT 1064 (CanLII),2022-07-11,0,0,0,0,0,0,0,,
2022onwsiat1065,2022 ONWSIAT 1065 (CanLII),2022-07-11,0,0,0,0,0,0,0,,
2022onwsiat1066,2022 ONWSIAT 1066 (CanLII),2022-07-11,0,0,0,0,0,0,0,,
2022onwsiat1067,2022 ONWSIAT 1067 (CanLII),2022-07-11,0,0,0,0,0,0,1,,
2022onwsiat1068,2022 ONWSIAT 1068 (CanLII),2022-07-11,0,0,0,0,0,0,0,,
2022onwsiat1069,2022 ONWSIAT 1069 (CanLII),2022-07-11,0,0,0,0,0,0,0,,
2022onwsiat1070,2022 ONWSIAT 1070 (CanLII),2022-07-11,0,0,0,0,0,0,0,,
2022onwsiat1071,2022 ONWSIAT 1071 (CanLII),2022-07-11,0,0,0,0,0,0,1,,
2022onwsiat1072,2022 ONWSIAT 1072 (CanLII),2022-07-11,0,0,0,0,0,0,0,,
2022onwsiat1073,2022 ONWSIAT 1073 (CanLII),2022-07-12,0,0,0,0,0,0,0,,
2022onwsiat1074,2022 ONWSIAT 1074 (CanLII),2022-07-12,0,0,0,0,0,0,1,,
2022onwsiat1075,2022 ONWSIAT 1075 (CanLII),2022-07-12,0,0,0,0,0,0,0,,
2022onwsiat1076,2022 ONWSIAT 1076 (CanLII),2022-07-12,0,0,0,0,0,0,1,,
2022onwsiat1077,2022 ONWSIAT 1077 (CanLII),2022-07-12,0,0,0,0,0,0,0,,
2022onwsiat1078,2022 ONWSIAT 1078 (CanLII),2022-07-12,0,0,0,0,0,0,0,,
2022onwsiat1079,2022 ONWSIAT 1079 (CanLII),2022-07-12,0,0,0,0,0,0,1,,
2022onwsiat1080,2022 ONWSIAT 1080 (CanLII),2022-07-12,0,0,0,0,0,0,0,,
2022onwsiat1081,2022 ONWSIAT 1081 (CanLII),2022-07-12,0,0,0,0,0,0,0,,
2022onwsiat1082,2022 ONWSIAT 1082 (CanLII),2022-07-12,0,0,0,0,0,0,0,,
2022onwsiat1083,2022 ONWSIAT 1083 (CanLII),2022-07-13,0,0,0,0,0,0,0,,
2022onwsiat1084,2022 ONWSIAT 1084 (CanLII),2022-07-13,0,0,0,0,0,0,0,,
2022onwsiat1085,2022 ONWSIAT 1085 (CanLII),2022-07-13,0,0,0,0,0,0,0,,
2022onwsiat1086,2022 ONWSIAT 1086 (CanLII),2022-07-13,0,0,0,0,0,0,0,,
2022onwsiat1087,2022 ONWSIAT 1087 (CanLII),2022-07-13,0,0,0,0,0,0,0,,
2022onwsiat1088,2022 ONWSIAT 1088 (CanLII),2022-07-13,0,0,0,0,0,0,0,,
2022onwsiat1089,2022 ONWSIAT 1089 (CanLII),2022-07-13,0,0,0,0,0,0,0,,
2022onwsiat1090,2022 ONWSIAT 1090 (CanLII),2022-07-13,0,0,0,0,0,0,0,,
2022onwsiat1091,2022 ONWSIAT 1091 (CanLII),2022-07-13,0,0,0,0,0,0,0,,
2022onwsiat1092,2022 ONWSIAT 1092 (CanLII),2022-07-13,0,0,0,0,0,0,0,,
2022onwsiat1093,2022 ONWSIAT 1093 (CanLII),2022-07-13,0,0,0,0,0,0,0,,
2022onwsiat1094,2022 ONWSIAT 1094 (CanLII),2022-07-13,0,0,0,0,0,0,0,,
2022onwsiat1095,2022 ONWSIAT 1095 (CanLII),2022-07-13,0,0,0,0,0,0,0,,
2022onwsiat1096,2022 ONWSIAT 1096 (CanLII),2022-07-14,0,0,0,0,0,0,0,,
2022onwsiat1097,2022 ONWSIAT 1097 (CanLII),2022-07-14,0,0,0,0,0,0,0,,
2022onwsiat1098,2022 ONWSIAT 1098 (CanLII),2022-07-14,0,0,0,0,0,0,0,,
2022onwsiat1099,2022 ONWSIAT 1099 (CanLII),2022-07-14,0,0,0,0,0,0,0,,
2022onwsiat1100,2022 ONWSIAT 1100 (CanLII),2022-07-14,0,0,0,0,0,0,0,,
2022onwsiat1101,2022 ONWSIAT 1101 (CanLII),2022-07-14,0,0,0,0,0,0,0,,
2022onwsiat1102,2022 ONWSIAT 1102 (CanLII),2022-07-15,0,0,0,0,0,0,0,,
2022onwsiat1103,2022 ONWSIAT 1103 (CanLII),2022-07-15,0,0,0,0,0,0,0,,
2022onwsiat1104,2022 ONWSIAT 1104 (CanLII),2022-07-15,0,0,0,0,0,0,0,,
2022onwsiat1105,2022 ONWSIAT 1105 (CanLII),2022-07-15,0,0,0,0,0,0,0,,
2022onwsiat1106,2022 ONWSIAT 1106 (CanLII),2022-07-15,0,0,0,0,0,0,0,,
2022onwsiat1107,2022 ONWSIAT 1107 (CanLII),2022-07-15,0,0,0,0,0,0,0,,
2022onwsiat1108,2022 ONWSIAT 1108 (CanLII),2022-07-15,0,0,0,0,0,0,1,,
2022onwsiat1109,2022 ONWSIAT 1109 (CanLII),2022-07-15,0,0,0,0,0,0,0,,
2022onwsiat1110,2022 ONWSIAT 1110 (CanLII),2022-07-15,0,0,0,0,0,0,0,,
2022onwsiat1111,2022 ONWSIAT 1111 (CanLII),2022-07-18,0,0,0,0,0,0,0,,
2022onwsiat1112,2022 ONWSIAT 1112 (CanLII),2022-07-18,0,0,0,0,0,0,0,,
2022onwsiat1113,2022 ONWSIAT 1113 (CanLII),2022-07-18,0,0,0,0,0,0,0,,
2022onwsiat1114,2022 ONWSIAT 1114 (CanLII),2022-07-18,0,0,0,0,0,0,0,,
2022onwsiat1115,2022 ONWSIAT 1115 (CanLII),2022-07-18,0,0,0,0,0,0,0,,
2022onwsiat1116,2022 ONWSIAT 1116 (CanLII),2022-07-18,0,0,0,0,0,0,1,,
2022onwsiat1117,2022 ONWSIAT 1117 (CanLII),2022-07-18,0,0,0,0,0,0,0,,
2022onwsiat1118,2022 ONWSIAT 1118 (CanLII),2022-07-18,0,0,0,0,0,0,0,,
2022onwsiat1119,2022 ONWSIAT 1119 (CanLII),2022-07-18,0,0,0,0,0,0,0,,
2022onwsiat1120,2022 ONWSIAT 1120 (CanLII),2022-07-18,0,0,0,0,0,0,0,,
2022onwsiat1121,2022 ONWSIAT 1121 (CanLII),2022-07-18,0,0,0,0,0,0,0,,
2022onwsiat1122,2022 ONWSIAT 1122 (CanLII),2022-07-19,0,0,0,0,0,0,1,,
2022onwsiat1123,2022 ONWSIAT 1123 (CanLII),2022-07-19,0,0,0,0,0,0,0,,
2022onwsiat1124,2022 ONWSIAT 1124 (CanLII),2022-07-19,0,0,0,0,0,0,0,,
2022onwsiat1125,2022 ONWSIAT 1125 (CanLII),2022-07-19,0,0,0,0,0,0,0,,
2022onwsiat1126,2022 ONWSIAT 1126 (CanLII),2022-07-19,0,0,0,0,0,0,0,,
2022onwsiat1127,2022 ONWSIAT 1127 (CanLII),2022-07-19,0,0,0,0,0,0,0,,
2022onwsiat1128,2022 ONWSIAT 1128 (CanLII),2022-07-19,0,0,0,0,0,0,0,,
2022onwsiat1129,2022 ONWSIAT 1129 (CanLII),2022-07-19,0,0,0,0,0,0,0,,
2022onwsiat1130,2022 ONWSIAT 1130 (CanLII),2022-07-19,0,0,0,0,0,0,0,,
2022onwsiat1131,2022 ONWSIAT 1131 (CanLII),2022-07-19,1,0,0,0,0,0,0,,
2022onwsiat1132,2022 ONWSIAT 1132 (CanLII),2022-07-19,0,0,0,0,0,0,0,,
2022onwsiat1133,2022 ONWSIAT 1133 (CanLII),2022-07-19,0,0,0,0,0,0,0,,
2022onwsiat1134,2022 ONWSIAT 1134 (CanLII),2022-07-20,0,0,0,0,0,0,0,,
2022onwsiat1135,2022 ONWSIAT 1135 (CanLII),2022-07-20,0,0,0,0,0,0,0,,
2022onwsiat1136,2022 ONWSIAT 1136 (CanLII),2022-07-20,0,0,0,0,0,0,0,,
2022onwsiat1137,2022 ONWSIAT 1137 (CanLII),2022-07-20,0,0,0,0,0,0,0,,
2022onwsiat1138,2022 ONWSIAT 1138 (CanLII),2022-07-20,0,0,0,0,0,0,0,,
2022onwsiat1139,2022 ONWSIAT 1139 (CanLII),2022-07-20,0,0,0,0,0,0,0,,
2022onwsiat1140,2022 ONWSIAT 1140 (CanLII),2022-07-20,0,0,0,0,0,0,0,,
2022onwsiat1141,2022 ONWSIAT 1141 (CanLII),2022-07-20,0,0,0,0,0,0,0,,
2022onwsiat1142,2022 ONWSIAT 1142 (CanLII),2022-07-20,0,0,0,0,0,0,0,,
2022onwsiat1143,2022 ONWSIAT 1143 (CanLII),2022-07-20,0,0,0,0,0,0,0,,
2022onwsiat1144,2022 ONWSIAT 1144 (CanLII),2022-07-20,0,0,0,0,0,0,0,,
2022onwsiat1145,2022 ONWSIAT 1145 (CanLII),2022-07-20,0,0,0,0,0,0,0,,
2022onwsiat1146,2022 ONWSIAT 1146 (CanLII),2022-07-20,0,0,0,0,0,0,0,,
2022onwsiat1147,2022 ONWSIAT 1147 (CanLII),2022-07-20,0,0,0,0,0,0,0,,
2022onwsiat1148,2022 ONWSIAT 1148 (CanLII),2022-07-20,0,0,0,0,0,0,0,,
2022onwsiat1149,2022 ONWSIAT 1149 (CanLII),2022-07-20,0,0,0,0,0,0,0,,
2022onwsiat1150,2022 ONWSIAT 1150 (CanLII),2022-07-20,0,0,0,0,0,0,0,,
2022onwsiat1151,2022 ONWSIAT 1151 (CanLII),2022-07-21,0,0,0,0,0,0,0,,
2022onwsiat1152,2022 ONWSIAT 1152 (CanLII),2022-07-21,0,0,0,0,0,0,0,,
2022onwsiat1153,2022 ONWSIAT 1153 (CanLII),2022-07-21,0,0,0,0,0,0,0,,
2022onwsiat1154,2022 ONWSIAT 1154 (CanLII),2022-07-21,0,0,0,0,0,0,0,,
2022onwsiat1155,2022 ONWSIAT 1155 (CanLII),2022-07-21,0,0,0,0,0,0,0,,
2022onwsiat1156,2022 ONWSIAT 1156 (CanLII),2022-07-21,0,0,0,0,0,0,0,,
2022onwsiat1157,2022 ONWSIAT 1157 (CanLII),2022-07-22,0,0,0,0,0,0,0,,
2022onwsiat1158,2022 ONWSIAT 1158 (CanLII),2022-07-22,0,0,0,0,0,0,0,,
2022onwsiat1159,2022 ONWSIAT 1159 (CanLII),2022-07-25,0,0,0,0,0,0,0,,
2022onwsiat1160,2022 ONWSIAT 1160 (CanLII),2022-07-25,0,0,0,0,0,0,0,,
2022onwsiat1161,2022 ONWSIAT 1161 (CanLII),2022-07-25,0,0,0,0,0,0,0,,
2022onwsiat1162,2022 ONWSIAT 1162 (CanLII),2022-07-25,0,0,0,0,0,0,0,,
2022onwsiat1163,2022 ONWSIAT 1163 (CanLII),2022-07-25,0,0,0,0,0,0,0,,
2022onwsiat1164,2022 ONWSIAT 1164 (CanLII),2022-07-25,0,0,0,0,0,0,0,,
2022onwsiat1165,2022 ONWSIAT 1165 (CanLII),2022-07-25,0,0,0,0,0,0,0,,
2022onwsiat1166,2022 ONWSIAT 1166 (CanLII),2022-07-25,0,0,0,0,0,0,0,,
2022onwsiat1167,2022 ONWSIAT 1167 (CanLII),2022-07-25,0,0,0,0,0,0,0,,
2022onwsiat1168,2022 ONWSIAT 1168 (CanLII),2022-07-25,0,0,0,0,0,0,0,,
2022onwsiat1169,2022 ONWSIAT 1169 (CanLII),2022-07-26,0,0,0,0,0,0,0,,
2022onwsiat1170,2022 ONWSIAT 1170 (CanLII),2022-07-27,0,0,0,0,0,0,0,,
2022onwsiat1171,2022 ONWSIAT 1171 (CanLII),2022-07-27,0,0,0,0,0,0,0,,
2022onwsiat1172,2022 ONWSIAT 1172 (CanLII),2022-07-27,1,0,0,0,0,0,0,,
2022onwsiat1173,2022 ONWSIAT 1173 (CanLII),2022-07-27,0,0,0,0,0,0,0,,
2022onwsiat1174,2022 ONWSIAT 1174 (CanLII),2022-07-27,0,0,0,0,0,0,0,,
2022onwsiat1175,2022 ONWSIAT 1175 (CanLII),2022-07-27,0,0,0,0,0,0,0,,
2022onwsiat1176,2022 ONWSIAT 1176 (CanLII),2022-07-27,0,0,0,0,0,0,0,,
2022onwsiat1177,2022 ONWSIAT 1177 (CanLII),2022-07-27,0,0,0,0,0,0,0,,
2022onwsiat1178,2022 ONWSIAT 1178 (CanLII),2022-07-28,0,0,0,0,0,0,0,,
2022onwsiat1179,2022 ONWSIAT 1179 (CanLII),2022-07-28,0,0,0,0,0,0,0,,
2022onwsiat1180,2022 ONWSIAT 1180 (CanLII),2022-07-28,0,0,0,0,0,0,0,,
2022onwsiat1181,2022 ONWSIAT 1181 (CanLII),2022-07-28,0,0,0,0,0,0,1,,
2022onwsiat1182,2022 ONWSIAT 1182 (CanLII),2022-07-28,0,0,0,0,0,0,0,,
2022onwsiat1183,2022 ONWSIAT 1183 (CanLII),2022-07-28,0,0,0,0,0,0,0,,
2022onwsiat1184,2022 ONWSIAT 1184 (CanLII),2022-07-28,0,0,0,0,0,0,0,,
2022onwsiat1185,2022 ONWSIAT 1185 (CanLII),2022-07-29,0,0,0,0,0,0,0,,
2022onwsiat1186,2022 ONWSIAT 1186 (CanLII),2022-07-29,0,0,0,0,0,0,0,,
2022onwsiat1187,2022 ONWSIAT 1187 (CanLII),2022-07-29,0,0,0,0,0,0,0,,
2022onwsiat1188,2022 ONWSIAT 1188 (CanLII),2022-07-29,0,0,0,0,0,0,1,,
2022onwsiat1189,2022 ONWSIAT 1189 (CanLII),2022-07-29,0,0,0,0,0,0,0,,
2022onwsiat1190,2022 ONWSIAT 1190 (CanLII),2022-07-29,0,0,0,0,0,0,1,,
2022onwsiat1191,2022 ONWSIAT 1191 (CanLII),2022-07-29,0,0,0,0,0,0,0,,
2022onwsiat1192,2022 ONWSIAT 1192 (CanLII),2022-07-29,0,0,0,0,0,0,0,,
2022onwsiat1193,2022 ONWSIAT 1193 (CanLII),2022-07-29,0,0,0,0,0,0,0,,
2022onwsiat1194,2022 ONWSIAT 1194 (CanLII),2022-08-02,0,0,0,0,0,0,0,,
2022onwsiat1195,2022 ONWSIAT 1195 (CanLII),2022-08-02,0,0,0,0,0,0,0,,
2022onwsiat1196,2022 ONWSIAT 1196 (CanLII),2022-08-02,0,0,0,0,0,0,0,,
2022onwsiat1197,2022 ONWSIAT 1197 (CanLII),2022-08-02,0,0,0,0,0,0,1,,
2022onwsiat1198,2022 ONWSIAT 1198 (CanLII),2022-08-02,0,0,0,0,0,0,0,,
2022onwsiat1199,2022 ONWSIAT 1199 (CanLII),2022-08-02,0,0,0,0,0,0,0,,
2022onwsiat1200,2022 ONWSIAT 1200 (CanLII),2022-08-02,0,0,0,0,0,0,0,,
2022onwsiat1201,2022 ONWSIAT 1201 (CanLII),2022-08-03,0,0,0,0,0,0,0,,
2022onwsiat1202,2022 ONWSIAT 1202 (CanLII),2022-08-03,0,0,0,0,0,0,0,,
2022onwsiat1203,2022 ONWSIAT 1203 (CanLII),2022-08-03,0,0,0,0,0,0,0,,
2022onwsiat1204,2022 ONWSIAT 1204 (CanLII),2022-08-03,0,0,0,0,0,0,0,,
2022onwsiat1205,2022 ONWSIAT 1205 (CanLII),2022-08-03,0,0,0,0,0,0,0,,
2022onwsiat1206,2022 ONWSIAT 1206 (CanLII),2022-08-03,0,0,0,0,0,0,0,,
2022onwsiat1207,2022 ONWSIAT 1207 (CanLII),2022-08-03,0,0,0,0,0,0,0,,
2022onwsiat1208,2022 ONWSIAT 1208 (CanLII),2022-08-03,0,0,0,0,0,0,0,,
2022onwsiat1209,2022 ONWSIAT 1209 (CanLII),2022-08-03,0,0,0,0,0,0,0,,
2022onwsiat1210,2022 ONWSIAT 1210 (CanLII),2022-08-03,0,0,0,0,0,0,0,,
2022onwsiat1211,2022 ONWSIAT 1211 (CanLII),2022-08-03,0,0,0,0,0,0,0,,
2022onwsiat1212,2022 ONWSIAT 1212 (CanLII),2022-08-03,0,0,0,0,0,0,0,,
2022onwsiat1213,2022 ONWSIAT 1213 (CanLII),2022-08-04,0,0,0,0,0,0,1,,
2022onwsiat1214,2022 ONWSIAT 1214 (CanLII),2022-08-04,0,0,0,0,0,0,0,,
2022onwsiat1215,2022 ONWSIAT 1215 (CanLII),2022-08-04,0,0,0,0,0,0,0,,
2022onwsiat1216,2022 ONWSIAT 1216 (CanLII),2022-08-04,0,0,0,0,0,0,1,,
2022onwsiat1217,2022 ONWSIAT 1217 (CanLII),2022-08-04,0,0,0,0,0,0,0,,
2022onwsiat1218,2022 ONWSIAT 1218 (CanLII),2022-08-05,0,0,0,0,0,0,0,,
2022onwsiat1219,2022 ONWSIAT 1219 (CanLII),2022-08-05,0,0,0,0,0,0,0,,
2022onwsiat1220,2022 ONWSIAT 1220 (CanLII),2022-08-05,0,0,0,0,0,0,0,,
2022onwsiat1221,2022 ONWSIAT 1221 (CanLII),2022-08-05,0,0,0,0,0,0,0,,
2022onwsiat1222,2022 ONWSIAT 1222 (CanLII),2022-08-05,0,0,0,0,0,0,0,,
2022onwsiat1223,2022 ONWSIAT 1223 (CanLII),2022-08-08,0,0,0,0,0,0,0,,
2022onwsiat1224,2022 ONWSIAT 1224 (CanLII),2022-08-08,0,0,0,0,0,0,0,,
2022onwsiat1225,2022 ONWSIAT 1225 (CanLII),2022-08-08,0,0,0,0,0,0,0,,
2022onwsiat1226,2022 ONWSIAT 1226 (CanLII),2022-08-08,0,0,0,0,0,0,0,,
2022onwsiat1227,2022 ONWSIAT 1227 (CanLII),2022-08-08,0,0,0,0,0,0,0,,
2022onwsiat1228,2022 ONWSIAT 1228 (CanLII),2022-08-08,0,0,0,0,0,0,0,,
2022onwsiat1229,2022 ONWSIAT 1229 (CanLII),2022-08-08,0,0,0,0,0,0,0,,
2022onwsiat1230,2022 ONWSIAT 1230 (CanLII),2022-08-09,0,0,0,0,0,0,0,,
2022onwsiat1231,2022 ONWSIAT 1231 (CanLII),2022-08-09,0,0,0,0,0,0,0,,
2022onwsiat1232,2022 ONWSIAT 1232 (CanLII),2022-08-09,0,0,0,0,0,0,0,,
2022onwsiat1233,2022 ONWSIAT 1233 (CanLII),2022-08-09,0,0,0,0,0,0,0,,
2022onwsiat1234,2022 ONWSIAT 1234 (CanLII),2022-08-09,0,0,0,0,0,0,0,,
2022onwsiat1235,2022 ONWSIAT 1235 (CanLII),2022-08-09,0,0,0,0,0,0,0,,
2022onwsiat1236,2022 ONWSIAT 1236 (CanLII),2022-08-09,1,0,0,0,0,0,0,,
2022onwsiat1237,2022 ONWSIAT 1237 (CanLII),2022-08-09,0,0,0,0,0,0,0,,
2022onwsiat1238,2022 ONWSIAT 1238 (CanLII),2022-08-09,0,0,0,0,0,0,0,,
2022onwsiat1239,2022 ONWSIAT 1239 (CanLII),2022-08-09,0,0,0,0,0,0,0,,
2022onwsiat1240,2022 ONWSIAT 1240 (CanLII),2022-08-09,0,0,0,0,0,0,0,,
2022onwsiat1241,2022 ONWSIAT 1241 (CanLII),2022-08-09,0,0,0,0,0,0,0,,
2022onwsiat1242,2022 ONWSIAT 1242 (CanLII),2022-08-09,0,0,0,0,0,0,0,,
2022onwsiat1243,2022 ONWSIAT 1243 (CanLII),2022-08-09,0,0,0,0,0,0,0,,
2022onwsiat1244,2022 ONWSIAT 1244 (CanLII),2022-08-10,0,0,0,0,0,0,0,,
2022onwsiat1245,2022 ONWSIAT 1245 (CanLII),2022-08-10,0,0,0,0,0,0,0,,
2022onwsiat1246,2022 ONWSIAT 1246 (CanLII),2022-08-10,0,0,0,0,0,0,0,,
2022onwsiat1247,2022 ONWSIAT 1247 (CanLII),2022-08-10,0,0,0,0,0,0,0,,
2022onwsiat1248,2022 ONWSIAT 1248 (CanLII),2022-08-10,0,0,0,0,0,0,0,,
2022onwsiat1249,2022 ONWSIAT 1249 (CanLII),2022-08-10,0,0,0,0,0,0,0,,
2022onwsiat1250,2022 ONWSIAT 1250 (CanLII),2022-08-11,0,0,0,0,0,0,0,,
2022onwsiat1251,2022 ONWSIAT 1251 (CanLII),2022-08-11,0,0,0,0,0,0,0,,
2022onwsiat1252,2022 ONWSIAT 1252 (CanLII),2022-08-11,0,0,0,0,0,0,0,,
2022onwsiat1253,2022 ONWSIAT 1253 (CanLII),2022-08-12,0,0,0,0,0,0,0,,
2022onwsiat1254,2022 ONWSIAT 1254 (CanLII),2022-08-12,0,0,0,0,0,0,0,,
2022onwsiat1255,2022 ONWSIAT 1255 (CanLII),2022-08-12,0,0,0,0,0,0,0,,
2022onwsiat1256,2022 ONWSIAT 1256 (CanLII),2022-08-15,0,0,0,0,0,0,0,,
2022onwsiat1257,2022 ONWSIAT 1257 (CanLII),2022-08-12,0,0,0,0,0,0,0,,
2022onwsiat1258,2022 ONWSIAT 1258 (CanLII),2022-08-12,0,0,0,0,0,0,0,,
2022onwsiat1259,2022 ONWSIAT 1259 (CanLII),2022-08-12,0,0,0,0,0,0,0,,
2022onwsiat1260,2022 ONWSIAT 1260 (CanLII),2022-08-12,0,0,0,0,0,0,0,,
2022onwsiat1261,2022 ONWSIAT 1261 (CanLII),2022-08-12,0,0,0,0,0,0,0,,
2022onwsiat1262,2022 ONWSIAT 1262 (CanLII),2022-08-12,0,0,0,0,0,0,0,,
2022onwsiat1263,2022 ONWSIAT 1263 (CanLII),2022-08-12,0,0,0,0,0,0,0,,
2022onwsiat1264,2022 ONWSIAT 1264 (CanLII),2022-08-12,0,0,0,0,0,0,0,,
2022onwsiat1265,2022 ONWSIAT 1265 (CanLII),2022-08-12,0,0,0,0,0,0,0,,
2022onwsiat1266,2022 ONWSIAT 1266 (CanLII),2022-08-15,0,0,0,0,0,0,1,,
2022onwsiat1268,2022 ONWSIAT 1268 (CanLII),2022-08-15,0,0,0,0,0,0,0,,
2022onwsiat1269,2022 ONWSIAT 1269 (CanLII),2022-08-15,0,0,0,0,0,0,0,,
2022onwsiat1270,2022 ONWSIAT 1270 (CanLII),2022-08-15,0,0,0,0,0,0,0,,
2022onwsiat1271,2022 ONWSIAT 1271 (CanLII),2022-08-15,0,0,0,0,0,0,0,,
2022onwsiat1272,2022 ONWSIAT 1272 (CanLII),2022-08-15,0,0,0,0,0,0,0,,
2022onwsiat1273,2022 ONWSIAT 1273 (CanLII),2022-08-17,0,0,0,0,0,0,0,,
2022onwsiat1274,2022 ONWSIAT 1274 (CanLII),2022-08-16,0,0,0,0,0,0,0,,
2022onwsiat1275,2022 ONWSIAT 1275 (CanLII),2022-08-16,0,0,0,0,0,0,0,,
2022onwsiat1276,2022 ONWSIAT 1276 (CanLII),2022-08-16,0,0,0,0,0,0,0,,
2022onwsiat1277,2022 ONWSIAT 1277 (CanLII),2022-08-16,0,0,0,0,0,0,0,,
2022onwsiat1278,2022 ONWSIAT 1278 (CanLII),2022-08-16,0,0,0,0,0,0,0,,
2022onwsiat1279,2022 ONWSIAT 1279 (CanLII),2022-08-17,0,0,0,0,0,0,0,,
2022onwsiat1280,2022 ONWSIAT 1280 (CanLII),2022-08-17,0,0,0,0,0,0,0,,
2022onwsiat1281,2022 ONWSIAT 1281 (CanLII),2022-08-17,0,0,0,0,0,0,0,,
2022onwsiat1282,2022 ONWSIAT 1282 (CanLII),2022-08-17,0,0,0,0,0,0,0,,
2022onwsiat1283,2022 ONWSIAT 1283 (CanLII),2022-08-18,0,0,0,0,0,0,0,,
2022onwsiat1284,2022 ONWSIAT 1284 (CanLII),2022-08-18,0,0,0,0,0,0,0,,
2022onwsiat1285,2022 ONWSIAT 1285 (CanLII),2022-08-18,0,0,0,0,0,0,1,,
2022onwsiat1286,2022 ONWSIAT 1286 (CanLII),2022-08-18,0,0,0,0,0,0,0,,
2022onwsiat1287,2022 ONWSIAT 1287 (CanLII),2022-08-18,0,0,0,0,0,0,0,,
2022onwsiat1288,2022 ONWSIAT 1288 (CanLII),2022-08-18,0,0,0,0,0,0,0,,
2022onwsiat1289,2022 ONWSIAT 1289 (CanLII),2022-08-18,0,0,0,0,0,0,1,,
2022onwsiat1290,2022 ONWSIAT 1290 (CanLII),2022-08-18,0,0,0,0,0,0,0,,
2022onwsiat1291,2022 ONWSIAT 1291 (CanLII),2022-08-18,0,0,0,0,0,0,0,,
2022onwsiat1292,2022 ONWSIAT 1292 (CanLII),2022-08-18,0,0,0,0,0,0,0,,
2022onwsiat1293,2022 ONWSIAT 1293 (CanLII),2022-08-19,0,0,0,0,0,0,1,,
2022onwsiat1294,2022 ONWSIAT 1294 (CanLII),2022-08-19,0,0,0,0,0,0,0,,
2022onwsiat1295,2022 ONWSIAT 1295 (CanLII),2022-08-19,0,0,0,0,0,0,0,,
2022onwsiat1296,2022 ONWSIAT 1296 (CanLII),2022-08-19,0,0,0,0,0,0,0,,
2022onwsiat1297,2022 ONWSIAT 1297 (CanLII),2022-08-19,0,0,0,0,0,0,0,,
2022onwsiat1298,2022 ONWSIAT 1298 (CanLII),2022-08-19,0,0,0,0,0,0,0,,
2022onwsiat1299,2022 ONWSIAT 1299 (CanLII),2022-08-19,0,0,0,0,0,0,0,,
2022onwsiat1300,2022 ONWSIAT 1300 (CanLII),2022-08-19,0,0,0,0,0,0,0,,
2022onwsiat1301,2022 ONWSIAT 1301 (CanLII),2022-08-19,0,0,0,0,0,0,0,,
2022onwsiat1302,2022 ONWSIAT 1302 (CanLII),2022-08-19,0,0,0,0,0,0,0,,
2022onwsiat1303,2022 ONWSIAT 1303 (CanLII),2022-08-19,0,0,0,0,0,0,1,,
2022onwsiat1304,2022 ONWSIAT 1304 (CanLII),2022-08-19,0,0,0,0,0,0,0,,
2022onwsiat1305,2022 ONWSIAT 1305 (CanLII),2022-08-19,0,0,0,0,0,0,0,,
2022onwsiat1306,2022 ONWSIAT 1306 (CanLII),2022-08-19,0,0,0,0,0,0,0,,
2022onwsiat1307,2022 ONWSIAT 1307 (CanLII),2022-08-19,0,0,0,0,0,0,0,,
2022onwsiat1308,2022 ONWSIAT 1308 (CanLII),2022-08-19,0,0,0,0,0,0,0,,
2022onwsiat1309,2022 ONWSIAT 1309 (CanLII),2022-08-19,0,0,0,0,0,0,0,,
2022onwsiat1310,2022 ONWSIAT 1310 (CanLII),2022-08-22,0,0,0,0,0,0,0,,
2022onwsiat1311,2022 ONWSIAT 1311 (CanLII),2022-08-22,0,0,0,0,0,0,0,,
2022onwsiat1312,2022 ONWSIAT 1312 (CanLII),2022-08-23,0,0,0,0,0,0,0,,
2022onwsiat1313,2022 ONWSIAT 1313 (CanLII),2022-08-23,0,0,0,0,0,0,0,,
2022onwsiat1314,2022 ONWSIAT 1314 (CanLII),2022-08-23,0,0,0,0,0,0,0,,
2022onwsiat1315,2022 ONWSIAT 1315 (CanLII),2022-08-23,0,0,0,0,0,0,0,,
2022onwsiat1316,2022 ONWSIAT 1316 (CanLII),2022-08-23,0,0,0,0,0,0,0,,
2022onwsiat1317,2022 ONWSIAT 1317 (CanLII),2022-08-23,0,0,0,0,0,0,1,,
2022onwsiat1318,2022 ONWSIAT 1318 (CanLII),2022-08-23,0,0,0,0,0,0,0,,
2022onwsiat1319,2022 ONWSIAT 1319 (CanLII),2022-08-23,0,0,0,0,0,0,0,,
2022onwsiat1320,2022 ONWSIAT 1320 (CanLII),2022-08-23,0,0,0,0,0,0,1,,
2022onwsiat1321,2022 ONWSIAT 1321 (CanLII),2022-08-23,0,0,0,0,0,0,0,,
2022onwsiat1322,2022 ONWSIAT 1322 (CanLII),2022-08-23,0,0,0,0,0,0,0,,
2022onwsiat1323,2022 ONWSIAT 1323 (CanLII),2022-08-23,0,0,0,0,0,0,0,,
2022onwsiat1324,2022 ONWSIAT 1324 (CanLII),2022-08-23,0,0,0,0,0,0,0,,
2022onwsiat1325,2022 ONWSIAT 1325 (CanLII),2022-08-23,0,0,0,0,0,0,1,,
2022onwsiat1326,2022 ONWSIAT 1326 (CanLII),2022-08-24,0,0,0,0,0,0,0,,
2022onwsiat1327,2022 ONWSIAT 1327 (CanLII),2022-08-24,0,0,0,0,0,0,0,,
2022onwsiat1328,2022 ONWSIAT 1328 (CanLII),2022-08-24,0,0,0,0,0,0,0,,
2022onwsiat1329,2022 ONWSIAT 1329 (CanLII),2022-08-24,0,0,0,0,0,0,0,,
2022onwsiat1330,2022 ONWSIAT 1330 (CanLII),2022-08-24,0,0,0,0,0,0,0,,
2022onwsiat1331,2022 ONWSIAT 1331 (CanLII),2022-08-24,0,0,0,0,0,0,0,,
2022onwsiat1332,2022 ONWSIAT 1332 (CanLII),2022-08-24,0,0,0,0,0,0,0,,
2022onwsiat1333,2022 ONWSIAT 1333 (CanLII),2022-08-25,0,0,0,0,0,0,0,,
2022onwsiat1334,2022 ONWSIAT 1334 (CanLII),2022-08-25,0,0,0,0,0,0,0,,
2022onwsiat1335,2022 ONWSIAT 1335 (CanLII),2022-08-25,0,0,0,0,0,0,0,,
2022onwsiat1336,2022 ONWSIAT 1336 (CanLII),2022-08-25,0,0,0,0,0,0,1,,
2022onwsiat1337,2022 ONWSIAT 1337 (CanLII),2022-08-26,0,0,0,0,0,0,0,,
2022onwsiat1338,2022 ONWSIAT 1338 (CanLII),2022-08-26,0,0,0,0,0,0,1,,
2022onwsiat1339,2022 ONWSIAT 1339 (CanLII),2022-08-26,0,0,0,0,0,0,0,,
2022onwsiat1340,2022 ONWSIAT 1340 (CanLII),2022-08-26,0,0,0,0,0,0,0,,
2022onwsiat1341,2022 ONWSIAT 1341 (CanLII),2022-08-26,0,0,0,0,0,0,0,,
2022onwsiat1342,2022 ONWSIAT 1342 (CanLII),2022-08-26,0,0,0,0,0,0,0,,
2022onwsiat1343,2022 ONWSIAT 1343 (CanLII),2022-08-26,0,0,0,0,0,0,0,,
2022onwsiat1344,2022 ONWSIAT 1344 (CanLII),2022-08-26,0,0,0,0,0,0,0,,
2022onwsiat1345,2022 ONWSIAT 1345 (CanLII),2022-08-26,0,0,0,0,0,0,0,,
2022onwsiat1346,2022 ONWSIAT 1346 (CanLII),2022-08-29,0,0,0,0,0,0,0,,
2022onwsiat1347,2022 ONWSIAT 1347 (CanLII),2022-08-29,0,0,0,0,0,0,0,,
2022onwsiat1348,2022 ONWSIAT 1348 (CanLII),2022-08-29,0,0,0,0,0,0,0,,
2022onwsiat1349,2022 ONWSIAT 1349 (CanLII),2022-08-29,0,0,0,0,0,0,0,,
2022onwsiat1350,2022 ONWSIAT 1350 (CanLII),2022-08-29,0,0,0,0,0,0,0,,
2022onwsiat1351,2022 ONWSIAT 1351 (CanLII),2022-08-29,0,0,0,0,0,0,0,,
2022onwsiat1352,2022 ONWSIAT 1352 (CanLII),2022-08-29,0,0,0,0,0,0,0,,
2022onwsiat1353,2022 ONWSIAT 1353 (CanLII),2022-08-29,0,0,0,0,0,0,0,,
2022onwsiat1354,2022 ONWSIAT 1354 (CanLII),2022-08-31,0,0,0,0,0,0,0,,
2022onwsiat1355,2022 ONWSIAT 1355 (CanLII),2022-09-02,0,0,0,0,0,0,0,,
2022onwsiat1356,2022 ONWSIAT 1356 (CanLII),2022-09-07,0,0,0,0,0,0,0,,
2022onwsiat1357,2022 ONWSIAT 1357 (CanLII),2022-08-30,0,0,0,0,0,0,0,,
2022onwsiat1358,2022 ONWSIAT 1358 (CanLII),2022-08-30,0,0,0,0,0,0,0,,
2022onwsiat1359,2022 ONWSIAT 1359 (CanLII),2022-08-30,0,0,0,0,0,0,0,,
2022onwsiat1360,2022 ONWSIAT 1360 (CanLII),2022-08-30,0,0,0,0,0,0,0,,
2022onwsiat1361,2022 ONWSIAT 1361 (CanLII),2022-08-31,0,0,0,0,0,0,0,,
2022onwsiat1362,2022 ONWSIAT 1362 (CanLII),2022-08-31,0,0,0,0,0,0,0,,
2022onwsiat1363,2022 ONWSIAT 1363 (CanLII),2022-08-31,0,0,0,0,0,0,0,,
2022onwsiat1364,2022 ONWSIAT 1364 (CanLII),2022-08-31,0,0,0,0,0,0,0,,
2022onwsiat1365,2022 ONWSIAT 1365 (CanLII),2022-08-31,0,0,0,0,0,0,0,,
2022onwsiat1366,2022 ONWSIAT 1366 (CanLII),2022-08-31,0,0,0,0,0,0,0,,
2022onwsiat1367,2022 ONWSIAT 1367 (CanLII),2022-08-31,0,0,0,0,0,0,0,,
2022onwsiat1368,2022 ONWSIAT 1368 (CanLII),2022-08-31,0,0,0,0,0,0,0,,
2022onwsiat1369,2022 ONWSIAT 1369 (CanLII),2022-08-31,0,0,0,0,0,0,0,,
2022onwsiat1370,2022 ONWSIAT 1370 (CanLII),2022-08-31,0,0,0,0,0,0,0,,
2022onwsiat1371,2022 ONWSIAT 1371 (CanLII),2022-09-01,0,0,0,0,0,0,0,,
2022onwsiat1372,2022 ONWSIAT 1372 (CanLII),2022-09-01,0,0,0,0,0,0,0,,
2022onwsiat1373,2022 ONWSIAT 1373 (CanLII),2022-09-01,0,0,0,0,0,0,0,,
2022onwsiat1374,2022 ONWSIAT 1374 (CanLII),2022-09-01,0,0,0,0,0,0,1,,
2022onwsiat1375,2022 ONWSIAT 1375 (CanLII),2022-09-01,0,0,0,0,0,0,0,,
2022onwsiat1376,2022 ONWSIAT 1376 (CanLII),2022-09-01,0,0,0,0,0,0,0,,
2022onwsiat1377,2022 ONWSIAT 1377 (CanLII),2022-09-01,0,0,0,0,0,0,0,,
2022onwsiat1378,2022 ONWSIAT 1378 (CanLII),2022-09-02,0,0,0,0,0,0,0,,
2022onwsiat1379,2022 ONWSIAT 1379 (CanLII),2022-09-02,0,0,0,0,0,0,0,,
2022onwsiat1380,2022 ONWSIAT 1380 (CanLII),2022-09-02,0,0,0,0,0,0,0,,
2022onwsiat1381,2022 ONWSIAT 1381 (CanLII),2022-09-02,0,0,0,0,0,0,0,,
2022onwsiat1382,2022 ONWSIAT 1382 (CanLII),2022-09-07,0,0,0,0,0,0,0,,
2022onwsiat1383,2022 ONWSIAT 1383 (CanLII),2022-09-02,1,0,0,0,0,0,0,,
2022onwsiat1384,2022 ONWSIAT 1384 (CanLII),2022-09-02,0,0,0,0,0,0,0,,
2022onwsiat1385,2022 ONWSIAT 1385 (CanLII),2022-09-02,0,0,0,0,0,0,0,,
2022onwsiat1386,2022 ONWSIAT 1386 (CanLII),2022-09-02,0,0,0,0,0,0,0,,
2022onwsiat1387,2022 ONWSIAT 1387 (CanLII),2022-09-02,0,0,0,0,0,0,0,,
2022onwsiat1388,2022 ONWSIAT 1388 (CanLII),2022-09-02,0,0,0,0,0,0,0,,
2022onwsiat1389,2022 ONWSIAT 1389 (CanLII),2022-09-02,0,0,0,0,0,0,0,,
2022onwsiat1390,2022 ONWSIAT 1390 (CanLII),2022-09-02,0,0,0,0,0,0,0,,
2022onwsiat1391,2022 ONWSIAT 1391 (CanLII),2022-09-06,0,0,0,0,0,0,0,,
2022onwsiat1392,2022 ONWSIAT 1392 (CanLII),2022-09-06,0,0,0,0,0,0,0,,
2022onwsiat1393,2022 ONWSIAT 1393 (CanLII),2022-09-06,0,0,0,0,0,0,0,,
2022onwsiat1394,2022 ONWSIAT 1394 (CanLII),2022-09-06,0,0,0,0,0,0,0,,
2022onwsiat1395,2022 ONWSIAT 1395 (CanLII),2022-09-07,0,0,0,0,0,0,0,,
2022onwsiat1396,2022 ONWSIAT 1396 (CanLII),2022-09-07,0,0,0,0,0,0,0,,
2022onwsiat1397,2022 ONWSIAT 1397 (CanLII),2022-09-07,0,0,0,0,0,0,0,,
2022onwsiat1398,2022 ONWSIAT 1398 (CanLII),2022-09-07,0,0,0,0,0,0,0,,
2022onwsiat1399,2022 ONWSIAT 1399 (CanLII),2022-09-07,0,0,0,0,0,0,0,,
2022onwsiat1400,2022 ONWSIAT 1400 (CanLII),2022-09-07,0,0,0,0,0,0,0,,
2022onwsiat1401,2022 ONWSIAT 1401 (CanLII),2022-09-07,0,0,0,0,0,0,0,,
2022onwsiat1402,2022 ONWSIAT 1402 (CanLII),2022-09-07,0,0,0,0,0,0,0,,
2022onwsiat1403,2022 ONWSIAT 1403 (CanLII),2022-09-07,0,0,0,0,0,0,0,,
2022onwsiat1404,2022 ONWSIAT 1404 (CanLII),2022-09-08,0,0,0,0,0,0,0,,
2022onwsiat1405,2022 ONWSIAT 1405 (CanLII),2022-09-08,0,0,0,0,0,0,1,,
2022onwsiat1406,2022 ONWSIAT 1406 (CanLII),2022-09-08,0,0,0,0,0,0,0,,
2022onwsiat1407,2022 ONWSIAT 1407 (CanLII),2022-09-08,0,0,0,0,0,0,1,,
2022onwsiat1408,2022 ONWSIAT 1408 (CanLII),2022-09-08,0,0,0,0,0,0,0,,
2022onwsiat1409,2022 ONWSIAT 1409 (CanLII),2022-09-08,0,0,0,0,0,0,0,,
2022onwsiat1410,2022 ONWSIAT 1410 (CanLII),2022-09-09,0,0,0,0,0,0,0,,
2022onwsiat1411,2022 ONWSIAT 1411 (CanLII),2022-09-09,0,0,0,0,0,0,0,,
2022onwsiat1412,2022 ONWSIAT 1412 (CanLII),2022-09-09,0,0,0,0,0,0,0,,
2022onwsiat1413,2022 ONWSIAT 1413 (CanLII),2022-09-09,0,0,0,0,0,0,0,,
2022onwsiat1414,2022 ONWSIAT 1414 (CanLII),2022-09-09,0,0,0,0,0,0,0,,
2022onwsiat1415,2022 ONWSIAT 1415 (CanLII),2022-09-09,0,0,0,0,0,0,0,,
2022onwsiat1416,2022 ONWSIAT 1416 (CanLII),2022-09-09,0,0,0,0,0,0,0,,
2022onwsiat1417,2022 ONWSIAT 1417 (CanLII),2022-09-09,0,0,0,0,0,0,0,,
2022onwsiat1418,2022 ONWSIAT 1418 (CanLII),2022-09-09,0,0,0,0,0,0,0,,
2022onwsiat1419,2022 ONWSIAT 1419 (CanLII),2022-09-09,0,0,0,0,0,0,0,,
2022onwsiat1420,2022 ONWSIAT 1420 (CanLII),2022-09-09,0,0,0,0,0,0,0,,
2022onwsiat1421,2022 ONWSIAT 1421 (CanLII),2022-09-12,0,0,0,0,0,0,0,,
2022onwsiat1422,2022 ONWSIAT 1422 (CanLII),2022-09-12,0,0,0,0,0,0,0,,
2022onwsiat1423,2022 ONWSIAT 1423 (CanLII),2022-09-12,0,0,0,0,0,0,0,,
2022onwsiat1424,2022 ONWSIAT 1424 (CanLII),2022-09-12,0,0,0,0,0,0,0,,
2022onwsiat1425,2022 ONWSIAT 1425 (CanLII),2022-09-12,0,0,0,0,0,0,0,,
2022onwsiat1426,2022 ONWSIAT 1426 (CanLII),2022-09-12,0,0,0,0,0,0,0,,
2022onwsiat1427,2022 ONWSIAT 1427 (CanLII),2022-09-12,0,0,0,0,0,0,0,,
2022onwsiat1428,2022 ONWSIAT 1428 (CanLII),2022-09-12,0,0,0,0,0,0,0,,
2022onwsiat1429,2022 ONWSIAT 1429 (CanLII),2022-09-13,0,0,0,0,0,0,0,,
2022onwsiat1430,2022 ONWSIAT 1430 (CanLII),2022-09-13,0,0,0,0,0,0,0,,
2022onwsiat1431,2022 ONWSIAT 1431 (CanLII),2022-09-13,0,0,0,0,0,0,0,,
2022onwsiat1432,2022 ONWSIAT 1432 (CanLII),2022-09-13,0,0,0,0,0,0,1,,
2022onwsiat1433,2022 ONWSIAT 1433 (CanLII),2022-09-13,0,0,0,0,0,0,0,,
2022onwsiat1434,2022 ONWSIAT 1434 (CanLII),2022-09-14,0,0,0,0,0,0,0,,
2022onwsiat1435,2022 ONWSIAT 1435 (CanLII),2022-09-14,0,0,0,0,0,0,0,,
2022onwsiat1436,2022 ONWSIAT 1436 (CanLII),2022-09-14,0,0,0,0,0,0,0,,
2022onwsiat1437,2022 ONWSIAT 1437 (CanLII),2022-09-14,0,0,0,0,0,0,0,,
2022onwsiat1438,2022 ONWSIAT 1438 (CanLII),2022-09-14,0,0,0,0,0,0,0,,
2022onwsiat1439,2022 ONWSIAT 1439 (CanLII),2022-09-14,0,0,0,0,0,0,0,,
2022onwsiat1440,2022 ONWSIAT 1440 (CanLII),2022-09-14,0,0,0,0,0,0,0,,
2022onwsiat1441,2022 ONWSIAT 1441 (CanLII),2022-09-14,0,0,0,0,0,0,0,,
2022onwsiat1442,2022 ONWSIAT 1442 (CanLII),2022-09-14,0,0,0,0,0,0,0,,
2022onwsiat1443,2022 ONWSIAT 1443 (CanLII),2022-09-14,0,0,0,0,0,0,0,,
2022onwsiat1444,2022 ONWSIAT 1444 (CanLII),2022-09-14,0,0,0,0,0,0,0,,
2022onwsiat1445,2022 ONWSIAT 1445 (CanLII),2022-09-14,0,0,0,0,0,0,0,,
2022onwsiat1446,2022 ONWSIAT 1446 (CanLII),2022-09-15,0,0,0,0,0,0,0,,
2022onwsiat1447,2022 ONWSIAT 1447 (CanLII),2022-09-15,0,0,0,0,0,0,0,,
2022onwsiat1448,2022 ONWSIAT 1448 (CanLII),2022-09-15,0,0,0,0,0,0,0,,
2022onwsiat1449,2022 ONWSIAT 1449 (CanLII),2022-09-15,0,0,0,0,0,0,0,,
2022onwsiat1450,2022 ONWSIAT 1450 (CanLII),2022-09-15,0,0,0,0,0,0,0,,
2022onwsiat1451,2022 ONWSIAT 1451 (CanLII),2022-09-15,0,0,0,0,0,0,0,,
2022onwsiat1452,2022 ONWSIAT 1452 (CanLII),2022-09-15,0,0,0,0,0,0,0,,
2022onwsiat1453,2022 ONWSIAT 1453 (CanLII),2022-09-15,0,0,0,0,0,0,0,,
2022onwsiat1454,2022 ONWSIAT 1454 (CanLII),2022-09-15,0,0,0,0,0,0,0,,
2022onwsiat1455,2022 ONWSIAT 1455 (CanLII),2022-09-15,0,0,0,0,0,0,0,,
2022onwsiat1456,2022 ONWSIAT 1456 (CanLII),2022-09-16,0,0,0,0,0,0,0,,
2022onwsiat1457,2022 ONWSIAT 1457 (CanLII),2022-09-16,0,0,0,0,0,0,0,,
2022onwsiat1458,2022 ONWSIAT 1458 (CanLII),2022-09-16,0,0,0,0,0,0,0,,
2022onwsiat1459,2022 ONWSIAT 1459 (CanLII),2022-09-16,0,0,0,0,0,0,0,,
2022onwsiat1460,2022 ONWSIAT 1460 (CanLII),2022-09-16,0,0,0,0,0,0,0,,
2022onwsiat1461,2022 ONWSIAT 1461 (CanLII),2022-09-16,0,0,0,0,0,0,0,,
2022onwsiat1462,2022 ONWSIAT 1462 (CanLII),2022-09-16,0,0,0,0,0,0,0,,
2022onwsiat1463,2022 ONWSIAT 1463 (CanLII),2022-09-16,0,0,0,0,0,0,0,,
2022onwsiat1464,2022 ONWSIAT 1464 (CanLII),2022-09-16,0,0,0,0,0,0,0,,
2022onwsiat1465,2022 ONWSIAT 1465 (CanLII),2022-09-19,0,0,0,0,0,0,0,,
2022onwsiat1466,2022 ONWSIAT 1466 (CanLII),2022-09-19,0,0,0,0,0,0,0,,
2022onwsiat1467,2022 ONWSIAT 1467 (CanLII),2022-09-19,0,0,0,0,0,0,1,,
2022onwsiat1468,2022 ONWSIAT 1468 (CanLII),2022-09-19,0,0,0,0,0,0,0,,
2022onwsiat1469,2022 ONWSIAT 1469 (CanLII),2022-09-19,0,0,0,0,0,0,1,,
2022onwsiat1470,2022 ONWSIAT 1470 (CanLII),2022-09-19,0,0,0,0,0,0,0,,
2022onwsiat1471,2022 ONWSIAT 1471 (CanLII),2022-09-19,0,0,0,0,0,0,0,,
2022onwsiat1472,2022 ONWSIAT 1472 (CanLII),2022-09-19,0,0,0,0,0,0,0,,
2022onwsiat1473,2022 ONWSIAT 1473 (CanLII),2022-09-19,0,0,0,0,0,0,0,,
2022onwsiat1474,2022 ONWSIAT 1474 (CanLII),2022-09-19,0,0,0,0,0,0,0,,
2022onwsiat1475,2022 ONWSIAT 1475 (CanLII),2022-09-19,0,0,0,0,0,0,0,,
2022onwsiat1476,2022 ONWSIAT 1476 (CanLII),2022-09-19,0,0,0,0,0,0,0,,
2022onwsiat1477,2022 ONWSIAT 1477 (CanLII),2022-09-20,0,0,0,0,0,0,0,,
2022onwsiat1478,2022 ONWSIAT 1478 (CanLII),2022-09-20,0,0,0,0,0,0,0,,
2022onwsiat1479,2022 ONWSIAT 1479 (CanLII),2022-09-20,0,0,0,0,0,0,0,,
2022onwsiat1480,2022 ONWSIAT 1480 (CanLII),2022-09-20,0,0,0,0,0,0,1,,
2022onwsiat1481,2022 ONWSIAT 1481 (CanLII),2022-09-20,0,0,0,0,0,0,0,,
2022onwsiat1482,2022 ONWSIAT 1482 (CanLII),2022-09-20,0,0,0,0,0,0,0,,
2022onwsiat1483,2022 ONWSIAT 1483 (CanLII),2022-09-20,0,0,0,0,0,0,0,,
2022onwsiat1484,2022 ONWSIAT 1484 (CanLII),2022-09-20,0,0,0,0,0,0,1,,
2022onwsiat1485,2022 ONWSIAT 1485 (CanLII),2022-09-20,0,0,0,0,0,0,0,,
2022onwsiat1486,2022 ONWSIAT 1486 (CanLII),2022-09-20,0,0,0,0,0,0,0,,
2022onwsiat1487,2022 ONWSIAT 1487 (CanLII),2022-09-20,0,0,0,0,0,0,0,,
2022onwsiat1488,2022 ONWSIAT 1488 (CanLII),2022-09-20,0,0,0,0,0,0,0,,
2022onwsiat1489,2022 ONWSIAT 1489 (CanLII),2022-09-20,0,0,0,0,0,0,0,,
2022onwsiat1490,2022 ONWSIAT 1490 (CanLII),2022-09-20,0,0,0,0,0,0,0,,
2022onwsiat1491,2022 ONWSIAT 1491 (CanLII),2022-09-20,0,0,0,0,0,0,0,,
2022onwsiat1492,2022 ONWSIAT 1492 (CanLII),2022-09-21,0,0,0,0,0,0,0,,
2022onwsiat1493,2022 ONWSIAT 1493 (CanLII),2022-09-21,0,0,0,0,0,0,0,,
2022onwsiat1494,2022 ONWSIAT 1494 (CanLII),2022-09-21,0,0,0,0,0,0,0,,
2022onwsiat1495,2022 ONWSIAT 1495 (CanLII),2022-09-22,0,0,0,0,0,0,0,,
2022onwsiat1496,2022 ONWSIAT 1496 (CanLII),2022-09-22,0,0,0,0,0,0,0,,
2022onwsiat1497,2022 ONWSIAT 1497 (CanLII),2022-09-22,0,0,0,0,0,0,0,,
2022onwsiat1498,2022 ONWSIAT 1498 (CanLII),2022-09-22,0,0,0,0,0,0,0,,
2022onwsiat1499,2022 ONWSIAT 1499 (CanLII),2022-09-22,1,0,0,0,0,0,1,,
2022onwsiat1500,2022 ONWSIAT 1500 (CanLII),2022-09-22,0,0,0,0,0,0,0,,
2022onwsiat1501,2022 ONWSIAT 1501 (CanLII),2022-09-23,0,0,0,0,0,0,1,,
2022onwsiat1502,2022 ONWSIAT 1502 (CanLII),2022-09-23,0,0,0,0,0,0,0,,
2022onwsiat1503,2022 ONWSIAT 1503 (CanLII),2022-09-23,0,0,0,0,0,0,0,,
2022onwsiat1504,2022 ONWSIAT 1504 (CanLII),2022-09-23,0,0,0,0,0,0,0,,
2022onwsiat1505,2022 ONWSIAT 1505 (CanLII),2022-09-26,0,0,0,0,0,0,0,,
2022onwsiat1506,2022 ONWSIAT 1506 (CanLII),2022-09-26,0,0,0,0,0,0,0,,
2022onwsiat1507,2022 ONWSIAT 1507 (CanLII),2022-09-26,0,0,0,0,0,0,0,,
2022onwsiat1508,2022 ONWSIAT 1508 (CanLII),2022-09-26,0,0,0,0,0,0,1,,
2022onwsiat1509,2022 ONWSIAT 1509 (CanLII),2022-09-26,0,0,0,0,0,0,0,,
2022onwsiat1510,2022 ONWSIAT 1510 (CanLII),2022-09-27,0,0,0,0,0,0,0,,
2022onwsiat1511,2022 ONWSIAT 1511 (CanLII),2022-09-27,0,0,0,0,0,0,0,,
2022onwsiat1512,2022 ONWSIAT 1512 (CanLII),2022-09-27,0,0,0,0,0,0,0,,
2022onwsiat1513,2022 ONWSIAT 1513 (CanLII),2022-09-27,0,0,0,0,0,0,1,,
2022onwsiat1514,2022 ONWSIAT 1514 (CanLII),2022-09-27,0,0,0,0,0,0,0,,
2022onwsiat1515,2022 ONWSIAT 1515 (CanLII),2022-09-27,0,0,0,0,0,0,0,,
2022onwsiat1516,2022 ONWSIAT 1516 (CanLII),2022-09-27,0,0,0,0,0,0,0,,
2022onwsiat1517,2022 ONWSIAT 1517 (CanLII),2022-09-27,0,0,0,0,0,0,0,,
2022onwsiat1518,2022 ONWSIAT 1518 (CanLII),2022-09-27,0,0,0,0,0,0,0,,
2022onwsiat1519,2022 ONWSIAT 1519 (CanLII),2022-09-27,0,0,0,0,0,0,0,,
2022onwsiat1520,2022 ONWSIAT 1520 (CanLII),2022-09-28,0,0,0,0,0,0,0,,
2022onwsiat1521,2022 ONWSIAT 1521 (CanLII),2022-09-28,0,0,0,0,0,0,0,,
2022onwsiat1522,2022 ONWSIAT 1522 (CanLII),2022-09-28,0,0,0,0,0,0,0,,
2022onwsiat1523,2022 ONWSIAT 1523 (CanLII),2022-09-28,0,0,0,0,0,0,0,,
2022onwsiat1524,2022 ONWSIAT 1524 (CanLII),2022-09-28,0,0,0,0,0,0,0,,
2022onwsiat1525,2022 ONWSIAT 1525 (CanLII),2022-09-28,0,0,0,0,0,0,0,,
2022onwsiat1526,2022 ONWSIAT 1526 (CanLII),2022-09-29,0,0,0,0,0,0,0,,
2022onwsiat1527,2022 ONWSIAT 1527 (CanLII),2022-09-29,0,0,0,0,0,0,1,,
2022onwsiat1528,2022 ONWSIAT 1528 (CanLII),2022-09-29,0,0,0,0,0,0,0,,
2022onwsiat1529,2022 ONWSIAT 1529 (CanLII),2022-09-30,0,0,0,0,0,0,0,,
2022onwsiat1530,2022 ONWSIAT 1530 (CanLII),2022-09-30,0,0,0,0,0,0,0,,
2022onwsiat1531,2022 ONWSIAT 1531 (CanLII),2022-09-30,0,0,0,0,0,0,0,,
2022onwsiat1532,2022 ONWSIAT 1532 (CanLII),2022-09-30,0,0,0,0,0,0,0,,
2022onwsiat1533,2022 ONWSIAT 1533 (CanLII),2022-09-30,0,0,0,0,0,0,0,,
2022onwsiat1534,2022 ONWSIAT 1534 (CanLII),2022-09-30,0,0,0,0,0,0,0,,
2022onwsiat1535,2022 ONWSIAT 1535 (CanLII),2022-09-30,0,0,0,0,0,0,0,,
2022onwsiat1536,2022 ONWSIAT 1536 (CanLII),2022-10-03,0,0,0,0,0,0,0,,
2022onwsiat1537,2022 ONWSIAT 1537 (CanLII),2022-10-03,0,0,0,0,0,0,0,,
2022onwsiat1538,2022 ONWSIAT 1538 (CanLII),2022-10-03,0,0,0,0,0,0,0,,
2022onwsiat1539,2022 ONWSIAT 1539 (CanLII),2022-10-03,0,0,0,0,0,0,0,,
2022onwsiat1540,2022 ONWSIAT 1540 (CanLII),2022-10-03,0,0,0,0,0,0,1,,
2022onwsiat1541,2022 ONWSIAT 1541 (CanLII),2022-10-03,0,0,0,0,0,0,0,,
2022onwsiat1542,2022 ONWSIAT 1542 (CanLII),2022-10-03,0,0,0,0,0,0,1,,
2022onwsiat1543,2022 ONWSIAT 1543 (CanLII),2022-10-03,0,0,0,0,0,0,0,,
2022onwsiat1544,2022 ONWSIAT 1544 (CanLII),2022-10-03,0,0,0,0,0,0,0,,
2022onwsiat1545,2022 ONWSIAT 1545 (CanLII),2022-10-03,0,0,0,0,0,0,0,,
2022onwsiat1546,2022 ONWSIAT 1546 (CanLII),2022-10-03,0,0,0,0,0,0,0,,
2022onwsiat1547,2022 ONWSIAT 1547 (CanLII),2022-10-04,0,0,0,0,0,0,0,,
2022onwsiat1548,2022 ONWSIAT 1548 (CanLII),2022-10-04,0,0,0,0,0,0,0,,
2022onwsiat1549,2022 ONWSIAT 1549 (CanLII),2022-10-04,0,0,0,0,0,0,0,,
2022onwsiat1550,2022 ONWSIAT 1550 (CanLII),2022-10-04,0,0,0,0,0,0,0,,
2022onwsiat1551,2022 ONWSIAT 1551 (CanLII),2022-10-04,0,0,0,0,0,0,0,,
2022onwsiat1552,2022 ONWSIAT 1552 (CanLII),2022-10-05,0,0,0,0,0,0,0,,
2022onwsiat1553,2022 ONWSIAT 1553 (CanLII),2022-10-05,0,0,0,0,0,0,0,,
2022onwsiat1554,2022 ONWSIAT 1554 (CanLII),2022-10-05,0,0,0,0,0,0,0,,
2022onwsiat1555,2022 ONWSIAT 1555 (CanLII),2022-10-05,0,0,0,0,0,0,0,,
2022onwsiat1556,2022 ONWSIAT 1556 (CanLII),2022-10-05,0,0,0,0,0,0,0,,
2022onwsiat1557,2022 ONWSIAT 1557 (CanLII),2022-10-05,0,0,0,0,0,0,1,,
2022onwsiat1558,2022 ONWSIAT 1558 (CanLII),2022-10-05,0,0,0,0,0,0,0,,
2022onwsiat1559,2022 ONWSIAT 1559 (CanLII),2022-10-06,0,0,0,0,0,0,0,,
2022onwsiat1560,2022 ONWSIAT 1560 (CanLII),2022-10-06,0,0,0,0,0,0,0,,
2022onwsiat1561,2022 ONWSIAT 1561 (CanLII),2022-10-06,0,0,0,0,0,0,1,,
2022onwsiat1562,2022 ONWSIAT 1562 (CanLII),2022-10-06,0,0,0,0,0,0,0,,
2022onwsiat1563,2022 ONWSIAT 1563 (CanLII),2022-10-06,1,0,0,0,0,0,0,,
2022onwsiat1564,2022 ONWSIAT 1564 (CanLII),2022-10-06,0,0,0,0,0,0,0,,
2022onwsiat1565,2022 ONWSIAT 1565 (CanLII),2022-10-06,0,0,0,0,0,0,0,,
2022onwsiat1566,2022 ONWSIAT 1566 (CanLII),2022-10-06,0,0,0,0,0,0,0,,
2022onwsiat1567,2022 ONWSIAT 1567 (CanLII),2022-10-06,0,0,0,0,0,0,0,,
2022onwsiat1568,2022 ONWSIAT 1568 (CanLII),2022-10-06,0,0,0,0,0,0,0,,
2022onwsiat1569,2022 ONWSIAT 1569 (CanLII),2022-10-06,0,0,0,0,0,0,0,,
2022onwsiat1570,2022 ONWSIAT 1570 (CanLII),2022-10-06,0,0,0,0,0,0,0,,
2022onwsiat1571,2022 ONWSIAT 1571 (CanLII),2022-10-07,0,0,0,0,0,0,0,,
2022onwsiat1572,2022 ONWSIAT 1572 (CanLII),2022-10-07,0,0,0,0,0,0,0,,
2022onwsiat1573,2022 ONWSIAT 1573 (CanLII),2022-10-07,0,0,0,0,0,0,0,,
2022onwsiat1574,2022 ONWSIAT 1574 (CanLII),2022-10-07,0,0,0,0,0,0,0,,
2022onwsiat1575,2022 ONWSIAT 1575 (CanLII),2022-10-07,0,0,0,0,0,0,0,,
2022onwsiat1576,2022 ONWSIAT 1576 (CanLII),2022-10-11,0,0,0,0,0,0,0,,
2022onwsiat1577,2022 ONWSIAT 1577 (CanLII),2022-10-11,0,0,0,0,0,0,0,,
2022onwsiat1578,2022 ONWSIAT 1578 (CanLII),2022-10-11,0,0,0,0,0,0,0,,
2022onwsiat1579,2022 ONWSIAT 1579 (CanLII),2022-10-11,0,0,0,0,0,0,0,,
2022onwsiat1580,2022 ONWSIAT 1580 (CanLII),2022-10-11,0,0,0,0,0,0,1,,
2022onwsiat1581,2022 ONWSIAT 1581 (CanLII),2022-10-11,0,0,0,0,0,0,0,,
2022onwsiat1582,2022 ONWSIAT 1582 (CanLII),2022-10-11,0,0,0,0,0,0,0,,
2022onwsiat1583,2022 ONWSIAT 1583 (CanLII),2022-10-11,0,0,0,0,0,0,0,,
2022onwsiat1584,2022 ONWSIAT 1584 (CanLII),2022-10-11,0,0,0,0,0,0,0,,
2022onwsiat1585,2022 ONWSIAT 1585 (CanLII),2022-10-12,0,0,0,0,0,0,0,,
2022onwsiat1586,2022 ONWSIAT 1586 (CanLII),2022-10-12,0,0,0,0,0,0,0,,
2022onwsiat1587,2022 ONWSIAT 1587 (CanLII),2022-10-12,0,0,0,0,0,0,0,,
2022onwsiat1588,2022 ONWSIAT 1588 (CanLII),2022-10-12,0,0,0,0,0,0,0,,
2022onwsiat1589,2022 ONWSIAT 1589 (CanLII),2022-10-12,0,0,0,0,0,0,0,,
2022onwsiat1590,2022 ONWSIAT 1590 (CanLII),2022-10-12,0,0,0,0,0,0,0,,
2022onwsiat1591,2022 ONWSIAT 1591 (CanLII),2022-10-12,0,0,0,0,0,0,0,,
2022onwsiat1592,2022 ONWSIAT 1592 (CanLII),2022-10-13,0,0,0,0,0,0,0,,
2022onwsiat1593,2022 ONWSIAT 1593 (CanLII),2022-10-13,0,0,0,0,0,0,0,,
2022onwsiat1594,2022 ONWSIAT 1594 (CanLII),2022-10-13,0,0,0,0,0,0,0,,
2022onwsiat1595,2022 ONWSIAT 1595 (CanLII),2022-10-13,0,0,0,0,0,0,0,,
2022onwsiat1596,2022 ONWSIAT 1596 (CanLII),2022-10-13,0,0,0,0,0,0,0,,
2022onwsiat1597,2022 ONWSIAT 1597 (CanLII),2022-10-13,0,0,0,0,0,0,0,,
2022onwsiat1598,2022 ONWSIAT 1598 (CanLII),2022-10-13,0,0,0,0,0,0,0,,
2022onwsiat1599,2022 ONWSIAT 1599 (CanLII),2022-10-13,0,0,0,0,0,0,0,,
2022onwsiat1600,2022 ONWSIAT 1600 (CanLII),2022-10-14,0,0,0,0,0,0,0,,
2022onwsiat1601,2022 ONWSIAT 1601 (CanLII),2022-10-14,0,0,0,0,0,0,0,,
2022onwsiat1602,2022 ONWSIAT 1602 (CanLII),2022-10-14,0,0,0,0,0,0,0,,
2022onwsiat1603,2022 ONWSIAT 1603 (CanLII),2022-10-14,0,0,0,0,0,0,0,,
2022onwsiat1604,2022 ONWSIAT 1604 (CanLII),2022-10-14,0,0,0,0,0,0,0,,
2022onwsiat1605,2022 ONWSIAT 1605 (CanLII),2022-10-14,0,0,0,0,0,0,0,,
2022onwsiat1606,2022 ONWSIAT 1606 (CanLII),2022-10-14,0,0,0,0,0,0,0,,
2022onwsiat1607,2022 ONWSIAT 1607 (CanLII),2022-10-14,0,0,0,0,0,0,0,,
2022onwsiat1608,2022 ONWSIAT 1608 (CanLII),2022-10-14,0,0,0,0,0,0,0,,
2022onwsiat1609,2022 ONWSIAT 1609 (CanLII),2022-10-17,0,0,0,0,0,0,0,,
2022onwsiat1610,2022 ONWSIAT 1610 (CanLII),2022-10-17,0,0,0,0,0,0,0,,
2022onwsiat1611,2022 ONWSIAT 1611 (CanLII),2022-10-17,0,0,0,0,0,0,0,,
2022onwsiat1612,2022 ONWSIAT 1612 (CanLII),2022-10-17,0,0,0,0,0,0,0,,
2022onwsiat1613,2022 ONWSIAT 1613 (CanLII),2022-10-17,0,0,0,0,0,0,0,,
2022onwsiat1614,2022 ONWSIAT 1614 (CanLII),2022-10-17,0,0,0,0,0,0,0,,
2022onwsiat1615,2022 ONWSIAT 1615 (CanLII),2022-10-17,0,0,0,0,0,0,0,,
2022onwsiat1616,2022 ONWSIAT 1616 (CanLII),2022-10-17,0,0,0,0,0,0,0,,
2022onwsiat1617,2022 ONWSIAT 1617 (CanLII),2022-10-17,0,0,0,0,0,0,0,,
2022onwsiat1618,2022 ONWSIAT 1618 (CanLII),2022-10-17,0,0,0,0,0,0,0,,
2022onwsiat1619,2022 ONWSIAT 1619 (CanLII),2022-10-17,0,0,0,0,0,0,0,,
2022onwsiat1620,2022 ONWSIAT 1620 (CanLII),2022-10-17,0,0,0,0,0,0,0,,
2022onwsiat1621,2022 ONWSIAT 1621 (CanLII),2022-10-17,0,0,0,0,0,0,0,,
2022onwsiat1622,2022 ONWSIAT 1622 (CanLII),2022-10-18,0,0,0,0,0,0,0,,
2022onwsiat1623,2022 ONWSIAT 1623 (CanLII),2022-10-18,0,0,0,0,0,0,0,,
2022onwsiat1624,2022 ONWSIAT 1624 (CanLII),2022-10-18,0,0,0,0,0,0,0,,
2022onwsiat1625,2022 ONWSIAT 1625 (CanLII),2022-10-18,0,0,0,0,0,0,0,,
2022onwsiat1626,2022 ONWSIAT 1626 (CanLII),2022-10-18,0,0,0,0,0,0,0,,
2022onwsiat1627,2022 ONWSIAT 1627 (CanLII),2022-10-18,0,0,0,0,0,0,0,,
2022onwsiat1628,2022 ONWSIAT 1628 (CanLII),2022-10-18,0,0,0,0,0,0,0,,
2022onwsiat1629,2022 ONWSIAT 1629 (CanLII),2022-10-18,0,0,0,0,0,0,0,,
2022onwsiat1630,2022 ONWSIAT 1630 (CanLII),2022-10-18,0,0,0,0,0,0,0,,
2022onwsiat1631,2022 ONWSIAT 1631 (CanLII),2022-10-18,0,0,0,0,0,0,0,,
2022onwsiat1632,2022 ONWSIAT 1632 (CanLII),2022-10-19,0,0,0,0,0,0,0,,
2022onwsiat1633,2022 ONWSIAT 1633 (CanLII),2022-10-19,0,0,0,0,0,0,0,,
2022onwsiat1634,2022 ONWSIAT 1634 (CanLII),2022-10-19,0,0,0,0,0,0,0,,
2022onwsiat1635,2022 ONWSIAT 1635 (CanLII),2022-10-19,0,0,0,0,0,0,0,,
2022onwsiat1636,2022 ONWSIAT 1636 (CanLII),2022-10-19,0,0,0,0,0,0,0,,
2022onwsiat1637,2022 ONWSIAT 1637 (CanLII),2022-10-19,0,0,0,0,0,0,0,,
2022onwsiat1638,2022 ONWSIAT 1638 (CanLII),2022-10-19,0,0,0,0,0,0,0,,
2022onwsiat1639,2022 ONWSIAT 1639 (CanLII),2022-10-19,0,0,0,0,0,0,0,,
2022onwsiat1640,2022 ONWSIAT 1640 (CanLII),2022-10-19,0,0,0,0,0,0,0,,
2022onwsiat1641,2022 ONWSIAT 1641 (CanLII),2022-10-19,0,0,0,0,0,0,0,,
2022onwsiat1642,2022 ONWSIAT 1642 (CanLII),2022-10-19,0,0,0,0,0,0,0,,
2022onwsiat1643,2022 ONWSIAT 1643 (CanLII),2022-10-19,0,0,0,0,0,0,0,,
2022onwsiat1644,2022 ONWSIAT 1644 (CanLII),2022-10-19,0,0,0,0,0,0,0,,
2022onwsiat1645,2022 ONWSIAT 1645 (CanLII),2022-10-19,0,0,0,0,0,0,0,,
2022onwsiat1646,2022 ONWSIAT 1646 (CanLII),2022-10-20,0,0,0,0,0,0,0,,
2022onwsiat1647,2022 ONWSIAT 1647 (CanLII),2022-10-20,0,0,0,0,0,0,0,,
2022onwsiat1648,2022 ONWSIAT 1648 (CanLII),2022-10-20,0,0,0,0,0,0,0,,
2022onwsiat1649,2022 ONWSIAT 1649 (CanLII),2022-10-20,0,0,0,0,0,0,0,,
2022onwsiat1650,2022 ONWSIAT 1650 (CanLII),2022-10-20,0,0,0,0,0,0,0,,
2022onwsiat1651,2022 ONWSIAT 1651 (CanLII),2022-10-20,0,0,0,0,0,0,0,,
2022onwsiat1652,2022 ONWSIAT 1652 (CanLII),2022-10-20,0,0,0,0,0,0,0,,
2022onwsiat1653,2022 ONWSIAT 1653 (CanLII),2022-10-20,0,0,0,0,0,0,1,,
2022onwsiat1654,2022 ONWSIAT 1654 (CanLII),2022-10-20,0,0,0,0,0,0,0,,
2022onwsiat1655,2022 ONWSIAT 1655 (CanLII),2022-10-20,0,0,0,0,0,0,0,,
2022onwsiat1656,2022 ONWSIAT 1656 (CanLII),2022-10-20,0,0,0,0,0,0,0,,
2022onwsiat1657,2022 ONWSIAT 1657 (CanLII),2022-10-20,0,0,0,0,0,0,0,,
2022onwsiat1658,2022 ONWSIAT 1658 (CanLII),2022-10-20,0,0,0,0,0,0,0,,
2022onwsiat1659,2022 ONWSIAT 1659 (CanLII),2022-10-20,0,0,0,0,0,0,1,,
2022onwsiat1660,2022 ONWSIAT 1660 (CanLII),2022-10-20,0,0,0,0,0,0,0,,
2022onwsiat1661,2022 ONWSIAT 1661 (CanLII),2022-10-20,0,0,0,0,0,0,0,,
2022onwsiat1662,2022 ONWSIAT 1662 (CanLII),2022-10-20,0,0,0,0,0,0,0,,
2022onwsiat1663,2022 ONWSIAT 1663 (CanLII),2022-10-20,0,0,0,0,0,0,0,,
2022onwsiat1664,2022 ONWSIAT 1664 (CanLII),2022-10-20,0,0,0,0,0,0,0,,
2022onwsiat1665,2022 ONWSIAT 1665 (CanLII),2022-10-20,0,0,0,0,0,0,0,,
2022onwsiat1666,2022 ONWSIAT 1666 (CanLII),2022-10-20,0,0,0,0,0,0,0,,
2022onwsiat1667,2022 ONWSIAT 1667 (CanLII),2022-10-20,0,0,0,0,0,0,0,,
2022onwsiat1668,2022 ONWSIAT 1668 (CanLII),2022-10-20,0,0,0,0,0,0,0,,
2022onwsiat1669,2022 ONWSIAT 1669 (CanLII),2022-10-21,0,0,0,0,0,0,0,,
2022onwsiat1670,2022 ONWSIAT 1670 (CanLII),2022-10-21,0,0,0,0,0,0,0,,
2022onwsiat1671,2022 ONWSIAT 1671 (CanLII),2022-10-21,0,0,0,0,0,0,0,,
2022onwsiat1672,2022 ONWSIAT 1672 (CanLII),2022-10-21,0,0,0,0,0,0,0,,
2022onwsiat1673,2022 ONWSIAT 1673 (CanLII),2022-10-21,0,0,0,0,0,0,0,,
2022onwsiat1674,2022 ONWSIAT 1674 (CanLII),2022-10-21,0,0,0,0,0,0,0,,
2022onwsiat1675,2022 ONWSIAT 1675 (CanLII),2022-10-21,0,0,0,0,0,0,0,,
2022onwsiat1676,2022 ONWSIAT 1676 (CanLII),2022-10-21,0,0,0,0,0,0,0,,
2022onwsiat1677,2022 ONWSIAT 1677 (CanLII),2022-10-24,0,0,0,0,0,0,1,,
2022onwsiat1678,2022 ONWSIAT 1678 (CanLII),2022-10-24,1,0,0,0,0,0,0,,
2022onwsiat1679,2022 ONWSIAT 1679 (CanLII),2022-10-24,0,0,0,0,0,0,0,,
2022onwsiat1680,2022 ONWSIAT 1680 (CanLII),2022-10-24,0,0,0,0,0,0,0,,
2022onwsiat1681,2022 ONWSIAT 1681 (CanLII),2022-10-24,0,0,0,0,0,0,0,,
2022onwsiat1682,2022 ONWSIAT 1682 (CanLII),2022-10-24,0,0,0,0,0,0,0,,
2022onwsiat1683,2022 ONWSIAT 1683 (CanLII),2022-10-24,0,0,0,0,0,0,0,,
2022onwsiat1684,2022 ONWSIAT 1684 (CanLII),2022-10-25,0,0,0,0,0,0,0,,
2022onwsiat1685,2022 ONWSIAT 1685 (CanLII),2022-10-25,0,0,0,0,0,0,0,,
2022onwsiat1686,2022 ONWSIAT 1686 (CanLII),2022-10-25,0,0,0,0,0,0,0,,
2022onwsiat1687,2022 ONWSIAT 1687 (CanLII),2022-10-25,0,0,0,0,0,0,1,,
2022onwsiat1688,2022 ONWSIAT 1688 (CanLII),2022-10-25,0,0,0,0,0,0,0,,
2022onwsiat1689,2022 ONWSIAT 1689 (CanLII),2022-10-25,0,0,0,0,0,0,0,,
2022onwsiat1690,2022 ONWSIAT 1690 (CanLII),2022-10-25,0,0,0,0,0,0,0,,
2022onwsiat1691,2022 ONWSIAT 1691 (CanLII),2022-10-25,0,0,0,0,0,0,0,,
2022onwsiat1692,2022 ONWSIAT 1692 (CanLII),2022-10-25,0,0,0,0,0,0,0,,
2022onwsiat1693,2022 ONWSIAT 1693 (CanLII),2022-10-26,0,0,0,0,0,0,0,,
2022onwsiat1694,2022 ONWSIAT 1694 (CanLII),2022-10-26,0,0,0,0,0,0,0,,
2022onwsiat1695,2022 ONWSIAT 1695 (CanLII),2022-10-26,0,0,0,0,0,0,0,,
2022onwsiat1696,2022 ONWSIAT 1696 (CanLII),2022-10-26,0,0,0,0,0,0,0,,
2022onwsiat1697,2022 ONWSIAT 1697 (CanLII),2022-10-26,0,0,0,0,0,0,0,,
2022onwsiat1698,2022 ONWSIAT 1698 (CanLII),2022-10-26,0,0,0,0,0,0,0,,
2022onwsiat1699,2022 ONWSIAT 1699 (CanLII),2022-10-26,0,0,0,0,0,0,0,,
2022onwsiat1700,2022 ONWSIAT 1700 (CanLII),2022-10-26,0,0,0,0,0,0,0,,
2022onwsiat1701,2022 ONWSIAT 1701 (CanLII),2022-10-27,0,0,0,0,0,0,0,,
2022onwsiat1702,2022 ONWSIAT 1702 (CanLII),2022-10-27,0,0,0,0,0,0,0,,
2022onwsiat1703,2022 ONWSIAT 1703 (CanLII),2022-10-27,0,0,0,0,0,0,0,,
2022onwsiat1704,2022 ONWSIAT 1704 (CanLII),2022-10-27,0,0,0,0,0,0,0,,
2022onwsiat1705,2022 ONWSIAT 1705 (CanLII),2022-10-27,0,0,0,0,0,0,0,,
2022onwsiat1706,2022 ONWSIAT 1706 (CanLII),2022-10-27,0,0,0,0,0,0,0,,
2022onwsiat1707,2022 ONWSIAT 1707 (CanLII),2022-10-27,0,0,0,0,0,0,1,,
2022onwsiat1708,2022 ONWSIAT 1708 (CanLII),2022-10-27,0,0,0,0,0,0,0,,
2022onwsiat1709,2022 ONWSIAT 1709 (CanLII),2022-10-27,0,0,0,0,0,0,0,,
2022onwsiat1710,2022 ONWSIAT 1710 (CanLII),2022-10-27,0,0,0,0,0,0,0,,
2022onwsiat1711,2022 ONWSIAT 1711 (CanLII),2022-10-27,0,0,0,0,0,0,0,,
2022onwsiat1712,2022 ONWSIAT 1712 (CanLII),2022-10-27,0,0,0,0,0,0,0,,
2022onwsiat1713,2022 ONWSIAT 1713 (CanLII),2022-10-28,0,0,0,0,0,0,0,,
2022onwsiat1714,2022 ONWSIAT 1714 (CanLII),2022-10-28,0,0,0,0,0,0,0,,
2022onwsiat1715,2022 ONWSIAT 1715 (CanLII),2022-10-28,0,0,0,0,0,0,0,,
2022onwsiat1716,2022 ONWSIAT 1716 (CanLII),2022-10-28,0,0,0,0,0,0,0,,
2022onwsiat1717,2022 ONWSIAT 1717 (CanLII),2022-10-28,0,0,0,0,0,0,0,,
2022onwsiat1718,2022 ONWSIAT 1718 (CanLII),2022-10-28,0,0,0,0,0,0,0,,
2022onwsiat1719,2022 ONWSIAT 1719 (CanLII),2022-10-28,0,0,0,0,0,0,0,,
2022onwsiat1720,2022 ONWSIAT 1720 (CanLII),2022-10-28,0,0,0,0,0,0,0,,
2022onwsiat1721,2022 ONWSIAT 1721 (CanLII),2022-10-28,0,0,0,0,0,0,0,,
2022onwsiat1722,2022 ONWSIAT 1722 (CanLII),2022-10-28,0,0,0,0,0,0,0,,
2022onwsiat1723,2022 ONWSIAT 1723 (CanLII),2022-10-28,0,0,0,0,0,0,0,,
2022onwsiat1724,2022 ONWSIAT 1724 (CanLII),2022-10-28,0,0,0,0,0,0,0,,
2022onwsiat1725,2022 ONWSIAT 1725 (CanLII),2022-10-28,0,0,0,0,0,0,0,,
2022onwsiat1726,2022 ONWSIAT 1726 (CanLII),2022-10-31,0,0,0,0,0,0,0,,
2022onwsiat1727,2022 ONWSIAT 1727 (CanLII),2022-10-31,0,0,0,0,0,0,0,,
2022onwsiat1728,2022 ONWSIAT 1728 (CanLII),2022-10-31,0,0,0,0,0,0,0,,
2022onwsiat1729,2022 ONWSIAT 1729 (CanLII),2022-10-31,0,0,0,0,0,0,0,,
2022onwsiat1730,2022 ONWSIAT 1730 (CanLII),2022-10-31,0,0,0,0,0,0,0,,
2022onwsiat1731,2022 ONWSIAT 1731 (CanLII),2022-10-31,0,0,0,0,0,0,0,,
2022onwsiat1732,2022 ONWSIAT 1732 (CanLII),2022-10-31,0,0,0,0,0,0,0,,
2022onwsiat1733,2022 ONWSIAT 1733 (CanLII),2022-11-01,0,0,0,0,0,0,0,,
2022onwsiat1734,2022 ONWSIAT 1734 (CanLII),2022-11-01,0,0,0,0,0,0,0,,
2022onwsiat1736,2022 ONWSIAT 1736 (CanLII),2022-11-01,0,0,0,0,0,0,0,,
2022onwsiat1737,2022 ONWSIAT 1737 (CanLII),2022-11-01,0,0,0,0,0,0,0,,
2022onwsiat1738,2022 ONWSIAT 1738 (CanLII),2022-11-01,0,0,0,0,0,0,0,,
2022onwsiat1739,2022 ONWSIAT 1739 (CanLII),2022-11-01,0,0,0,0,0,0,0,,
2022onwsiat1740,2022 ONWSIAT 1740 (CanLII),2022-11-01,0,0,0,0,0,0,0,,
2022onwsiat1741,2022 ONWSIAT 1741 (CanLII),2022-11-02,0,0,0,0,0,0,0,,
2022onwsiat1742,2022 ONWSIAT 1742 (CanLII),2022-11-02,0,0,0,0,0,0,0,,
2022onwsiat1743,2022 ONWSIAT 1743 (CanLII),2022-11-02,0,0,0,0,0,0,0,,
2022onwsiat1744,2022 ONWSIAT 1744 (CanLII),2022-11-02,0,0,0,0,0,0,0,,
2022onwsiat1745,2022 ONWSIAT 1745 (CanLII),2022-11-02,0,0,0,0,0,0,0,,
2022onwsiat1746,2022 ONWSIAT 1746 (CanLII),2022-11-02,0,0,0,0,0,0,0,,
2022onwsiat1747,2022 ONWSIAT 1747 (CanLII),2022-11-02,0,0,0,0,0,0,0,,
2022onwsiat1748,2022 ONWSIAT 1748 (CanLII),2022-11-02,0,0,0,0,0,0,0,,
2022onwsiat1749,2022 ONWSIAT 1749 (CanLII),2022-11-02,0,0,0,0,0,0,1,,
2022onwsiat1750,2022 ONWSIAT 1750 (CanLII),2022-11-02,0,0,0,0,0,0,0,,
2022onwsiat1751,2022 ONWSIAT 1751 (CanLII),2022-11-03,0,0,0,0,0,0,0,,
2022onwsiat1752,2022 ONWSIAT 1752 (CanLII),2022-11-03,0,0,0,0,0,0,0,,
2022onwsiat1753,2022 ONWSIAT 1753 (CanLII),2022-11-03,0,0,0,0,0,0,0,,
2022onwsiat1754,2022 ONWSIAT 1754 (CanLII),2022-11-03,0,0,0,0,0,0,0,,
2022onwsiat1755,2022 ONWSIAT 1755 (CanLII),2022-11-03,0,0,0,0,0,0,0,,
2022onwsiat1756,2022 ONWSIAT 1756 (CanLII),2022-11-03,0,0,0,0,0,0,0,,
2022onwsiat1757,2022 ONWSIAT 1757 (CanLII),2022-11-03,0,0,0,0,0,0,0,,
2022onwsiat1758,2022 ONWSIAT 1758 (CanLII),2022-11-04,0,0,0,0,0,0,0,,
2022onwsiat1759,2022 ONWSIAT 1759 (CanLII),2022-11-04,0,0,0,0,0,0,0,,
2022onwsiat1760,2022 ONWSIAT 1760 (CanLII),2022-11-04,0,0,0,0,0,0,0,,
2022onwsiat1761,2022 ONWSIAT 1761 (CanLII),2022-11-04,0,0,0,0,0,0,0,,
2022onwsiat1762,2022 ONWSIAT 1762 (CanLII),2022-11-04,0,0,0,0,0,0,0,,
2022onwsiat1763,2022 ONWSIAT 1763 (CanLII),2022-11-04,0,0,0,0,0,0,0,,
2022onwsiat1764,2022 ONWSIAT 1764 (CanLII),2022-11-04,0,0,0,0,0,0,1,,
2022onwsiat1765,2022 ONWSIAT 1765 (CanLII),2022-11-07,0,0,0,0,0,0,0,,
2022onwsiat1766,2022 ONWSIAT 1766 (CanLII),2022-11-07,0,0,0,0,0,0,0,,
2022onwsiat1767,2022 ONWSIAT 1767 (CanLII),2022-11-07,0,0,0,0,0,0,0,,
2022onwsiat1768,2022 ONWSIAT 1768 (CanLII),2022-11-07,0,0,0,0,0,0,0,,
2022onwsiat1769,2022 ONWSIAT 1769 (CanLII),2022-11-07,0,0,0,0,0,0,0,,
2022onwsiat1770,2022 ONWSIAT 1770 (CanLII),2022-11-07,0,0,0,0,0,0,0,,
2022onwsiat1771,2022 ONWSIAT 1771 (CanLII),2022-11-07,0,0,0,0,0,0,0,,
2022onwsiat1772,2022 ONWSIAT 1772 (CanLII),2022-11-07,0,0,0,0,0,0,1,,
2022onwsiat1773,2022 ONWSIAT 1773 (CanLII),2022-11-08,0,0,0,0,0,0,0,,
2022onwsiat1774,2022 ONWSIAT 1774 (CanLII),2022-11-08,0,0,0,0,0,0,0,,
2022onwsiat1775,2022 ONWSIAT 1775 (CanLII),2022-11-08,0,0,0,0,0,0,0,,
2022onwsiat1776,2022 ONWSIAT 1776 (CanLII),2022-11-08,0,0,0,0,0,0,0,,
2022onwsiat1777,2022 ONWSIAT 1777 (CanLII),2022-11-08,0,0,0,0,0,0,0,,
2022onwsiat1778,2022 ONWSIAT 1778 (CanLII),2022-11-08,0,0,0,0,0,0,0,,
2022onwsiat1779,2022 ONWSIAT 1779 (CanLII),2022-11-08,0,0,0,0,0,0,0,,
2022onwsiat1780,2022 ONWSIAT 1780 (CanLII),2022-11-08,0,0,0,0,0,0,0,,
2022onwsiat1781,2022 ONWSIAT 1781 (CanLII),2022-11-08,0,0,0,0,0,0,0,,
2022onwsiat1782,2022 ONWSIAT 1782 (CanLII),2022-11-08,0,0,0,0,0,0,0,,
2022onwsiat1783,2022 ONWSIAT 1783 (CanLII),2022-11-08,0,0,0,0,0,0,0,,
2022onwsiat1784,2022 ONWSIAT 1784 (CanLII),2022-11-08,0,0,0,0,0,0,0,,
2022onwsiat1785,2022 ONWSIAT 1785 (CanLII),2022-11-08,0,0,0,0,0,0,0,,
2022onwsiat1786,2022 ONWSIAT 1786 (CanLII),2022-11-09,0,0,0,0,0,0,0,,
2022onwsiat1787,2022 ONWSIAT 1787 (CanLII),2022-11-09,0,0,0,0,0,0,1,,
2022onwsiat1788,2022 ONWSIAT 1788 (CanLII),2022-11-09,0,0,0,0,0,0,0,,
2022onwsiat1789,2022 ONWSIAT 1789 (CanLII),2022-11-09,0,0,0,0,0,0,0,,
2022onwsiat1790,2022 ONWSIAT 1790 (CanLII),2022-11-09,0,0,0,0,0,0,0,,
2022onwsiat1791,2022 ONWSIAT 1791 (CanLII),2022-11-09,0,0,0,0,0,0,0,,
2022onwsiat1792,2022 ONWSIAT 1792 (CanLII),2022-11-09,0,0,0,0,0,0,0,,
2022onwsiat1793,2022 ONWSIAT 1793 (CanLII),2022-11-09,0,0,0,0,0,0,0,,
2022onwsiat1794,2022 ONWSIAT 1794 (CanLII),2022-11-09,0,0,0,0,0,0,0,,
2022onwsiat1795,2022 ONWSIAT 1795 (CanLII),2022-11-09,0,0,0,0,0,0,0,,
2022onwsiat1796,2022 ONWSIAT 1796 (CanLII),2022-11-09,0,0,0,0,0,0,0,,
2022onwsiat1797,2022 ONWSIAT 1797 (CanLII),2022-11-09,0,0,0,0,0,0,0,,
2022onwsiat1798,2022 ONWSIAT 1798 (CanLII),2022-11-09,0,0,0,0,0,0,0,,
2022onwsiat1799,2022 ONWSIAT 1799 (CanLII),2022-11-10,0,0,0,0,0,0,0,,
2022onwsiat1800,2022 ONWSIAT 1800 (CanLII),2022-11-10,0,0,0,0,0,0,0,,
2022onwsiat1801,2022 ONWSIAT 1801 (CanLII),2022-11-10,0,0,0,0,0,0,0,,
2022onwsiat1802,2022 ONWSIAT 1802 (CanLII),2022-11-10,0,0,0,0,0,0,0,,
2022onwsiat1803,2022 ONWSIAT 1803 (CanLII),2022-11-10,0,0,0,0,0,0,0,,
2022onwsiat1804,2022 ONWSIAT 1804 (CanLII),2022-11-10,0,0,0,0,0,0,0,,
2022onwsiat1805,2022 ONWSIAT 1805 (CanLII),2022-11-10,0,0,0,0,0,0,0,,
2022onwsiat1806,2022 ONWSIAT 1806 (CanLII),2022-11-10,0,0,0,0,0,0,0,,
2022onwsiat1807,2022 ONWSIAT 1807 (CanLII),2022-11-10,0,0,0,0,0,0,0,,
2022onwsiat1808,2022 ONWSIAT 1808 (CanLII),2022-11-10,0,0,0,0,0,0,0,,
2022onwsiat1809,2022 ONWSIAT 1809 (CanLII),2022-11-10,0,0,0,0,0,0,1,,
2022onwsiat1810,2022 ONWSIAT 1810 (CanLII),2022-11-10,0,0,0,0,0,0,0,,
2022onwsiat1811,2022 ONWSIAT 1811 (CanLII),2022-11-10,0,0,0,0,0,0,0,,
2022onwsiat1812,2022 ONWSIAT 1812 (CanLII),2022-11-10,0,0,0,0,0,0,0,,
2022onwsiat1813,2022 ONWSIAT 1813 (CanLII),2022-11-10,0,0,0,0,0,0,0,,
2022onwsiat1814,2022 ONWSIAT 1814 (CanLII),2022-11-14,0,0,0,0,0,0,0,,
2022onwsiat1815,2022 ONWSIAT 1815 (CanLII),2022-11-14,0,0,0,0,0,0,0,,
2022onwsiat1816,2022 ONWSIAT 1816 (CanLII),2022-11-14,0,0,0,0,0,0,0,,
2022onwsiat1817,2022 ONWSIAT 1817 (CanLII),2022-11-14,0,0,0,0,0,0,0,,
2022onwsiat1818,2022 ONWSIAT 1818 (CanLII),2022-11-14,0,0,0,0,0,0,0,,
2022onwsiat1819,2022 ONWSIAT 1819 (CanLII),2022-11-14,0,0,0,0,0,0,0,,
2022onwsiat1820,2022 ONWSIAT 1820 (CanLII),2022-11-14,0,0,0,0,0,0,0,,
2022onwsiat1821,2022 ONWSIAT 1821 (CanLII),2022-11-14,0,0,0,0,0,0,0,,
2022onwsiat1822,2022 ONWSIAT 1822 (CanLII),2022-11-14,0,0,0,0,0,0,0,,
2022onwsiat1823,2022 ONWSIAT 1823 (CanLII),2022-11-14,0,0,0,0,0,0,0,,
2022onwsiat1824,2022 ONWSIAT 1824 (CanLII),2022-11-14,0,0,0,0,0,0,0,,
2022onwsiat1825,2022 ONWSIAT 1825 (CanLII),2022-11-14,0,0,0,0,0,0,0,,
2022onwsiat1826,2022 ONWSIAT 1826 (CanLII),2022-11-14,0,0,0,0,0,0,0,,
2022onwsiat1827,2022 ONWSIAT 1827 (CanLII),2022-11-15,0,0,0,0,0,0,0,,
2022onwsiat1828,2022 ONWSIAT 1828 (CanLII),2022-11-15,0,0,0,0,0,0,0,,
2022onwsiat1829,2022 ONWSIAT 1829 (CanLII),2022-11-15,0,0,0,0,0,0,0,,
2022onwsiat1830,2022 ONWSIAT 1830 (CanLII),2022-11-15,0,0,0,0,0,0,0,,
2022onwsiat1831,2022 ONWSIAT 1831 (CanLII),2022-11-15,0,0,0,0,0,0,0,,
2022onwsiat1832,2022 ONWSIAT 1832 (CanLII),2022-11-15,0,0,0,0,0,0,0,,
2022onwsiat1833,2022 ONWSIAT 1833 (CanLII),2022-11-15,0,0,0,0,0,0,0,,
2022onwsiat1834,2022 ONWSIAT 1834 (CanLII),2022-11-15,0,0,0,0,0,0,0,,
2022onwsiat1835,2022 ONWSIAT 1835 (CanLII),2022-11-15,0,0,0,0,0,0,0,,
2022onwsiat1836,2022 ONWSIAT 1836 (CanLII),2022-11-15,0,0,0,0,0,0,0,,
2022onwsiat1837,2022 ONWSIAT 1837 (CanLII),2022-11-15,0,0,0,0,0,0,0,,
2022onwsiat1838,2022 ONWSIAT 1838 (CanLII),2022-11-15,0,0,0,0,0,0,0,,
2022onwsiat1839,2022 ONWSIAT 1839 (CanLII),2022-11-16,0,0,0,0,0,0,0,,
2022onwsiat1840,2022 ONWSIAT 1840 (CanLII),2022-11-16,0,0,0,0,0,0,0,,
2022onwsiat1841,2022 ONWSIAT 1841 (CanLII),2022-11-16,0,0,0,0,0,0,0,,
2022onwsiat1842,2022 ONWSIAT 1842 (CanLII),2022-11-16,0,0,0,0,0,0,0,,
2022onwsiat1843,2022 ONWSIAT 1843 (CanLII),2022-11-16,0,0,0,0,0,0,0,,
2022onwsiat1844,2022 ONWSIAT 1844 (CanLII),2022-11-16,0,0,0,0,0,0,1,,
2022onwsiat1845,2022 ONWSIAT 1845 (CanLII),2022-11-16,0,0,0,0,0,0,0,,
2022onwsiat1846,2022 ONWSIAT 1846 (CanLII),2022-11-16,0,0,0,0,0,0,0,,
2022onwsiat1847,2022 ONWSIAT 1847 (CanLII),2022-11-16,0,0,0,0,0,0,0,,
2022onwsiat1848,2022 ONWSIAT 1848 (CanLII),2022-11-17,0,0,0,0,0,0,0,,
2022onwsiat1849,2022 ONWSIAT 1849 (CanLII),2022-11-17,0,0,0,0,0,0,0,,
2022onwsiat1850,2022 ONWSIAT 1850 (CanLII),2022-11-17,0,0,0,0,0,0,0,,
2022onwsiat1851,2022 ONWSIAT 1851 (CanLII),2022-11-17,0,0,0,0,0,0,0,,
2022onwsiat1852,2022 ONWSIAT 1852 (CanLII),2022-11-17,0,0,0,0,0,0,0,,
2022onwsiat1853,2022 ONWSIAT 1853 (CanLII),2022-11-17,0,0,0,0,0,0,0,,
2022onwsiat1854,2022 ONWSIAT 1854 (CanLII),2022-11-17,0,0,0,0,0,0,0,,
2022onwsiat1855,2022 ONWSIAT 1855 (CanLII),2022-11-18,0,0,0,0,0,0,0,,
2022onwsiat1856,2022 ONWSIAT 1856 (CanLII),2022-11-18,0,0,0,0,0,0,0,,
2022onwsiat1857,2022 ONWSIAT 1857 (CanLII),2022-11-18,0,0,0,0,0,0,0,,
2022onwsiat1858,2022 ONWSIAT 1858 (CanLII),2022-11-18,0,0,0,0,0,0,0,,
2022onwsiat1859,2022 ONWSIAT 1859 (CanLII),2022-11-18,0,0,0,0,0,0,0,,
2022onwsiat1860,2022 ONWSIAT 1860 (CanLII),2022-11-18,0,0,0,0,0,0,0,,
2022onwsiat1861,2022 ONWSIAT 1861 (CanLII),2022-11-18,0,0,0,0,0,0,0,,
2022onwsiat1862,2022 ONWSIAT 1862 (CanLII),2022-11-18,0,0,0,0,0,0,0,,
2022onwsiat1863,2022 ONWSIAT 1863 (CanLII),2022-11-18,0,0,0,0,0,0,0,,
2022onwsiat1864,2022 ONWSIAT 1864 (CanLII),2022-11-18,0,0,0,0,0,0,0,,
2022onwsiat1865,2022 ONWSIAT 1865 (CanLII),2022-11-18,0,0,0,0,0,0,0,,
2022onwsiat1866,2022 ONWSIAT 1866 (CanLII),2022-11-21,0,0,0,0,0,0,0,,
2022onwsiat1867,2022 ONWSIAT 1867 (CanLII),2022-11-21,0,0,0,0,0,0,0,,
2022onwsiat1868,2022 ONWSIAT 1868 (CanLII),2022-11-21,0,0,0,0,0,0,0,,
2022onwsiat1869,2022 ONWSIAT 1869 (CanLII),2022-11-21,0,0,0,0,0,0,0,,
2022onwsiat1870,2022 ONWSIAT 1870 (CanLII),2022-11-21,0,0,0,0,0,0,0,,
2022onwsiat1871,2022 ONWSIAT 1871 (CanLII),2022-11-21,0,0,0,0,0,0,0,,
2022onwsiat1872,2022 ONWSIAT 1872 (CanLII),2022-11-21,0,0,0,0,0,0,0,,
2022onwsiat1873,2022 ONWSIAT 1873 (CanLII),2022-11-21,0,0,0,0,0,0,1,,
2022onwsiat1874,2022 ONWSIAT 1874 (CanLII),2022-11-21,0,0,0,0,0,0,0,,
2022onwsiat1875,2022 ONWSIAT 1875 (CanLII),2022-11-21,0,0,0,0,0,0,0,,
2022onwsiat1876,2022 ONWSIAT 1876 (CanLII),2022-11-21,0,0,0,0,0,0,0,,
2022onwsiat1877,2022 ONWSIAT 1877 (CanLII),2022-11-22,0,0,0,0,0,0,0,,
2022onwsiat1878,2022 ONWSIAT 1878 (CanLII),2022-11-22,0,0,0,0,0,0,0,,
2022onwsiat1879,2022 ONWSIAT 1879 (CanLII),2022-11-22,0,0,0,0,0,0,0,,
2022onwsiat1880,2022 ONWSIAT 1880 (CanLII),2022-11-22,0,0,0,0,0,0,0,,
2022onwsiat1881,2022 ONWSIAT 1881 (CanLII),2022-11-22,0,0,0,0,0,0,0,,
2022onwsiat1882,2022 ONWSIAT 1882 (CanLII),2022-11-22,0,0,0,0,0,0,0,,
2022onwsiat1883,2022 ONWSIAT 1883 (CanLII),2022-11-22,0,0,0,0,0,0,0,,
2022onwsiat1884,2022 ONWSIAT 1884 (CanLII),2022-11-22,0,0,0,0,0,0,0,,
2022onwsiat1885,2022 ONWSIAT 1885 (CanLII),2022-11-22,0,0,0,0,0,0,0,,
2022onwsiat1886,2022 ONWSIAT 1886 (CanLII),2022-11-22,0,0,0,0,0,0,0,,
2022onwsiat1887,2022 ONWSIAT 1887 (CanLII),2022-11-22,0,0,0,0,0,0,0,,
2022onwsiat1888,2022 ONWSIAT 1888 (CanLII),2022-11-22,0,0,0,0,0,0,0,,
2022onwsiat1889,2022 ONWSIAT 1889 (CanLII),2022-11-22,0,0,0,0,0,0,0,,
2022onwsiat1890,2022 ONWSIAT 1890 (CanLII),2022-11-22,0,0,0,0,0,0,0,,
2022onwsiat1891,2022 ONWSIAT 1891 (CanLII),2022-11-22,0,0,0,0,0,0,0,,
2022onwsiat1892,2022 ONWSIAT 1892 (CanLII),2022-11-23,0,0,0,0,0,0,0,,
2022onwsiat1893,2022 ONWSIAT 1893 (CanLII),2022-11-23,0,0,0,0,0,0,1,,
2022onwsiat1894,2022 ONWSIAT 1894 (CanLII),2022-11-23,0,0,0,0,0,0,0,,
2022onwsiat1895,2022 ONWSIAT 1895 (CanLII),2022-11-23,0,0,0,0,0,0,1,,
2022onwsiat1896,2022 ONWSIAT 1896 (CanLII),2022-11-23,0,0,0,0,0,0,0,,
2022onwsiat1897,2022 ONWSIAT 1897 (CanLII),2022-11-23,0,0,0,0,0,0,0,,
2022onwsiat1898,2022 ONWSIAT 1898 (CanLII),2022-11-24,0,0,0,0,0,0,0,,
2022onwsiat1899,2022 ONWSIAT 1899 (CanLII),2022-11-24,0,0,0,0,0,0,0,,
2022onwsiat1900,2022 ONWSIAT 1900 (CanLII),2022-11-24,0,0,0,0,0,0,0,,
2022onwsiat1901,2022 ONWSIAT 1901 (CanLII),2022-11-24,0,0,0,0,0,0,0,,
2022onwsiat1902,2022 ONWSIAT 1902 (CanLII),2022-11-24,0,0,0,0,0,0,0,,
2022onwsiat1903,2022 ONWSIAT 1903 (CanLII),2022-11-24,0,0,0,0,0,0,0,,
2022onwsiat1904,2022 ONWSIAT 1904 (CanLII),2022-11-24,0,0,0,0,0,0,0,,
2022onwsiat1905,2022 ONWSIAT 1905 (CanLII),2022-11-25,0,0,0,0,0,0,0,,
2022onwsiat1906,2022 ONWSIAT 1906 (CanLII),2022-11-25,0,0,0,0,0,0,0,,
2022onwsiat1907,2022 ONWSIAT 1907 (CanLII),2022-11-25,0,0,0,0,0,0,0,,
2022onwsiat1908,2022 ONWSIAT 1908 (CanLII),2022-11-25,0,0,0,0,0,0,0,,
2022onwsiat1909,2022 ONWSIAT 1909 (CanLII),2022-11-25,0,0,0,0,0,0,0,,
2022onwsiat1910,2022 ONWSIAT 1910 (CanLII),2022-11-28,0,0,0,0,0,0,0,,
2022onwsiat1911,2022 ONWSIAT 1911 (CanLII),2022-11-28,0,0,0,0,0,0,0,,
2022onwsiat1912,2022 ONWSIAT 1912 (CanLII),2022-11-28,0,0,0,0,0,0,0,,
2022onwsiat1913,2022 ONWSIAT 1913 (CanLII),2022-11-28,0,0,0,0,0,0,0,,
2022onwsiat1914,2022 ONWSIAT 1914 (CanLII),2022-11-28,0,0,0,0,0,0,0,,
2022onwsiat1915,2022 ONWSIAT 1915 (CanLII),2022-11-28,0,0,0,0,0,0,0,,
2022onwsiat1916,2022 ONWSIAT 1916 (CanLII),2022-11-28,0,0,0,0,0,0,0,,
2022onwsiat1917,2022 ONWSIAT 1917 (CanLII),2022-11-28,0,0,0,0,0,0,0,,
2022onwsiat1918,2022 ONWSIAT 1918 (CanLII),2022-11-28,0,0,0,0,0,0,0,,
2022onwsiat1919,2022 ONWSIAT 1919 (CanLII),2022-11-29,0,0,0,0,0,0,0,,
2022onwsiat1920,2022 ONWSIAT 1920 (CanLII),2022-11-29,0,0,0,0,0,0,0,,
2022onwsiat1921,2022 ONWSIAT 1921 (CanLII),2022-11-29,0,0,0,0,0,0,0,,
2022onwsiat1922,2022 ONWSIAT 1922 (CanLII),2022-11-29,0,0,0,0,0,0,0,,
2022onwsiat1923,2022 ONWSIAT 1923 (CanLII),2022-11-29,0,0,0,0,0,0,0,,
2022onwsiat1924,2022 ONWSIAT 1924 (CanLII),2022-11-30,0,0,0,0,0,0,0,,
2022onwsiat1925,2022 ONWSIAT 1925 (CanLII),2022-11-30,0,0,0,0,0,0,0,,
2022onwsiat1926,2022 ONWSIAT 1926 (CanLII),2022-11-30,0,0,0,0,0,0,0,,
2022onwsiat1927,2022 ONWSIAT 1927 (CanLII),2022-11-30,0,0,0,0,0,0,0,,
2022onwsiat1928,2022 ONWSIAT 1928 (CanLII),2022-11-30,1,0,0,0,0,0,0,,
2022onwsiat1929,2022 ONWSIAT 1929 (CanLII),2022-11-30,0,0,0,0,0,0,0,,
2022onwsiat1930,2022 ONWSIAT 1930 (CanLII),2022-11-30,0,0,0,0,0,0,0,,
2022onwsiat1931,2022 ONWSIAT 1931 (CanLII),2022-11-30,0,0,0,0,0,0,1,,
2022onwsiat1932,2022 ONWSIAT 1932 (CanLII),2022-11-30,0,0,0,0,0,0,1,,
2022onwsiat1933,2022 ONWSIAT 1933 (CanLII),2022-11-30,0,0,0,0,0,0,0,,
2022onwsiat1934,2022 ONWSIAT 1934 (CanLII),2022-11-30,0,0,0,0,0,0,0,,
2022onwsiat1935,2022 ONWSIAT 1935 (CanLII),2022-11-30,0,0,0,0,0,0,0,,
2022onwsiat1936,2022 ONWSIAT 1936 (CanLII),2022-11-30,0,0,0,0,0,0,0,,
2022onwsiat1937,2022 ONWSIAT 1937 (CanLII),2022-12-01,0,0,0,0,0,0,0,,
2022onwsiat1938,2022 ONWSIAT 1938 (CanLII),2022-12-01,0,0,0,0,0,0,0,,
2022onwsiat1939,2022 ONWSIAT 1939 (CanLII),2022-12-01,0,0,0,0,0,0,0,,
2022onwsiat1940,2022 ONWSIAT 1940 (CanLII),2022-12-01,0,0,0,0,0,0,0,,
2022onwsiat1941,2022 ONWSIAT 1941 (CanLII),2022-12-01,0,0,0,0,0,0,0,,
2022onwsiat1942,2022 ONWSIAT 1942 (CanLII),2022-12-01,0,0,0,0,0,0,0,,
2022onwsiat1943,2022 ONWSIAT 1943 (CanLII),2022-12-01,0,0,0,0,0,0,0,,
2022onwsiat1944,2022 ONWSIAT 1944 (CanLII),2022-12-02,0,0,0,0,0,0,1,,
2022onwsiat1945,2022 ONWSIAT 1945 (CanLII),2022-12-02,0,0,0,0,0,0,0,,
2022onwsiat1946,2022 ONWSIAT 1946 (CanLII),2022-12-02,0,0,0,0,0,0,0,,
2022onwsiat1947,2022 ONWSIAT 1947 (CanLII),2022-12-02,0,0,0,0,0,0,0,,
2022onwsiat1948,2022 ONWSIAT 1948 (CanLII),2022-12-02,0,0,0,0,0,0,0,,
2022onwsiat1949,2022 ONWSIAT 1949 (CanLII),2022-12-05,0,0,0,0,0,0,0,,
2022onwsiat1950,2022 ONWSIAT 1950 (CanLII),2022-12-05,0,0,0,0,0,0,0,,
2022onwsiat1951,2022 ONWSIAT 1951 (CanLII),2022-12-05,0,0,0,0,0,0,0,,
2022onwsiat1952,2022 ONWSIAT 1952 (CanLII),2022-12-05,0,0,0,0,0,0,0,,
2022onwsiat1953,2022 ONWSIAT 1953 (CanLII),2022-12-05,0,0,0,0,0,0,0,,
2022onwsiat1954,2022 ONWSIAT 1954 (CanLII),2022-12-05,0,0,0,0,0,0,0,,
2022onwsiat1955,2022 ONWSIAT 1955 (CanLII),2022-12-05,0,0,0,0,0,0,0,,
2022onwsiat1956,2022 ONWSIAT 1956 (CanLII),2022-12-05,0,0,0,0,0,0,0,,
2022onwsiat1957,2022 ONWSIAT 1957 (CanLII),2022-12-05,0,0,0,0,0,0,0,,
2022onwsiat1958,2022 ONWSIAT 1958 (CanLII),2022-12-05,0,0,0,0,0,0,0,,
2022onwsiat1959,2022 ONWSIAT 1959 (CanLII),2022-12-06,0,0,0,0,0,0,0,,
2022onwsiat1960,2022 ONWSIAT 1960 (CanLII),2022-12-06,0,0,0,0,0,0,0,,
2022onwsiat1961,2022 ONWSIAT 1961 (CanLII),2022-12-06,0,0,0,0,0,0,0,,
2022onwsiat1962,2022 ONWSIAT 1962 (CanLII),2022-12-06,0,0,0,0,0,0,0,,
2022onwsiat1963,2022 ONWSIAT 1963 (CanLII),2022-12-06,0,0,0,0,0,0,0,,
2022onwsiat1964,2022 ONWSIAT 1964 (CanLII),2022-12-06,0,0,0,0,0,0,0,,
2022onwsiat1965,2022 ONWSIAT 1965 (CanLII),2022-12-06,0,0,0,0,0,0,0,,
2022onwsiat1966,2022 ONWSIAT 1966 (CanLII),2022-12-07,0,0,0,0,0,0,0,,
2022onwsiat1967,2022 ONWSIAT 1967 (CanLII),2022-12-07,0,0,0,0,0,0,0,,
2022onwsiat1968,2022 ONWSIAT 1968 (CanLII),2022-12-07,0,0,0,0,0,0,0,,
2022onwsiat1969,2022 ONWSIAT 1969 (CanLII),2022-12-07,0,0,0,0,0,0,0,,
2022onwsiat1970,2022 ONWSIAT 1970 (CanLII),2022-12-07,0,0,0,0,0,0,0,,
2022onwsiat1971,2022 ONWSIAT 1971 (CanLII),2022-12-07,0,0,0,0,0,0,0,,
2022onwsiat1972,2022 ONWSIAT 1972 (CanLII),2022-12-08,0,0,0,0,0,0,0,,
2022onwsiat1973,2022 ONWSIAT 1973 (CanLII),2022-12-08,0,0,0,0,0,0,0,,
2022onwsiat1974,2022 ONWSIAT 1974 (CanLII),2022-12-08,0,0,0,0,0,0,0,,
2022onwsiat1975,2022 ONWSIAT 1975 (CanLII),2022-12-08,0,0,0,0,0,0,0,,
2022onwsiat1976,2022 ONWSIAT 1976 (CanLII),2022-12-08,0,0,0,0,0,0,1,,
2022onwsiat1977,2022 ONWSIAT 1977 (CanLII),2022-12-08,0,0,0,0,0,0,0,,
2022onwsiat1978,2022 ONWSIAT 1978 (CanLII),2022-12-09,0,0,0,0,0,0,0,,
2022onwsiat1979,2022 ONWSIAT 1979 (CanLII),2022-12-09,0,0,0,0,0,0,0,,
2022onwsiat1980,2022 ONWSIAT 1980 (CanLII),2022-12-09,0,0,0,0,0,0,0,,
2022onwsiat1981,2022 ONWSIAT 1981 (CanLII),2022-12-09,0,0,0,0,0,0,0,,
2022onwsiat1982,2022 ONWSIAT 1982 (CanLII),2022-12-09,0,0,0,0,0,0,0,,
2022onwsiat1983,2022 ONWSIAT 1983 (CanLII),2022-12-09,0,0,0,0,0,0,0,,
2022onwsiat1984,2022 ONWSIAT 1984 (CanLII),2022-12-09,0,0,0,0,0,0,0,,
2022onwsiat1985,2022 ONWSIAT 1985 (CanLII),2022-12-09,0,0,0,0,0,0,0,,
2022onwsiat1986,2022 ONWSIAT 1986 (CanLII),2022-12-09,0,0,0,0,0,0,0,,
2022onwsiat1987,2022 ONWSIAT 1987 (CanLII),2022-12-09,0,0,0,0,0,0,0,,
2022onwsiat1988,2022 ONWSIAT 1988 (CanLII),2022-12-09,0,0,0,0,0,0,0,,
2022onwsiat1989,2022 ONWSIAT 1989 (CanLII),2022-12-12,0,0,0,0,0,0,0,,
2022onwsiat1990,2022 ONWSIAT 1990 (CanLII),2022-12-12,0,0,0,0,0,0,0,,
2022onwsiat1991,2022 ONWSIAT 1991 (CanLII),2022-12-12,0,0,0,0,0,0,0,,
2022onwsiat1992,2022 ONWSIAT 1992 (CanLII),2022-12-12,0,0,0,0,0,0,0,,
2022onwsiat1993,2022 ONWSIAT 1993 (CanLII),2022-12-12,0,0,0,0,0,0,0,,
2022onwsiat1994,2022 ONWSIAT 1994 (CanLII),2022-12-12,0,0,0,0,0,0,0,,
2022onwsiat1995,2022 ONWSIAT 1995 (CanLII),2022-12-12,0,0,0,0,0,0,0,,
2022onwsiat1996,2022 ONWSIAT 1996 (CanLII),2022-12-12,0,0,0,0,0,0,0,,
2022onwsiat1997,2022 ONWSIAT 1997 (CanLII),2022-12-12,0,0,0,0,0,0,0,,
2022onwsiat1998,2022 ONWSIAT 1998 (CanLII),2022-12-12,0,0,0,0,0,0,0,,
2022onwsiat1999,2022 ONWSIAT 1999 (CanLII),2022-12-13,0,0,0,0,0,0,0,,
2022onwsiat2000,2022 ONWSIAT 2000 (CanLII),2022-12-13,0,0,0,0,0,0,0,,
2022onwsiat2001,2022 ONWSIAT 2001 (CanLII),2022-12-13,0,0,0,0,0,0,0,,
2022onwsiat2002,2022 ONWSIAT 2002 (CanLII),2022-12-13,0,0,0,0,0,0,0,,
2022onwsiat2003,2022 ONWSIAT 2003 (CanLII),2022-12-13,0,0,0,0,0,0,0,,
2022onwsiat2004,2022 ONWSIAT 2004 (CanLII),2022-12-13,0,0,0,0,0,0,0,,
2022onwsiat2005,2022 ONWSIAT 2005 (CanLII),2022-12-13,0,0,0,0,0,0,0,,
2022onwsiat2006,2022 ONWSIAT 2006 (CanLII),2022-12-13,0,0,0,0,0,0,0,,
2022onwsiat2007,2022 ONWSIAT 2007 (CanLII),2022-12-13,0,0,0,0,0,0,0,,
2022onwsiat2008,2022 ONWSIAT 2008 (CanLII),2022-12-13,0,0,0,0,0,0,0,,
2022onwsiat2009,2022 ONWSIAT 2009 (CanLII),2022-12-14,0,0,0,0,0,0,0,,
2022onwsiat2010,2022 ONWSIAT 2010 (CanLII),2022-12-14,0,0,0,0,0,0,0,,
2022onwsiat2011,2022 ONWSIAT 2011 (CanLII),2022-12-14,0,0,0,0,0,0,0,,
2022onwsiat2012,2022 ONWSIAT 2012 (CanLII),2022-12-14,0,0,0,0,0,0,1,,
2022onwsiat2013,2022 ONWSIAT 2013 (CanLII),2022-12-14,0,0,0,0,0,0,0,,
2022onwsiat2014,2022 ONWSIAT 2014 (CanLII),2022-12-14,0,0,0,0,0,0,1,,
2022onwsiat2015,2022 ONWSIAT 2015 (CanLII),2022-12-14,0,0,0,0,0,0,0,,
2022onwsiat2016,2022 ONWSIAT 2016 (CanLII),2022-12-14,0,0,0,0,0,0,0,,
2022onwsiat2017,2022 ONWSIAT 2017 (CanLII),2022-12-15,0,0,0,0,0,0,0,,
2022onwsiat2018,2022 ONWSIAT 2018 (CanLII),2022-12-15,0,0,0,0,0,0,0,,
2022onwsiat2019,2022 ONWSIAT 2019 (CanLII),2022-12-15,0,0,0,0,0,0,0,,
2022onwsiat2020,2022 ONWSIAT 2020 (CanLII),2022-12-15,0,0,0,0,0,0,0,,
2022onwsiat2021,2022 ONWSIAT 2021 (CanLII),2022-12-15,0,0,0,0,0,0,0,,
2022onwsiat2022,2022 ONWSIAT 2022 (CanLII),2022-12-15,0,0,0,0,0,0,0,,
2022onwsiat2023,2022 ONWSIAT 2023 (CanLII),2022-12-15,0,0,0,0,0,0,1,,
2022onwsiat2024,2022 ONWSIAT 2024 (CanLII),2022-12-15,0,0,0,0,0,0,0,,
2022onwsiat2025,2022 ONWSIAT 2025 (CanLII),2022-12-16,0,0,0,0,0,0,0,,
2022onwsiat2026,2022 ONWSIAT 2026 (CanLII),2022-12-16,0,0,0,0,0,0,0,,
2022onwsiat2027,2022 ONWSIAT 2027 (CanLII),2022-12-16,0,0,0,0,0,0,0,,
2022onwsiat2028,2022 ONWSIAT 2028 (CanLII),2022-12-16,0,0,0,0,0,0,0,,
2022onwsiat2029,2022 ONWSIAT 2029 (CanLII),2022-12-16,0,0,0,0,0,0,0,,
2022onwsiat2030,2022 ONWSIAT 2030 (CanLII),2022-12-16,0,0,0,0,0,0,0,,
2022onwsiat2031,2022 ONWSIAT 2031 (CanLII),2022-12-16,0,0,0,0,0,0,0,,
2022onwsiat2032,2022 ONWSIAT 2032 (CanLII),2022-12-16,0,0,0,0,0,0,0,,
2022onwsiat2033,2022 ONWSIAT 2033 (CanLII),2022-12-16,0,0,0,0,0,0,0,,
2022onwsiat2034,2022 ONWSIAT 2034 (CanLII),2022-12-19,0,0,0,0,0,0,0,,
2022onwsiat2035,2022 ONWSIAT 2035 (CanLII),2022-12-19,0,0,0,0,0,0,0,,
2022onwsiat2036,2022 ONWSIAT 2036 (CanLII),2022-12-19,0,0,0,0,0,0,0,,
2022onwsiat2037,2022 ONWSIAT 2037 (CanLII),2022-12-19,0,0,0,0,0,0,0,,
2022onwsiat2038,2022 ONWSIAT 2038 (CanLII),2022-12-19,0,0,0,0,0,0,0,,
2022onwsiat2039,2022 ONWSIAT 2039 (CanLII),2022-12-19,0,0,0,0,0,0,0,,
2022onwsiat2040,2022 ONWSIAT 2040 (CanLII),2022-12-19,0,0,0,0,0,0,0,,
2022onwsiat2041,2022 ONWSIAT 2041 (CanLII),2022-12-19,0,0,0,0,0,0,0,,
2022onwsiat2042,2022 ONWSIAT 2042 (CanLII),2022-12-19,0,0,0,0,0,0,0,,
2022onwsiat2043,2022 ONWSIAT 2043 (CanLII),2022-12-20,0,0,0,0,0,0,0,,
2022onwsiat2044,2022 ONWSIAT 2044 (CanLII),2022-12-20,0,0,0,0,0,0,0,,
2022onwsiat2045,2022 ONWSIAT 2045 (CanLII),2022-12-20,0,0,0,0,0,0,0,,
2022onwsiat2046,2022 ONWSIAT 2046 (CanLII),2022-12-20,0,0,0,0,0,0,0,,
2022onwsiat2047,2022 ONWSIAT 2047 (CanLII),2022-12-20,0,0,0,0,0,0,0,,
2022onwsiat2048,2022 ONWSIAT 2048 (CanLII),2022-12-20,0,0,0,0,0,0,0,,
2022onwsiat2049,2022 ONWSIAT 2049 (CanLII),2022-12-20,0,0,0,0,0,0,0,,
2022onwsiat2050,2022 ONWSIAT 2050 (CanLII),2022-12-20,0,0,0,0,0,0,0,,
2022onwsiat2051,2022 ONWSIAT 2051 (CanLII),2022-12-20,0,0,0,0,0,0,0,,
2022onwsiat2052,2022 ONWSIAT 2052 (CanLII),2022-12-20,0,0,0,0,0,0,0,,
2022onwsiat2053,2022 ONWSIAT 2053 (CanLII),2022-12-20,0,0,0,0,0,0,0,,
2022onwsiat2054,2022 ONWSIAT 2054 (CanLII),2022-12-20,0,0,0,0,0,0,0,,
2022onwsiat2055,2022 ONWSIAT 2055 (CanLII),2022-12-20,0,0,0,0,0,0,0,,
2022onwsiat2056,2022 ONWSIAT 2056 (CanLII),2022-12-20,0,0,0,0,0,0,0,,
2022onwsiat2057,2022 ONWSIAT 2057 (CanLII),2022-12-21,0,0,0,0,0,0,0,,
2022onwsiat2058,2022 ONWSIAT 2058 (CanLII),2022-12-21,0,0,0,0,0,0,0,,
2022onwsiat2059,2022 ONWSIAT 2059 (CanLII),2022-12-21,0,0,0,0,0,0,0,,
2022onwsiat2060,2022 ONWSIAT 2060 (CanLII),2022-12-21,0,0,0,0,0,0,0,,
2022onwsiat2061,2022 ONWSIAT 2061 (CanLII),2022-12-21,0,0,0,0,0,0,0,,
2022onwsiat2062,2022 ONWSIAT 2062 (CanLII),2022-12-21,0,0,0,0,0,0,0,,
2022onwsiat2063,2022 ONWSIAT 2063 (CanLII),2022-12-21,0,0,0,0,0,0,0,,
2022onwsiat2064,2022 ONWSIAT 2064 (CanLII),2022-12-22,0,0,0,0,0,0,0,,
2022onwsiat2065,2022 ONWSIAT 2065 (CanLII),2022-12-22,0,0,0,0,0,0,0,,
2022onwsiat2066,2022 ONWSIAT 2066 (CanLII),2022-12-22,0,0,0,0,0,0,0,,
2022onwsiat2067,2022 ONWSIAT 2067 (CanLII),2022-12-22,0,0,0,0,0,0,0,,
2022onwsiat2068,2022 ONWSIAT 2068 (CanLII),2022-12-22,0,0,0,0,0,0,0,,
2022onwsiat2069,2022 ONWSIAT 2069 (CanLII),2022-12-22,0,0,0,0,0,0,0,,
2022onwsiat2070,2022 ONWSIAT 2070 (CanLII),2022-12-22,0,0,0,0,0,0,0,,
2022onwsiat2071,2022 ONWSIAT 2071 (CanLII),2022-12-22,0,0,0,0,0,0,0,,
2022onwsiat2072,2022 ONWSIAT 2072 (CanLII),2022-12-23,0,0,0,0,0,0,0,,
2022onwsiat2073,2022 ONWSIAT 2073 (CanLII),2022-12-23,0,0,0,0,0,0,0,,
2022onwsiat2074,2022 ONWSIAT 2074 (CanLII),2022-12-23,0,0,0,0,0,0,0,,
2022onwsiat2075,2022 ONWSIAT 2075 (CanLII),2022-12-23,0,0,0,0,0,0,0,,
2022onwsiat2076,2022 ONWSIAT 2076 (CanLII),2022-12-23,0,0,0,0,0,0,0,,
2022onwsiat2077,2022 ONWSIAT 2077 (CanLII),2022-12-23,0,0,0,0,0,0,0,,
2022onwsiat2078,2022 ONWSIAT 2078 (CanLII),2022-12-28,0,0,0,0,0,0,0,,
2022onwsiat2079,2022 ONWSIAT 2079 (CanLII),2022-12-28,0,0,0,0,0,0,0,,
2022onwsiat2080,2022 ONWSIAT 2080 (CanLII),2022-12-28,0,0,0,0,0,0,0,,
2022onwsiat2081,2022 ONWSIAT 2081 (CanLII),2022-12-28,0,0,0,0,0,0,0,,
2022onwsiat2082,2022 ONWSIAT 2082 (CanLII),2022-12-28,0,0,0,0,0,0,0,,
2022onwsiat2083,2022 ONWSIAT 2083 (CanLII),2022-12-28,0,0,0,0,0,0,0,,
2022onwsiat2084,2022 ONWSIAT 2084 (CanLII),2022-12-28,0,0,0,0,0,0,0,,
2022onwsiat2085,2022 ONWSIAT 2085 (CanLII),2022-12-28,0,0,0,0,0,0,1,,
2022onwsiat2086,2022 ONWSIAT 2086 (CanLII),2022-12-28,0,0,0,0,0,0,0,,
2022onwsiat2087,2022 ONWSIAT 2087 (CanLII),2022-12-28,0,0,0,0,0,0,0,,
2022onwsiat2088,2022 ONWSIAT 2088 (CanLII),2022-12-29,0,0,0,0,0,0,0,,
2022onwsiat2089,2022 ONWSIAT 2089 (CanLII),2022-12-30,0,0,0,0,0,0,0,,
2022onwsiat2090,2022 ONWSIAT 2090 (CanLII),2022-12-29,0,0,0,0,0,0,0,,
2022onwsiat2091,2022 ONWSIAT 2091 (CanLII),2022-12-29,0,0,0,0,0,0,0,,
2022onwsiat2092,2022 ONWSIAT 2092 (CanLII),2022-12-30,0,0,0,0,0,0,0,,
2022onwsiat2093,2022 ONWSIAT 2093 (CanLII),2022-12-30,0,0,0,0,0,0,0,,
2022onwsiat2094,2022 ONWSIAT 2094 (CanLII),2022-12-30,0,0,0,0,0,0,0,,
2022onwsiat2095,2022 ONWSIAT 2095 (CanLII),2022-12-30,0,0,0,0,0,0,0,,
2022onwsiat2096,2022 ONWSIAT 2096 (CanLII),2022-12-30,0,0,0,0,0,0,0,,
2023onwsiat1,2023 ONWSIAT 1 (CanLII),2023-01-03,0,0,0,0,0,0,0,,
2023onwsiat2,2023 ONWSIAT 2 (CanLII),2023-01-03,0,0,0,0,0,0,0,,
2023onwsiat3,2023 ONWSIAT 3 (CanLII),2023-01-03,0,0,0,0,0,0,0,,
2023onwsiat4,2023 ONWSIAT 4 (CanLII),2023-01-03,0,0,0,0,0,0,0,,
2023onwsiat5,2023 ONWSIAT 5 (CanLII),2023-01-03,0,0,0,0,0,0,0,,
2023onwsiat6,2023 ONWSIAT 6 (CanLII),2023-01-03,0,0,0,0,0,0,0,,
2023onwsiat7,2023 ONWSIAT 7 (CanLII),2023-01-03,0,0,0,0,0,0,0,,
2023onwsiat9,2023 ONWSIAT 9 (CanLII),2023-01-03,0,0,0,0,0,0,0,,
2023onwsiat10,2023 ONWSIAT 10 (CanLII),2023-01-03,0,0,0,0,0,0,0,,
2023onwsiat11,2023 ONWSIAT 11 (CanLII),2023-01-03,0,0,0,0,0,0,0,,
2023onwsiat12,2023 ONWSIAT 12 (CanLII),2023-01-03,0,0,0,0,0,0,0,,
2023onwsiat13,2023 ONWSIAT 13 (CanLII),2023-01-04,0,0,0,0,0,0,0,,
2023onwsiat14,2023 ONWSIAT 14 (CanLII),2023-01-04,0,0,0,0,0,0,0,,
2023onwsiat15,2023 ONWSIAT 15 (CanLII),2023-01-04,0,0,0,0,0,0,0,,
2023onwsiat16,2023 ONWSIAT 16 (CanLII),2023-01-04,0,0,0,0,0,0,0,,
2023onwsiat17,2023 ONWSIAT 17 (CanLII),2023-01-04,0,0,0,0,0,0,0,,
2023onwsiat18,2023 ONWSIAT 18 (CanLII),2023-01-05,0,0,0,0,0,0,0,,
2023onwsiat19,2023 ONWSIAT 19 (CanLII),2023-01-05,0,0,0,0,0,0,0,,
2023onwsiat20,2023 ONWSIAT 20 (CanLII),2023-01-05,0,0,0,0,0,0,0,,
2023onwsiat21,2023 ONWSIAT 21 (CanLII),2023-01-05,0,0,0,0,0,0,1,,
2023onwsiat22,2023 ONWSIAT 22 (CanLII),2023-01-05,0,0,0,0,0,0,0,,
2023onwsiat23,2023 ONWSIAT 23 (CanLII),2023-01-05,0,0,0,0,0,0,0,,
2023onwsiat24,2023 ONWSIAT 24 (CanLII),2023-01-05,0,0,0,0,0,0,0,,
2023onwsiat25,2023 ONWSIAT 25 (CanLII),2023-01-06,0,0,0,0,0,0,0,,
2023onwsiat26,2023 ONWSIAT 26 (CanLII),2023-01-06,0,0,0,0,0,0,0,,
2023onwsiat27,2023 ONWSIAT 27 (CanLII),2023-01-09,0,0,0,0,0,0,0,,
2023onwsiat28,2023 ONWSIAT 28 (CanLII),2023-01-09,0,0,0,0,0,0,0,,
2023onwsiat29,2023 ONWSIAT 29 (CanLII),2023-01-09,0,0,0,0,0,0,0,,
2023onwsiat30,2023 ONWSIAT 30 (CanLII),2023-01-10,0,0,0,0,0,0,0,,
2023onwsiat31,2023 ONWSIAT 31 (CanLII),2023-01-09,0,0,0,0,0,0,0,,
2023onwsiat32,2023 ONWSIAT 32 (CanLII),2023-01-10,0,0,0,0,0,0,0,,
2023onwsiat33,2023 ONWSIAT 33 (CanLII),2023-01-10,0,0,0,0,0,0,0,,
2023onwsiat34,2023 ONWSIAT 34 (CanLII),2023-01-10,0,0,0,0,0,0,1,,
2023onwsiat35,2023 ONWSIAT 35 (CanLII),2023-01-10,0,0,0,0,0,0,0,,
2023onwsiat36,2023 ONWSIAT 36 (CanLII),2023-01-10,0,0,0,0,0,0,0,,
2023onwsiat37,2023 ONWSIAT 37 (CanLII),2023-01-10,0,0,0,0,0,0,0,,
2023onwsiat38,2023 ONWSIAT 38 (CanLII),2023-01-10,0,0,0,0,0,0,0,,
2023onwsiat39,2023 ONWSIAT 39 (CanLII),2023-01-10,0,0,0,0,0,0,0,,
2023onwsiat40,2023 ONWSIAT 40 (CanLII),2023-01-11,0,0,0,0,0,0,0,,
2023onwsiat41,2023 ONWSIAT 41 (CanLII),2023-01-11,0,0,0,0,0,0,0,,
2023onwsiat42,2023 ONWSIAT 42 (CanLII),2023-01-11,0,0,0,0,0,0,0,,
2023onwsiat43,2023 ONWSIAT 43 (CanLII),2023-01-11,0,0,0,0,0,0,1,,
2023onwsiat44,2023 ONWSIAT 44 (CanLII),2023-01-11,0,0,0,0,0,0,0,,
2023onwsiat45,2023 ONWSIAT 45 (CanLII),2023-01-11,0,0,0,0,0,0,0,,
2023onwsiat46,2023 ONWSIAT 46 (CanLII),2023-01-11,0,0,0,0,0,0,0,,
2023onwsiat47,2023 ONWSIAT 47 (CanLII),2023-01-11,0,0,0,0,0,0,0,,
2023onwsiat48,2023 ONWSIAT 48 (CanLII),2023-01-11,0,0,0,0,0,0,0,,
2023onwsiat49,2023 ONWSIAT 49 (CanLII),2023-01-11,0,0,0,0,0,0,0,,
2023onwsiat50,2023 ONWSIAT 50 (CanLII),2023-01-11,0,0,0,0,0,0,0,,
2023onwsiat51,2023 ONWSIAT 51 (CanLII),2023-01-12,0,0,0,0,0,0,0,,
2023onwsiat52,2023 ONWSIAT 52 (CanLII),2023-01-12,0,0,0,0,0,0,0,,
2023onwsiat53,2023 ONWSIAT 53 (CanLII),2023-01-12,0,0,0,0,0,0,0,,
2023onwsiat54,2023 ONWSIAT 54 (CanLII),2023-01-12,0,0,0,0,0,0,0,,
2023onwsiat55,2023 ONWSIAT 55 (CanLII),2023-01-12,0,0,0,0,0,0,0,,
2023onwsiat57,2023 ONWSIAT 57 (CanLII),2023-01-12,0,0,0,0,0,0,0,,
2023onwsiat58,2023 ONWSIAT 58 (CanLII),2023-01-12,0,0,0,0,0,0,0,,
2023onwsiat59,2023 ONWSIAT 59 (CanLII),2023-01-12,0,0,0,0,0,0,0,,
2023onwsiat60,2023 ONWSIAT 60 (CanLII),2023-01-12,0,0,0,0,0,0,0,,
2023onwsiat61,2023 ONWSIAT 61 (CanLII),2023-01-13,0,0,0,0,0,0,0,,
2023onwsiat62,2023 ONWSIAT 62 (CanLII),2023-01-13,0,0,0,0,0,0,0,,
2023onwsiat63,2023 ONWSIAT 63 (CanLII),2023-01-13,0,0,0,0,0,0,0,,
2023onwsiat64,2023 ONWSIAT 64 (CanLII),2023-01-13,0,0,0,0,0,0,0,,
2023onwsiat65,2023 ONWSIAT 65 (CanLII),2023-01-13,0,0,0,0,0,0,0,,
2023onwsiat66,2023 ONWSIAT 66 (CanLII),2023-01-13,0,0,0,0,0,0,0,,
2023onwsiat67,2023 ONWSIAT 67 (CanLII),2023-01-13,0,0,0,0,0,0,1,,
2023onwsiat68,2023 ONWSIAT 68 (CanLII),2023-01-13,0,0,0,0,0,0,0,,
2023onwsiat69,2023 ONWSIAT 69 (CanLII),2023-01-13,0,0,0,0,0,0,0,,
2023onwsiat70,2023 ONWSIAT 70 (CanLII),2023-01-16,0,0,0,0,0,0,0,,
2023onwsiat71,2023 ONWSIAT 71 (CanLII),2023-01-16,0,0,0,0,0,0,1,,
2023onwsiat72,2023 ONWSIAT 72 (CanLII),2023-01-16,0,0,0,0,0,0,0,,
2023onwsiat73,2023 ONWSIAT 73 (CanLII),2023-01-16,0,0,0,0,0,0,0,,
2023onwsiat74,2023 ONWSIAT 74 (CanLII),2023-01-16,0,0,0,0,0,0,0,,
2023onwsiat75,2023 ONWSIAT 75 (CanLII),2023-01-17,0,0,0,0,0,0,0,,
2023onwsiat76,2023 ONWSIAT 76 (CanLII),2023-01-17,0,0,0,0,0,0,0,,
2023onwsiat77,2023 ONWSIAT 77 (CanLII),2023-01-17,0,0,0,0,0,0,0,,
2023onwsiat78,2023 ONWSIAT 78 (CanLII),2023-01-17,0,0,0,0,0,0,0,,
2023onwsiat79,2023 ONWSIAT 79 (CanLII),2023-01-17,0,0,0,0,0,0,0,,
2023onwsiat80,2023 ONWSIAT 80 (CanLII),2023-01-17,0,0,0,0,0,0,0,,
2023onwsiat81,2023 ONWSIAT 81 (CanLII),2023-01-17,0,0,0,0,0,0,0,,
2023onwsiat82,2023 ONWSIAT 82 (CanLII),2023-01-17,0,0,0,0,0,0,0,,
2023onwsiat83,2023 ONWSIAT 83 (CanLII),2023-01-17,0,0,0,0,0,0,0,,
2023onwsiat84,2023 ONWSIAT 84 (CanLII),2023-01-17,0,0,0,0,0,0,0,,
2023onwsiat85,2023 ONWSIAT 85 (CanLII),2023-01-18,0,0,0,0,0,0,1,,
2023onwsiat86,2023 ONWSIAT 86 (CanLII),2023-01-18,0,0,0,0,0,0,0,,
2023onwsiat87,2023 ONWSIAT 87 (CanLII),2023-01-18,0,0,0,0,0,0,0,,
2023onwsiat88,2023 ONWSIAT 88 (CanLII),2023-01-18,0,0,0,0,0,0,0,,
2023onwsiat89,2023 ONWSIAT 89 (CanLII),2023-01-18,0,0,0,0,0,0,0,,
2023onwsiat90,2023 ONWSIAT 90 (CanLII),2023-01-18,0,0,0,0,0,0,0,,
2023onwsiat91,2023 ONWSIAT 91 (CanLII),2023-01-18,0,0,0,0,0,0,0,,
2023onwsiat92,2023 ONWSIAT 92 (CanLII),2023-01-18,0,0,0,0,0,0,0,,
2023onwsiat93,2023 ONWSIAT 93 (CanLII),2023-01-18,0,0,0,0,0,0,0,,
2023onwsiat94,2023 ONWSIAT 94 (CanLII),2023-01-18,0,0,0,0,0,0,0,,
2023onwsiat95,2023 ONWSIAT 95 (CanLII),2023-01-18,0,0,0,0,0,0,0,,
2023onwsiat96,2023 ONWSIAT 96 (CanLII),2023-01-18,0,0,0,0,0,0,0,,
2023onwsiat97,2023 ONWSIAT 97 (CanLII),2023-01-19,0,0,0,0,0,0,0,,
2023onwsiat98,2023 ONWSIAT 98 (CanLII),2023-01-19,0,0,0,0,0,0,0,,
2023onwsiat99,2023 ONWSIAT 99 (CanLII),2023-01-19,0,0,0,0,0,0,1,,
2023onwsiat100,2023 ONWSIAT 100 (CanLII),2023-01-19,0,0,0,0,0,0,0,,
2023onwsiat101,2023 ONWSIAT 101 (CanLII),2023-01-19,0,0,0,0,0,0,0,,
2023onwsiat102,2023 ONWSIAT 102 (CanLII),2023-01-19,0,0,0,0,0,0,0,,
2023onwsiat103,2023 ONWSIAT 103 (CanLII),2023-01-19,0,0,0,0,0,0,0,,
2023onwsiat104,2023 ONWSIAT 104 (CanLII),2023-01-19,0,0,0,0,0,0,0,,
2023onwsiat105,2023 ONWSIAT 105 (CanLII),2023-01-19,0,0,0,0,0,0,0,,
2023onwsiat106,2023 ONWSIAT 106 (CanLII),2023-01-19,0,0,0,0,0,0,0,,
2023onwsiat107,2023 ONWSIAT 107 (CanLII),2023-01-19,0,0,0,0,0,0,0,,
2023onwsiat108,2023 ONWSIAT 108 (CanLII),2023-01-20,0,0,0,0,0,0,0,,
2023onwsiat109,2023 ONWSIAT 109 (CanLII),2023-01-20,0,0,0,0,0,0,0,,
2023onwsiat110,2023 ONWSIAT 110 (CanLII),2023-01-20,0,0,0,0,0,0,0,,
2023onwsiat111,2023 ONWSIAT 111 (CanLII),2023-01-20,0,0,0,0,0,0,1,,
2023onwsiat112,2023 ONWSIAT 112 (CanLII),2023-01-20,0,0,0,0,0,0,0,,
2023onwsiat113,2023 ONWSIAT 113 (CanLII),2023-01-20,0,0,0,0,0,0,0,,
2023onwsiat114,2023 ONWSIAT 114 (CanLII),2023-01-20,0,0,0,0,0,0,0,,
2023onwsiat115,2023 ONWSIAT 115 (CanLII),2023-01-23,0,0,0,0,0,0,0,,
2023onwsiat116,2023 ONWSIAT 116 (CanLII),2023-01-23,0,0,0,0,0,0,0,,
2023onwsiat117,2023 ONWSIAT 117 (CanLII),2023-01-23,0,0,0,0,0,0,0,,
2023onwsiat118,2023 ONWSIAT 118 (CanLII),2023-01-23,0,0,0,0,0,0,0,,
2023onwsiat119,2023 ONWSIAT 119 (CanLII),2023-01-23,0,0,0,0,0,0,0,,
2023onwsiat120,2023 ONWSIAT 120 (CanLII),2023-01-23,0,0,0,0,0,0,0,,
2023onwsiat121,2023 ONWSIAT 121 (CanLII),2023-01-23,0,0,0,0,0,0,0,,
2023onwsiat122,2023 ONWSIAT 122 (CanLII),2023-01-24,0,0,0,0,0,0,0,,
2023onwsiat123,2023 ONWSIAT 123 (CanLII),2023-01-24,0,0,0,0,0,0,0,,
2023onwsiat124,2023 ONWSIAT 124 (CanLII),2023-01-24,0,0,0,0,0,0,0,,
2023onwsiat125,2023 ONWSIAT 125 (CanLII),2023-01-24,0,0,0,0,0,0,0,,
2023onwsiat126,2023 ONWSIAT 126 (CanLII),2023-01-24,0,0,0,0,0,0,0,,
2023onwsiat127,2023 ONWSIAT 127 (CanLII),2023-01-25,0,0,0,0,0,0,0,,
2023onwsiat128,2023 ONWSIAT 128 (CanLII),2023-01-25,0,0,0,0,0,0,0,,
2023onwsiat129,2023 ONWSIAT 129 (CanLII),2023-01-25,0,0,0,0,0,0,0,,
2023onwsiat130,2023 ONWSIAT 130 (CanLII),2023-01-25,0,0,0,0,0,0,0,,
2023onwsiat131,2023 ONWSIAT 131 (CanLII),2023-01-25,0,0,0,0,0,0,0,,
2023onwsiat132,2023 ONWSIAT 132 (CanLII),2023-01-25,0,0,0,0,0,0,0,,
2023onwsiat133,2023 ONWSIAT 133 (CanLII),2023-01-25,0,0,0,0,0,0,0,,
2023onwsiat134,2023 ONWSIAT 134 (CanLII),2023-01-25,0,0,0,0,0,0,0,,
2023onwsiat135,2023 ONWSIAT 135 (CanLII),2023-01-26,0,0,0,0,0,0,0,,
2023onwsiat136,2023 ONWSIAT 136 (CanLII),2023-01-26,0,0,0,0,0,0,0,,
2023onwsiat137,2023 ONWSIAT 137 (CanLII),2023-01-26,0,0,0,0,0,0,0,,
2023onwsiat138,2023 ONWSIAT 138 (CanLII),2023-01-26,0,0,0,0,0,0,0,,
2023onwsiat139,2023 ONWSIAT 139 (CanLII),2023-01-26,0,0,0,0,0,0,0,,
2023onwsiat140,2023 ONWSIAT 140 (CanLII),2023-01-27,0,0,0,0,0,0,0,,
2023onwsiat141,2023 ONWSIAT 141 (CanLII),2023-01-27,0,0,0,0,0,0,0,,
2023onwsiat142,2023 ONWSIAT 142 (CanLII),2023-01-27,0,0,0,0,0,0,0,,
2023onwsiat143,2023 ONWSIAT 143 (CanLII),2023-01-27,0,0,0,0,0,0,0,,
2023onwsiat144,2023 ONWSIAT 144 (CanLII),2023-01-27,0,0,0,0,0,0,0,,
2023onwsiat145,2023 ONWSIAT 145 (CanLII),2023-01-27,0,0,0,0,0,0,0,,
2023onwsiat146,2023 ONWSIAT 146 (CanLII),2023-01-27,0,0,0,0,0,0,0,,
2023onwsiat147,2023 ONWSIAT 147 (CanLII),2023-01-30,0,0,0,0,0,0,0,,
2023onwsiat148,2023 ONWSIAT 148 (CanLII),2023-01-30,0,0,0,0,0,0,0,,
2023onwsiat149,2023 ONWSIAT 149 (CanLII),2023-01-30,0,0,0,0,0,0,0,,
2023onwsiat150,2023 ONWSIAT 150 (CanLII),2023-01-30,0,0,0,0,0,0,0,,
2023onwsiat151,2023 ONWSIAT 151 (CanLII),2023-01-30,0,0,0,0,0,0,0,,
2023onwsiat152,2023 ONWSIAT 152 (CanLII),2023-01-31,0,0,0,0,0,0,0,,
2023onwsiat153,2023 ONWSIAT 153 (CanLII),2023-01-31,0,0,0,0,0,0,0,,
2023onwsiat154,2023 ONWSIAT 154 (CanLII),2023-01-31,1,0,0,0,0,0,0,,
2023onwsiat155,2023 ONWSIAT 155 (CanLII),2023-01-31,0,0,0,0,0,0,0,,
2023onwsiat156,2023 ONWSIAT 156 (CanLII),2023-01-31,0,0,0,0,0,0,0,,
2023onwsiat157,2023 ONWSIAT 157 (CanLII),2023-02-01,0,0,0,0,0,0,0,,
2023onwsiat158,2023 ONWSIAT 158 (CanLII),2023-02-01,0,0,0,0,0,0,0,,
2023onwsiat159,2023 ONWSIAT 159 (CanLII),2023-02-01,0,0,0,0,0,0,0,,
2023onwsiat160,2023 ONWSIAT 160 (CanLII),2023-02-01,0,0,0,0,0,0,0,,
2023onwsiat161,2023 ONWSIAT 161 (CanLII),2023-02-01,0,0,0,0,0,0,0,,
2023onwsiat162,2023 ONWSIAT 162 (CanLII),2023-02-01,0,0,0,0,0,0,0,,
2023onwsiat163,2023 ONWSIAT 163 (CanLII),2023-02-01,0,0,0,0,0,0,0,,
2023onwsiat164,2023 ONWSIAT 164 (CanLII),2023-02-01,0,0,0,0,0,0,0,,
2023onwsiat165,2023 ONWSIAT 165 (CanLII),2023-02-01,0,0,0,0,0,0,0,,
2023onwsiat166,2023 ONWSIAT 166 (CanLII),2023-02-01,0,0,0,0,0,0,0,,
2023onwsiat167,2023 ONWSIAT 167 (CanLII),2023-02-02,0,0,0,0,0,0,0,,
2023onwsiat168,2023 ONWSIAT 168 (CanLII),2023-02-02,0,0,0,0,0,0,0,,
2023onwsiat169,2023 ONWSIAT 169 (CanLII),2023-02-02,0,0,0,0,0,0,0,,
2023onwsiat170,2023 ONWSIAT 170 (CanLII),2023-02-02,0,0,0,0,0,0,0,,
2023onwsiat171,2023 ONWSIAT 171 (CanLII),2023-02-02,0,0,0,0,0,0,0,,
2023onwsiat172,2023 ONWSIAT 172 (CanLII),2023-02-02,0,0,0,0,0,0,1,,
2023onwsiat173,2023 ONWSIAT 173 (CanLII),2023-02-02,0,0,0,0,0,0,0,,
2023onwsiat174,2023 ONWSIAT 174 (CanLII),2023-02-02,0,0,0,0,0,0,0,,
2023onwsiat175,2023 ONWSIAT 175 (CanLII),2023-02-02,0,0,0,0,0,0,0,,
2023onwsiat176,2023 ONWSIAT 176 (CanLII),2023-02-02,0,0,0,0,0,0,0,,
2023onwsiat177,2023 ONWSIAT 177 (CanLII),2023-02-03,0,0,0,0,0,0,0,,
2023onwsiat178,2023 ONWSIAT 178 (CanLII),2023-02-03,0,0,0,0,0,0,0,,
2023onwsiat179,2023 ONWSIAT 179 (CanLII),2023-02-03,0,0,0,0,0,0,0,,
2023onwsiat180,2023 ONWSIAT 180 (CanLII),2023-02-03,0,0,0,0,0,0,0,,
2023onwsiat181,2023 ONWSIAT 181 (CanLII),2023-02-03,0,0,0,0,0,0,0,,
2023onwsiat182,2023 ONWSIAT 182 (CanLII),2023-02-03,0,0,0,0,0,0,0,,
2023onwsiat183,2023 ONWSIAT 183 (CanLII),2023-02-03,0,0,0,0,0,0,0,,
2023onwsiat184,2023 ONWSIAT 184 (CanLII),2023-02-06,0,0,0,0,0,0,0,,
2023onwsiat185,2023 ONWSIAT 185 (CanLII),2023-02-06,0,0,0,0,0,0,0,,
2023onwsiat186,2023 ONWSIAT 186 (CanLII),2023-02-06,0,0,0,0,0,0,0,,
2023onwsiat187,2023 ONWSIAT 187 (CanLII),2023-02-06,0,0,0,0,0,0,0,,
2023onwsiat188,2023 ONWSIAT 188 (CanLII),2023-02-06,0,0,0,0,0,0,0,,
2023onwsiat189,2023 ONWSIAT 189 (CanLII),2023-02-06,0,0,0,0,0,0,0,,
2023onwsiat190,2023 ONWSIAT 190 (CanLII),2023-02-06,0,0,0,0,0,0,0,,
2023onwsiat191,2023 ONWSIAT 191 (CanLII),2023-02-06,0,0,0,0,0,0,0,,
2023onwsiat192,2023 ONWSIAT 192 (CanLII),2023-02-06,0,0,0,0,0,0,0,,
2023onwsiat193,2023 ONWSIAT 193 (CanLII),2023-02-06,0,0,0,0,0,0,0,,
2023onwsiat194,2023 ONWSIAT 194 (CanLII),2023-02-06,0,0,0,0,0,0,0,,
2023onwsiat195,2023 ONWSIAT 195 (CanLII),2023-02-07,0,0,0,0,0,0,0,,
2023onwsiat196,2023 ONWSIAT 196 (CanLII),2023-02-07,0,0,0,0,0,0,1,,
2023onwsiat197,2023 ONWSIAT 197 (CanLII),2023-02-07,0,0,0,0,0,0,0,,
2023onwsiat198,2023 ONWSIAT 198 (CanLII),2023-02-07,0,0,0,0,0,0,1,,
2023onwsiat199,2023 ONWSIAT 199 (CanLII),2023-02-07,0,0,0,0,0,0,0,,
2023onwsiat200,2023 ONWSIAT 200 (CanLII),2023-02-07,0,0,0,0,0,0,0,,
2023onwsiat201,2023 ONWSIAT 201 (CanLII),2023-02-07,0,0,0,0,0,0,0,,
2023onwsiat202,2023 ONWSIAT 202 (CanLII),2023-02-07,0,0,0,0,0,0,0,,
2023onwsiat203,2023 ONWSIAT 203 (CanLII),2023-02-07,0,0,0,0,0,0,0,,
2023onwsiat204,2023 ONWSIAT 204 (CanLII),2023-02-07,0,0,0,0,0,0,0,,
2023onwsiat205,2023 ONWSIAT 205 (CanLII),2023-02-08,0,0,0,0,0,0,1,,
2023onwsiat206,2023 ONWSIAT 206 (CanLII),2023-02-08,0,0,0,0,0,0,0,,
2023onwsiat207,2023 ONWSIAT 207 (CanLII),2023-02-08,0,0,0,0,0,0,0,,
2023onwsiat208,2023 ONWSIAT 208 (CanLII),2023-02-09,0,0,0,0,0,0,0,,
2023onwsiat209,2023 ONWSIAT 209 (CanLII),2023-02-09,0,0,0,0,0,0,1,,
2023onwsiat210,2023 ONWSIAT 210 (CanLII),2023-02-09,0,0,0,0,0,0,0,,
2023onwsiat211,2023 ONWSIAT 211 (CanLII),2023-02-09,0,0,0,0,0,0,0,,
2023onwsiat212,2023 ONWSIAT 212 (CanLII),2023-02-09,0,0,0,0,0,0,0,,
2023onwsiat213,2023 ONWSIAT 213 (CanLII),2023-02-10,0,0,0,0,0,0,0,,
2023onwsiat214,2023 ONWSIAT 214 (CanLII),2023-02-10,0,0,0,0,0,0,0,,
2023onwsiat215,2023 ONWSIAT 215 (CanLII),2023-02-10,0,0,0,0,0,0,0,,
2023onwsiat216,2023 ONWSIAT 216 (CanLII),2023-02-10,0,0,0,0,0,0,0,,
2023onwsiat217,2023 ONWSIAT 217 (CanLII),2023-02-10,0,0,0,0,0,0,0,,
2023onwsiat218,2023 ONWSIAT 218 (CanLII),2023-02-10,0,0,0,0,0,0,0,,
2023onwsiat219,2023 ONWSIAT 219 (CanLII),2023-02-10,0,0,0,0,0,0,0,,
2023onwsiat220,2023 ONWSIAT 220 (CanLII),2023-02-10,0,0,0,0,0,0,0,,
2023onwsiat221,2023 ONWSIAT 221 (CanLII),2023-02-10,0,0,0,0,0,0,0,,
2023onwsiat222,2023 ONWSIAT 222 (CanLII),2023-02-10,0,0,0,0,0,0,0,,
2023onwsiat223,2023 ONWSIAT 223 (CanLII),2023-02-10,0,0,0,0,0,0,0,,
2023onwsiat224,2023 ONWSIAT 224 (CanLII),2023-02-10,0,0,0,0,0,0,0,,
2023onwsiat225,2023 ONWSIAT 225 (CanLII),2023-02-13,0,0,0,0,0,0,0,,
2023onwsiat226,2023 ONWSIAT 226 (CanLII),2023-02-13,0,0,0,0,0,0,0,,
2023onwsiat227,2023 ONWSIAT 227 (CanLII),2023-02-13,0,0,0,0,0,0,0,,
2023onwsiat228,2023 ONWSIAT 228 (CanLII),2023-02-13,0,0,0,0,0,0,0,,
2023onwsiat229,2023 ONWSIAT 229 (CanLII),2023-02-13,0,0,0,0,0,0,0,,
2023onwsiat230,2023 ONWSIAT 230 (CanLII),2023-02-13,0,0,0,0,0,0,0,,
2023onwsiat231,2023 ONWSIAT 231 (CanLII),2023-02-13,0,0,0,0,0,0,0,,
2023onwsiat232,2023 ONWSIAT 232 (CanLII),2023-02-13,0,0,0,0,0,0,0,,
2023onwsiat233,2023 ONWSIAT 233 (CanLII),2023-02-14,0,0,0,0,0,0,0,,
2023onwsiat234,2023 ONWSIAT 234 (CanLII),2023-02-14,0,0,0,0,0,0,0,,
2023onwsiat235,2023 ONWSIAT 235 (CanLII),2023-02-14,0,0,0,0,0,0,0,,
2023onwsiat236,2023 ONWSIAT 236 (CanLII),2023-02-14,0,0,0,0,0,0,0,,
2023onwsiat237,2023 ONWSIAT 237 (CanLII),2023-02-14,0,0,0,0,0,0,0,,
2023onwsiat238,2023 ONWSIAT 238 (CanLII),2023-02-14,0,0,0,0,0,0,0,,
2023onwsiat239,2023 ONWSIAT 239 (CanLII),2023-02-14,0,0,0,0,0,0,0,,
2023onwsiat240,2023 ONWSIAT 240 (CanLII),2023-02-14,0,0,0,0,0,0,0,,
2023onwsiat241,2023 ONWSIAT 241 (CanLII),2023-02-14,0,0,0,0,0,0,0,,
2023onwsiat242,2023 ONWSIAT 242 (CanLII),2023-02-14,0,0,0,0,0,0,0,,
2023onwsiat243,2023 ONWSIAT 243 (CanLII),2023-02-14,0,0,0,0,0,0,0,,
2023onwsiat244,2023 ONWSIAT 244 (CanLII),2023-02-14,0,0,0,0,0,0,0,,
2023onwsiat245,2023 ONWSIAT 245 (CanLII),2023-02-14,0,0,0,0,0,0,0,,
2023onwsiat246,2023 ONWSIAT 246 (CanLII),2023-02-14,0,0,0,0,0,0,0,,
2023onwsiat247,2023 ONWSIAT 247 (CanLII),2023-02-14,0,0,0,0,0,0,0,,
2023onwsiat248,2023 ONWSIAT 248 (CanLII),2023-02-15,0,0,0,0,0,0,0,,
2023onwsiat249,2023 ONWSIAT 249 (CanLII),2023-02-15,0,0,0,0,0,0,0,,
2023onwsiat250,2023 ONWSIAT 250 (CanLII),2023-02-15,0,0,0,0,0,0,0,,
2023onwsiat251,2023 ONWSIAT 251 (CanLII),2023-02-15,0,0,0,0,0,0,0,,
2023onwsiat252,2023 ONWSIAT 252 (CanLII),2023-02-15,0,0,0,0,0,0,0,,
2023onwsiat253,2023 ONWSIAT 253 (CanLII),2023-02-15,0,0,0,0,0,0,0,,
2023onwsiat254,2023 ONWSIAT 254 (CanLII),2023-02-16,0,0,0,0,0,0,0,,
2023onwsiat255,2023 ONWSIAT 255 (CanLII),2023-02-16,0,0,0,0,0,0,0,,
2023onwsiat256,2023 ONWSIAT 256 (CanLII),2023-02-16,0,0,0,0,0,0,0,,
2023onwsiat257,2023 ONWSIAT 257 (CanLII),2023-02-16,0,0,0,0,0,0,0,,
2023onwsiat258,2023 ONWSIAT 258 (CanLII),2023-02-16,0,0,0,0,0,0,0,,
2023onwsiat259,2023 ONWSIAT 259 (CanLII),2023-02-16,0,0,0,0,0,0,0,,
2023onwsiat260,2023 ONWSIAT 260 (CanLII),2023-02-16,0,0,0,0,0,0,0,,
2023onwsiat261,2023 ONWSIAT 261 (CanLII),2023-02-17,0,0,0,0,0,0,0,,
2023onwsiat262,2023 ONWSIAT 262 (CanLII),2023-02-17,0,0,0,0,0,0,0,,
2023onwsiat263,2023 ONWSIAT 263 (CanLII),2023-02-17,0,0,0,0,0,0,0,,
2023onwsiat264,2023 ONWSIAT 264 (CanLII),2023-02-17,0,0,0,0,0,0,0,,
2023onwsiat265,2023 ONWSIAT 265 (CanLII),2023-02-17,0,0,0,0,0,0,0,,
2023onwsiat266,2023 ONWSIAT 266 (CanLII),2023-02-17,1,0,0,0,0,0,0,,
2023onwsiat267,2023 ONWSIAT 267 (CanLII),2023-02-17,0,0,0,0,0,0,0,,
2023onwsiat268,2023 ONWSIAT 268 (CanLII),2023-02-17,0,0,0,0,0,0,0,,
2023onwsiat269,2023 ONWSIAT 269 (CanLII),2023-02-17,0,0,0,0,0,0,0,,
2023onwsiat270,2023 ONWSIAT 270 (CanLII),2023-02-17,0,0,0,0,0,0,0,,
2023onwsiat271,2023 ONWSIAT 271 (CanLII),2023-02-17,0,0,0,0,0,0,0,,
2023onwsiat272,2023 ONWSIAT 272 (CanLII),2023-02-17,0,0,0,0,0,0,0,,
2023onwsiat273,2023 ONWSIAT 273 (CanLII),2023-02-17,0,0,0,0,0,0,0,,
2023onwsiat274,2023 ONWSIAT 274 (CanLII),2023-02-17,0,0,0,0,0,0,0,,
2023onwsiat275,2023 ONWSIAT 275 (CanLII),2023-02-21,0,0,0,0,0,0,0,,
2023onwsiat276,2023 ONWSIAT 276 (CanLII),2023-02-21,0,0,0,0,0,0,0,,
2023onwsiat277,2023 ONWSIAT 277 (CanLII),2023-02-21,0,0,0,0,0,0,0,,
2023onwsiat278,2023 ONWSIAT 278 (CanLII),2023-02-21,0,0,0,0,0,0,0,,
2023onwsiat279,2023 ONWSIAT 279 (CanLII),2023-02-21,0,0,0,0,0,0,0,,
2023onwsiat280,2023 ONWSIAT 280 (CanLII),2023-02-21,0,0,0,0,0,0,0,,
2023onwsiat281,2023 ONWSIAT 281 (CanLII),2023-02-22,0,0,0,0,0,0,0,,
2023onwsiat282,2023 ONWSIAT 282 (CanLII),2023-02-22,0,0,0,0,0,0,0,,
2023onwsiat283,2023 ONWSIAT 283 (CanLII),2023-02-22,0,0,0,0,0,0,0,,
2023onwsiat284,2023 ONWSIAT 284 (CanLII),2023-02-22,0,0,0,0,0,0,0,,
2023onwsiat285,2023 ONWSIAT 285 (CanLII),2023-02-22,0,0,0,0,0,0,0,,
2023onwsiat286,2023 ONWSIAT 286 (CanLII),2023-02-23,0,0,0,0,0,0,0,,
2023onwsiat287,2023 ONWSIAT 287 (CanLII),2023-02-23,0,0,0,0,0,0,0,,
2023onwsiat288,2023 ONWSIAT 288 (CanLII),2023-02-23,0,0,0,0,0,0,0,,
2023onwsiat289,2023 ONWSIAT 289 (CanLII),2023-02-23,0,0,0,0,0,0,0,,
2023onwsiat290,2023 ONWSIAT 290 (CanLII),2023-02-23,0,0,0,0,0,0,0,,
2023onwsiat291,2023 ONWSIAT 291 (CanLII),2023-02-23,0,0,0,0,0,0,0,,
2023onwsiat292,2023 ONWSIAT 292 (CanLII),2023-02-23,0,0,0,0,0,0,0,,
2023onwsiat293,2023 ONWSIAT 293 (CanLII),2023-02-23,0,0,0,0,0,0,0,,
2023onwsiat294,2023 ONWSIAT 294 (CanLII),2023-02-23,0,0,0,0,0,0,0,,
2023onwsiat295,2023 ONWSIAT 295 (CanLII),2023-02-24,0,0,0,0,0,0,0,,
2023onwsiat296,2023 ONWSIAT 296 (CanLII),2023-02-24,0,0,0,0,0,0,0,,
2023onwsiat297,2023 ONWSIAT 297 (CanLII),2023-02-24,0,0,0,0,0,0,0,,
2023onwsiat298,2023 ONWSIAT 298 (CanLII),2023-02-24,0,0,0,0,0,0,0,,
2023onwsiat299,2023 ONWSIAT 299 (CanLII),2023-02-24,0,0,0,0,0,0,0,,
2023onwsiat300,2023 ONWSIAT 300 (CanLII),2023-02-24,0,0,0,0,0,0,0,,
2023onwsiat301,2023 ONWSIAT 301 (CanLII),2023-02-24,0,0,0,0,0,0,0,,
2023onwsiat302,2023 ONWSIAT 302 (CanLII),2023-02-24,0,0,0,0,0,0,0,,
2023onwsiat303,2023 ONWSIAT 303 (CanLII),2023-02-24,0,0,0,0,0,0,0,,
2023onwsiat304,2023 ONWSIAT 304 (CanLII),2023-02-24,0,0,0,0,0,0,0,,
2023onwsiat305,2023 ONWSIAT 305 (CanLII),2023-02-24,0,0,0,0,0,0,0,,
2023onwsiat306,2023 ONWSIAT 306 (CanLII),2023-02-24,0,0,0,0,0,0,0,,
2023onwsiat307,2023 ONWSIAT 307 (CanLII),2023-02-27,0,0,0,0,0,0,0,,
2023onwsiat308,2023 ONWSIAT 308 (CanLII),2023-02-27,0,0,0,0,0,0,0,,
2023onwsiat309,2023 ONWSIAT 309 (CanLII),2023-02-27,0,0,0,0,0,0,0,,
2023onwsiat310,2023 ONWSIAT 310 (CanLII),2023-02-27,0,0,0,0,0,0,0,,
2023onwsiat311,2023 ONWSIAT 311 (CanLII),2023-02-27,0,0,0,0,0,0,0,,
2023onwsiat312,2023 ONWSIAT 312 (CanLII),2023-02-27,0,0,0,0,0,0,0,,
2023onwsiat313,2023 ONWSIAT 313 (CanLII),2023-02-28,0,0,0,0,0,0,0,,
2023onwsiat314,2023 ONWSIAT 314 (CanLII),2023-02-28,0,0,0,0,0,0,0,,
2023onwsiat315,2023 ONWSIAT 315 (CanLII),2023-02-28,0,0,0,0,0,0,0,,
2023onwsiat316,2023 ONWSIAT 316 (CanLII),2023-02-28,0,0,0,0,0,0,0,,
2023onwsiat317,2023 ONWSIAT 317 (CanLII),2023-02-28,0,0,0,0,0,0,0,,
2023onwsiat318,2023 ONWSIAT 318 (CanLII),2023-02-28,0,0,0,0,0,0,0,,
2023onwsiat319,2023 ONWSIAT 319 (CanLII),2023-02-28,0,0,0,0,0,0,0,,
2023onwsiat320,2023 ONWSIAT 320 (CanLII),2023-02-28,0,0,0,0,0,0,0,,
2023onwsiat321,2023 ONWSIAT 321 (CanLII),2023-02-28,0,0,0,0,0,0,0,,
2023onwsiat322,2023 ONWSIAT 322 (CanLII),2023-03-01,0,0,0,0,0,0,0,,
2023onwsiat323,2023 ONWSIAT 323 (CanLII),2023-03-01,0,0,0,0,0,0,0,,
2023onwsiat324,2023 ONWSIAT 324 (CanLII),2023-03-01,0,0,0,0,0,0,0,,
2023onwsiat325,2023 ONWSIAT 325 (CanLII),2023-03-02,0,0,0,0,0,0,0,,
2023onwsiat326,2023 ONWSIAT 326 (CanLII),2023-03-02,0,0,0,0,0,0,0,,
2023onwsiat327,2023 ONWSIAT 327 (CanLII),2023-03-02,0,0,0,0,0,0,0,,
2023onwsiat328,2023 ONWSIAT 328 (CanLII),2023-03-02,0,0,0,0,0,0,0,,
2023onwsiat329,2023 ONWSIAT 329 (CanLII),2023-03-02,0,0,0,0,0,0,0,,
2023onwsiat330,2023 ONWSIAT 330 (CanLII),2023-03-02,0,0,0,0,0,0,0,,
2023onwsiat331,2023 ONWSIAT 331 (CanLII),2023-03-02,0,0,0,0,0,0,1,,
2023onwsiat332,2023 ONWSIAT 332 (CanLII),2023-04-03,0,0,0,0,0,0,0,,
2023onwsiat333,2023 ONWSIAT 333 (CanLII),2023-04-03,0,0,0,0,0,0,0,,
2023onwsiat334,2023 ONWSIAT 334 (CanLII),2023-03-02,0,0,0,0,0,0,0,,
2023onwsiat335,2023 ONWSIAT 335 (CanLII),2023-03-02,0,0,0,0,0,0,0,,
2023onwsiat336,2023 ONWSIAT 336 (CanLII),2023-03-02,0,0,0,0,0,0,0,,
2023onwsiat337,2023 ONWSIAT 337 (CanLII),2023-03-03,0,0,0,0,0,0,0,,
2023onwsiat338,2023 ONWSIAT 338 (CanLII),2023-03-03,0,0,0,0,0,0,0,,
2023onwsiat339,2023 ONWSIAT 339 (CanLII),2023-03-03,0,0,0,0,0,0,0,,
2023onwsiat340,2023 ONWSIAT 340 (CanLII),2023-03-03,0,0,0,0,0,0,0,,
2023onwsiat341,2023 ONWSIAT 341 (CanLII),2023-03-03,0,0,0,0,0,0,0,,
2023onwsiat342,2023 ONWSIAT 342 (CanLII),2023-03-03,0,0,0,0,0,0,0,,
2023onwsiat343,2023 ONWSIAT 343 (CanLII),2023-03-03,0,0,0,0,0,0,1,,
2023onwsiat344,2023 ONWSIAT 344 (CanLII),2023-03-03,0,0,0,0,0,0,0,,
2023onwsiat345,2023 ONWSIAT 345 (CanLII),2023-03-06,0,0,0,0,0,0,0,,
2023onwsiat346,2023 ONWSIAT 346 (CanLII),2023-03-06,0,0,0,0,0,0,0,,
2023onwsiat347,2023 ONWSIAT 347 (CanLII),2023-03-06,0,0,0,0,0,0,0,,
2023onwsiat348,2023 ONWSIAT 348 (CanLII),2023-03-06,0,0,0,0,0,0,0,,
2023onwsiat349,2023 ONWSIAT 349 (CanLII),2023-03-07,0,0,0,0,0,0,0,,
2023onwsiat350,2023 ONWSIAT 350 (CanLII),2023-03-07,0,0,0,0,0,0,0,,
2023onwsiat351,2023 ONWSIAT 351 (CanLII),2023-03-07,0,0,0,0,0,0,0,,
2023onwsiat352,2023 ONWSIAT 352 (CanLII),2023-03-07,0,0,0,0,0,0,0,,
2023onwsiat353,2023 ONWSIAT 353 (CanLII),2023-03-07,0,0,0,0,0,0,0,,
2023onwsiat354,2023 ONWSIAT 354 (CanLII),2023-03-07,0,0,0,0,0,0,0,,
2023onwsiat355,2023 ONWSIAT 355 (CanLII),2023-03-07,0,0,0,0,0,0,0,,
2023onwsiat356,2023 ONWSIAT 356 (CanLII),2023-03-07,0,0,0,0,0,0,0,,
2023onwsiat357,2023 ONWSIAT 357 (CanLII),2023-03-07,0,0,0,0,0,0,0,,
2023onwsiat358,2023 ONWSIAT 358 (CanLII),2023-03-08,0,0,0,0,0,0,0,,
2023onwsiat359,2023 ONWSIAT 359 (CanLII),2023-03-08,0,0,0,0,0,0,0,,
2023onwsiat360,2023 ONWSIAT 360 (CanLII),2023-03-08,0,0,0,0,0,0,0,,
2023onwsiat361,2023 ONWSIAT 361 (CanLII),2023-03-08,0,0,0,0,0,0,0,,
2023onwsiat362,2023 ONWSIAT 362 (CanLII),2023-03-08,0,0,0,0,0,0,0,,
2023onwsiat363,2023 ONWSIAT 363 (CanLII),2023-03-08,0,0,0,0,0,0,0,,
2023onwsiat364,2023 ONWSIAT 364 (CanLII),2023-03-08,0,0,0,0,0,0,0,,
2023onwsiat365,2023 ONWSIAT 365 (CanLII),2023-03-08,0,0,0,0,0,0,0,,
2023onwsiat366,2023 ONWSIAT 366 (CanLII),2023-03-08,0,0,0,0,0,0,0,,
2023onwsiat367,2023 ONWSIAT 367 (CanLII),2023-03-08,0,0,0,0,0,0,0,,
2023onwsiat368,2023 ONWSIAT 368 (CanLII),2023-03-09,0,0,0,0,0,0,0,,
2023onwsiat369,2023 ONWSIAT 369 (CanLII),2023-03-09,0,0,0,0,0,0,0,,
2023onwsiat370,2023 ONWSIAT 370 (CanLII),2023-03-09,0,0,0,0,0,0,0,,
2023onwsiat373,2023 ONWSIAT 373 (CanLII),2023-03-09,0,0,0,0,0,0,0,,
2023onwsiat374,2023 ONWSIAT 374 (CanLII),2023-03-09,0,0,0,0,0,0,0,,
2023onwsiat375,2023 ONWSIAT 375 (CanLII),2023-03-09,0,0,0,0,0,0,0,,
2023onwsiat376,2023 ONWSIAT 376 (CanLII),2023-03-09,0,0,0,0,0,0,0,,
2023onwsiat377,2023 ONWSIAT 377 (CanLII),2023-03-10,0,0,0,0,0,0,0,,
2023onwsiat378,2023 ONWSIAT 378 (CanLII),2023-03-10,0,0,0,0,0,0,0,,
2023onwsiat379,2023 ONWSIAT 379 (CanLII),2023-03-10,0,0,0,0,0,0,0,,
2023onwsiat380,2023 ONWSIAT 380 (CanLII),2023-03-10,0,0,0,0,0,0,0,,
2023onwsiat381,2023 ONWSIAT 381 (CanLII),2023-03-10,0,0,0,0,0,0,0,,
2023onwsiat382,2023 ONWSIAT 382 (CanLII),2023-03-10,0,0,0,0,0,0,0,,
2023onwsiat383,2023 ONWSIAT 383 (CanLII),2023-03-10,0,0,0,0,0,0,0,,
2023onwsiat384,2023 ONWSIAT 384 (CanLII),2023-03-10,0,0,0,0,0,0,0,,
2023onwsiat385,2023 ONWSIAT 385 (CanLII),2023-03-10,0,0,0,0,0,0,0,,
2023onwsiat386,2023 ONWSIAT 386 (CanLII),2023-03-10,0,0,0,0,0,0,0,,
2023onwsiat387,2023 ONWSIAT 387 (CanLII),2023-03-10,0,0,0,0,0,0,0,,
2023onwsiat388,2023 ONWSIAT 388 (CanLII),2023-03-10,0,0,0,0,0,0,0,,
2023onwsiat389,2023 ONWSIAT 389 (CanLII),2023-03-10,0,0,0,0,0,0,0,,
2023onwsiat390,2023 ONWSIAT 390 (CanLII),2023-03-10,0,0,0,0,0,0,0,,
2023onwsiat391,2023 ONWSIAT 391 (CanLII),2023-03-10,0,0,0,0,0,0,0,,
2023onwsiat392,2023 ONWSIAT 392 (CanLII),2023-03-10,0,0,0,0,0,0,0,,
2023onwsiat393,2023 ONWSIAT 393 (CanLII),2023-03-10,0,0,0,0,0,0,0,,
2023onwsiat394,2023 ONWSIAT 394 (CanLII),2023-03-13,0,0,0,0,0,0,0,,
2023onwsiat395,2023 ONWSIAT 395 (CanLII),2023-03-13,0,0,0,0,0,0,0,,
2023onwsiat396,2023 ONWSIAT 396 (CanLII),2023-03-13,0,0,0,0,0,0,0,,
2023onwsiat397,2023 ONWSIAT 397 (CanLII),2023-03-13,0,0,0,0,0,0,0,,
2023onwsiat398,2023 ONWSIAT 398 (CanLII),2023-03-13,0,0,0,0,0,0,0,,
2023onwsiat399,2023 ONWSIAT 399 (CanLII),2023-03-13,0,0,0,0,0,0,0,,
2023onwsiat400,2023 ONWSIAT 400 (CanLII),2023-03-14,0,0,0,0,0,0,0,,
2023onwsiat401,2023 ONWSIAT 401 (CanLII),2023-03-14,0,0,0,0,0,0,0,,
2023onwsiat402,2023 ONWSIAT 402 (CanLII),2023-03-14,0,0,0,0,0,0,0,,
2023onwsiat403,2023 ONWSIAT 403 (CanLII),2023-03-14,0,0,0,0,0,0,0,,
2023onwsiat404,2023 ONWSIAT 404 (CanLII),2023-03-14,0,0,0,0,0,0,0,,
2023onwsiat405,2023 ONWSIAT 405 (CanLII),2023-03-14,0,0,0,0,0,0,0,,
2023onwsiat406,2023 ONWSIAT 406 (CanLII),2023-03-15,0,0,0,0,0,0,0,,
2023onwsiat407,2023 ONWSIAT 407 (CanLII),2023-03-15,0,0,0,0,0,0,0,,
2023onwsiat408,2023 ONWSIAT 408 (CanLII),2023-03-15,0,0,0,0,0,0,0,,
2023onwsiat409,2023 ONWSIAT 409 (CanLII),2023-03-15,0,0,0,0,0,0,0,,
2023onwsiat410,2023 ONWSIAT 410 (CanLII),2023-03-15,0,0,0,0,0,0,0,,
2023onwsiat411,2023 ONWSIAT 411 (CanLII),2023-03-15,0,0,0,0,0,0,0,,
2023onwsiat412,2023 ONWSIAT 412 (CanLII),2023-03-15,0,0,0,0,0,0,0,,
2023onwsiat413,2023 ONWSIAT 413 (CanLII),2023-03-15,0,0,0,0,0,0,0,,
2023onwsiat414,2023 ONWSIAT 414 (CanLII),2023-03-15,0,0,0,0,0,0,0,,
2023onwsiat415,2023 ONWSIAT 415 (CanLII),2023-03-15,0,0,0,0,0,0,0,,
2023onwsiat416,2023 ONWSIAT 416 (CanLII),2023-03-15,0,0,0,0,0,0,0,,
2023onwsiat417,2023 ONWSIAT 417 (CanLII),2023-03-16,0,0,0,0,0,0,0,,
2023onwsiat418,2023 ONWSIAT 418 (CanLII),2023-03-16,0,0,0,0,0,0,0,,
2023onwsiat419,2023 ONWSIAT 419 (CanLII),2023-03-16,0,0,0,0,0,0,0,,
2023onwsiat420,2023 ONWSIAT 420 (CanLII),2023-03-16,0,0,0,0,0,0,0,,
2023onwsiat421,2023 ONWSIAT 421 (CanLII),2023-03-16,0,0,0,0,0,0,0,,
2023onwsiat422,2023 ONWSIAT 422 (CanLII),2023-03-16,0,0,0,0,0,0,0,,
2023onwsiat423,2023 ONWSIAT 423 (CanLII),2023-03-16,0,0,0,0,0,0,0,,
2023onwsiat424,2023 ONWSIAT 424 (CanLII),2023-03-16,0,0,0,0,0,0,0,,
2023onwsiat425,2023 ONWSIAT 425 (CanLII),2023-03-16,0,0,0,0,0,0,1,,
2023onwsiat426,2023 ONWSIAT 426 (CanLII),2023-03-16,0,0,0,0,0,0,0,,
2023onwsiat427,2023 ONWSIAT 427 (CanLII),2023-03-17,0,0,0,0,0,0,1,,
2023onwsiat428,2023 ONWSIAT 428 (CanLII),2023-03-17,0,0,0,0,0,0,0,,
2023onwsiat429,2023 ONWSIAT 429 (CanLII),2023-03-17,0,0,0,0,0,0,0,,
2023onwsiat430,2023 ONWSIAT 430 (CanLII),2023-03-17,0,0,0,0,0,0,1,,
2023onwsiat431,2023 ONWSIAT 431 (CanLII),2023-03-17,0,0,0,0,0,0,0,,
2023onwsiat432,2023 ONWSIAT 432 (CanLII),2023-03-17,0,0,0,0,0,0,0,,
2023onwsiat433,2023 ONWSIAT 433 (CanLII),2023-03-17,0,0,0,0,0,0,0,,
2023onwsiat434,2023 ONWSIAT 434 (CanLII),2023-03-17,0,0,0,0,0,0,0,,
2023onwsiat435,2023 ONWSIAT 435 (CanLII),2023-03-20,0,0,0,0,0,0,0,,
2023onwsiat436,2023 ONWSIAT 436 (CanLII),2023-03-20,0,0,0,0,0,0,0,,
2023onwsiat437,2023 ONWSIAT 437 (CanLII),2023-03-20,0,0,0,0,0,0,0,,
2023onwsiat438,2023 ONWSIAT 438 (CanLII),2023-03-20,0,0,0,0,0,0,0,,
2023onwsiat439,2023 ONWSIAT 439 (CanLII),2023-03-20,0,0,0,0,0,0,0,,
2023onwsiat440,2023 ONWSIAT 440 (CanLII),2023-03-20,0,0,0,0,0,0,0,,
2023onwsiat441,2023 ONWSIAT 441 (CanLII),2023-03-20,0,0,0,0,0,0,0,,
2023onwsiat442,2023 ONWSIAT 442 (CanLII),2023-03-20,0,0,0,0,0,0,0,,
2023onwsiat443,2023 ONWSIAT 443 (CanLII),2023-03-20,0,0,0,0,0,0,0,,
2023onwsiat444,2023 ONWSIAT 444 (CanLII),2023-03-20,0,0,0,0,0,0,1,,
2023onwsiat445,2023 ONWSIAT 445 (CanLII),2023-03-20,0,0,0,0,0,0,0,,
2023onwsiat446,2023 ONWSIAT 446 (CanLII),2023-03-20,0,0,0,0,0,0,1,,
2023onwsiat447,2023 ONWSIAT 447 (CanLII),2023-03-20,0,0,0,0,0,0,0,,
2023onwsiat448,2023 ONWSIAT 448 (CanLII),2023-03-20,0,0,0,0,0,0,0,,
2023onwsiat449,2023 ONWSIAT 449 (CanLII),2023-03-21,0,0,0,0,0,0,0,,
2023onwsiat450,2023 ONWSIAT 450 (CanLII),2023-03-21,0,0,0,0,0,0,0,,
2023onwsiat451,2023 ONWSIAT 451 (CanLII),2023-03-21,0,0,0,0,0,0,0,,
2023onwsiat452,2023 ONWSIAT 452 (CanLII),2023-03-21,0,0,0,0,0,0,0,,
2023onwsiat453,2023 ONWSIAT 453 (CanLII),2023-03-22,0,0,0,0,0,0,0,,
2023onwsiat454,2023 ONWSIAT 454 (CanLII),2023-03-22,0,0,0,0,0,0,0,,
2023onwsiat455,2023 ONWSIAT 455 (CanLII),2023-03-22,0,0,0,0,0,0,0,,
2023onwsiat456,2023 ONWSIAT 456 (CanLII),2023-03-22,0,0,0,0,0,0,0,,
2023onwsiat457,2023 ONWSIAT 457 (CanLII),2023-03-22,0,0,0,0,0,0,0,,
2023onwsiat458,2023 ONWSIAT 458 (CanLII),2023-03-22,0,0,0,0,0,0,0,,
2023onwsiat459,2023 ONWSIAT 459 (CanLII),2023-03-22,0,0,0,0,0,0,1,,
2023onwsiat460,2023 ONWSIAT 460 (CanLII),2023-03-22,0,0,0,0,0,0,0,,
2023onwsiat461,2023 ONWSIAT 461 (CanLII),2023-03-23,0,0,0,0,0,0,0,,
2023onwsiat462,2023 ONWSIAT 462 (CanLII),2023-04-03,0,0,0,0,0,0,0,,
2023onwsiat463,2023 ONWSIAT 463 (CanLII),2023-03-23,0,0,0,0,0,0,0,,
2023onwsiat464,2023 ONWSIAT 464 (CanLII),2023-03-23,0,0,0,0,0,0,0,,
2023onwsiat465,2023 ONWSIAT 465 (CanLII),2023-03-23,0,0,0,0,0,0,0,,
2023onwsiat466,2023 ONWSIAT 466 (CanLII),2023-03-23,0,0,0,0,0,0,0,,
2023onwsiat467,2023 ONWSIAT 467 (CanLII),2023-03-24,0,0,0,0,0,0,0,,
2023onwsiat468,2023 ONWSIAT 468 (CanLII),2023-03-24,0,0,0,0,0,0,1,,
2023onwsiat469,2023 ONWSIAT 469 (CanLII),2023-03-24,0,0,0,0,0,0,0,,
2023onwsiat470,2023 ONWSIAT 470 (CanLII),2023-03-24,0,0,0,0,0,0,0,,
2023onwsiat471,2023 ONWSIAT 471 (CanLII),2023-03-24,0,0,0,0,0,0,0,,
2023onwsiat472,2023 ONWSIAT 472 (CanLII),2023-03-24,0,0,0,0,0,0,0,,
2023onwsiat473,2023 ONWSIAT 473 (CanLII),2023-03-24,0,0,0,0,0,0,0,,
2023onwsiat474,2023 ONWSIAT 474 (CanLII),2023-03-24,0,0,0,0,0,0,0,,
2023onwsiat475,2023 ONWSIAT 475 (CanLII),2023-03-24,0,0,0,0,0,0,0,,
2023onwsiat476,2023 ONWSIAT 476 (CanLII),2023-03-24,0,0,0,0,0,0,0,,
2023onwsiat477,2023 ONWSIAT 477 (CanLII),2023-03-24,0,0,0,0,0,0,0,,
2023onwsiat478,2023 ONWSIAT 478 (CanLII),2023-03-24,0,0,0,0,0,0,0,,
2023onwsiat479,2023 ONWSIAT 479 (CanLII),2023-03-27,0,0,0,0,0,0,0,,
2023onwsiat480,2023 ONWSIAT 480 (CanLII),2023-03-27,0,0,0,0,0,0,0,,
2023onwsiat481,2023 ONWSIAT 481 (CanLII),2023-03-27,0,0,0,0,0,0,0,,
2023onwsiat482,2023 ONWSIAT 482 (CanLII),2023-03-27,0,0,0,0,0,0,0,,
2023onwsiat483,2023 ONWSIAT 483 (CanLII),2023-03-27,0,0,0,0,0,0,0,,
2023onwsiat484,2023 ONWSIAT 484 (CanLII),2023-03-27,0,0,0,0,0,0,0,,
2023onwsiat485,2023 ONWSIAT 485 (CanLII),2023-03-28,0,0,0,0,0,0,0,,
2023onwsiat486,2023 ONWSIAT 486 (CanLII),2023-03-28,0,0,0,0,0,0,0,,
2023onwsiat487,2023 ONWSIAT 487 (CanLII),2023-03-28,0,0,0,0,0,0,0,,
2023onwsiat488,2023 ONWSIAT 488 (CanLII),2023-03-28,0,0,0,0,0,0,0,,
2023onwsiat489,2023 ONWSIAT 489 (CanLII),2023-03-28,0,0,0,0,0,0,0,,
2023onwsiat490,2023 ONWSIAT 490 (CanLII),2023-03-28,0,0,0,0,0,0,0,,
2023onwsiat491,2023 ONWSIAT 491 (CanLII),2023-03-28,0,0,0,0,0,0,0,,
2023onwsiat492,2023 ONWSIAT 492 (CanLII),2023-03-28,0,0,0,0,0,0,0,,
2023onwsiat493,2023 ONWSIAT 493 (CanLII),2023-03-28,0,0,0,0,0,0,0,,
2023onwsiat494,2023 ONWSIAT 494 (CanLII),2023-03-28,0,0,0,0,0,0,0,,
2023onwsiat495,2023 ONWSIAT 495 (CanLII),2023-03-29,0,0,0,0,0,0,0,,
2023onwsiat496,2023 ONWSIAT 496 (CanLII),2023-03-29,0,0,0,0,0,0,0,,
2023onwsiat497,2023 ONWSIAT 497 (CanLII),2023-03-29,0,0,0,0,0,0,0,,
2023onwsiat498,2023 ONWSIAT 498 (CanLII),2023-03-29,0,0,0,0,0,0,0,,
2023onwsiat499,2023 ONWSIAT 499 (CanLII),2023-03-29,0,0,0,0,0,0,0,,
2023onwsiat500,2023 ONWSIAT 500 (CanLII),2023-03-29,0,0,0,0,0,0,0,,
2023onwsiat501,2023 ONWSIAT 501 (CanLII),2023-03-29,0,0,0,0,0,0,0,,
2023onwsiat502,2023 ONWSIAT 502 (CanLII),2023-03-29,0,0,0,0,0,0,0,,
2023onwsiat503,2023 ONWSIAT 503 (CanLII),2023-03-30,0,0,0,0,0,0,0,,
2023onwsiat504,2023 ONWSIAT 504 (CanLII),2023-03-30,0,0,0,0,0,0,0,,
2023onwsiat505,2023 ONWSIAT 505 (CanLII),2023-03-30,0,0,0,0,0,0,0,,
2023onwsiat506,2023 ONWSIAT 506 (CanLII),2023-03-30,0,0,0,0,0,0,0,,
2023onwsiat507,2023 ONWSIAT 507 (CanLII),2023-03-30,0,0,0,0,0,0,0,,
2023onwsiat508,2023 ONWSIAT 508 (CanLII),2023-03-30,0,0,0,0,0,0,0,,
2023onwsiat509,2023 ONWSIAT 509 (CanLII),2023-03-30,0,0,0,0,0,0,0,,
2023onwsiat510,2023 ONWSIAT 510 (CanLII),2023-03-30,0,0,0,0,0,0,0,,
2023onwsiat511,2023 ONWSIAT 511 (CanLII),2023-03-31,0,0,0,0,0,0,0,,
2023onwsiat512,2023 ONWSIAT 512 (CanLII),2023-04-03,0,0,0,0,0,0,0,,
2023onwsiat513,2023 ONWSIAT 513 (CanLII),2023-03-31,0,0,0,0,0,0,0,,
2023onwsiat514,2023 ONWSIAT 514 (CanLII),2023-03-31,0,0,0,0,0,0,0,,
2023onwsiat515,2023 ONWSIAT 515 (CanLII),2023-03-31,0,0,0,0,0,0,0,,
2023onwsiat516,2023 ONWSIAT 516 (CanLII),2023-04-03,0,0,0,0,0,0,0,,
2023onwsiat517,2023 ONWSIAT 517 (CanLII),2023-04-03,0,0,0,0,0,0,0,,
2023onwsiat518,2023 ONWSIAT 518 (CanLII),2023-04-03,0,0,0,0,0,0,0,,
2023onwsiat519,2023 ONWSIAT 519 (CanLII),2023-04-03,0,0,0,0,0,0,0,,
2023onwsiat520,2023 ONWSIAT 520 (CanLII),2023-04-03,0,0,0,0,0,0,0,,
2023onwsiat521,2023 ONWSIAT 521 (CanLII),2023-04-04,0,0,0,0,0,0,0,,
2023onwsiat522,2023 ONWSIAT 522 (CanLII),2023-04-04,0,0,0,0,0,0,0,,
2023onwsiat523,2023 ONWSIAT 523 (CanLII),2023-04-04,0,0,0,0,0,0,0,,
2023onwsiat524,2023 ONWSIAT 524 (CanLII),2023-04-04,0,0,0,0,0,0,0,,
2023onwsiat525,2023 ONWSIAT 525 (CanLII),2023-04-04,0,0,0,0,0,0,0,,
2023onwsiat526,2023 ONWSIAT 526 (CanLII),2023-04-04,0,0,0,0,0,0,0,,
2023onwsiat527,2023 ONWSIAT 527 (CanLII),2023-04-04,0,0,0,0,0,0,0,,
2023onwsiat528,2023 ONWSIAT 528 (CanLII),2023-04-04,0,0,0,0,0,0,0,,
2023onwsiat529,2023 ONWSIAT 529 (CanLII),2023-04-05,0,0,0,0,0,0,0,,
2023onwsiat530,2023 ONWSIAT 530 (CanLII),2023-04-05,0,0,0,0,0,0,0,,
2023onwsiat531,2023 ONWSIAT 531 (CanLII),2023-04-05,0,0,0,0,0,0,0,,
2023onwsiat532,2023 ONWSIAT 532 (CanLII),2023-04-05,0,0,0,0,0,0,0,,
2023onwsiat533,2023 ONWSIAT 533 (CanLII),2023-04-05,0,0,0,0,0,0,0,,
2023onwsiat534,2023 ONWSIAT 534 (CanLII),2023-04-05,0,0,0,0,0,0,0,,
2023onwsiat535,2023 ONWSIAT 535 (CanLII),2023-04-05,0,0,0,0,0,0,0,,
2023onwsiat536,2023 ONWSIAT 536 (CanLII),2023-04-05,0,0,0,0,0,0,0,,
2023onwsiat537,2023 ONWSIAT 537 (CanLII),2023-04-05,0,0,0,0,0,0,0,,
2023onwsiat538,2023 ONWSIAT 538 (CanLII),2023-04-06,0,0,0,0,0,0,0,,
2023onwsiat539,2023 ONWSIAT 539 (CanLII),2023-04-06,0,0,0,0,0,0,0,,
2023onwsiat540,2023 ONWSIAT 540 (CanLII),2023-04-06,0,0,0,0,0,0,0,,
2023onwsiat541,2023 ONWSIAT 541 (CanLII),2023-04-06,0,0,0,0,0,0,0,,
2023onwsiat542,2023 ONWSIAT 542 (CanLII),2023-04-06,0,0,0,0,0,0,0,,
2023onwsiat543,2023 ONWSIAT 543 (CanLII),2023-04-06,0,0,0,0,0,0,0,,
2023onwsiat544,2023 ONWSIAT 544 (CanLII),2023-04-06,0,0,0,0,0,0,0,,
2023onwsiat545,2023 ONWSIAT 545 (CanLII),2023-04-06,0,0,0,0,0,0,0,,
2023onwsiat546,2023 ONWSIAT 546 (CanLII),2023-04-06,0,0,0,0,0,0,0,,
2023onwsiat547,2023 ONWSIAT 547 (CanLII),2023-04-06,0,0,0,0,0,0,0,,
2023onwsiat548,2023 ONWSIAT 548 (CanLII),2023-04-06,0,0,0,0,0,0,0,,
2023onwsiat549,2023 ONWSIAT 549 (CanLII),2023-04-06,0,0,0,0,0,0,0,,
2023onwsiat550,2023 ONWSIAT 550 (CanLII),2023-04-11,0,0,0,0,0,0,0,,
2023onwsiat551,2023 ONWSIAT 551 (CanLII),2023-04-11,0,0,0,0,0,0,0,,
2023onwsiat552,2023 ONWSIAT 552 (CanLII),2023-04-11,0,0,0,0,0,0,0,,
2023onwsiat553,2023 ONWSIAT 553 (CanLII),2023-04-11,0,0,0,0,0,0,0,,
2023onwsiat554,2023 ONWSIAT 554 (CanLII),2023-04-11,0,0,0,0,0,0,0,,
2023onwsiat555,2023 ONWSIAT 555 (CanLII),2023-04-11,0,0,0,0,0,0,0,,
2023onwsiat556,2023 ONWSIAT 556 (CanLII),2023-04-11,0,0,0,0,0,0,0,,
2023onwsiat557,2023 ONWSIAT 557 (CanLII),2023-04-11,0,0,0,0,0,0,0,,
2023onwsiat558,2023 ONWSIAT 558 (CanLII),2023-04-11,0,0,0,0,0,0,0,,
2023onwsiat559,2023 ONWSIAT 559 (CanLII),2023-04-11,0,0,0,0,0,0,0,,
2023onwsiat560,2023 ONWSIAT 560 (CanLII),2023-04-12,0,0,0,0,0,0,0,,
2023onwsiat561,2023 ONWSIAT 561 (CanLII),2023-04-12,0,0,0,0,0,0,0,,
2023onwsiat562,2023 ONWSIAT 562 (CanLII),2023-04-12,0,0,0,0,0,0,0,,
2023onwsiat563,2023 ONWSIAT 563 (CanLII),2023-04-12,0,0,0,0,0,0,0,,
2023onwsiat564,2023 ONWSIAT 564 (CanLII),2023-04-12,0,0,0,0,0,0,0,,
2023onwsiat565,2023 ONWSIAT 565 (CanLII),2023-04-12,0,0,0,0,0,0,0,,
2023onwsiat566,2023 ONWSIAT 566 (CanLII),2023-04-12,0,0,0,0,0,0,0,,
2023onwsiat567,2023 ONWSIAT 567 (CanLII),2023-04-13,0,0,0,0,0,0,0,,
2023onwsiat568,2023 ONWSIAT 568 (CanLII),2023-04-13,0,0,0,0,0,0,0,,
2023onwsiat569,2023 ONWSIAT 569 (CanLII),2023-04-13,0,0,0,0,0,0,0,,
2023onwsiat570,2023 ONWSIAT 570 (CanLII),2023-04-13,0,0,0,0,0,0,0,,
2023onwsiat571,2023 ONWSIAT 571 (CanLII),2023-04-13,0,0,0,0,0,0,0,,
2023onwsiat572,2023 ONWSIAT 572 (CanLII),2023-04-13,0,0,0,0,0,0,0,,
2023onwsiat573,2023 ONWSIAT 573 (CanLII),2023-04-13,0,0,0,0,0,0,0,,
2023onwsiat574,2023 ONWSIAT 574 (CanLII),2023-04-13,0,0,0,0,0,0,0,,
2023onwsiat575,2023 ONWSIAT 575 (CanLII),2023-04-13,0,0,0,0,0,0,0,,
2023onwsiat576,2023 ONWSIAT 576 (CanLII),2023-04-13,0,0,0,0,0,0,0,,
2023onwsiat577,2023 ONWSIAT 577 (CanLII),2023-04-14,0,0,0,0,0,0,0,,
2023onwsiat578,2023 ONWSIAT 578 (CanLII),2023-04-14,0,0,0,0,0,0,0,,
2023onwsiat579,2023 ONWSIAT 579 (CanLII),2023-04-14,0,0,0,0,0,0,1,,
2023onwsiat580,2023 ONWSIAT 580 (CanLII),2023-04-14,0,0,0,0,0,0,0,,
2023onwsiat581,2023 ONWSIAT 581 (CanLII),2023-04-14,0,0,0,0,0,0,0,,
2023onwsiat582,2023 ONWSIAT 582 (CanLII),2023-04-14,0,0,0,0,0,0,0,,
2023onwsiat583,2023 ONWSIAT 583 (CanLII),2023-04-14,0,0,0,0,0,0,0,,
2023onwsiat584,2023 ONWSIAT 584 (CanLII),2023-04-17,0,0,0,0,0,0,0,,
2023onwsiat585,2023 ONWSIAT 585 (CanLII),2023-04-17,0,0,0,0,0,0,0,,
2023onwsiat586,2023 ONWSIAT 586 (CanLII),2023-04-17,0,0,0,0,0,0,0,,
2023onwsiat587,2023 ONWSIAT 587 (CanLII),2023-04-17,0,0,0,0,0,0,0,,
2023onwsiat588,2023 ONWSIAT 588 (CanLII),2023-04-17,0,0,0,0,0,0,0,,
2023onwsiat589,2023 ONWSIAT 589 (CanLII),2023-04-17,0,0,0,0,0,0,0,,
2023onwsiat590,2023 ONWSIAT 590 (CanLII),2023-04-18,0,0,0,0,0,0,0,,
2023onwsiat591,2023 ONWSIAT 591 (CanLII),2023-04-18,0,0,0,0,0,0,0,,
2023onwsiat592,2023 ONWSIAT 592 (CanLII),2023-04-18,0,0,0,0,0,0,0,,
2023onwsiat593,2023 ONWSIAT 593 (CanLII),2023-04-18,0,0,0,0,0,0,0,,
2023onwsiat594,2023 ONWSIAT 594 (CanLII),2023-04-18,0,0,0,0,0,0,0,,
2023onwsiat595,2023 ONWSIAT 595 (CanLII),2023-04-18,0,0,0,0,0,0,1,,
2023onwsiat596,2023 ONWSIAT 596 (CanLII),2023-04-18,0,0,0,0,0,0,0,,
2023onwsiat597,2023 ONWSIAT 597 (CanLII),2023-04-18,0,0,0,0,0,0,0,,
2023onwsiat598,2023 ONWSIAT 598 (CanLII),2023-04-18,0,0,0,0,0,0,0,,
2023onwsiat599,2023 ONWSIAT 599 (CanLII),2023-04-18,0,0,0,0,0,0,0,,
2023onwsiat600,2023 ONWSIAT 600 (CanLII),2023-04-18,0,0,0,0,0,0,0,,
2023onwsiat601,2023 ONWSIAT 601 (CanLII),2023-04-19,0,0,0,0,0,0,0,,
2023onwsiat602,2023 ONWSIAT 602 (CanLII),2023-04-20,0,0,0,0,0,0,0,,
2023onwsiat603,2023 ONWSIAT 603 (CanLII),2023-04-19,0,0,0,0,0,0,0,,
2023onwsiat604,2023 ONWSIAT 604 (CanLII),2023-04-19,0,0,0,0,0,0,0,,
2023onwsiat605,2023 ONWSIAT 605 (CanLII),2023-04-19,0,0,0,0,0,0,0,,
2023onwsiat606,2023 ONWSIAT 606 (CanLII),2023-04-20,0,0,0,0,0,0,0,,
2023onwsiat607,2023 ONWSIAT 607 (CanLII),2023-04-20,0,0,0,0,0,0,0,,
2023onwsiat608,2023 ONWSIAT 608 (CanLII),2023-04-20,0,0,0,0,0,0,0,,
2023onwsiat609,2023 ONWSIAT 609 (CanLII),2023-04-20,0,0,0,0,0,0,0,,
2023onwsiat610,2023 ONWSIAT 610 (CanLII),2023-04-20,0,0,0,0,0,0,0,,
2023onwsiat611,2023 ONWSIAT 611 (CanLII),2023-04-20,0,0,0,0,0,0,0,,
2023onwsiat612,2023 ONWSIAT 612 (CanLII),2023-04-20,0,0,0,0,0,0,0,,
2023onwsiat613,2023 ONWSIAT 613 (CanLII),2023-04-20,0,0,0,0,0,0,0,,
2023onwsiat614,2023 ONWSIAT 614 (CanLII),2023-04-20,0,0,0,0,0,0,0,,
2023onwsiat615,2023 ONWSIAT 615 (CanLII),2023-04-20,0,0,0,0,0,0,0,,
2023onwsiat616,2023 ONWSIAT 616 (CanLII),2023-04-20,0,0,0,0,0,0,0,,
2023onwsiat617,2023 ONWSIAT 617 (CanLII),2023-04-20,0,0,0,0,0,0,0,,
2023onwsiat618,2023 ONWSIAT 618 (CanLII),2023-04-21,0,0,0,0,0,0,0,,
2023onwsiat619,2023 ONWSIAT 619 (CanLII),2023-04-21,0,0,0,0,0,0,0,,
2023onwsiat620,2023 ONWSIAT 620 (CanLII),2023-04-21,0,0,0,0,0,0,0,,
2023onwsiat621,2023 ONWSIAT 621 (CanLII),2023-04-21,0,0,0,0,0,0,0,,
2023onwsiat622,2023 ONWSIAT 622 (CanLII),2023-04-21,0,0,0,0,0,0,0,,
2023onwsiat623,2023 ONWSIAT 623 (CanLII),2023-04-21,0,0,0,0,0,0,0,,
2023onwsiat624,2023 ONWSIAT 624 (CanLII),2023-04-21,0,0,0,0,0,0,0,,
2023onwsiat625,2023 ONWSIAT 625 (CanLII),2023-04-24,0,0,0,0,0,0,0,,
2023onwsiat626,2023 ONWSIAT 626 (CanLII),2023-04-28,0,0,0,0,0,0,0,,
2023onwsiat627,2023 ONWSIAT 627 (CanLII),2023-04-24,0,0,0,0,0,0,0,,
2023onwsiat628,2023 ONWSIAT 628 (CanLII),2023-04-24,0,0,0,0,0,0,0,,
2023onwsiat629,2023 ONWSIAT 629 (CanLII),2023-04-24,0,0,0,0,0,0,0,,
2023onwsiat630,2023 ONWSIAT 630 (CanLII),2023-04-24,0,0,0,0,0,0,0,,
2023onwsiat631,2023 ONWSIAT 631 (CanLII),2023-04-24,0,0,0,0,0,0,0,,
2023onwsiat632,2023 ONWSIAT 632 (CanLII),2023-04-25,0,0,0,0,0,0,0,,
2023onwsiat633,2023 ONWSIAT 633 (CanLII),2023-04-25,0,0,0,0,0,0,0,,
2023onwsiat634,2023 ONWSIAT 634 (CanLII),2023-04-25,0,0,0,0,0,0,0,,
2023onwsiat635,2023 ONWSIAT 635 (CanLII),2023-04-25,0,0,0,0,0,0,0,,
2023onwsiat636,2023 ONWSIAT 636 (CanLII),2023-04-25,0,0,0,0,0,0,0,,
2023onwsiat637,2023 ONWSIAT 637 (CanLII),2023-04-25,0,0,0,0,0,0,0,,
2023onwsiat638,2023 ONWSIAT 638 (CanLII),2023-04-25,0,0,0,0,0,0,0,,
2023onwsiat639,2023 ONWSIAT 639 (CanLII),2023-04-25,0,0,0,0,0,0,0,,
2023onwsiat640,2023 ONWSIAT 640 (CanLII),2023-04-26,0,0,0,0,0,0,0,,
2023onwsiat641,2023 ONWSIAT 641 (CanLII),2023-04-26,0,0,0,0,0,0,0,,
2023onwsiat642,2023 ONWSIAT 642 (CanLII),2023-04-26,0,0,0,0,0,0,0,,
2023onwsiat643,2023 ONWSIAT 643 (CanLII),2023-04-26,0,0,0,0,0,0,0,,
2023onwsiat644,2023 ONWSIAT 644 (CanLII),2023-04-27,0,0,0,0,0,0,0,,
2023onwsiat645,2023 ONWSIAT 645 (CanLII),2023-04-27,0,0,0,0,0,0,0,,
2023onwsiat646,2023 ONWSIAT 646 (CanLII),2023-04-27,0,0,0,0,0,0,0,,
2023onwsiat647,2023 ONWSIAT 647 (CanLII),2023-04-28,0,0,0,0,0,0,0,,
2023onwsiat648,2023 ONWSIAT 648 (CanLII),2023-04-28,0,0,0,0,0,0,0,,
2023onwsiat649,2023 ONWSIAT 649 (CanLII),2023-04-28,0,0,0,0,0,0,0,,
2023onwsiat650,2023 ONWSIAT 650 (CanLII),2023-04-28,0,0,0,0,0,0,1,,
2023onwsiat651,2023 ONWSIAT 651 (CanLII),2023-04-28,0,0,0,0,0,0,0,,
2023onwsiat652,2023 ONWSIAT 652 (CanLII),2023-04-28,0,0,0,0,0,0,0,,
2023onwsiat653,2023 ONWSIAT 653 (CanLII),2023-04-28,0,0,0,0,0,0,0,,
2023onwsiat654,2023 ONWSIAT 654 (CanLII),2023-04-28,0,0,0,0,0,0,0,,
2023onwsiat655,2023 ONWSIAT 655 (CanLII),2023-04-28,0,0,0,0,0,0,0,,
2023onwsiat656,2023 ONWSIAT 656 (CanLII),2023-05-01,0,0,0,0,0,0,0,,
2023onwsiat657,2023 ONWSIAT 657 (CanLII),2023-05-01,0,0,0,0,0,0,0,,
2023onwsiat658,2023 ONWSIAT 658 (CanLII),2023-05-01,0,0,0,0,0,0,0,,
2023onwsiat659,2023 ONWSIAT 659 (CanLII),2023-05-01,0,0,0,0,0,0,0,,
2023onwsiat660,2023 ONWSIAT 660 (CanLII),2023-05-01,0,0,0,0,0,0,0,,
2023onwsiat661,2023 ONWSIAT 661 (CanLII),2023-05-01,0,0,0,0,0,0,0,,
2023onwsiat662,2023 ONWSIAT 662 (CanLII),2023-05-01,0,0,0,0,0,0,0,,
2023onwsiat663,2023 ONWSIAT 663 (CanLII),2023-05-01,0,0,0,0,0,0,0,,
2023onwsiat664,2023 ONWSIAT 664 (CanLII),2023-05-01,0,0,0,0,0,0,0,,
2023onwsiat665,2023 ONWSIAT 665 (CanLII),2023-05-01,0,0,0,0,0,0,0,,
2023onwsiat666,2023 ONWSIAT 666 (CanLII),2023-05-01,0,0,0,0,0,0,0,,
2023onwsiat667,2023 ONWSIAT 667 (CanLII),2023-05-01,0,0,0,0,0,0,0,,
2023onwsiat668,2023 ONWSIAT 668 (CanLII),2023-05-01,0,0,0,0,0,0,0,,
2023onwsiat669,2023 ONWSIAT 669 (CanLII),2023-05-02,0,0,0,0,0,0,0,,
2023onwsiat670,2023 ONWSIAT 670 (CanLII),2023-05-02,0,0,0,0,0,0,0,,
2023onwsiat671,2023 ONWSIAT 671 (CanLII),2023-05-02,0,0,0,0,0,0,0,,
2023onwsiat672,2023 ONWSIAT 672 (CanLII),2023-05-02,0,0,0,0,0,0,0,,
2023onwsiat673,2023 ONWSIAT 673 (CanLII),2023-05-02,0,0,0,0,0,0,1,,
2023onwsiat674,2023 ONWSIAT 674 (CanLII),2023-05-02,0,0,0,0,0,0,0,,
2023onwsiat675,2023 ONWSIAT 675 (CanLII),2023-05-02,0,0,0,0,0,0,0,,
2023onwsiat676,2023 ONWSIAT 676 (CanLII),2023-05-02,0,0,0,0,0,0,0,,
2023onwsiat677,2023 ONWSIAT 677 (CanLII),2023-05-02,0,0,0,0,0,0,0,,
2023onwsiat678,2023 ONWSIAT 678 (CanLII),2023-05-03,0,0,0,0,0,0,0,,
2023onwsiat679,2023 ONWSIAT 679 (CanLII),2023-05-03,0,0,0,0,0,0,0,,
2023onwsiat680,2023 ONWSIAT 680 (CanLII),2023-05-04,0,0,0,0,0,0,0,,
2023onwsiat681,2023 ONWSIAT 681 (CanLII),2023-05-03,0,0,0,0,0,0,0,,
2023onwsiat682,2023 ONWSIAT 682 (CanLII),2023-05-03,0,0,0,0,0,0,0,,
2023onwsiat683,2023 ONWSIAT 683 (CanLII),2023-05-03,0,0,0,0,0,0,0,,
2023onwsiat684,2023 ONWSIAT 684 (CanLII),2023-05-03,0,0,0,0,0,0,0,,
2023onwsiat685,2023 ONWSIAT 685 (CanLII),2023-05-04,0,0,0,0,0,0,0,,
2023onwsiat686,2023 ONWSIAT 686 (CanLII),2023-05-04,0,0,0,0,0,0,0,,
2023onwsiat687,2023 ONWSIAT 687 (CanLII),2023-05-04,0,0,0,0,0,0,0,,
2023onwsiat688,2023 ONWSIAT 688 (CanLII),2023-05-04,0,0,0,0,0,0,0,,
2023onwsiat689,2023 ONWSIAT 689 (CanLII),2023-05-04,0,0,0,0,0,0,0,,
2023onwsiat690,2023 ONWSIAT 690 (CanLII),2023-05-04,0,0,0,0,0,0,0,,
2023onwsiat691,2023 ONWSIAT 691 (CanLII),2023-05-04,0,0,0,0,0,0,0,,
2023onwsiat692,2023 ONWSIAT 692 (CanLII),2023-05-04,0,0,0,0,0,0,0,,
2023onwsiat693,2023 ONWSIAT 693 (CanLII),2023-05-04,0,0,0,0,0,0,0,,
2023onwsiat694,2023 ONWSIAT 694 (CanLII),2023-05-04,0,0,0,0,0,0,0,,
2023onwsiat695,2023 ONWSIAT 695 (CanLII),2023-05-05,0,0,0,0,0,0,0,,
2023onwsiat696,2023 ONWSIAT 696 (CanLII),2023-05-05,0,0,0,0,0,0,0,,
2023onwsiat697,2023 ONWSIAT 697 (CanLII),2023-05-05,0,0,0,0,0,0,0,,
2023onwsiat698,2023 ONWSIAT 698 (CanLII),2023-05-05,0,0,0,0,0,0,0,,
2023onwsiat699,2023 ONWSIAT 699 (CanLII),2023-05-05,0,0,0,0,0,0,0,,
2023onwsiat700,2023 ONWSIAT 700 (CanLII),2023-05-05,0,0,0,0,0,0,0,,
2023onwsiat701,2023 ONWSIAT 701 (CanLII),2023-05-05,0,0,0,0,0,0,0,,
2023onwsiat702,2023 ONWSIAT 702 (CanLII),2023-05-08,0,0,0,0,0,0,0,,
2023onwsiat703,2023 ONWSIAT 703 (CanLII),2023-05-08,0,0,0,0,0,0,0,,
2023onwsiat704,2023 ONWSIAT 704 (CanLII),2023-05-08,0,0,0,0,0,0,0,,
2023onwsiat705,2023 ONWSIAT 705 (CanLII),2023-05-08,0,0,0,0,0,0,0,,
2023onwsiat706,2023 ONWSIAT 706 (CanLII),2023-05-08,0,0,0,0,0,0,0,,
2023onwsiat707,2023 ONWSIAT 707 (CanLII),2023-05-08,0,0,0,0,0,0,1,,
2023onwsiat708,2023 ONWSIAT 708 (CanLII),2023-05-09,0,0,0,0,0,0,0,,
2023onwsiat709,2023 ONWSIAT 709 (CanLII),2023-05-09,0,0,0,0,0,0,0,,
2023onwsiat710,2023 ONWSIAT 710 (CanLII),2023-05-09,0,0,0,0,0,0,0,,
2023onwsiat711,2023 ONWSIAT 711 (CanLII),2023-05-09,0,0,0,0,0,0,0,,
2023onwsiat712,2023 ONWSIAT 712 (CanLII),2023-05-09,0,0,0,0,0,0,0,,
2023onwsiat713,2023 ONWSIAT 713 (CanLII),2023-05-09,0,0,0,0,0,0,0,,
2023onwsiat714,2023 ONWSIAT 714 (CanLII),2023-05-09,0,0,0,0,0,0,0,,
2023onwsiat715,2023 ONWSIAT 715 (CanLII),2023-05-09,0,0,0,0,0,0,0,,
2023onwsiat716,2023 ONWSIAT 716 (CanLII),2023-05-10,0,0,0,0,0,0,0,,
2023onwsiat717,2023 ONWSIAT 717 (CanLII),2023-05-10,0,0,0,0,0,0,0,,
2023onwsiat718,2023 ONWSIAT 718 (CanLII),2023-05-10,0,0,0,0,0,0,0,,
2023onwsiat719,2023 ONWSIAT 719 (CanLII),2023-05-10,0,0,0,0,0,0,0,,
2023onwsiat720,2023 ONWSIAT 720 (CanLII),2023-05-11,0,0,0,0,0,0,0,,
2023onwsiat721,2023 ONWSIAT 721 (CanLII),2023-05-11,0,0,0,0,0,0,0,,
2023onwsiat722,2023 ONWSIAT 722 (CanLII),2023-05-11,0,0,0,0,0,0,0,,
2023onwsiat723,2023 ONWSIAT 723 (CanLII),2023-05-11,0,0,0,0,0,0,0,,
2023onwsiat724,2023 ONWSIAT 724 (CanLII),2023-05-11,0,0,0,0,0,0,1,,
2023onwsiat725,2023 ONWSIAT 725 (CanLII),2023-05-11,0,0,0,0,0,0,0,,
2023onwsiat726,2023 ONWSIAT 726 (CanLII),2023-05-11,0,0,0,0,0,0,0,,
2023onwsiat727,2023 ONWSIAT 727 (CanLII),2023-05-11,0,0,0,0,0,0,0,,
2023onwsiat728,2023 ONWSIAT 728 (CanLII),2023-05-11,0,0,0,0,0,0,0,,
2023onwsiat729,2023 ONWSIAT 729 (CanLII),2023-05-12,0,0,0,0,0,0,0,,
2023onwsiat730,2023 ONWSIAT 730 (CanLII),2023-05-12,0,0,0,0,0,0,0,,
2023onwsiat731,2023 ONWSIAT 731 (CanLII),2023-05-12,0,0,0,0,0,0,0,,
2023onwsiat732,2023 ONWSIAT 732 (CanLII),2023-05-12,0,0,0,0,0,0,1,,
2023onwsiat733,2023 ONWSIAT 733 (CanLII),2023-05-12,0,0,0,0,0,0,0,,
2023onwsiat734,2023 ONWSIAT 734 (CanLII),2023-05-12,0,0,0,0,0,0,0,,
2023onwsiat735,2023 ONWSIAT 735 (CanLII),2023-05-12,0,0,0,0,0,0,0,,
2023onwsiat736,2023 ONWSIAT 736 (CanLII),2023-05-15,0,0,0,0,0,0,0,,
2023onwsiat737,2023 ONWSIAT 737 (CanLII),2023-05-15,0,0,0,0,0,0,0,,
2023onwsiat738,2023 ONWSIAT 738 (CanLII),2023-05-15,0,0,0,0,0,0,1,,
2023onwsiat739,2023 ONWSIAT 739 (CanLII),2023-05-15,0,0,0,0,0,0,0,,
2023onwsiat740,2023 ONWSIAT 740 (CanLII),2023-05-15,0,0,0,0,0,0,0,,
2023onwsiat741,2023 ONWSIAT 741 (CanLII),2023-05-15,0,0,0,0,0,0,0,,
2023onwsiat742,2023 ONWSIAT 742 (CanLII),2023-05-15,0,0,0,0,0,0,0,,
2023onwsiat743,2023 ONWSIAT 743 (CanLII),2023-05-15,0,0,0,0,0,0,0,,
2023onwsiat744,2023 ONWSIAT 744 (CanLII),2023-05-16,0,0,0,0,0,0,0,,
2023onwsiat745,2023 ONWSIAT 745 (CanLII),2023-05-16,0,0,0,0,0,0,0,,
2023onwsiat746,2023 ONWSIAT 746 (CanLII),2023-05-16,0,0,0,0,0,0,0,,
2023onwsiat747,2023 ONWSIAT 747 (CanLII),2023-05-16,0,0,0,0,0,0,0,,
2023onwsiat748,2023 ONWSIAT 748 (CanLII),2023-05-16,0,0,0,0,0,0,0,,
2023onwsiat749,2023 ONWSIAT 749 (CanLII),2023-05-16,0,0,0,0,0,0,0,,
2023onwsiat750,2023 ONWSIAT 750 (CanLII),2023-05-16,0,0,0,0,0,0,0,,
2023onwsiat751,2023 ONWSIAT 751 (CanLII),2023-05-17,0,0,0,0,0,0,0,,
2023onwsiat752,2023 ONWSIAT 752 (CanLII),2023-05-17,0,0,0,0,0,0,0,,
2023onwsiat753,2023 ONWSIAT 753 (CanLII),2023-05-17,0,0,0,0,0,0,0,,
2023onwsiat754,2023 ONWSIAT 754 (CanLII),2023-05-17,0,0,0,0,0,0,0,,
2023onwsiat755,2023 ONWSIAT 755 (CanLII),2023-05-17,0,0,0,0,0,0,0,,
2023onwsiat756,2023 ONWSIAT 756 (CanLII),2023-05-17,0,0,0,0,0,0,0,,
2023onwsiat757,2023 ONWSIAT 757 (CanLII),2023-05-17,0,0,0,0,0,0,0,,
2023onwsiat758,2023 ONWSIAT 758 (CanLII),2023-05-17,0,0,0,0,0,0,0,,
2023onwsiat759,2023 ONWSIAT 759 (CanLII),2023-05-17,0,0,0,0,0,0,0,,
2023onwsiat760,2023 ONWSIAT 760 (CanLII),2023-05-18,0,0,0,0,0,0,0,,
2023onwsiat761,2023 ONWSIAT 761 (CanLII),2023-05-18,0,0,0,0,0,0,0,,
2023onwsiat762,2023 ONWSIAT 762 (CanLII),2023-05-18,0,0,0,0,0,0,0,,
2023onwsiat763,2023 ONWSIAT 763 (CanLII),2023-05-18,0,0,0,0,0,0,0,,
2023onwsiat764,2023 ONWSIAT 764 (CanLII),2023-05-18,0,0,0,0,0,0,0,,
2023onwsiat765,2023 ONWSIAT 765 (CanLII),2023-05-18,0,0,0,0,0,0,0,,
2023onwsiat766,2023 ONWSIAT 766 (CanLII),2023-05-18,0,0,0,0,0,0,0,,
2023onwsiat767,2023 ONWSIAT 767 (CanLII),2023-05-19,0,0,0,0,0,0,0,,
2023onwsiat768,2023 ONWSIAT 768 (CanLII),2023-05-19,0,0,0,0,0,0,1,,
2023onwsiat769,2023 ONWSIAT 769 (CanLII),2023-05-19,0,0,0,0,0,0,0,,
2023onwsiat770,2023 ONWSIAT 770 (CanLII),2023-05-19,0,0,0,0,0,0,0,,
2023onwsiat771,2023 ONWSIAT 771 (CanLII),2023-05-19,0,0,0,0,0,0,0,,
2023onwsiat772,2023 ONWSIAT 772 (CanLII),2023-05-19,0,0,0,0,0,0,0,,
2023onwsiat773,2023 ONWSIAT 773 (CanLII),2023-05-19,0,0,0,0,0,0,0,,
2023onwsiat774,2023 ONWSIAT 774 (CanLII),2023-05-19,0,0,0,0,0,0,0,,
2023onwsiat775,2023 ONWSIAT 775 (CanLII),2023-05-19,0,0,0,0,0,0,1,,
2023onwsiat776,2023 ONWSIAT 776 (CanLII),2023-05-19,0,0,0,0,0,0,0,,
2023onwsiat777,2023 ONWSIAT 777 (CanLII),2023-05-19,0,0,0,0,0,0,0,,
2023onwsiat778,2023 ONWSIAT 778 (CanLII),2023-05-19,0,0,0,0,0,0,0,,
2023onwsiat779,2023 ONWSIAT 779 (CanLII),2023-05-19,0,0,0,0,0,0,0,,
2023onwsiat780,2023 ONWSIAT 780 (CanLII),2023-05-19,0,0,0,0,0,0,0,,
2023onwsiat781,2023 ONWSIAT 781 (CanLII),2023-05-19,0,0,0,0,0,0,0,,
2023onwsiat782,2023 ONWSIAT 782 (CanLII),2023-05-19,0,0,0,0,0,0,0,,
2023onwsiat783,2023 ONWSIAT 783 (CanLII),2023-05-19,0,0,0,0,0,0,0,,
2023onwsiat784,2023 ONWSIAT 784 (CanLII),2023-05-19,0,0,0,0,0,0,0,,
2023onwsiat785,2023 ONWSIAT 785 (CanLII),2023-05-23,0,0,0,0,0,0,0,,
2023onwsiat786,2023 ONWSIAT 786 (CanLII),2023-05-19,0,0,0,0,0,0,0,,
2023onwsiat787,2023 ONWSIAT 787 (CanLII),2023-05-19,0,0,0,0,0,0,0,,
2023onwsiat788,2023 ONWSIAT 788 (CanLII),2023-05-23,0,0,0,0,0,0,0,,
2023onwsiat789,2023 ONWSIAT 789 (CanLII),2023-05-23,0,0,0,0,0,0,0,,
2023onwsiat790,2023 ONWSIAT 790 (CanLII),2023-05-23,0,0,0,0,0,0,0,,
2023onwsiat791,2023 ONWSIAT 791 (CanLII),2023-05-23,0,0,0,0,0,0,0,,
2023onwsiat792,2023 ONWSIAT 792 (CanLII),2023-05-23,0,0,0,0,0,0,0,,
2023onwsiat793,2023 ONWSIAT 793 (CanLII),2023-05-23,0,0,0,0,0,0,0,,
2023onwsiat794,2023 ONWSIAT 794 (CanLII),2023-05-23,0,0,0,0,0,0,0,,
2023onwsiat795,2023 ONWSIAT 795 (CanLII),2023-05-23,0,0,0,0,0,0,0,,
2023onwsiat796,2023 ONWSIAT 796 (CanLII),2023-05-24,0,0,0,0,0,0,0,,
2023onwsiat797,2023 ONWSIAT 797 (CanLII),2023-05-24,0,0,0,0,0,0,1,,
2023onwsiat798,2023 ONWSIAT 798 (CanLII),2023-05-24,0,0,0,0,0,0,0,,
2023onwsiat799,2023 ONWSIAT 799 (CanLII),2023-05-24,0,0,0,0,0,0,0,,
2023onwsiat800,2023 ONWSIAT 800 (CanLII),2023-05-24,0,0,0,0,0,0,1,,
2023onwsiat801,2023 ONWSIAT 801 (CanLII),2023-05-24,0,0,0,0,0,0,0,,
2023onwsiat802,2023 ONWSIAT 802 (CanLII),2023-05-24,0,0,0,0,0,0,0,,
2023onwsiat803,2023 ONWSIAT 803 (CanLII),2023-05-25,0,0,0,0,0,0,0,,
2023onwsiat804,2023 ONWSIAT 804 (CanLII),2023-05-25,0,0,0,0,0,0,0,,
2023onwsiat805,2023 ONWSIAT 805 (CanLII),2023-05-26,0,0,0,0,0,0,0,,
2023onwsiat806,2023 ONWSIAT 806 (CanLII),2023-05-26,1,0,0,0,0,0,0,,
2023onwsiat807,2023 ONWSIAT 807 (CanLII),2023-05-26,0,0,0,0,0,0,0,,
2023onwsiat808,2023 ONWSIAT 808 (CanLII),2023-05-26,0,0,0,0,0,0,0,,
2023onwsiat809,2023 ONWSIAT 809 (CanLII),2023-05-26,0,0,0,0,0,0,0,,
2023onwsiat810,2023 ONWSIAT 810 (CanLII),2023-05-26,0,0,0,0,0,0,0,,
2023onwsiat811,2023 ONWSIAT 811 (CanLII),2023-05-29,0,0,0,0,0,0,0,,
2023onwsiat812,2023 ONWSIAT 812 (CanLII),2023-05-29,0,0,0,0,0,0,0,,
2023onwsiat813,2023 ONWSIAT 813 (CanLII),2023-05-29,0,0,0,0,0,0,0,,
2023onwsiat814,2023 ONWSIAT 814 (CanLII),2023-05-29,0,0,0,0,0,0,0,,
2023onwsiat815,2023 ONWSIAT 815 (CanLII),2023-05-30,0,0,0,0,0,0,0,,
2023onwsiat816,2023 ONWSIAT 816 (CanLII),2023-05-30,0,0,0,0,0,0,0,,
2023onwsiat817,2023 ONWSIAT 817 (CanLII),2023-05-30,0,0,0,0,0,0,0,,
2023onwsiat818,2023 ONWSIAT 818 (CanLII),2023-05-30,0,0,0,0,0,0,0,,
2023onwsiat819,2023 ONWSIAT 819 (CanLII),2023-05-30,0,0,0,0,0,0,0,,
2023onwsiat820,2023 ONWSIAT 820 (CanLII),2023-05-30,0,0,0,0,0,0,0,,
2023onwsiat821,2023 ONWSIAT 821 (CanLII),2023-05-31,0,0,0,0,0,0,0,,
2023onwsiat822,2023 ONWSIAT 822 (CanLII),2023-05-31,0,0,0,0,0,0,0,,
2023onwsiat823,2023 ONWSIAT 823 (CanLII),2023-05-31,0,0,0,0,0,0,0,,
2023onwsiat824,2023 ONWSIAT 824 (CanLII),2023-05-31,0,0,0,0,0,0,0,,
2023onwsiat825,2023 ONWSIAT 825 (CanLII),2023-05-31,0,0,0,0,0,0,0,,
2023onwsiat826,2023 ONWSIAT 826 (CanLII),2023-05-31,0,0,0,0,0,0,0,,
2023onwsiat827,2023 ONWSIAT 827 (CanLII),2023-06-01,0,0,0,0,0,0,0,,
2023onwsiat828,2023 ONWSIAT 828 (CanLII),2023-06-01,0,0,0,0,0,0,0,,
2023onwsiat829,2023 ONWSIAT 829 (CanLII),2023-06-01,0,0,0,0,0,0,0,,
2023onwsiat830,2023 ONWSIAT 830 (CanLII),2023-06-01,0,0,0,0,0,0,0,,
2023onwsiat831,2023 ONWSIAT 831 (CanLII),2023-06-01,0,0,0,0,0,0,0,,
2023onwsiat833,2023 ONWSIAT 833 (CanLII),2023-06-01,0,0,0,0,0,0,0,,
2023onwsiat834,2023 ONWSIAT 834 (CanLII),2023-06-01,0,0,0,0,0,0,0,,
2023onwsiat835,2023 ONWSIAT 835 (CanLII),2023-06-01,0,0,0,0,0,0,0,,
2023onwsiat836,2023 ONWSIAT 836 (CanLII),2023-06-02,0,0,0,0,0,0,0,,
2023onwsiat837,2023 ONWSIAT 837 (CanLII),2023-06-02,0,0,0,0,0,0,0,,
2023onwsiat838,2023 ONWSIAT 838 (CanLII),2023-06-02,0,0,0,0,0,0,0,,
2023onwsiat839,2023 ONWSIAT 839 (CanLII),2023-06-02,0,0,0,0,0,0,0,,
2023onwsiat840,2023 ONWSIAT 840 (CanLII),2023-06-02,0,0,0,0,0,0,0,,
2023onwsiat841,2023 ONWSIAT 841 (CanLII),2023-06-05,0,0,0,0,0,0,0,,
2023onwsiat842,2023 ONWSIAT 842 (CanLII),2023-06-05,0,0,0,0,0,0,0,,
2023onwsiat843,2023 ONWSIAT 843 (CanLII),2023-06-05,0,0,0,0,0,0,0,,
2023onwsiat844,2023 ONWSIAT 844 (CanLII),2023-06-05,0,0,0,0,0,0,0,,
2023onwsiat845,2023 ONWSIAT 845 (CanLII),2023-06-05,0,0,0,0,0,0,0,,
2023onwsiat846,2023 ONWSIAT 846 (CanLII),2023-06-05,0,0,0,0,0,0,0,,
2023onwsiat847,2023 ONWSIAT 847 (CanLII),2023-06-06,0,0,0,0,0,0,0,,
2023onwsiat848,2023 ONWSIAT 848 (CanLII),2023-06-06,0,0,0,0,0,0,0,,
2023onwsiat849,2023 ONWSIAT 849 (CanLII),2023-06-06,0,0,0,0,0,0,0,,
2023onwsiat850,2023 ONWSIAT 850 (CanLII),2023-06-06,0,0,0,0,0,0,0,,
2023onwsiat851,2023 ONWSIAT 851 (CanLII),2023-06-06,0,0,0,0,0,0,0,,
2023onwsiat852,2023 ONWSIAT 852 (CanLII),2023-06-06,0,0,0,0,0,0,0,,
2023onwsiat853,2023 ONWSIAT 853 (CanLII),2023-06-06,0,0,0,0,0,0,0,,
2023onwsiat854,2023 ONWSIAT 854 (CanLII),2023-06-06,0,0,0,0,0,0,0,,
2023onwsiat855,2023 ONWSIAT 855 (CanLII),2023-06-06,0,0,0,0,0,0,0,,
2023onwsiat856,2023 ONWSIAT 856 (CanLII),2023-06-06,0,0,0,0,0,0,0,,
2023onwsiat858,2023 ONWSIAT 858 (CanLII),2023-06-07,0,0,0,0,0,0,0,,
2023onwsiat859,2023 ONWSIAT 859 (CanLII),2023-06-07,0,0,0,0,0,0,0,,
2023onwsiat860,2023 ONWSIAT 860 (CanLII),2023-06-07,0,0,0,0,0,0,0,,
2023onwsiat861,2023 ONWSIAT 861 (CanLII),2023-06-07,0,0,0,0,0,0,0,,
2023onwsiat862,2023 ONWSIAT 862 (CanLII),2023-06-08,0,0,0,0,0,0,0,,
2023onwsiat863,2023 ONWSIAT 863 (CanLII),2023-06-08,0,0,0,0,0,0,0,,
2023onwsiat864,2023 ONWSIAT 864 (CanLII),2023-06-08,0,0,0,0,0,0,0,,
2023onwsiat865,2023 ONWSIAT 865 (CanLII),2023-06-08,0,0,0,0,0,0,0,,
2023onwsiat866,2023 ONWSIAT 866 (CanLII),2023-06-09,0,0,0,0,0,0,0,,
2023onwsiat867,2023 ONWSIAT 867 (CanLII),2023-06-09,0,0,0,0,0,0,0,,
2023onwsiat868,2023 ONWSIAT 868 (CanLII),2023-06-09,0,0,0,0,0,0,0,,
2023onwsiat869,2023 ONWSIAT 869 (CanLII),2023-06-09,0,0,0,0,0,0,0,,
2023onwsiat870,2023 ONWSIAT 870 (CanLII),2023-06-09,0,0,0,0,0,0,0,,
2023onwsiat871,2023 ONWSIAT 871 (CanLII),2023-06-09,0,0,0,0,0,0,0,,
2023onwsiat872,2023 ONWSIAT 872 (CanLII),2023-06-09,0,0,0,0,0,0,0,,
2023onwsiat873,2023 ONWSIAT 873 (CanLII),2023-06-09,0,0,0,0,0,0,0,,
2023onwsiat874,2023 ONWSIAT 874 (CanLII),2023-06-09,0,0,0,0,0,0,0,,
2023onwsiat875,2023 ONWSIAT 875 (CanLII),2023-06-09,0,0,0,0,0,0,0,,
2023onwsiat876,2023 ONWSIAT 876 (CanLII),2023-06-12,0,0,0,0,0,0,1,,
2023onwsiat877,2023 ONWSIAT 877 (CanLII),2023-06-12,0,0,0,0,0,0,0,,
2023onwsiat878,2023 ONWSIAT 878 (CanLII),2023-06-12,0,0,0,0,0,0,0,,
2023onwsiat879,2023 ONWSIAT 879 (CanLII),2023-06-12,0,0,0,0,0,0,0,,
2023onwsiat880,2023 ONWSIAT 880 (CanLII),2023-06-12,0,0,0,0,0,0,1,,
2023onwsiat881,2023 ONWSIAT 881 (CanLII),2023-06-12,0,0,0,0,0,0,0,,
2023onwsiat882,2023 ONWSIAT 882 (CanLII),2023-06-13,0,0,0,0,0,0,0,,
2023onwsiat883,2023 ONWSIAT 883 (CanLII),2023-06-13,0,0,0,0,0,0,0,,
2023onwsiat884,2023 ONWSIAT 884 (CanLII),2023-06-13,0,0,0,0,0,0,0,,
2023onwsiat885,2023 ONWSIAT 885 (CanLII),2023-06-13,0,0,0,0,0,0,0,,
2023onwsiat886,2023 ONWSIAT 886 (CanLII),2023-06-13,0,0,0,0,0,0,0,,
2023onwsiat887,2023 ONWSIAT 887 (CanLII),2023-06-13,0,0,0,0,0,0,0,,
2023onwsiat1083,2023 ONWSIAT 1083 (CanLII),2023-07-19,0,0,0,0,0,0,0,,
2023onwsiat1087,2023 ONWSIAT 1087 (CanLII),2023-07-19,0,0,0,0,0,0,1,,
2023onwsiat1088,2023 ONWSIAT 1088 (CanLII),2023-07-19,0,0,0,0,0,0,1,,
2023onwsiat1089,2023 ONWSIAT 1089 (CanLII),2023-07-19,0,0,0,0,0,0,0,,
2023onwsiat1091,2023 ONWSIAT 1091 (CanLII),2023-07-19,0,0,0,0,0,0,0,,
2023onwsiat1093,2023 ONWSIAT 1093 (CanLII),2023-07-19,0,0,0,0,0,0,1,,
2023onwsiat1094,2023 ONWSIAT 1094 (CanLII),2023-07-20,0,0,0,0,0,0,0,,
2023onwsiat1095,2023 ONWSIAT 1095 (CanLII),2023-07-20,0,0,0,0,0,0,0,,
2023onwsiat1096,2023 ONWSIAT 1096 (CanLII),2023-07-20,0,0,0,0,0,0,0,,
2023onwsiat1097,2023 ONWSIAT 1097 (CanLII),2023-07-20,0,0,0,0,0,0,0,,
2023onwsiat1098,2023 ONWSIAT 1098 (CanLII),2023-07-20,0,0,0,0,0,0,0,,
2023onwsiat1099,2023 ONWSIAT 1099 (CanLII),2023-07-20,0,0,0,0,0,0,0,,
2023onwsiat1100,2023 ONWSIAT 1100 (CanLII),2023-07-20,0,0,0,0,0,0,0,,
2023onwsiat1101,2023 ONWSIAT 1101 (CanLII),2023-07-20,0,0,0,0,0,0,0,,
2023onwsiat1102,2023 ONWSIAT 1102 (CanLII),2023-07-20,0,0,0,0,0,0,0,,
2023onwsiat1103,2023 ONWSIAT 1103 (CanLII),2023-07-20,0,0,0,0,0,0,0,,
2023onwsiat1104,2023 ONWSIAT 1104 (CanLII),2023-07-20,0,0,0,0,0,0,0,,
2023onwsiat1105,2023 ONWSIAT 1105 (CanLII),2023-07-20,0,0,0,0,0,0,0,,
2023onwsiat1106,2023 ONWSIAT 1106 (CanLII),2023-07-20,0,0,0,0,0,0,0,,
2023onwsiat1107,2023 ONWSIAT 1107 (CanLII),2023-07-20,0,0,0,0,0,0,0,,
2023onwsiat1108,2023 ONWSIAT 1108 (CanLII),2023-07-20,0,0,0,0,0,0,0,,
2023onwsiat1109,2023 ONWSIAT 1109 (CanLII),2023-07-20,0,0,0,0,0,0,0,,
2023onwsiat1110,2023 ONWSIAT 1110 (CanLII),2023-07-20,0,0,0,0,0,0,0,,
2023onwsiat1111,2023 ONWSIAT 1111 (CanLII),2023-07-20,0,0,0,0,0,0,0,,
2023onwsiat1112,2023 ONWSIAT 1112 (CanLII),2023-07-20,0,0,0,0,0,0,0,,
2023onwsiat1113,2023 ONWSIAT 1113 (CanLII),2023-07-21,0,0,0,0,0,0,0,,
2023onwsiat1114,2023 ONWSIAT 1114 (CanLII),2023-07-21,0,0,0,0,0,0,0,,
2023onwsiat1115,2023 ONWSIAT 1115 (CanLII),2023-07-24,0,0,0,0,0,0,0,,
2023onwsiat1116,2023 ONWSIAT 1116 (CanLII),2023-07-24,0,0,0,0,0,0,0,,
2023onwsiat1117,2023 ONWSIAT 1117 (CanLII),2023-07-24,0,0,0,0,0,0,0,,
2023onwsiat1118,2023 ONWSIAT 1118 (CanLII),2023-07-24,0,0,0,0,0,0,0,,
2023onwsiat1119,2023 ONWSIAT 1119 (CanLII),2023-07-24,0,0,0,0,0,0,0,,
2023onwsiat1121,2023 ONWSIAT 1121 (CanLII),2023-07-25,0,0,0,0,0,0,0,,
2023onwsiat1122,2023 ONWSIAT 1122 (CanLII),2023-07-25,0,0,0,0,0,0,0,,
2023onwsiat1123,2023 ONWSIAT 1123 (CanLII),2023-07-25,0,0,0,0,0,0,0,,
2023onwsiat1154,2023 ONWSIAT 1154 (CanLII),2023-07-31,0,0,0,0,0,0,0,,
2023onwsiat1155,2023 ONWSIAT 1155 (CanLII),2023-07-31,0,0,0,0,0,0,0,,
2023onwsiat1156,2023 ONWSIAT 1156 (CanLII),2023-07-31,0,0,0,0,0,0,0,,
2023onwsiat1157,2023 ONWSIAT 1157 (CanLII),2023-07-31,0,0,0,0,0,0,0,,
2023onwsiat1158,2023 ONWSIAT 1158 (CanLII),2023-08-01,0,0,0,0,0,0,0,,
2023onwsiat1159,2023 ONWSIAT 1159 (CanLII),2023-08-01,0,0,0,0,0,0,0,,
2023onwsiat1160,2023 ONWSIAT 1160 (CanLII),2023-08-01,0,0,0,0,0,0,0,,
2023onwsiat1161,2023 ONWSIAT 1161 (CanLII),2023-08-02,0,0,0,0,0,0,0,,
2023onwsiat1162,2023 ONWSIAT 1162 (CanLII),2023-08-01,0,0,0,0,0,0,0,,
2023onwsiat1163,2023 ONWSIAT 1163 (CanLII),2023-08-01,0,0,0,0,0,0,0,,
2023onwsiat1164,2023 ONWSIAT 1164 (CanLII),2023-08-01,0,0,0,0,0,0,0,,
2023onwsiat1165,2023 ONWSIAT 1165 (CanLII),2023-08-01,0,0,0,0,0,0,0,,
2023onwsiat1166,2023 ONWSIAT 1166 (CanLII),2023-08-01,0,0,0,0,0,0,0,,
2023onwsiat1167,2023 ONWSIAT 1167 (CanLII),2023-08-01,0,0,0,0,0,0,0,,
2023onwsiat1168,2023 ONWSIAT 1168 (CanLII),2023-08-01,0,0,0,0,0,0,0,,
2023onwsiat1169,2023 ONWSIAT 1169 (CanLII),2023-08-02,0,0,0,0,0,0,0,,
2023onwsiat1170,2023 ONWSIAT 1170 (CanLII),2023-08-02,0,0,0,0,0,0,0,,
2023onwsiat1171,2023 ONWSIAT 1171 (CanLII),2023-08-02,0,0,0,0,0,0,0,,
2023onwsiat1172,2023 ONWSIAT 1172 (CanLII),2023-08-02,0,0,0,0,0,0,0,,
2023onwsiat1173,2023 ONWSIAT 1173 (CanLII),2023-08-02,0,0,0,0,0,0,0,,
2023onwsiat1174,2023 ONWSIAT 1174 (CanLII),2023-08-02,0,0,0,0,0,0,1,,
2023onwsiat1175,2023 ONWSIAT 1175 (CanLII),2023-08-03,0,0,0,0,0,0,0,,
2023onwsiat1176,2023 ONWSIAT 1176 (CanLII),2023-08-03,0,0,0,0,0,0,0,,
2023onwsiat1177,2023 ONWSIAT 1177 (CanLII),2023-08-03,0,0,0,0,0,0,0,,
2023onwsiat1178,2023 ONWSIAT 1178 (CanLII),2023-08-03,0,0,0,0,0,0,0,,
2023onwsiat1179,2023 ONWSIAT 1179 (CanLII),2023-08-03,0,0,0,0,0,0,0,,
2023onwsiat1180,2023 ONWSIAT 1180 (CanLII),2023-08-03,0,0,0,0,0,0,0,,
2023onwsiat1181,2023 ONWSIAT 1181 (CanLII),2023-08-03,0,0,0,0,0,0,0,,
2023onwsiat1182,2023 ONWSIAT 1182 (CanLII),2023-08-03,0,0,0,0,0,0,0,,
2023onwsiat1183,2023 ONWSIAT 1183 (CanLII),2023-08-04,0,0,0,0,0,0,0,,
2023onwsiat1184,2023 ONWSIAT 1184 (CanLII),2023-08-04,0,0,0,0,0,0,0,,
2023onwsiat1185,2023 ONWSIAT 1185 (CanLII),2023-08-04,0,0,0,0,0,0,0,,
2023onwsiat1186,2023 ONWSIAT 1186 (CanLII),2023-08-04,0,0,0,0,0,0,0,,
2023onwsiat1187,2023 ONWSIAT 1187 (CanLII),2023-08-04,0,0,0,0,0,0,0,,
2023onwsiat1188,2023 ONWSIAT 1188 (CanLII),2023-08-04,0,0,0,0,0,0,0,,
2023onwsiat1189,2023 ONWSIAT 1189 (CanLII),2023-08-04,0,0,0,0,0,0,1,,
2023onwsiat1269,2023 ONWSIAT 1269 (CanLII),2023-08-18,0,0,0,0,0,0,0,,
2023onwsiat1270,2023 ONWSIAT 1270 (CanLII),2023-08-18,0,0,0,0,0,0,0,,
2023onwsiat1271,2023 ONWSIAT 1271 (CanLII),2023-08-18,0,0,0,0,0,0,0,,
2023onwsiat1272,2023 ONWSIAT 1272 (CanLII),2023-08-18,0,0,0,0,0,0,0,,
2023onwsiat1273,2023 ONWSIAT 1273 (CanLII),2023-08-18,0,0,0,0,0,0,0,,
2023onwsiat1274,2023 ONWSIAT 1274 (CanLII),2023-08-18,0,0,0,0,0,0,0,,
2023onwsiat1275,2023 ONWSIAT 1275 (CanLII),2023-08-18,0,0,0,0,0,0,0,,
2023onwsiat1276,2023 ONWSIAT 1276 (CanLII),2023-08-18,0,0,0,0,0,0,0,,
2023onwsiat1277,2023 ONWSIAT 1277 (CanLII),2023-08-18,0,0,0,0,0,0,0,,
2023onwsiat1278,2023 ONWSIAT 1278 (CanLII),2023-08-18,0,0,0,0,0,0,0,,
2023onwsiat1279,2023 ONWSIAT 1279 (CanLII),2023-08-18,0,0,0,0,0,0,0,,
2023onwsiat1280,2023 ONWSIAT 1280 (CanLII),2023-08-18,0,0,0,0,0,0,0,,
2023onwsiat1281,2023 ONWSIAT 1281 (CanLII),2023-08-21,0,0,0,0,0,0,0,,
2023onwsiat1282,2023 ONWSIAT 1282 (CanLII),2023-08-21,0,0,0,0,0,0,0,,
2023onwsiat1283,2023 ONWSIAT 1283 (CanLII),2023-08-21,0,0,0,0,0,0,0,,
2023onwsiat1284,2023 ONWSIAT 1284 (CanLII),2023-08-21,0,0,0,0,0,0,0,,
2023onwsiat1285,2023 ONWSIAT 1285 (CanLII),2023-08-21,0,0,0,0,0,0,0,,
2023onwsiat1286,2023 ONWSIAT 1286 (CanLII),2023-08-21,0,0,0,0,0,0,0,,
2023onwsiat1287,2023 ONWSIAT 1287 (CanLII),2023-08-22,0,0,0,0,0,0,0,,
2023onwsiat1288,2023 ONWSIAT 1288 (CanLII),2023-08-22,0,0,0,0,0,0,0,,
2023onwsiat1289,2023 ONWSIAT 1289 (CanLII),2023-08-23,0,0,0,0,0,0,1,,
2023onwsiat1290,2023 ONWSIAT 1290 (CanLII),2023-08-23,0,0,0,0,0,0,0,,
2023onwsiat1291,2023 ONWSIAT 1291 (CanLII),2023-08-23,0,0,0,0,0,0,0,,
2023onwsiat1292,2023 ONWSIAT 1292 (CanLII),2023-08-23,0,0,0,0,0,0,0,,
2023onwsiat1293,2023 ONWSIAT 1293 (CanLII),2023-08-23,0,0,0,0,0,0,0,,
2023onwsiat1294,2023 ONWSIAT 1294 (CanLII),2023-08-23,0,0,0,0,0,0,0,,
2023onwsiat1379,2023 ONWSIAT 1379 (CanLII),2023-09-13,0,0,0,0,0,0,0,,
2023onwsiat1394,2023 ONWSIAT 1394 (CanLII),2023-09-13,0,0,0,0,0,0,0,,
2023onwsiat1395,2023 ONWSIAT 1395 (CanLII),2023-09-13,0,0,0,0,0,0,0,,
2023onwsiat1396,2023 ONWSIAT 1396 (CanLII),2023-09-13,0,0,0,0,0,0,0,,
2023onwsiat1397,2023 ONWSIAT 1397 (CanLII),2023-09-13,0,0,0,0,0,0,0,,
2023onwsiat1398,2023 ONWSIAT 1398 (CanLII),2023-09-13,0,0,0,0,0,0,0,,
2023onwsiat1399,2023 ONWSIAT 1399 (CanLII),2023-09-13,0,0,0,0,0,0,0,,
2023onwsiat1400,2023 ONWSIAT 1400 (CanLII),2023-09-13,0,0,0,0,0,0,0,,
2023onwsiat1401,2023 ONWSIAT 1401 (CanLII),2023-09-13,0,0,0,0,0,0,0,,
2023onwsiat1402,2023 ONWSIAT 1402 (CanLII),2023-09-13,0,0,0,0,0,0,0,,
2023onwsiat1403,2023 ONWSIAT 1403 (CanLII),2023-09-13,0,0,0,0,0,0,0,,
2023onwsiat1404,2023 ONWSIAT 1404 (CanLII),2023-09-13,0,0,0,0,0,0,0,,
2023onwsiat1405,2023 ONWSIAT 1405 (CanLII),2023-09-13,0,0,0,0,0,0,0,,
2023onwsiat1406,2023 ONWSIAT 1406 (CanLII),2023-09-13,0,0,0,0,0,0,0,,
2023onwsiat1407,2023 ONWSIAT 1407 (CanLII),2023-09-13,0,0,0,0,0,0,0,,
2023onwsiat1408,2023 ONWSIAT 1408 (CanLII),2023-09-15,0,0,0,0,0,0,0,,
2023onwsiat1409,2023 ONWSIAT 1409 (CanLII),2023-09-14,0,0,0,0,0,0,0,,
2023onwsiat1410,2023 ONWSIAT 1410 (CanLII),2023-09-14,0,0,0,0,0,0,0,,
2023onwsiat1411,2023 ONWSIAT 1411 (CanLII),2023-09-14,0,0,0,0,0,0,0,,
2023onwsiat1412,2023 ONWSIAT 1412 (CanLII),2023-09-14,0,0,0,0,0,0,0,,
2023onwsiat1413,2023 ONWSIAT 1413 (CanLII),2023-09-14,0,0,0,0,0,0,0,,
2023onwsiat1414,2023 ONWSIAT 1414 (CanLII),2023-09-14,0,0,0,0,0,0,0,,
2023onwsiat1415,2023 ONWSIAT 1415 (CanLII),2023-09-14,0,0,0,0,0,0,1,,
2023onwsiat1416,2023 ONWSIAT 1416 (CanLII),2023-09-14,0,0,0,0,0,0,0,,
2023onwsiat1417,2023 ONWSIAT 1417 (CanLII),2023-09-14,0,0,0,0,0,0,0,,
2023onwsiat1418,2023 ONWSIAT 1418 (CanLII),2023-09-14,0,0,0,0,0,0,0,,
2023onwsiat1419,2023 ONWSIAT 1419 (CanLII),2023-09-15,0,0,0,0,0,0,0,,
2023onwsiat1420,2023 ONWSIAT 1420 (CanLII),2023-09-15,0,0,0,0,0,0,0,,
2023onwsiat1421,2023 ONWSIAT 1421 (CanLII),2023-09-15,0,0,0,0,0,0,0,,
2023onwsiat1422,2023 ONWSIAT 1422 (CanLII),2023-09-15,0,0,0,0,0,0,0,,
2023onwsiat1423,2023 ONWSIAT 1423 (CanLII),2023-09-15,0,0,0,0,0,0,0,,
2023onwsiat1424,2023 ONWSIAT 1424 (CanLII),2023-09-15,0,0,0,0,0,0,0,,
2023onwsiat1425,2023 ONWSIAT 1425 (CanLII),2023-09-15,0,0,0,0,0,0,0,,
2023onwsiat1426,2023 ONWSIAT 1426 (CanLII),2023-09-15,0,0,0,0,0,0,0,,
2023onwsiat1427,2023 ONWSIAT 1427 (CanLII),2023-09-15,0,0,0,0,0,0,0,,
2023onwsiat1428,2023 ONWSIAT 1428 (CanLII),2023-09-18,0,0,0,0,0,0,0,,
2023onwsiat1429,2023 ONWSIAT 1429 (CanLII),2023-09-18,0,0,0,0,0,0,0,,
2023onwsiat1430,2023 ONWSIAT 1430 (CanLII),2023-09-18,0,0,0,0,0,0,0,,
2023onwsiat1431,2023 ONWSIAT 1431 (CanLII),2023-09-18,0,0,0,0,0,0,0,,
2023onwsiat1432,2023 ONWSIAT 1432 (CanLII),2023-09-18,0,0,0,0,0,0,0,,
2023onwsiat1433,2023 ONWSIAT 1433 (CanLII),2023-09-18,0,0,0,0,0,0,0,,
2023onwsiat1434,2023 ONWSIAT 1434 (CanLII),2023-09-18,0,0,0,0,0,0,0,,
2023onwsiat1435,2023 ONWSIAT 1435 (CanLII),2023-09-19,0,0,0,0,0,0,0,,
2023onwsiat1436,2023 ONWSIAT 1436 (CanLII),2023-09-19,0,0,0,0,0,0,0,,
2023onwsiat1437,2023 ONWSIAT 1437 (CanLII),2023-09-19,0,0,0,0,0,0,0,,
2023onwsiat1438,2023 ONWSIAT 1438 (CanLII),2023-09-19,0,0,0,0,0,0,0,,
2023onwsiat1439,2023 ONWSIAT 1439 (CanLII),2023-09-19,0,0,0,0,0,0,0,,
2023onwsiat1440,2023 ONWSIAT 1440 (CanLII),2023-09-19,0,0,0,0,0,0,0,,
2023onwsiat1441,2023 ONWSIAT 1441 (CanLII),2023-09-19,0,0,0,0,0,0,0,,
2023onwsiat1442,2023 ONWSIAT 1442 (CanLII),2023-09-19,0,0,0,0,0,0,0,,
2023onwsiat1443,2023 ONWSIAT 1443 (CanLII),2023-09-19,0,0,0,0,0,0,0,,
2023onwsiat1444,2023 ONWSIAT 1444 (CanLII),2023-09-19,0,0,0,0,0,0,0,,
2023onwsiat1445,2023 ONWSIAT 1445 (CanLII),2023-09-19,1,0,0,0,0,0,0,,
2023onwsiat1446,2023 ONWSIAT 1446 (CanLII),2023-09-19,0,0,0,0,0,0,0,,
2023onwsiat1447,2023 ONWSIAT 1447 (CanLII),2023-09-19,0,0,0,0,0,0,0,,
2023onwsiat1448,2023 ONWSIAT 1448 (CanLII),2023-09-19,0,0,0,0,0,0,0,,
2023onwsiat1449,2023 ONWSIAT 1449 (CanLII),2023-09-20,0,0,0,0,0,0,0,,
2023onwsiat1450,2023 ONWSIAT 1450 (CanLII),2023-09-20,0,0,0,0,0,0,0,,
2023onwsiat1451,2023 ONWSIAT 1451 (CanLII),2023-09-20,0,0,0,0,0,0,0,,
2023onwsiat1452,2023 ONWSIAT 1452 (CanLII),2023-09-20,0,0,0,0,0,0,0,,
2023onwsiat1453,2023 ONWSIAT 1453 (CanLII),2023-09-20,0,0,0,0,0,0,0,,
2023onwsiat1454,2023 ONWSIAT 1454 (CanLII),2023-09-20,0,0,0,0,0,0,0,,
2023onwsiat1455,2023 ONWSIAT 1455 (CanLII),2023-09-20,0,0,0,0,0,0,0,,
2023onwsiat1456,2023 ONWSIAT 1456 (CanLII),2023-09-20,0,0,0,0,0,0,0,,
2023onwsiat1457,2023 ONWSIAT 1457 (CanLII),2023-09-20,0,0,0,0,0,0,0,,
2023onwsiat1458,2023 ONWSIAT 1458 (CanLII),2023-09-21,0,0,0,0,0,0,0,,
2023onwsiat1459,2023 ONWSIAT 1459 (CanLII),2023-09-21,0,0,0,0,0,0,0,,
2023onwsiat1460,2023 ONWSIAT 1460 (CanLII),2023-09-21,0,0,0,0,0,0,0,,
2023onwsiat1461,2023 ONWSIAT 1461 (CanLII),2023-09-21,0,0,0,0,0,0,0,,
2023onwsiat1462,2023 ONWSIAT 1462 (CanLII),2023-09-22,0,0,0,0,0,0,0,,
2023onwsiat1463,2023 ONWSIAT 1463 (CanLII),2023-09-22,0,0,0,0,0,0,0,,
2023onwsiat1464,2023 ONWSIAT 1464 (CanLII),2023-09-22,0,0,0,0,0,0,0,,
2023onwsiat1465,2023 ONWSIAT 1465 (CanLII),2023-09-22,0,0,0,0,0,0,0,,
2023onwsiat1466,2023 ONWSIAT 1466 (CanLII),2023-09-22,0,0,0,0,0,0,0,,
2023onwsiat1467,2023 ONWSIAT 1467 (CanLII),2023-09-22,0,0,0,0,0,0,0,,
2023onwsiat1468,2023 ONWSIAT 1468 (CanLII),2023-09-22,0,0,0,0,0,0,0,,
2023onwsiat1469,2023 ONWSIAT 1469 (CanLII),2023-09-22,0,0,0,0,0,0,0,,
2023onwsiat1470,2023 ONWSIAT 1470 (CanLII),2023-09-22,0,0,0,0,0,0,0,,
2023onwsiat1471,2023 ONWSIAT 1471 (CanLII),2023-09-22,0,0,0,0,0,0,0,,
2023onwsiat1472,2023 ONWSIAT 1472 (CanLII),2023-09-22,0,0,0,0,0,0,0,,
2023onwsiat1473,2023 ONWSIAT 1473 (CanLII),2023-09-22,0,0,0,0,0,0,0,,
2023onwsiat1474,2023 ONWSIAT 1474 (CanLII),2023-09-25,0,0,0,0,0,0,0,,
2023onwsiat1475,2023 ONWSIAT 1475 (CanLII),2023-09-25,0,0,0,0,0,0,0,,
2023onwsiat1476,2023 ONWSIAT 1476 (CanLII),2023-09-25,0,0,0,0,0,0,0,,
2023onwsiat1477,2023 ONWSIAT 1477 (CanLII),2023-09-25,0,0,0,0,0,0,0,,
2023onwsiat1478,2023 ONWSIAT 1478 (CanLII),2023-09-25,0,0,0,0,0,0,0,,
2023onwsiat1479,2023 ONWSIAT 1479 (CanLII),2023-09-25,0,0,0,0,0,0,0,,
2023onwsiat1480,2023 ONWSIAT 1480 (CanLII),2023-09-25,0,0,0,0,0,0,0,,
2023onwsiat1481,2023 ONWSIAT 1481 (CanLII),2023-09-25,0,0,0,0,0,0,0,,
2023onwsiat1482,2023 ONWSIAT 1482 (CanLII),2023-09-25,0,0,0,0,0,0,0,,
2023onwsiat1483,2023 ONWSIAT 1483 (CanLII),2023-09-25,0,0,0,0,0,0,0,,
2023onwsiat1484,2023 ONWSIAT 1484 (CanLII),2023-09-26,0,0,0,0,0,0,0,,
2023onwsiat1485,2023 ONWSIAT 1485 (CanLII),2023-09-26,0,0,0,0,0,0,0,,
2023onwsiat1486,2023 ONWSIAT 1486 (CanLII),2023-09-26,0,0,0,0,0,0,0,,
2023onwsiat1487,2023 ONWSIAT 1487 (CanLII),2023-09-26,0,0,0,0,0,0,0,,
2023onwsiat1488,2023 ONWSIAT 1488 (CanLII),2023-09-26,0,0,0,0,0,0,0,,
2023onwsiat1489,2023 ONWSIAT 1489 (CanLII),2023-09-26,0,0,0,0,0,0,0,,
2023onwsiat1490,2023 ONWSIAT 1490 (CanLII),2023-09-27,0,0,0,0,0,0,0,,
2023onwsiat1491,2023 ONWSIAT 1491 (CanLII),2023-09-27,0,0,0,0,0,0,1,,
2023onwsiat1492,2023 ONWSIAT 1492 (CanLII),2023-09-27,0,0,0,0,0,0,0,,
2023onwsiat1493,2023 ONWSIAT 1493 (CanLII),2023-09-27,0,0,0,0,0,0,0,,
2023onwsiat1494,2023 ONWSIAT 1494 (CanLII),2023-09-27,0,0,0,0,0,0,0,,
2023onwsiat1495,2023 ONWSIAT 1495 (CanLII),2023-09-27,0,0,0,0,0,0,0,,
2023onwsiat1496,2023 ONWSIAT 1496 (CanLII),2023-09-27,0,0,0,0,0,0,0,,
2023onwsiat1497,2023 ONWSIAT 1497 (CanLII),2023-09-27,0,0,0,0,0,0,0,,
2023onwsiat1498,2023 ONWSIAT 1498 (CanLII),2023-09-28,0,0,0,0,0,0,0,,
2023onwsiat1499,2023 ONWSIAT 1499 (CanLII),2023-09-28,0,0,0,0,0,0,0,,
2023onwsiat1500,2023 ONWSIAT 1500 (CanLII),2023-09-28,0,0,0,0,0,0,0,,
2023onwsiat1501,2023 ONWSIAT 1501 (CanLII),2023-09-28,0,0,0,0,0,0,0,,
2023onwsiat1502,2023 ONWSIAT 1502 (CanLII),2023-09-28,1,0,0,0,0,0,0,,
2023onwsiat1503,2023 ONWSIAT 1503 (CanLII),2023-09-28,0,0,0,0,0,0,0,,
2023onwsiat1504,2023 ONWSIAT 1504 (CanLII),2023-09-28,0,0,0,0,0,0,0,,
2023onwsiat1505,2023 ONWSIAT 1505 (CanLII),2023-09-28,0,0,0,0,0,0,0,,
2023onwsiat1506,2023 ONWSIAT 1506 (CanLII),2023-09-28,0,0,0,0,0,0,0,,
2023onwsiat1507,2023 ONWSIAT 1507 (CanLII),2023-09-29,0,0,0,0,0,0,0,,
2023onwsiat1508,2023 ONWSIAT 1508 (CanLII),2023-09-29,0,0,0,0,0,0,0,,
2023onwsiat1509,2023 ONWSIAT 1509 (CanLII),2023-09-29,0,0,0,0,0,0,0,,
2023onwsiat1510,2023 ONWSIAT 1510 (CanLII),2023-09-29,0,0,0,0,0,0,0,,
2023onwsiat1511,2023 ONWSIAT 1511 (CanLII),2023-09-29,0,0,0,0,0,0,0,,
2023onwsiat1512,2023 ONWSIAT 1512 (CanLII),2023-09-29,0,0,0,0,0,0,0,,
2023onwsiat1513,2023 ONWSIAT 1513 (CanLII),2023-09-29,0,0,0,0,0,0,0,,
2023onwsiat1514,2023 ONWSIAT 1514 (CanLII),2023-09-29,0,0,0,0,0,0,0,,
2023onwsiat1515,2023 ONWSIAT 1515 (CanLII),2023-09-29,0,0,0,0,0,0,1,,
2023onwsiat1516,2023 ONWSIAT 1516 (CanLII),2023-09-29,0,0,0,0,0,0,0,,
2023onwsiat1517,2023 ONWSIAT 1517 (CanLII),2023-10-03,0,0,0,0,0,0,0,,
2023onwsiat1518,2023 ONWSIAT 1518 (CanLII),2023-10-03,0,0,0,0,0,0,0,,
2023onwsiat1519,2023 ONWSIAT 1519 (CanLII),2023-10-03,0,0,0,0,0,0,0,,
2023onwsiat1520,2023 ONWSIAT 1520 (CanLII),2023-10-03,0,0,0,0,0,0,0,,
2023onwsiat1521,2023 ONWSIAT 1521 (CanLII),2023-10-03,0,0,0,0,0,0,0,,
2023onwsiat1522,2023 ONWSIAT 1522 (CanLII),2023-10-04,0,0,0,0,0,0,0,,
2023onwsiat1523,2023 ONWSIAT 1523 (CanLII),2023-10-04,0,0,0,0,0,0,0,,
2023onwsiat1524,2023 ONWSIAT 1524 (CanLII),2023-10-04,0,0,0,0,0,0,0,,
2023onwsiat1525,2023 ONWSIAT 1525 (CanLII),2023-10-04,0,0,0,0,0,0,0,,
2023onwsiat1526,2023 ONWSIAT 1526 (CanLII),2023-10-04,0,0,0,0,0,0,0,,
2023onwsiat1527,2023 ONWSIAT 1527 (CanLII),2023-10-04,0,0,0,0,0,0,0,,
2023onwsiat1528,2023 ONWSIAT 1528 (CanLII),2023-10-04,0,0,0,0,0,0,0,,
2023onwsiat1529,2023 ONWSIAT 1529 (CanLII),2023-10-04,0,0,0,0,0,0,0,,
2023onwsiat1530,2023 ONWSIAT 1530 (CanLII),2023-10-04,0,0,0,0,0,0,0,,
2023onwsiat1531,2023 ONWSIAT 1531 (CanLII),2023-10-04,0,0,0,0,0,0,0,,
2023onwsiat1532,2023 ONWSIAT 1532 (CanLII),2023-10-04,0,0,0,0,0,0,0,,
2023onwsiat1533,2023 ONWSIAT 1533 (CanLII),2023-10-04,0,0,0,0,0,0,0,,
2023onwsiat1534,2023 ONWSIAT 1534 (CanLII),2023-10-04,0,0,0,0,0,0,0,,
2023onwsiat1535,2023 ONWSIAT 1535 (CanLII),2023-10-04,0,0,0,0,0,0,0,,
2023onwsiat1536,2023 ONWSIAT 1536 (CanLII),2023-10-05,0,0,0,0,0,0,0,,
2023onwsiat1537,2023 ONWSIAT 1537 (CanLII),2023-10-05,0,0,0,0,0,0,0,,
2023onwsiat1538,2023 ONWSIAT 1538 (CanLII),2023-10-05,0,0,0,0,0,0,0,,
2023onwsiat1539,2023 ONWSIAT 1539 (CanLII),2023-10-05,0,0,0,0,0,0,0,,
2023onwsiat1540,2023 ONWSIAT 1540 (CanLII),2023-10-05,0,0,0,0,0,0,0,,
2023onwsiat1541,2023 ONWSIAT 1541 (CanLII),2023-10-05,0,0,0,0,0,0,1,,
2023onwsiat1542,2023 ONWSIAT 1542 (CanLII),2023-10-05,0,0,0,0,0,0,0,,
2023onwsiat1543,2023 ONWSIAT 1543 (CanLII),2023-10-05,0,0,0,0,0,0,0,,
2023onwsiat1544,2023 ONWSIAT 1544 (CanLII),2023-10-06,0,0,0,0,0,0,0,,
2023onwsiat1545,2023 ONWSIAT 1545 (CanLII),2023-10-06,0,0,0,0,0,0,0,,
2023onwsiat1546,2023 ONWSIAT 1546 (CanLII),2023-10-06,0,0,0,0,0,0,0,,
2023onwsiat1547,2023 ONWSIAT 1547 (CanLII),2023-10-06,0,0,0,0,0,0,1,,
2023onwsiat1548,2023 ONWSIAT 1548 (CanLII),2023-10-06,0,0,0,0,0,0,0,,
2023onwsiat1549,2023 ONWSIAT 1549 (CanLII),2023-10-06,0,0,0,0,0,0,0,,
2023onwsiat1550,2023 ONWSIAT 1550 (CanLII),2023-10-06,0,0,0,0,0,0,1,,
2023onwsiat1551,2023 ONWSIAT 1551 (CanLII),2023-10-10,0,0,0,0,0,0,0,,
2023onwsiat1552,2023 ONWSIAT 1552 (CanLII),2023-10-10,0,0,0,0,0,0,0,,
2023onwsiat1553,2023 ONWSIAT 1553 (CanLII),2023-10-10,0,0,0,0,0,0,0,,
2023onwsiat1554,2023 ONWSIAT 1554 (CanLII),2023-10-10,0,0,0,0,0,0,0,,
2023onwsiat1555,2023 ONWSIAT 1555 (CanLII),2023-10-10,0,0,0,0,0,0,0,,
2023onwsiat1556,2023 ONWSIAT 1556 (CanLII),2023-10-11,0,0,0,0,0,0,0,,
2023onwsiat1557,2023 ONWSIAT 1557 (CanLII),2023-10-11,0,0,0,0,0,0,0,,
2023onwsiat1558,2023 ONWSIAT 1558 (CanLII),2023-10-11,0,0,0,0,0,0,0,,
2023onwsiat1559,2023 ONWSIAT 1559 (CanLII),2023-10-11,0,0,0,0,0,0,0,,
2023onwsiat1560,2023 ONWSIAT 1560 (CanLII),2023-10-11,0,0,0,0,0,0,0,,
2023onwsiat1561,2023 ONWSIAT 1561 (CanLII),2023-10-11,0,0,0,0,0,0,0,,
2023onwsiat1562,2023 ONWSIAT 1562 (CanLII),2023-10-11,0,0,0,0,0,0,0,,
2023onwsiat1563,2023 ONWSIAT 1563 (CanLII),2023-10-12,0,0,0,0,0,0,0,,
2023onwsiat1564,2023 ONWSIAT 1564 (CanLII),2023-10-12,0,0,0,0,0,0,0,,
2023onwsiat1565,2023 ONWSIAT 1565 (CanLII),2023-10-12,0,0,0,0,0,0,0,,
2023onwsiat1566,2023 ONWSIAT 1566 (CanLII),2023-10-12,0,0,0,0,0,0,0,,
2023onwsiat1567,2023 ONWSIAT 1567 (CanLII),2023-10-13,0,0,0,0,0,0,0,,
2023onwsiat1568,2023 ONWSIAT 1568 (CanLII),2023-10-13,0,0,0,0,0,0,0,,
2023onwsiat1569,2023 ONWSIAT 1569 (CanLII),2023-10-13,0,0,0,0,0,0,0,,
2023onwsiat1570,2023 ONWSIAT 1570 (CanLII),2023-10-13,0,0,0,0,0,0,0,,
2023onwsiat1571,2023 ONWSIAT 1571 (CanLII),2023-10-13,0,0,0,0,0,0,0,,
2023onwsiat1572,2023 ONWSIAT 1572 (CanLII),2023-10-13,0,0,0,0,0,0,0,,
2023onwsiat1573,2023 ONWSIAT 1573 (CanLII),2023-10-16,0,0,0,0,0,0,0,,
2023onwsiat1574,2023 ONWSIAT 1574 (CanLII),2023-10-16,0,0,0,0,0,0,0,,
2023onwsiat1575,2023 ONWSIAT 1575 (CanLII),2023-10-16,0,0,0,0,0,0,0,,
2023onwsiat1576,2023 ONWSIAT 1576 (CanLII),2023-10-17,0,0,0,0,0,0,0,,
2023onwsiat1577,2023 ONWSIAT 1577 (CanLII),2023-10-16,0,0,0,0,0,0,1,,
2023onwsiat1578,2023 ONWSIAT 1578 (CanLII),2023-10-17,0,0,0,0,0,0,0,,
2023onwsiat1579,2023 ONWSIAT 1579 (CanLII),2023-10-17,0,0,0,0,0,0,0,,
2023onwsiat1580,2023 ONWSIAT 1580 (CanLII),2023-10-17,0,0,0,0,0,0,0,,
2023onwsiat1581,2023 ONWSIAT 1581 (CanLII),2023-10-17,0,0,0,0,0,0,0,,
2023onwsiat1582,2023 ONWSIAT 1582 (CanLII),2023-10-17,0,0,0,0,0,0,1,,
2023onwsiat1583,2023 ONWSIAT 1583 (CanLII),2023-10-17,0,0,0,0,0,0,0,,
2023onwsiat1584,2023 ONWSIAT 1584 (CanLII),2023-10-17,0,0,0,0,0,0,0,,
2023onwsiat1585,2023 ONWSIAT 1585 (CanLII),2023-10-17,0,0,0,0,0,0,0,,
2023onwsiat1586,2023 ONWSIAT 1586 (CanLII),2023-10-17,0,0,0,0,0,0,0,,
2023onwsiat1587,2023 ONWSIAT 1587 (CanLII),2023-10-18,0,0,0,0,0,0,0,,
2023onwsiat1588,2023 ONWSIAT 1588 (CanLII),2023-10-18,0,0,0,0,0,0,0,,
2023onwsiat1589,2023 ONWSIAT 1589 (CanLII),2023-10-18,0,0,0,0,0,0,0,,
2023onwsiat1590,2023 ONWSIAT 1590 (CanLII),2023-10-18,1,0,0,0,0,0,0,,
2023onwsiat1591,2023 ONWSIAT 1591 (CanLII),2023-10-18,0,0,0,0,0,0,1,,
2023onwsiat1592,2023 ONWSIAT 1592 (CanLII),2023-10-18,0,0,0,0,0,0,1,,
2023onwsiat1593,2023 ONWSIAT 1593 (CanLII),2023-10-18,0,0,0,0,0,0,0,,
2023onwsiat1594,2023 ONWSIAT 1594 (CanLII),2023-10-18,0,0,0,0,0,0,0,,
2023onwsiat1595,2023 ONWSIAT 1595 (CanLII),2023-10-18,0,0,0,0,0,0,0,,
2023onwsiat1596,2023 ONWSIAT 1596 (CanLII),2023-10-18,0,0,0,0,0,0,0,,
2023onwsiat1597,2023 ONWSIAT 1597 (CanLII),2023-10-18,0,0,0,0,0,0,0,,
2023onwsiat1598,2023 ONWSIAT 1598 (CanLII),2023-10-18,0,0,0,0,0,0,0,,
2023onwsiat1599,2023 ONWSIAT 1599 (CanLII),2023-10-19,0,0,0,0,0,0,0,,
2023onwsiat1600,2023 ONWSIAT 1600 (CanLII),2023-10-19,0,0,0,0,0,0,0,,
2023onwsiat1601,2023 ONWSIAT 1601 (CanLII),2023-10-19,0,0,0,0,0,0,0,,
2023onwsiat1602,2023 ONWSIAT 1602 (CanLII),2023-10-19,0,0,0,0,0,0,0,,
2023onwsiat1603,2023 ONWSIAT 1603 (CanLII),2023-10-19,0,0,0,0,0,0,0,,
2023onwsiat1604,2023 ONWSIAT 1604 (CanLII),2023-10-19,0,0,0,0,0,0,0,,
2023onwsiat1605,2023 ONWSIAT 1605 (CanLII),2023-10-19,0,0,0,0,0,0,0,,
2023onwsiat1606,2023 ONWSIAT 1606 (CanLII),2023-10-19,0,0,0,0,0,0,0,,
2023onwsiat1607,2023 ONWSIAT 1607 (CanLII),2023-10-20,0,0,0,0,0,0,0,,
2023onwsiat1608,2023 ONWSIAT 1608 (CanLII),2023-10-20,0,0,0,0,0,0,0,,
2023onwsiat1609,2023 ONWSIAT 1609 (CanLII),2023-10-20,0,0,0,0,0,0,0,,
2023onwsiat1610,2023 ONWSIAT 1610 (CanLII),2023-10-20,0,0,0,0,0,0,0,,
2023onwsiat1611,2023 ONWSIAT 1611 (CanLII),2023-10-20,0,0,0,0,0,0,0,,
2023onwsiat1612,2023 ONWSIAT 1612 (CanLII),2023-10-20,0,0,0,0,0,0,0,,
2023onwsiat1613,2023 ONWSIAT 1613 (CanLII),2023-10-20,0,0,0,0,0,0,0,,
2023onwsiat1614,2023 ONWSIAT 1614 (CanLII),2023-10-20,0,0,0,0,0,0,0,,
2023onwsiat1615,2023 ONWSIAT 1615 (CanLII),2023-10-20,0,0,0,0,0,0,0,,
2023onwsiat1616,2023 ONWSIAT 1616 (CanLII),2023-10-20,0,0,0,0,0,0,0,,
2023onwsiat1617,2023 ONWSIAT 1617 (CanLII),2023-10-23,0,0,0,0,0,0,0,,
2023onwsiat1618,2023 ONWSIAT 1618 (CanLII),2023-10-23,0,0,0,0,0,0,0,,
2023onwsiat1619,2023 ONWSIAT 1619 (CanLII),2023-10-23,0,0,0,0,0,0,1,,
2023onwsiat1620,2023 ONWSIAT 1620 (CanLII),2023-10-23,0,0,0,0,0,0,0,,
2023onwsiat1621,2023 ONWSIAT 1621 (CanLII),2023-10-24,0,0,0,0,0,0,0,,
2023onwsiat1622,2023 ONWSIAT 1622 (CanLII),2023-10-24,0,0,0,0,0,0,1,,
2023onwsiat1623,2023 ONWSIAT 1623 (CanLII),2023-10-24,0,0,0,0,0,0,0,,
2023onwsiat1624,2023 ONWSIAT 1624 (CanLII),2023-10-24,0,0,0,0,0,0,0,,
2023onwsiat1625,2023 ONWSIAT 1625 (CanLII),2023-10-24,0,0,0,0,0,0,0,,
2023onwsiat1626,2023 ONWSIAT 1626 (CanLII),2023-10-24,0,0,0,0,0,0,0,,
2023onwsiat1627,2023 ONWSIAT 1627 (CanLII),2023-10-24,0,0,0,0,0,0,0,,
2023onwsiat1628,2023 ONWSIAT 1628 (CanLII),2023-10-25,0,0,0,0,0,0,0,,
2023onwsiat1629,2023 ONWSIAT 1629 (CanLII),2023-10-25,0,0,0,0,0,0,0,,
2023onwsiat1630,2023 ONWSIAT 1630 (CanLII),2023-10-25,0,0,0,0,0,0,1,,
2023onwsiat1631,2023 ONWSIAT 1631 (CanLII),2023-10-25,0,0,0,0,0,0,0,,
2023onwsiat1632,2023 ONWSIAT 1632 (CanLII),2023-10-25,0,0,0,0,0,0,0,,
2023onwsiat1633,2023 ONWSIAT 1633 (CanLII),2023-10-26,0,0,0,0,0,0,0,,
2023onwsiat1634,2023 ONWSIAT 1634 (CanLII),2023-10-26,0,0,0,0,0,0,0,,
2023onwsiat1635,2023 ONWSIAT 1635 (CanLII),2023-10-26,0,0,0,0,0,0,1,,
2023onwsiat1636,2023 ONWSIAT 1636 (CanLII),2023-10-26,0,0,0,0,0,0,0,,
2023onwsiat1637,2023 ONWSIAT 1637 (CanLII),2023-10-26,0,0,0,0,0,0,0,,
2023onwsiat1638,2023 ONWSIAT 1638 (CanLII),2023-10-27,0,0,0,0,0,0,0,,
2023onwsiat1639,2023 ONWSIAT 1639 (CanLII),2023-10-27,0,0,0,0,0,0,0,,
2023onwsiat1640,2023 ONWSIAT 1640 (CanLII),2023-10-27,0,0,0,0,0,0,0,,
2023onwsiat1641,2023 ONWSIAT 1641 (CanLII),2023-10-27,0,0,0,0,0,0,0,,
2023onwsiat1642,2023 ONWSIAT 1642 (CanLII),2023-10-27,0,0,0,0,0,0,0,,
2023onwsiat1643,2023 ONWSIAT 1643 (CanLII),2023-10-27,0,0,0,0,0,0,0,,
2023onwsiat1644,2023 ONWSIAT 1644 (CanLII),2023-10-27,0,0,0,0,0,0,0,,
2023onwsiat1645,2023 ONWSIAT 1645 (CanLII),2023-10-30,0,0,0,0,0,0,0,,
2023onwsiat1646,2023 ONWSIAT 1646 (CanLII),2023-10-30,0,0,0,0,0,0,1,,
2023onwsiat1647,2023 ONWSIAT 1647 (CanLII),2023-10-30,0,0,0,0,0,0,0,,
2023onwsiat1648,2023 ONWSIAT 1648 (CanLII),2023-10-30,0,0,0,0,0,0,0,,
2023onwsiat1649,2023 ONWSIAT 1649 (CanLII),2023-10-30,0,0,0,0,0,0,0,,
2023onwsiat1650,2023 ONWSIAT 1650 (CanLII),2023-10-30,0,0,0,0,0,0,0,,
2023onwsiat1651,2023 ONWSIAT 1651 (CanLII),2023-10-30,0,0,0,0,0,0,1,,
2023onwsiat1652,2023 ONWSIAT 1652 (CanLII),2023-10-30,0,0,0,0,0,0,0,,
2023onwsiat1653,2023 ONWSIAT 1653 (CanLII),2023-10-30,0,0,0,0,0,0,0,,
2023onwsiat1654,2023 ONWSIAT 1654 (CanLII),2023-10-31,0,0,0,0,0,0,0,,
2023onwsiat1655,2023 ONWSIAT 1655 (CanLII),2023-10-31,0,0,0,0,0,0,0,,
2023onwsiat1656,2023 ONWSIAT 1656 (CanLII),2023-10-31,0,0,0,0,0,0,0,,
2023onwsiat1657,2023 ONWSIAT 1657 (CanLII),2023-10-31,0,0,0,0,0,0,0,,
2023onwsiat1658,2023 ONWSIAT 1658 (CanLII),2023-10-31,0,0,0,0,0,0,0,,
2023onwsiat1659,2023 ONWSIAT 1659 (CanLII),2023-10-31,0,0,0,0,0,0,0,,
2023onwsiat1660,2023 ONWSIAT 1660 (CanLII),2023-10-31,0,0,0,0,0,0,0,,
2023onwsiat1661,2023 ONWSIAT 1661 (CanLII),2023-10-31,0,0,0,0,0,0,0,,
2023onwsiat1662,2023 ONWSIAT 1662 (CanLII),2023-10-31,0,0,0,0,0,0,1,,
2023onwsiat1663,2023 ONWSIAT 1663 (CanLII),2023-11-01,0,0,0,0,0,0,1,,
2023onwsiat1664,2023 ONWSIAT 1664 (CanLII),2023-11-01,0,0,0,0,0,0,0,,
2023onwsiat1665,2023 ONWSIAT 1665 (CanLII),2023-11-01,0,0,0,0,0,0,1,,
2023onwsiat1666,2023 ONWSIAT 1666 (CanLII),2023-11-01,0,0,0,0,0,0,0,,
2023onwsiat1667,2023 ONWSIAT 1667 (CanLII),2023-11-01,0,0,0,0,0,0,0,,
2023onwsiat1668,2023 ONWSIAT 1668 (CanLII),2023-11-01,0,0,0,0,0,0,0,,
2023onwsiat1669,2023 ONWSIAT 1669 (CanLII),2023-11-02,0,0,0,0,0,0,0,,
2023onwsiat1670,2023 ONWSIAT 1670 (CanLII),2023-11-02,0,0,0,0,0,0,0,,
2023onwsiat1671,2023 ONWSIAT 1671 (CanLII),2023-11-02,0,0,0,0,0,0,0,,
2023onwsiat1672,2023 ONWSIAT 1672 (CanLII),2023-11-02,0,0,0,0,0,0,0,,
2023onwsiat1673,2023 ONWSIAT 1673 (CanLII),2023-11-02,0,0,0,0,0,0,0,,
2023onwsiat1674,2023 ONWSIAT 1674 (CanLII),2023-11-02,0,0,0,0,0,0,0,,
2023onwsiat1675,2023 ONWSIAT 1675 (CanLII),2023-11-02,0,0,0,0,0,0,0,,
2023onwsiat1676,2023 ONWSIAT 1676 (CanLII),2023-11-02,0,0,0,0,0,0,0,,
2023onwsiat1677,2023 ONWSIAT 1677 (CanLII),2023-11-02,0,0,0,0,0,0,0,,
2023onwsiat1678,2023 ONWSIAT 1678 (CanLII),2023-11-02,0,0,0,0,0,0,0,,
2023onwsiat1679,2023 ONWSIAT 1679 (CanLII),2023-11-03,0,0,0,0,0,0,0,,
2023onwsiat1680,2023 ONWSIAT 1680 (CanLII),2023-11-03,0,0,0,0,0,0,0,,
2023onwsiat1681,2023 ONWSIAT 1681 (CanLII),2023-11-03,0,0,0,0,0,0,0,,
2023onwsiat1682,2023 ONWSIAT 1682 (CanLII),2023-11-03,0,0,0,0,0,0,0,,
2023onwsiat1683,2023 ONWSIAT 1683 (CanLII),2023-11-06,0,0,0,0,0,0,0,,
2023onwsiat1684,2023 ONWSIAT 1684 (CanLII),2023-11-06,0,0,0,0,0,0,0,,
2023onwsiat1685,2023 ONWSIAT 1685 (CanLII),2023-11-06,0,0,0,0,0,0,0,,
2023onwsiat1686,2023 ONWSIAT 1686 (CanLII),2023-11-06,0,0,0,0,0,0,0,,
2023onwsiat1687,2023 ONWSIAT 1687 (CanLII),2023-11-06,0,0,0,0,0,0,0,,
2023onwsiat1688,2023 ONWSIAT 1688 (CanLII),2023-11-06,0,0,0,0,0,0,1,,
2023onwsiat1689,2023 ONWSIAT 1689 (CanLII),2023-11-06,0,0,0,0,0,0,0,,
2023onwsiat1690,2023 ONWSIAT 1690 (CanLII),2023-11-07,0,0,0,0,0,0,0,,
2023onwsiat1691,2023 ONWSIAT 1691 (CanLII),2023-11-07,0,0,0,0,0,0,0,,
2023onwsiat1692,2023 ONWSIAT 1692 (CanLII),2023-11-07,0,0,0,0,0,0,0,,
2023onwsiat1693,2023 ONWSIAT 1693 (CanLII),2023-11-07,0,0,0,0,0,0,0,,
2023onwsiat1694,2023 ONWSIAT 1694 (CanLII),2023-11-07,0,0,0,0,0,0,0,,
2023onwsiat1695,2023 ONWSIAT 1695 (CanLII),2023-11-07,0,0,0,0,0,0,0,,
2023onwsiat1696,2023 ONWSIAT 1696 (CanLII),2023-11-07,0,0,0,0,0,0,0,,
2023onwsiat1697,2023 ONWSIAT 1697 (CanLII),2023-11-07,0,0,0,0,0,0,0,,
2023onwsiat1698,2023 ONWSIAT 1698 (CanLII),2023-11-08,0,0,0,0,0,0,1,,
2023onwsiat1699,2023 ONWSIAT 1699 (CanLII),2023-11-08,0,0,0,0,0,0,0,,
2023onwsiat1700,2023 ONWSIAT 1700 (CanLII),2023-11-09,0,0,0,0,0,0,0,,
2023onwsiat1701,2023 ONWSIAT 1701 (CanLII),2023-11-09,0,0,0,0,0,0,0,,
2023onwsiat1702,2023 ONWSIAT 1702 (CanLII),2023-11-09,0,0,0,0,0,0,0,,
2023onwsiat1703,2023 ONWSIAT 1703 (CanLII),2023-11-09,0,0,0,0,0,0,0,,
2023onwsiat1704,2023 ONWSIAT 1704 (CanLII),2023-11-09,0,0,0,0,0,0,0,,
2023onwsiat1705,2023 ONWSIAT 1705 (CanLII),2023-11-09,0,0,0,0,0,0,0,,
2023onwsiat1706,2023 ONWSIAT 1706 (CanLII),2023-11-09,0,0,0,0,0,0,0,,
2023onwsiat1707,2023 ONWSIAT 1707 (CanLII),2023-11-09,0,0,0,0,0,0,0,,
2023onwsiat1708,2023 ONWSIAT 1708 (CanLII),2023-11-09,0,0,0,0,0,0,0,,
2023onwsiat1709,2023 ONWSIAT 1709 (CanLII),2023-11-09,0,0,0,0,0,0,0,,
2023onwsiat1710,2023 ONWSIAT 1710 (CanLII),2023-11-09,0,0,0,0,0,0,0,,
2023onwsiat1711,2023 ONWSIAT 1711 (CanLII),2023-11-09,0,0,0,0,0,0,0,,
2023onwsiat1712,2023 ONWSIAT 1712 (CanLII),2023-11-09,0,0,0,0,0,0,0,,
2023onwsiat1713,2023 ONWSIAT 1713 (CanLII),2023-11-09,0,0,0,0,0,0,0,,
2023onwsiat1714,2023 ONWSIAT 1714 (CanLII),2023-11-10,0,0,0,0,0,0,0,,
2023onwsiat1715,2023 ONWSIAT 1715 (CanLII),2023-11-10,0,0,0,0,0,0,0,,
2023onwsiat1716,2023 ONWSIAT 1716 (CanLII),2023-11-10,0,0,0,0,0,0,0,,
2023onwsiat1717,2023 ONWSIAT 1717 (CanLII),2023-11-10,0,0,0,0,0,0,0,,
2023onwsiat1718,2023 ONWSIAT 1718 (CanLII),2023-11-10,0,0,0,0,0,0,0,,
2023onwsiat1719,2023 ONWSIAT 1719 (CanLII),2023-11-10,0,0,0,0,0,0,0,,
2023onwsiat1720,2023 ONWSIAT 1720 (CanLII),2023-11-10,0,0,0,0,0,0,0,,
2023onwsiat1721,2023 ONWSIAT 1721 (CanLII),2023-11-10,0,0,0,0,0,0,0,,
2023onwsiat1722,2023 ONWSIAT 1722 (CanLII),2023-11-10,0,0,0,0,0,0,0,,
2023onwsiat1723,2023 ONWSIAT 1723 (CanLII),2023-11-14,0,0,0,0,0,0,0,,
2023onwsiat1724,2023 ONWSIAT 1724 (CanLII),2023-11-14,0,0,0,0,0,0,0,,
2023onwsiat1725,2023 ONWSIAT 1725 (CanLII),2023-11-14,0,0,0,0,0,0,0,,
2023onwsiat1726,2023 ONWSIAT 1726 (CanLII),2023-11-14,0,0,0,0,0,0,0,,
2023onwsiat1727,2023 ONWSIAT 1727 (CanLII),2023-11-14,0,0,0,0,0,0,0,,
2023onwsiat1728,2023 ONWSIAT 1728 (CanLII),2023-11-14,0,0,0,0,0,0,0,,
2023onwsiat1729,2023 ONWSIAT 1729 (CanLII),2023-11-14,0,0,0,0,0,0,0,,
2023onwsiat1730,2023 ONWSIAT 1730 (CanLII),2023-11-14,0,0,0,0,0,0,0,,
2023onwsiat1731,2023 ONWSIAT 1731 (CanLII),2023-11-14,0,0,0,0,0,0,0,,
2023onwsiat1732,2023 ONWSIAT 1732 (CanLII),2023-11-15,0,0,0,0,0,0,0,,
2023onwsiat1733,2023 ONWSIAT 1733 (CanLII),2023-11-15,0,0,0,0,0,0,0,,
2023onwsiat1734,2023 ONWSIAT 1734 (CanLII),2023-11-15,0,0,0,0,0,0,1,,
2023onwsiat1735,2023 ONWSIAT 1735 (CanLII),2023-11-15,1,0,0,0,0,0,0,,
2023onwsiat1736,2023 ONWSIAT 1736 (CanLII),2023-11-15,0,0,0,0,0,0,0,,
2023onwsiat1737,2023 ONWSIAT 1737 (CanLII),2023-11-15,0,0,0,0,0,0,0,,
2023onwsiat1738,2023 ONWSIAT 1738 (CanLII),2023-11-15,0,0,0,0,0,0,0,,
2023onwsiat1739,2023 ONWSIAT 1739 (CanLII),2023-11-16,0,0,0,0,0,0,0,,
2023onwsiat1740,2023 ONWSIAT 1740 (CanLII),2023-11-16,0,0,0,0,0,0,0,,
2023onwsiat1741,2023 ONWSIAT 1741 (CanLII),2023-11-16,0,0,0,0,0,0,0,,
2023onwsiat1742,2023 ONWSIAT 1742 (CanLII),2023-11-16,0,0,0,0,0,0,0,,
2023onwsiat1743,2023 ONWSIAT 1743 (CanLII),2023-11-16,0,0,0,0,0,0,0,,
2023onwsiat1744,2023 ONWSIAT 1744 (CanLII),2023-11-16,0,0,0,0,0,0,0,,
2023onwsiat1745,2023 ONWSIAT 1745 (CanLII),2023-11-16,0,0,0,0,0,0,0,,
2023onwsiat1746,2023 ONWSIAT 1746 (CanLII),2023-11-16,0,0,0,0,0,0,0,,
2023onwsiat1747,2023 ONWSIAT 1747 (CanLII),2023-11-16,0,0,0,0,0,0,0,,
2023onwsiat1748,2023 ONWSIAT 1748 (CanLII),2023-11-17,0,0,0,0,0,0,0,,
2023onwsiat1749,2023 ONWSIAT 1749 (CanLII),2023-11-17,0,0,0,0,0,0,0,,
2023onwsiat1750,2023 ONWSIAT 1750 (CanLII),2023-11-17,0,0,0,0,0,0,1,,
2023onwsiat1751,2023 ONWSIAT 1751 (CanLII),2023-11-17,0,0,0,0,0,0,0,,
2023onwsiat1752,2023 ONWSIAT 1752 (CanLII),2023-11-17,0,0,0,0,0,0,0,,
2023onwsiat1753,2023 ONWSIAT 1753 (CanLII),2023-11-17,0,0,0,0,0,0,0,,
2023onwsiat1754,2023 ONWSIAT 1754 (CanLII),2023-11-17,0,0,0,0,0,0,0,,
2023onwsiat1755,2023 ONWSIAT 1755 (CanLII),2023-11-17,0,0,0,0,0,0,0,,
2023onwsiat1756,2023 ONWSIAT 1756 (CanLII),2023-11-17,0,0,0,0,0,0,1,,
2023onwsiat1757,2023 ONWSIAT 1757 (CanLII),2023-11-17,0,0,0,0,0,0,0,,
2023onwsiat1758,2023 ONWSIAT 1758 (CanLII),2023-11-17,0,0,0,0,0,0,0,,
2023onwsiat1759,2023 ONWSIAT 1759 (CanLII),2023-11-20,0,0,0,0,0,0,0,,
2023onwsiat1760,2023 ONWSIAT 1760 (CanLII),2023-11-20,0,0,0,0,0,0,0,,
2023onwsiat1761,2023 ONWSIAT 1761 (CanLII),2023-11-20,0,0,0,0,0,0,0,,
2023onwsiat1762,2023 ONWSIAT 1762 (CanLII),2023-11-20,0,0,0,0,0,0,0,,
2023onwsiat1763,2023 ONWSIAT 1763 (CanLII),2023-11-20,0,0,0,0,0,0,0,,
2023onwsiat1764,2023 ONWSIAT 1764 (CanLII),2023-11-20,0,0,0,0,0,0,0,,
2023onwsiat1765,2023 ONWSIAT 1765 (CanLII),2023-11-20,0,0,0,0,0,0,0,,
2023onwsiat1766,2023 ONWSIAT 1766 (CanLII),2023-11-20,0,0,0,0,0,0,0,,
2023onwsiat1767,2023 ONWSIAT 1767 (CanLII),2023-11-20,0,0,0,0,0,0,0,,
2023onwsiat1768,2023 ONWSIAT 1768 (CanLII),2023-11-20,0,0,0,0,0,0,0,,
2023onwsiat1769,2023 ONWSIAT 1769 (CanLII),2023-11-21,0,0,0,0,0,0,0,,
2023onwsiat1770,2023 ONWSIAT 1770 (CanLII),2023-11-22,0,0,0,0,0,0,0,,
2023onwsiat1771,2023 ONWSIAT 1771 (CanLII),2023-11-22,0,0,0,0,0,0,0,,
2023onwsiat1772,2023 ONWSIAT 1772 (CanLII),2023-11-22,0,0,0,0,0,0,0,,
2023onwsiat1773,2023 ONWSIAT 1773 (CanLII),2023-11-22,0,0,0,0,0,0,1,,
2023onwsiat1774,2023 ONWSIAT 1774 (CanLII),2023-11-22,0,0,0,0,0,0,0,,
2023onwsiat1775,2023 ONWSIAT 1775 (CanLII),2023-11-23,0,0,0,0,0,0,0,,
2023onwsiat1776,2023 ONWSIAT 1776 (CanLII),2023-11-23,0,0,0,0,0,0,0,,
2023onwsiat1777,2023 ONWSIAT 1777 (CanLII),2023-11-23,0,0,0,0,0,0,0,,
2023onwsiat1778,2023 ONWSIAT 1778 (CanLII),2023-11-23,0,0,0,0,0,0,0,,
2023onwsiat1779,2023 ONWSIAT 1779 (CanLII),2023-11-23,0,0,0,0,0,0,0,,
2023onwsiat1780,2023 ONWSIAT 1780 (CanLII),2023-11-24,0,0,0,0,0,0,0,,
2023onwsiat1781,2023 ONWSIAT 1781 (CanLII),2023-11-24,0,0,0,0,0,0,0,,
2023onwsiat1782,2023 ONWSIAT 1782 (CanLII),2023-11-24,0,0,0,0,0,0,0,,
2023onwsiat1783,2023 ONWSIAT 1783 (CanLII),2023-11-24,0,0,0,0,0,0,0,,
2023onwsiat1784,2023 ONWSIAT 1784 (CanLII),2023-11-24,0,0,0,0,0,0,0,,
2023onwsiat1785,2023 ONWSIAT 1785 (CanLII),2023-11-24,0,0,0,0,0,0,0,,
2023onwsiat1786,2023 ONWSIAT 1786 (CanLII),2023-11-24,0,0,0,0,0,0,0,,
2023onwsiat1787,2023 ONWSIAT 1787 (CanLII),2023-11-24,0,0,0,0,0,0,0,,
2023onwsiat1788,2023 ONWSIAT 1788 (CanLII),2023-11-24,0,0,0,0,0,0,0,,
2023onwsiat1789,2023 ONWSIAT 1789 (CanLII),2023-11-24,0,0,0,0,0,0,0,,
2023onwsiat1790,2023 ONWSIAT 1790 (CanLII),2023-11-27,0,0,0,0,0,0,0,,
2023onwsiat1791,2023 ONWSIAT 1791 (CanLII),2023-11-27,0,0,0,0,0,0,1,,
2023onwsiat1792,2023 ONWSIAT 1792 (CanLII),2023-11-27,0,0,0,0,0,0,0,,
2023onwsiat1793,2023 ONWSIAT 1793 (CanLII),2023-11-27,0,0,0,0,0,0,0,,
2023onwsiat1794,2023 ONWSIAT 1794 (CanLII),2023-11-27,0,0,0,0,0,0,0,,
2023onwsiat1795,2023 ONWSIAT 1795 (CanLII),2023-11-27,0,0,0,0,0,0,0,,
2023onwsiat1796,2023 ONWSIAT 1796 (CanLII),2023-11-27,0,0,0,0,0,0,0,,
2023onwsiat1797,2023 ONWSIAT 1797 (CanLII),2023-11-27,0,0,0,0,0,0,0,,
2023onwsiat1798,2023 ONWSIAT 1798 (CanLII),2023-11-27,0,0,0,0,0,0,0,,
2023onwsiat1799,2023 ONWSIAT 1799 (CanLII),2023-11-27,0,0,0,0,0,0,0,,
2023onwsiat1800,2023 ONWSIAT 1800 (CanLII),2023-11-27,0,0,0,0,0,0,0,,
2023onwsiat1801,2023 ONWSIAT 1801 (CanLII),2023-11-27,0,0,0,0,0,0,0,,
2023onwsiat1802,2023 ONWSIAT 1802 (CanLII),2023-11-28,0,0,0,0,0,0,0,,
2023onwsiat1803,2023 ONWSIAT 1803 (CanLII),2023-11-28,0,0,0,0,0,0,0,,
2023onwsiat1804,2023 ONWSIAT 1804 (CanLII),2023-11-28,0,0,0,0,0,0,0,,
2023onwsiat1805,2023 ONWSIAT 1805 (CanLII),2023-11-28,0,0,0,0,0,0,0,,
2023onwsiat1806,2023 ONWSIAT 1806 (CanLII),2023-11-28,0,0,0,0,0,0,0,,
2023onwsiat1807,2023 ONWSIAT 1807 (CanLII),2023-11-28,0,0,0,0,0,0,0,,
2023onwsiat1808,2023 ONWSIAT 1808 (CanLII),2023-11-28,0,0,0,0,0,0,0,,
2023onwsiat1809,2023 ONWSIAT 1809 (CanLII),2023-11-29,0,0,0,0,0,0,0,,
2023onwsiat1810,2023 ONWSIAT 1810 (CanLII),2023-11-29,0,0,0,0,0,0,0,,
2023onwsiat1811,2023 ONWSIAT 1811 (CanLII),2023-11-29,0,0,0,0,0,0,0,,
2023onwsiat1812,2023 ONWSIAT 1812 (CanLII),2023-11-29,0,0,0,0,0,0,0,,
2023onwsiat1813,2023 ONWSIAT 1813 (CanLII),2023-11-30,0,0,0,0,0,0,0,,
2023onwsiat1814,2023 ONWSIAT 1814 (CanLII),2023-11-30,0,0,0,0,0,0,0,,
2023onwsiat1815,2023 ONWSIAT 1815 (CanLII),2023-11-30,0,0,0,0,0,0,0,,
2023onwsiat1816,2023 ONWSIAT 1816 (CanLII),2023-11-30,0,0,0,0,0,0,0,,
2023onwsiat1817,2023 ONWSIAT 1817 (CanLII),2023-11-30,0,0,0,0,0,0,1,,
2023onwsiat1818,2023 ONWSIAT 1818 (CanLII),2023-11-30,0,0,0,0,0,0,0,,
2023onwsiat1819,2023 ONWSIAT 1819 (CanLII),2023-11-30,0,0,0,0,0,0,0,,
2023onwsiat1820,2023 ONWSIAT 1820 (CanLII),2023-11-30,0,0,0,0,0,0,0,,
2023onwsiat1821,2023 ONWSIAT 1821 (CanLII),2023-11-30,0,0,0,0,0,0,0,,
2023onwsiat1822,2023 ONWSIAT 1822 (CanLII),2023-11-30,0,0,0,0,0,0,0,,
2023onwsiat1823,2023 ONWSIAT 1823 (CanLII),2023-11-30,0,0,0,0,0,0,0,,
2023onwsiat1824,2023 ONWSIAT 1824 (CanLII),2023-12-01,0,0,0,0,0,0,0,,
2023onwsiat1825,2023 ONWSIAT 1825 (CanLII),2023-12-01,0,0,0,0,0,0,0,,
2023onwsiat1826,2023 ONWSIAT 1826 (CanLII),2023-12-01,0,0,0,0,0,0,0,,
2023onwsiat1827,2023 ONWSIAT 1827 (CanLII),2023-12-01,0,0,0,0,0,0,0,,
2023onwsiat1828,2023 ONWSIAT 1828 (CanLII),2023-12-01,0,0,0,0,0,0,0,,
2023onwsiat1829,2023 ONWSIAT 1829 (CanLII),2023-12-01,0,0,0,0,0,0,0,,
2023onwsiat1830,2023 ONWSIAT 1830 (CanLII),2023-12-01,0,0,0,0,0,0,0,,
2023onwsiat1831,2023 ONWSIAT 1831 (CanLII),2023-12-01,0,0,0,0,0,0,0,,
2023onwsiat1832,2023 ONWSIAT 1832 (CanLII),2023-12-01,0,0,0,0,0,0,0,,
2023onwsiat1833,2023 ONWSIAT 1833 (CanLII),2023-12-01,0,0,0,0,0,0,0,,
2023onwsiat1834,2023 ONWSIAT 1834 (CanLII),2023-12-01,0,0,0,0,0,0,0,,
2023onwsiat1835,2023 ONWSIAT 1835 (CanLII),2023-12-01,0,0,0,0,0,0,0,,
2023onwsiat1836,2023 ONWSIAT 1836 (CanLII),2023-12-01,0,0,0,0,0,0,1,,
2023onwsiat1837,2023 ONWSIAT 1837 (CanLII),2023-12-01,0,0,0,0,0,0,0,,
2023onwsiat1838,2023 ONWSIAT 1838 (CanLII),2023-12-04,0,0,0,0,0,0,0,,
2023onwsiat1839,2023 ONWSIAT 1839 (CanLII),2023-12-04,0,0,0,0,0,0,0,,
2023onwsiat1840,2023 ONWSIAT 1840 (CanLII),2023-12-04,0,0,0,0,0,0,0,,
2023onwsiat1841,2023 ONWSIAT 1841 (CanLII),2023-12-04,0,0,0,0,0,0,0,,
2023onwsiat1842,2023 ONWSIAT 1842 (CanLII),2023-12-04,0,0,0,0,0,0,0,,
2023onwsiat1843,2023 ONWSIAT 1843 (CanLII),2023-12-04,0,0,0,0,0,0,0,,
2023onwsiat1844,2023 ONWSIAT 1844 (CanLII),2023-12-04,0,0,0,0,0,0,0,,
2023onwsiat1845,2023 ONWSIAT 1845 (CanLII),2023-12-05,0,0,0,0,0,0,0,,
2023onwsiat1846,2023 ONWSIAT 1846 (CanLII),2023-12-05,0,0,0,0,0,0,0,,
2023onwsiat1847,2023 ONWSIAT 1847 (CanLII),2023-12-05,0,0,0,0,0,0,0,,
2023onwsiat1848,2023 ONWSIAT 1848 (CanLII),2023-12-05,0,0,0,0,0,0,0,,
2023onwsiat1849,2023 ONWSIAT 1849 (CanLII),2023-12-05,0,0,0,0,0,0,0,,
2023onwsiat1850,2023 ONWSIAT 1850 (CanLII),2023-12-05,0,0,0,0,0,0,0,,
2023onwsiat1851,2023 ONWSIAT 1851 (CanLII),2023-12-05,0,0,0,0,0,0,0,,
2023onwsiat1852,2023 ONWSIAT 1852 (CanLII),2023-12-05,0,0,0,0,0,0,0,,
2023onwsiat1853,2023 ONWSIAT 1853 (CanLII),2023-12-06,0,0,0,0,0,0,0,,
2023onwsiat1854,2023 ONWSIAT 1854 (CanLII),2023-12-06,0,0,0,0,0,0,0,,
2023onwsiat1855,2023 ONWSIAT 1855 (CanLII),2023-12-06,0,0,0,0,0,0,0,,
2023onwsiat1856,2023 ONWSIAT 1856 (CanLII),2023-12-06,0,0,0,0,0,0,0,,
2023onwsiat1857,2023 ONWSIAT 1857 (CanLII),2023-12-07,0,0,0,0,0,0,0,,
2023onwsiat1858,2023 ONWSIAT 1858 (CanLII),2023-12-07,0,0,0,0,0,0,0,,
2023onwsiat1859,2023 ONWSIAT 1859 (CanLII),2023-12-07,0,0,0,0,0,0,0,,
2023onwsiat1860,2023 ONWSIAT 1860 (CanLII),2023-12-07,0,0,0,0,0,0,0,,
2023onwsiat1861,2023 ONWSIAT 1861 (CanLII),2023-12-07,0,0,0,0,0,0,0,,
2023onwsiat1862,2023 ONWSIAT 1862 (CanLII),2023-12-07,0,0,0,0,0,0,0,,
2023onwsiat1863,2023 ONWSIAT 1863 (CanLII),2023-12-07,0,0,0,0,0,0,0,,
2023onwsiat1864,2023 ONWSIAT 1864 (CanLII),2023-12-07,0,0,0,0,0,0,0,,
2023onwsiat1865,2023 ONWSIAT 1865 (CanLII),2023-12-08,0,0,0,0,0,0,0,,
2023onwsiat1866,2023 ONWSIAT 1866 (CanLII),2023-12-08,0,0,0,0,0,0,0,,
2023onwsiat1867,2023 ONWSIAT 1867 (CanLII),2023-12-08,0,0,0,0,0,0,0,,
2023onwsiat1868,2023 ONWSIAT 1868 (CanLII),2023-12-08,0,0,0,0,0,0,0,,
2023onwsiat1869,2023 ONWSIAT 1869 (CanLII),2023-12-08,0,0,0,0,0,0,0,,
2023onwsiat1870,2023 ONWSIAT 1870 (CanLII),2023-12-08,0,0,0,0,0,0,0,,
2023onwsiat1871,2023 ONWSIAT 1871 (CanLII),2023-12-08,0,0,0,0,0,0,0,,
2023onwsiat1872,2023 ONWSIAT 1872 (CanLII),2023-12-08,0,0,0,0,0,0,0,,
2023onwsiat1873,2023 ONWSIAT 1873 (CanLII),2023-12-11,0,0,0,0,0,0,0,,
2023onwsiat1874,2023 ONWSIAT 1874 (CanLII),2023-12-11,0,0,0,0,0,0,0,,
2023onwsiat1875,2023 ONWSIAT 1875 (CanLII),2023-12-11,0,0,0,0,0,0,0,,
2023onwsiat1876,2023 ONWSIAT 1876 (CanLII),2023-12-11,0,0,0,0,0,0,0,,
2023onwsiat1877,2023 ONWSIAT 1877 (CanLII),2023-12-11,0,0,0,0,0,0,0,,
2023onwsiat1878,2023 ONWSIAT 1878 (CanLII),2023-12-11,0,0,0,0,0,0,0,,
2023onwsiat1879,2023 ONWSIAT 1879 (CanLII),2023-12-11,0,0,0,0,0,0,0,,
2023onwsiat1880,2023 ONWSIAT 1880 (CanLII),2023-12-12,0,0,0,0,0,0,0,,
2023onwsiat1881,2023 ONWSIAT 1881 (CanLII),2023-12-12,0,0,0,0,0,0,0,,
2023onwsiat1882,2023 ONWSIAT 1882 (CanLII),2023-12-12,0,0,0,0,0,0,0,,
2023onwsiat1883,2023 ONWSIAT 1883 (CanLII),2023-12-12,0,0,0,0,0,0,0,,
2023onwsiat1884,2023 ONWSIAT 1884 (CanLII),2023-12-13,0,0,0,0,0,0,0,,
2023onwsiat1885,2023 ONWSIAT 1885 (CanLII),2023-12-13,0,0,0,0,0,0,0,,
2023onwsiat1886,2023 ONWSIAT 1886 (CanLII),2023-12-13,0,0,0,0,0,0,1,,
2023onwsiat1887,2023 ONWSIAT 1887 (CanLII),2023-12-13,0,0,0,0,0,0,0,,
2023onwsiat1888,2023 ONWSIAT 1888 (CanLII),2023-12-13,0,0,0,0,0,0,0,,
2023onwsiat1889,2023 ONWSIAT 1889 (CanLII),2023-12-13,0,0,0,0,0,0,0,,
2023onwsiat1890,2023 ONWSIAT 1890 (CanLII),2023-12-14,0,0,0,0,0,0,0,,
2023onwsiat1891,2023 ONWSIAT 1891 (CanLII),2023-12-14,0,0,0,0,0,0,0,,
2023onwsiat1892,2023 ONWSIAT 1892 (CanLII),2023-12-14,0,0,0,0,0,0,1,,
2023onwsiat1893,2023 ONWSIAT 1893 (CanLII),2023-12-14,0,0,0,0,0,0,0,,
2023onwsiat1894,2023 ONWSIAT 1894 (CanLII),2023-12-15,0,0,0,0,0,0,0,,
2023onwsiat1895,2023 ONWSIAT 1895 (CanLII),2023-12-14,0,0,0,0,0,0,0,,
2023onwsiat1896,2023 ONWSIAT 1896 (CanLII),2023-12-15,0,0,0,0,0,0,0,,
2023onwsiat1897,2023 ONWSIAT 1897 (CanLII),2023-12-15,0,0,0,0,0,0,0,,
2023onwsiat1898,2023 ONWSIAT 1898 (CanLII),2023-12-15,0,0,0,0,0,0,0,,
2023onwsiat1899,2023 ONWSIAT 1899 (CanLII),2023-12-15,0,0,0,0,0,0,0,,
2023onwsiat1900,2023 ONWSIAT 1900 (CanLII),2023-12-15,0,0,0,0,0,0,0,,
2023onwsiat1901,2023 ONWSIAT 1901 (CanLII),2023-12-15,0,0,0,0,0,0,0,,
2023onwsiat1902,2023 ONWSIAT 1902 (CanLII),2023-12-15,0,0,0,0,0,0,0,,
2023onwsiat1903,2023 ONWSIAT 1903 (CanLII),2023-12-15,0,0,0,0,0,0,0,,
2023onwsiat1904,2023 ONWSIAT 1904 (CanLII),2023-12-18,0,0,0,0,0,0,0,,
2023onwsiat1905,2023 ONWSIAT 1905 (CanLII),2023-12-18,0,0,0,0,0,0,0,,
2023onwsiat1906,2023 ONWSIAT 1906 (CanLII),2023-12-18,0,0,0,0,0,0,0,,
2023onwsiat1907,2023 ONWSIAT 1907 (CanLII),2023-12-18,0,0,0,0,0,0,0,,
2023onwsiat1908,2023 ONWSIAT 1908 (CanLII),2023-12-18,0,0,0,0,0,0,0,,
2023onwsiat1909,2023 ONWSIAT 1909 (CanLII),2023-12-19,0,0,0,0,0,0,0,,
2023onwsiat1910,2023 ONWSIAT 1910 (CanLII),2023-12-19,0,0,0,0,0,0,0,,
2023onwsiat1911,2023 ONWSIAT 1911 (CanLII),2023-12-19,0,0,0,0,0,0,0,,
2023onwsiat1912,2023 ONWSIAT 1912 (CanLII),2023-12-19,0,0,0,0,0,0,0,,
2023onwsiat1913,2023 ONWSIAT 1913 (CanLII),2023-12-19,0,0,0,0,0,0,0,,
2023onwsiat1914,2023 ONWSIAT 1914 (CanLII),2023-12-19,0,0,0,0,0,0,1,,
2023onwsiat1915,2023 ONWSIAT 1915 (CanLII),2023-12-19,0,0,0,0,0,0,0,,
2023onwsiat1916,2023 ONWSIAT 1916 (CanLII),2023-12-19,0,0,0,0,0,0,0,,
2023onwsiat1917,2023 ONWSIAT 1917 (CanLII),2023-12-19,0,0,0,0,0,0,0,,
2023onwsiat1918,2023 ONWSIAT 1918 (CanLII),2023-12-19,0,0,0,0,0,0,0,,
2023onwsiat1919,2023 ONWSIAT 1919 (CanLII),2023-12-19,0,0,0,0,0,0,0,,
2023onwsiat1920,2023 ONWSIAT 1920 (CanLII),2023-12-19,0,0,0,0,0,0,0,,
2023onwsiat1921,2023 ONWSIAT 1921 (CanLII),2023-12-19,0,0,0,0,0,0,0,,
2023onwsiat1922,2023 ONWSIAT 1922 (CanLII),2023-12-19,0,0,0,0,0,0,0,,
2023onwsiat1923,2023 ONWSIAT 1923 (CanLII),2023-12-19,0,0,0,0,0,0,0,,
2023onwsiat1924,2023 ONWSIAT 1924 (CanLII),2023-12-19,0,0,0,0,0,0,1,,
2023onwsiat1925,2023 ONWSIAT 1925 (CanLII),2023-12-19,0,0,0,0,0,0,0,,
2023onwsiat1926,2023 ONWSIAT 1926 (CanLII),2023-12-19,0,0,0,0,0,0,0,,
2023onwsiat1927,2023 ONWSIAT 1927 (CanLII),2023-12-19,0,0,0,0,0,0,0,,
2023onwsiat1928,2023 ONWSIAT 1928 (CanLII),2023-12-19,0,0,0,0,0,0,0,,
2023onwsiat1930,2023 ONWSIAT 1930 (CanLII),2023-12-19,0,0,0,0,0,0,0,,
2023onwsiat1931,2023 ONWSIAT 1931 (CanLII),2023-12-20,0,0,0,0,0,0,0,,
2023onwsiat1932,2023 ONWSIAT 1932 (CanLII),2023-12-20,0,0,0,0,0,0,0,,
2023onwsiat1933,2023 ONWSIAT 1933 (CanLII),2023-12-20,0,0,0,0,0,0,0,,
2023onwsiat1934,2023 ONWSIAT 1934 (CanLII),2023-12-20,0,0,0,0,0,0,0,,
2023onwsiat1935,2023 ONWSIAT 1935 (CanLII),2023-12-20,0,0,0,0,0,0,0,,
2023onwsiat1936,2023 ONWSIAT 1936 (CanLII),2023-12-20,0,0,0,0,0,0,1,,
2023onwsiat1937,2023 ONWSIAT 1937 (CanLII),2023-12-20,0,0,0,0,0,0,1,,
2023onwsiat1938,2023 ONWSIAT 1938 (CanLII),2023-12-20,0,0,0,0,0,0,0,,
2023onwsiat1939,2023 ONWSIAT 1939 (CanLII),2023-12-20,0,0,0,0,0,0,0,,
2023onwsiat1940,2023 ONWSIAT 1940 (CanLII),2023-12-20,0,0,0,0,0,0,0,,
2023onwsiat1941,2023 ONWSIAT 1941 (CanLII),2023-12-20,1,0,0,0,0,0,0,,
2023onwsiat1942,2023 ONWSIAT 1942 (CanLII),2023-12-20,0,0,0,0,0,0,0,,
2023onwsiat1943,2023 ONWSIAT 1943 (CanLII),2023-12-20,0,0,0,0,0,0,0,,
2023onwsiat1944,2023 ONWSIAT 1944 (CanLII),2023-12-21,0,0,0,0,0,0,0,,
2023onwsiat1945,2023 ONWSIAT 1945 (CanLII),2023-12-21,0,0,0,0,0,0,0,,
2023onwsiat1946,2023 ONWSIAT 1946 (CanLII),2023-12-21,0,0,0,0,0,0,0,,
2023onwsiat1947,2023 ONWSIAT 1947 (CanLII),2023-12-21,0,0,0,0,0,0,0,,
2023onwsiat1948,2023 ONWSIAT 1948 (CanLII),2023-12-21,0,0,0,0,0,0,0,,
2023onwsiat1949,2023 ONWSIAT 1949 (CanLII),2023-12-21,0,0,0,0,0,0,0,,
2023onwsiat1950,2023 ONWSIAT 1950 (CanLII),2023-12-21,0,0,0,0,0,0,0,,
2023onwsiat1951,2023 ONWSIAT 1951 (CanLII),2023-12-21,0,0,0,0,0,0,0,,
2023onwsiat1952,2023 ONWSIAT 1952 (CanLII),2023-12-21,0,0,0,0,0,0,0,,
2023onwsiat1953,2023 ONWSIAT 1953 (CanLII),2023-12-22,0,0,0,0,0,0,0,,
2023onwsiat1954,2023 ONWSIAT 1954 (CanLII),2023-12-22,0,0,0,0,0,0,1,,
2023onwsiat1955,2023 ONWSIAT 1955 (CanLII),2023-12-22,0,0,0,0,0,0,0,,
2023onwsiat1956,2023 ONWSIAT 1956 (CanLII),2023-12-22,0,0,0,0,0,0,0,,
2023onwsiat1957,2023 ONWSIAT 1957 (CanLII),2023-12-22,0,0,0,0,0,0,0,,
2023onwsiat1958,2023 ONWSIAT 1958 (CanLII),2023-12-22,0,0,0,0,0,0,0,,
2023onwsiat1959,2023 ONWSIAT 1959 (CanLII),2023-12-22,0,0,0,0,0,0,0,,
2023onwsiat1960,2023 ONWSIAT 1960 (CanLII),2023-12-22,0,0,0,0,0,0,0,,
2023onwsiat1961,2023 ONWSIAT 1961 (CanLII),2023-12-22,0,0,0,0,0,0,0,,
2023onwsiat1962,2023 ONWSIAT 1962 (CanLII),2023-12-22,0,0,0,0,0,0,0,,
2023onwsiat1963,2023 ONWSIAT 1963 (CanLII),2023-12-22,0,0,0,0,0,0,0,,
2023onwsiat1964,2023 ONWSIAT 1964 (CanLII),2023-12-22,0,0,0,0,0,0,0,,
2023onwsiat1965,2023 ONWSIAT 1965 (CanLII),2023-12-22,0,0,0,0,0,0,0,,
2023onwsiat1966,2023 ONWSIAT 1966 (CanLII),2023-12-27,0,0,0,0,0,0,0,,
2023onwsiat1967,2023 ONWSIAT 1967 (CanLII),2023-12-27,0,0,0,0,0,0,0,,
2023onwsiat1968,2023 ONWSIAT 1968 (CanLII),2023-12-27,0,0,0,0,0,0,0,,
2023onwsiat1969,2023 ONWSIAT 1969 (CanLII),2023-12-27,0,0,0,0,0,0,0,,
2023onwsiat1970,2023 ONWSIAT 1970 (CanLII),2023-12-27,0,0,0,0,0,0,1,,
2023onwsiat1971,2023 ONWSIAT 1971 (CanLII),2023-12-27,0,0,0,0,0,0,0,,
2023onwsiat1972,2023 ONWSIAT 1972 (CanLII),2023-12-27,0,0,0,0,0,0,0,,
2023onwsiat1973,2023 ONWSIAT 1973 (CanLII),2023-12-27,0,0,0,0,0,0,0,,
2023onwsiat1974,2023 ONWSIAT 1974 (CanLII),2023-12-28,0,0,0,0,0,0,0,,
2023onwsiat1975,2023 ONWSIAT 1975 (CanLII),2023-12-28,0,0,0,0,0,0,1,,
2023onwsiat1976,2023 ONWSIAT 1976 (CanLII),2023-12-28,0,0,0,0,0,0,1,,
2023onwsiat1977,2023 ONWSIAT 1977 (CanLII),2023-12-28,0,0,0,0,0,0,0,,
2023onwsiat1978,2023 ONWSIAT 1978 (CanLII),2023-12-28,0,0,0,0,0,0,0,,
2023onwsiat1979,2023 ONWSIAT 1979 (CanLII),2023-12-28,0,0,0,0,0,0,0,,
2023onwsiat1980,2023 ONWSIAT 1980 (CanLII),2023-12-28,0,0,0,0,0,0,0,,
2023onwsiat1981,2023 ONWSIAT 1981 (CanLII),2023-12-28,0,0,0,0,0,0,1,,
2023onwsiat1982,2023 ONWSIAT 1982 (CanLII),2023-12-28,0,0,0,0,0,0,0,,
2023onwsiat1983,2023 ONWSIAT 1983 (CanLII),2023-12-29,0,0,0,0,0,0,0,,
2023onwsiat1984,2023 ONWSIAT 1984 (CanLII),2023-12-29,0,0,0,0,0,0,0,,
2023onwsiat1985,2023 ONWSIAT 1985 (CanLII),2023-12-29,0,0,0,0,0,0,0,,
2023onwsiat1986,2023 ONWSIAT 1986 (CanLII),2023-12-29,0,0,0,0,0,0,0,,
2024onwsiat1,2024 ONWSIAT 1 (CanLII),2024-01-02,0,0,0,0,0,0,0,,
2024onwsiat2,2024 ONWSIAT 2 (CanLII),2024-01-02,0,0,0,0,0,0,0,,
2024onwsiat3,2024 ONWSIAT 3 (CanLII),2024-01-02,0,0,0,0,0,0,1,,
2024onwsiat4,2024 ONWSIAT 4 (CanLII),2024-01-02,0,0,0,0,0,0,0,,
2024onwsiat5,2024 ONWSIAT 5 (CanLII),2024-01-02,0,0,0,0,0,0,0,,
2024onwsiat6,2024 ONWSIAT 6 (CanLII),2024-01-02,0,0,0,0,0,0,0,,
2024onwsiat7,2024 ONWSIAT 7 (CanLII),2024-01-02,0,0,0,0,0,0,0,,
2024onwsiat8,2024 ONWSIAT 8 (CanLII),2024-01-02,0,0,0,0,0,0,0,,
2024onwsiat9,2024 ONWSIAT 9 (CanLII),2024-01-02,0,0,0,0,0,0,0,,
2024onwsiat10,2024 ONWSIAT 10 (CanLII),2024-01-02,0,0,0,0,0,0,0,,
2024onwsiat11,2024 ONWSIAT 11 (CanLII),2024-01-02,0,0,0,0,0,0,0,,
2024onwsiat12,2024 ONWSIAT 12 (CanLII),2024-01-03,0,0,0,0,0,0,0,,
2024onwsiat13,2024 ONWSIAT 13 (CanLII),2024-01-03,0,0,0,0,0,0,0,,
2024onwsiat14,2024 ONWSIAT 14 (CanLII),2024-01-03,0,0,0,0,0,0,1,,
2024onwsiat15,2024 ONWSIAT 15 (CanLII),2024-01-03,0,0,0,0,0,0,0,,
2024onwsiat16,2024 ONWSIAT 16 (CanLII),2024-01-04,0,0,0,0,0,0,0,,
2024onwsiat17,2024 ONWSIAT 17 (CanLII),2024-01-04,0,0,0,0,0,0,0,,
2024onwsiat18,2024 ONWSIAT 18 (CanLII),2024-01-04,0,0,0,0,0,0,0,,
2024onwsiat19,2024 ONWSIAT 19 (CanLII),2024-01-04,0,0,0,0,0,0,0,,
2024onwsiat20,2024 ONWSIAT 20 (CanLII),2024-01-04,0,0,0,0,0,0,0,,
2024onwsiat21,2024 ONWSIAT 21 (CanLII),2024-01-04,0,0,0,0,0,0,0,,
2024onwsiat22,2024 ONWSIAT 22 (CanLII),2024-01-04,0,0,0,0,0,0,0,,
2024onwsiat23,2024 ONWSIAT 23 (CanLII),2024-01-04,0,0,0,0,0,0,0,,
2024onwsiat24,2024 ONWSIAT 24 (CanLII),2024-01-04,0,0,0,0,0,0,0,,
2024onwsiat25,2024 ONWSIAT 25 (CanLII),2024-01-04,0,0,0,0,0,0,1,,
2024onwsiat26,2024 ONWSIAT 26 (CanLII),2024-01-05,0,0,0,0,0,0,0,,
2024onwsiat27,2024 ONWSIAT 27 (CanLII),2024-01-05,0,0,0,0,0,0,0,,
2024onwsiat28,2024 ONWSIAT 28 (CanLII),2024-01-05,0,0,0,0,0,0,0,,
2024onwsiat29,2024 ONWSIAT 29 (CanLII),2024-01-05,0,0,0,0,0,0,0,,
2024onwsiat30,2024 ONWSIAT 30 (CanLII),2024-01-05,0,0,0,0,0,0,0,,
2024onwsiat31,2024 ONWSIAT 31 (CanLII),2024-01-05,0,0,0,0,0,0,0,,
2024onwsiat32,2024 ONWSIAT 32 (CanLII),2024-01-05,0,0,0,0,0,0,0,,
2024onwsiat33,2024 ONWSIAT 33 (CanLII),2024-01-05,0,0,0,0,0,0,0,,
2024onwsiat34,2024 ONWSIAT 34 (CanLII),2024-01-05,0,0,0,0,0,0,0,,
2024onwsiat35,2024 ONWSIAT 35 (CanLII),2024-01-05,0,0,0,0,0,0,0,,
2024onwsiat36,2024 ONWSIAT 36 (CanLII),2024-01-08,0,0,0,0,0,0,0,,
2024onwsiat37,2024 ONWSIAT 37 (CanLII),2024-01-08,0,0,0,0,0,0,0,,
2024onwsiat38,2024 ONWSIAT 38 (CanLII),2024-01-08,0,0,0,0,0,0,0,,
2024onwsiat39,2024 ONWSIAT 39 (CanLII),2024-01-08,0,0,0,0,0,0,0,,
2024onwsiat40,2024 ONWSIAT 40 (CanLII),2024-01-08,0,0,0,0,0,0,0,,
2024onwsiat41,2024 ONWSIAT 41 (CanLII),2024-01-09,0,0,0,0,0,0,0,,
2024onwsiat42,2024 ONWSIAT 42 (CanLII),2024-01-09,0,0,0,0,0,0,0,,
2024onwsiat43,2024 ONWSIAT 43 (CanLII),2024-01-09,0,0,0,0,0,0,0,,
2024onwsiat44,2024 ONWSIAT 44 (CanLII),2024-01-09,0,0,0,0,0,0,0,,
2024onwsiat45,2024 ONWSIAT 45 (CanLII),2024-01-09,0,0,0,0,0,0,0,,
2024onwsiat46,2024 ONWSIAT 46 (CanLII),2024-01-10,0,0,0,0,0,0,0,,
2024onwsiat47,2024 ONWSIAT 47 (CanLII),2024-01-10,0,0,0,0,0,0,0,,
2024onwsiat48,2024 ONWSIAT 48 (CanLII),2024-01-10,0,0,0,0,0,0,0,,
2024onwsiat49,2024 ONWSIAT 49 (CanLII),2024-01-10,0,0,0,0,0,0,0,,
2024onwsiat50,2024 ONWSIAT 50 (CanLII),2024-01-10,0,0,0,0,0,0,0,,
2024onwsiat51,2024 ONWSIAT 51 (CanLII),2024-01-10,0,0,0,0,0,0,0,,
2024onwsiat52,2024 ONWSIAT 52 (CanLII),2024-01-10,0,0,0,0,0,0,0,,
2024onwsiat53,2024 ONWSIAT 53 (CanLII),2024-01-11,0,0,0,0,0,0,1,,
2024onwsiat54,2024 ONWSIAT 54 (CanLII),2024-01-11,0,0,0,0,0,0,0,,
2024onwsiat55,2024 ONWSIAT 55 (CanLII),2024-01-11,0,0,0,0,0,0,0,,
2024onwsiat56,2024 ONWSIAT 56 (CanLII),2024-01-11,0,0,0,0,0,0,0,,
2024onwsiat57,2024 ONWSIAT 57 (CanLII),2024-01-11,0,0,0,0,0,0,0,,
2024onwsiat58,2024 ONWSIAT 58 (CanLII),2024-01-11,0,0,0,0,0,0,0,,
2024onwsiat59,2024 ONWSIAT 59 (CanLII),2024-01-11,0,0,0,0,0,0,0,,
2024onwsiat60,2024 ONWSIAT 60 (CanLII),2024-01-12,0,0,0,0,0,0,0,,
2024onwsiat61,2024 ONWSIAT 61 (CanLII),2024-01-12,0,0,0,0,0,0,0,,
2024onwsiat62,2024 ONWSIAT 62 (CanLII),2024-01-12,0,0,0,0,0,0,0,,
2024onwsiat63,2024 ONWSIAT 63 (CanLII),2024-01-12,0,0,0,0,0,0,0,,
2024onwsiat64,2024 ONWSIAT 64 (CanLII),2024-01-12,0,0,0,0,0,0,0,,
2024onwsiat65,2024 ONWSIAT 65 (CanLII),2024-01-12,0,0,0,0,0,0,0,,
2024onwsiat66,2024 ONWSIAT 66 (CanLII),2024-01-12,0,0,0,0,0,0,0,,
2024onwsiat67,2024 ONWSIAT 67 (CanLII),2024-01-12,0,0,0,0,0,0,0,,
2024onwsiat68,2024 ONWSIAT 68 (CanLII),2024-01-12,0,0,0,0,0,0,0,,
2024onwsiat69,2024 ONWSIAT 69 (CanLII),2024-01-12,0,0,0,0,0,0,0,,
2024onwsiat70,2024 ONWSIAT 70 (CanLII),2024-01-15,0,0,0,0,0,0,0,,
2024onwsiat71,2024 ONWSIAT 71 (CanLII),2024-01-15,0,0,0,0,0,0,0,,
2024onwsiat72,2024 ONWSIAT 72 (CanLII),2024-01-15,0,0,0,0,0,0,0,,
2024onwsiat73,2024 ONWSIAT 73 (CanLII),2024-01-15,0,0,0,0,0,0,0,,
2024onwsiat74,2024 ONWSIAT 74 (CanLII),2024-01-15,0,0,0,0,0,0,0,,
2024onwsiat75,2024 ONWSIAT 75 (CanLII),2024-01-15,0,0,0,0,0,0,0,,
2024onwsiat76,2024 ONWSIAT 76 (CanLII),2024-01-15,0,0,0,0,0,0,0,,
2024onwsiat77,2024 ONWSIAT 77 (CanLII),2024-01-15,0,0,0,0,0,0,0,,
2024onwsiat78,2024 ONWSIAT 78 (CanLII),2024-01-15,0,0,0,0,0,0,0,,
2024onwsiat79,2024 ONWSIAT 79 (CanLII),2024-01-15,0,0,0,0,0,0,1,,
2024onwsiat80,2024 ONWSIAT 80 (CanLII),2024-01-16,0,0,0,0,0,0,0,,
2024onwsiat81,2024 ONWSIAT 81 (CanLII),2024-01-16,0,0,0,0,0,0,0,,
2024onwsiat82,2024 ONWSIAT 82 (CanLII),2024-01-16,0,0,0,0,0,0,0,,
2024onwsiat83,2024 ONWSIAT 83 (CanLII),2024-01-16,0,0,0,0,0,0,0,,
2024onwsiat84,2024 ONWSIAT 84 (CanLII),2024-01-16,0,0,0,0,0,0,0,,
2024onwsiat85,2024 ONWSIAT 85 (CanLII),2024-01-16,0,0,0,0,0,0,0,,
2024onwsiat86,2024 ONWSIAT 86 (CanLII),2024-01-16,0,0,0,0,0,0,0,,
2024onwsiat87,2024 ONWSIAT 87 (CanLII),2024-01-16,0,0,0,0,0,0,0,,
2024onwsiat88,2024 ONWSIAT 88 (CanLII),2024-01-16,0,0,0,0,0,0,0,,
2024onwsiat89,2024 ONWSIAT 89 (CanLII),2024-01-16,0,0,0,0,0,0,0,,
2024onwsiat90,2024 ONWSIAT 90 (CanLII),2024-01-16,0,0,0,0,0,0,0,,
2024onwsiat91,2024 ONWSIAT 91 (CanLII),2024-01-17,0,0,0,0,0,0,0,,
2024onwsiat92,2024 ONWSIAT 92 (CanLII),2024-01-17,0,0,0,0,0,0,0,,
2024onwsiat93,2024 ONWSIAT 93 (CanLII),2024-01-17,0,0,0,0,0,0,0,,
2024onwsiat94,2024 ONWSIAT 94 (CanLII),2024-01-17,0,0,0,0,0,0,0,,
2024onwsiat95,2024 ONWSIAT 95 (CanLII),2024-01-17,0,0,0,0,0,0,0,,
2024onwsiat96,2024 ONWSIAT 96 (CanLII),2024-01-17,0,0,0,0,0,0,0,,
2024onwsiat98,2024 ONWSIAT 98 (CanLII),2024-01-17,0,0,0,0,0,0,1,,
2024onwsiat99,2024 ONWSIAT 99 (CanLII),2024-01-17,0,0,0,0,0,0,0,,
2024onwsiat100,2024 ONWSIAT 100 (CanLII),2024-01-17,0,0,0,0,0,0,0,,
2024onwsiat101,2024 ONWSIAT 101 (CanLII),2024-01-17,0,0,0,0,0,0,0,,
2024onwsiat102,2024 ONWSIAT 102 (CanLII),2024-01-18,0,0,0,0,0,0,0,,
2024onwsiat103,2024 ONWSIAT 103 (CanLII),2024-01-18,0,0,0,0,0,0,0,,
2024onwsiat104,2024 ONWSIAT 104 (CanLII),2024-01-18,0,0,0,0,0,0,0,,
2024onwsiat105,2024 ONWSIAT 105 (CanLII),2024-01-18,0,0,0,0,0,0,0,,
2024onwsiat106,2024 ONWSIAT 106 (CanLII),2024-01-18,0,0,0,0,0,0,0,,
2024onwsiat107,2024 ONWSIAT 107 (CanLII),2024-01-18,0,0,0,0,0,0,0,,
2024onwsiat108,2024 ONWSIAT 108 (CanLII),2024-01-18,0,0,0,0,0,0,0,,
2024onwsiat109,2024 ONWSIAT 109 (CanLII),2024-01-18,0,0,0,0,0,0,0,,
2024onwsiat110,2024 ONWSIAT 110 (CanLII),2024-01-19,0,0,0,0,0,0,0,,
2024onwsiat111,2024 ONWSIAT 111 (CanLII),2024-01-19,0,0,0,0,0,0,1,,
2024onwsiat112,2024 ONWSIAT 112 (CanLII),2024-01-19,0,0,0,0,0,0,0,,
2024onwsiat113,2024 ONWSIAT 113 (CanLII),2024-01-19,0,0,0,0,0,0,0,,
2024onwsiat114,2024 ONWSIAT 114 (CanLII),2024-01-19,0,0,0,0,0,0,0,,
2024onwsiat115,2024 ONWSIAT 115 (CanLII),2024-01-19,0,0,0,0,0,0,0,,
2024onwsiat116,2024 ONWSIAT 116 (CanLII),2024-01-19,0,0,0,0,0,0,0,,
2024onwsiat117,2024 ONWSIAT 117 (CanLII),2024-01-19,0,0,0,0,0,0,1,,
2024onwsiat118,2024 ONWSIAT 118 (CanLII),2024-01-19,0,0,0,0,0,0,0,,
2024onwsiat119,2024 ONWSIAT 119 (CanLII),2024-01-19,0,0,0,0,0,0,0,,
2024onwsiat120,2024 ONWSIAT 120 (CanLII),2024-01-19,0,0,0,0,0,0,0,,
2024onwsiat121,2024 ONWSIAT 121 (CanLII),2024-01-19,0,0,0,0,0,0,0,,
2024onwsiat122,2024 ONWSIAT 122 (CanLII),2024-01-19,0,0,0,0,0,0,0,,
2024onwsiat123,2024 ONWSIAT 123 (CanLII),2024-01-22,0,0,0,0,0,0,0,,
2024onwsiat124,2024 ONWSIAT 124 (CanLII),2024-01-22,0,0,0,0,0,0,0,,
2024onwsiat125,2024 ONWSIAT 125 (CanLII),2024-01-22,0,0,0,0,0,0,0,,
2024onwsiat126,2024 ONWSIAT 126 (CanLII),2024-01-22,0,0,0,0,0,0,0,,
2024onwsiat127,2024 ONWSIAT 127 (CanLII),2024-01-22,0,0,0,0,0,0,1,,
2024onwsiat128,2024 ONWSIAT 128 (CanLII),2024-01-23,0,0,0,0,0,0,0,,
2024onwsiat129,2024 ONWSIAT 129 (CanLII),2024-01-23,0,0,0,0,0,0,0,,
2024onwsiat130,2024 ONWSIAT 130 (CanLII),2024-01-23,0,0,0,0,0,0,0,,
2024onwsiat131,2024 ONWSIAT 131 (CanLII),2024-01-23,0,0,0,0,0,0,0,,
2024onwsiat132,2024 ONWSIAT 132 (CanLII),2024-01-23,0,0,0,0,0,0,0,,
2024onwsiat133,2024 ONWSIAT 133 (CanLII),2024-01-23,0,0,0,0,0,0,0,,
2024onwsiat134,2024 ONWSIAT 134 (CanLII),2024-01-23,0,0,0,0,0,0,0,,
2024onwsiat135,2024 ONWSIAT 135 (CanLII),2024-01-23,0,0,0,0,0,0,0,,
2024onwsiat136,2024 ONWSIAT 136 (CanLII),2024-01-23,0,0,0,0,0,0,0,,
2024onwsiat137,2024 ONWSIAT 137 (CanLII),2024-01-23,0,0,0,0,0,0,0,,
2024onwsiat138,2024 ONWSIAT 138 (CanLII),2024-01-23,0,0,0,0,0,0,0,,
2024onwsiat139,2024 ONWSIAT 139 (CanLII),2024-01-23,0,0,0,0,0,0,0,,
2024onwsiat140,2024 ONWSIAT 140 (CanLII),2024-01-24,0,0,0,0,0,0,0,,
2024onwsiat141,2024 ONWSIAT 141 (CanLII),2024-01-24,0,0,0,0,0,0,0,,
2024onwsiat142,2024 ONWSIAT 142 (CanLII),2024-01-24,0,0,0,0,0,0,0,,
2024onwsiat143,2024 ONWSIAT 143 (CanLII),2024-01-24,0,0,0,0,0,0,0,,
2024onwsiat144,2024 ONWSIAT 144 (CanLII),2024-01-24,0,0,0,0,0,0,0,,
2024onwsiat145,2024 ONWSIAT 145 (CanLII),2024-01-24,0,0,0,0,0,0,0,,
2024onwsiat146,2024 ONWSIAT 146 (CanLII),2024-01-24,0,0,0,0,0,0,0,,
2024onwsiat147,2024 ONWSIAT 147 (CanLII),2024-01-24,0,0,0,0,0,0,0,,
2024onwsiat148,2024 ONWSIAT 148 (CanLII),2024-01-24,0,0,0,0,0,0,0,,
2024onwsiat149,2024 ONWSIAT 149 (CanLII),2024-01-25,0,0,0,0,0,0,0,,
2024onwsiat150,2024 ONWSIAT 150 (CanLII),2024-01-25,0,0,0,0,0,0,0,,
2024onwsiat151,2024 ONWSIAT 151 (CanLII),2024-01-25,0,0,0,0,0,0,0,,
2024onwsiat152,2024 ONWSIAT 152 (CanLII),2024-01-25,0,0,0,0,0,0,0,,
2024onwsiat153,2024 ONWSIAT 153 (CanLII),2024-01-25,0,0,0,0,0,0,0,,
2024onwsiat154,2024 ONWSIAT 154 (CanLII),2024-01-26,0,0,0,0,0,0,1,,
2024onwsiat155,2024 ONWSIAT 155 (CanLII),2024-01-25,0,0,0,0,0,0,0,,
2024onwsiat156,2024 ONWSIAT 156 (CanLII),2024-01-25,0,0,0,0,0,0,0,,
2024onwsiat157,2024 ONWSIAT 157 (CanLII),2024-01-26,0,0,0,0,0,0,0,,
2024onwsiat158,2024 ONWSIAT 158 (CanLII),2024-01-26,0,0,0,0,0,0,0,,
2024onwsiat159,2024 ONWSIAT 159 (CanLII),2024-01-26,0,0,0,0,0,0,0,,
2024onwsiat160,2024 ONWSIAT 160 (CanLII),2024-01-26,0,0,0,0,0,0,0,,
2024onwsiat161,2024 ONWSIAT 161 (CanLII),2024-01-26,0,0,0,0,0,0,0,,
2024onwsiat162,2024 ONWSIAT 162 (CanLII),2024-01-26,0,0,0,0,0,0,1,,
2024onwsiat163,2024 ONWSIAT 163 (CanLII),2024-01-26,0,0,0,0,0,0,0,,
2024onwsiat164,2024 ONWSIAT 164 (CanLII),2024-01-26,0,0,0,0,0,0,0,,
2024onwsiat165,2024 ONWSIAT 165 (CanLII),2024-01-29,0,0,0,0,0,0,0,,
2024onwsiat166,2024 ONWSIAT 166 (CanLII),2024-01-29,0,0,0,0,0,0,0,,
2024onwsiat167,2024 ONWSIAT 167 (CanLII),2024-01-29,0,0,0,0,0,0,0,,
2024onwsiat168,2024 ONWSIAT 168 (CanLII),2024-01-29,0,0,0,0,0,0,0,,
2024onwsiat169,2024 ONWSIAT 169 (CanLII),2024-01-29,0,0,0,0,0,0,0,,
2024onwsiat170,2024 ONWSIAT 170 (CanLII),2024-01-29,0,0,0,0,0,0,0,,
2024onwsiat171,2024 ONWSIAT 171 (CanLII),2024-01-29,0,0,0,0,0,0,0,,
2024onwsiat172,2024 ONWSIAT 172 (CanLII),2024-01-29,0,0,0,0,0,0,0,,
2024onwsiat173,2024 ONWSIAT 173 (CanLII),2024-01-29,0,0,0,0,0,0,0,,
2024onwsiat174,2024 ONWSIAT 174 (CanLII),2024-01-30,0,0,0,0,0,0,0,,
2024onwsiat175,2024 ONWSIAT 175 (CanLII),2024-01-30,0,0,0,0,0,0,0,,
2024onwsiat176,2024 ONWSIAT 176 (CanLII),2024-01-30,0,0,0,0,0,0,0,,
2024onwsiat177,2024 ONWSIAT 177 (CanLII),2024-01-30,0,0,0,0,0,0,0,,
2024onwsiat178,2024 ONWSIAT 178 (CanLII),2024-01-30,0,0,0,0,0,0,0,,
2024onwsiat179,2024 ONWSIAT 179 (CanLII),2024-01-30,0,0,0,0,0,0,0,,
2024onwsiat180,2024 ONWSIAT 180 (CanLII),2024-01-31,0,0,0,0,0,0,0,,
2024onwsiat181,2024 ONWSIAT 181 (CanLII),2024-01-31,0,0,0,0,0,0,0,,
2024onwsiat182,2024 ONWSIAT 182 (CanLII),2024-01-31,0,0,0,0,0,0,0,,
2024onwsiat183,2024 ONWSIAT 183 (CanLII),2024-01-31,0,0,0,0,0,0,0,,
2024onwsiat184,2024 ONWSIAT 184 (CanLII),2024-01-31,0,0,0,0,0,0,0,,
2024onwsiat185,2024 ONWSIAT 185 (CanLII),2024-01-31,0,0,0,0,0,0,0,,
2024onwsiat186,2024 ONWSIAT 186 (CanLII),2024-01-31,0,0,0,0,0,0,0,,
2024onwsiat187,2024 ONWSIAT 187 (CanLII),2024-01-31,0,0,0,0,0,0,0,,
2024onwsiat188,2024 ONWSIAT 188 (CanLII),2024-01-31,0,0,0,0,0,0,1,,
2024onwsiat189,2024 ONWSIAT 189 (CanLII),2024-01-31,0,0,0,0,0,0,0,,
2024onwsiat190,2024 ONWSIAT 190 (CanLII),2024-01-31,0,0,0,0,0,0,0,,
2024onwsiat191,2024 ONWSIAT 191 (CanLII),2024-01-31,0,0,0,0,0,0,0,,
2024onwsiat192,2024 ONWSIAT 192 (CanLII),2024-01-31,0,0,0,0,0,0,0,,
2024onwsiat193,2024 ONWSIAT 193 (CanLII),2024-01-31,0,0,0,0,0,0,0,,
2024onwsiat194,2024 ONWSIAT 194 (CanLII),2024-02-01,0,0,0,0,0,0,0,,
2024onwsiat195,2024 ONWSIAT 195 (CanLII),2024-02-01,0,0,0,0,0,0,0,,
2024onwsiat196,2024 ONWSIAT 196 (CanLII),2024-02-01,0,0,0,0,0,0,0,,
2024onwsiat197,2024 ONWSIAT 197 (CanLII),2024-02-01,0,0,0,0,0,0,0,,
2024onwsiat198,2024 ONWSIAT 198 (CanLII),2024-02-01,0,0,0,0,0,0,0,,
2024onwsiat199,2024 ONWSIAT 199 (CanLII),2024-02-02,0,0,0,0,0,0,0,,
2024onwsiat200,2024 ONWSIAT 200 (CanLII),2024-02-02,0,0,0,0,0,0,0,,
2024onwsiat201,2024 ONWSIAT 201 (CanLII),2024-02-02,0,0,0,0,0,0,0,,
2024onwsiat202,2024 ONWSIAT 202 (CanLII),2024-02-02,0,0,0,0,0,0,0,,
2024onwsiat203,2024 ONWSIAT 203 (CanLII),2024-02-02,0,0,0,0,0,0,0,,
2024onwsiat204,2024 ONWSIAT 204 (CanLII),2024-02-02,0,0,0,0,0,0,0,,
2024onwsiat205,2024 ONWSIAT 205 (CanLII),2024-02-02,0,0,0,0,0,0,0,,
2024onwsiat206,2024 ONWSIAT 206 (CanLII),2024-02-02,0,0,0,0,0,0,0,,
2024onwsiat207,2024 ONWSIAT 207 (CanLII),2024-02-02,0,0,0,0,0,0,0,,
2024onwsiat208,2024 ONWSIAT 208 (CanLII),2024-02-02,0,0,0,0,0,0,0,,
2024onwsiat209,2024 ONWSIAT 209 (CanLII),2024-02-02,0,0,0,0,0,0,0,,
2024onwsiat210,2024 ONWSIAT 210 (CanLII),2024-02-02,0,0,0,0,0,0,0,,
2024onwsiat211,2024 ONWSIAT 211 (CanLII),2024-02-05,0,0,0,0,0,0,0,,
2024onwsiat212,2024 ONWSIAT 212 (CanLII),2024-02-05,0,0,0,0,0,0,0,,
2024onwsiat213,2024 ONWSIAT 213 (CanLII),2024-02-05,0,0,0,0,0,0,0,,
2024onwsiat214,2024 ONWSIAT 214 (CanLII),2024-02-05,0,0,0,0,0,0,0,,
2024onwsiat215,2024 ONWSIAT 215 (CanLII),2024-02-05,0,0,0,0,0,0,0,,
2024onwsiat216,2024 ONWSIAT 216 (CanLII),2024-02-05,0,0,0,0,0,0,0,,
2024onwsiat217,2024 ONWSIAT 217 (CanLII),2024-02-05,0,0,0,0,0,0,0,,
2024onwsiat218,2024 ONWSIAT 218 (CanLII),2024-02-06,0,0,0,0,0,0,0,,
2024onwsiat219,2024 ONWSIAT 219 (CanLII),2024-02-05,0,0,0,0,0,0,0,,
2024onwsiat220,2024 ONWSIAT 220 (CanLII),2024-02-06,0,0,0,0,0,0,0,,
2024onwsiat221,2024 ONWSIAT 221 (CanLII),2024-02-06,0,0,0,0,0,0,0,,
2024onwsiat222,2024 ONWSIAT 222 (CanLII),2024-02-06,0,0,0,0,0,0,0,,
2024onwsiat223,2024 ONWSIAT 223 (CanLII),2024-02-07,0,0,0,0,0,0,1,,
2024onwsiat224,2024 ONWSIAT 224 (CanLII),2024-02-07,0,0,0,0,0,0,0,,
2024onwsiat225,2024 ONWSIAT 225 (CanLII),2024-02-07,0,0,0,0,0,0,0,,
2024onwsiat226,2024 ONWSIAT 226 (CanLII),2024-02-07,0,0,0,0,0,0,0,,
2024onwsiat227,2024 ONWSIAT 227 (CanLII),2024-02-07,0,0,0,0,0,0,0,,
2024onwsiat228,2024 ONWSIAT 228 (CanLII),2024-02-08,0,0,0,0,0,0,0,,
2024onwsiat229,2024 ONWSIAT 229 (CanLII),2024-02-08,0,0,0,0,0,0,0,,
2024onwsiat230,2024 ONWSIAT 230 (CanLII),2024-02-08,0,0,0,0,0,0,0,,
2024onwsiat231,2024 ONWSIAT 231 (CanLII),2024-02-08,0,0,0,0,0,0,0,,
2024onwsiat232,2024 ONWSIAT 232 (CanLII),2024-02-08,0,0,0,0,0,0,0,,
2024onwsiat233,2024 ONWSIAT 233 (CanLII),2024-02-08,0,0,0,0,0,0,1,,
2024onwsiat234,2024 ONWSIAT 234 (CanLII),2024-02-09,0,0,0,0,0,0,1,,
2024onwsiat235,2024 ONWSIAT 235 (CanLII),2024-02-09,0,0,0,0,0,0,0,,
2024onwsiat236,2024 ONWSIAT 236 (CanLII),2024-02-09,0,0,0,0,0,0,0,,
2024onwsiat237,2024 ONWSIAT 237 (CanLII),2024-02-09,0,0,0,0,0,0,0,,
2024onwsiat238,2024 ONWSIAT 238 (CanLII),2024-02-09,0,0,0,0,0,0,0,,
2024onwsiat239,2024 ONWSIAT 239 (CanLII),2024-02-09,0,0,0,0,0,0,0,,
2024onwsiat240,2024 ONWSIAT 240 (CanLII),2024-02-12,0,0,0,0,0,0,0,,
2024onwsiat241,2024 ONWSIAT 241 (CanLII),2024-02-12,0,0,0,0,0,0,1,,
2024onwsiat242,2024 ONWSIAT 242 (CanLII),2024-02-12,0,0,0,0,0,0,0,,
2024onwsiat243,2024 ONWSIAT 243 (CanLII),2024-02-12,0,0,0,0,0,0,0,,
2024onwsiat244,2024 ONWSIAT 244 (CanLII),2024-02-12,0,0,0,0,0,0,0,,
2024onwsiat245,2024 ONWSIAT 245 (CanLII),2024-02-12,0,0,0,0,0,0,0,,
2024onwsiat246,2024 ONWSIAT 246 (CanLII),2024-02-12,0,0,0,0,0,0,0,,
2024onwsiat247,2024 ONWSIAT 247 (CanLII),2024-02-13,0,0,0,0,0,0,0,,
2024onwsiat248,2024 ONWSIAT 248 (CanLII),2024-02-13,0,0,0,0,0,0,0,,
2024onwsiat249,2024 ONWSIAT 249 (CanLII),2024-02-13,0,0,0,0,0,0,0,,
2024onwsiat250,2024 ONWSIAT 250 (CanLII),2024-02-13,0,0,0,0,0,0,0,,
2024onwsiat251,2024 ONWSIAT 251 (CanLII),2024-02-13,0,0,0,0,0,0,0,,
2024onwsiat252,2024 ONWSIAT 252 (CanLII),2024-02-13,0,0,0,0,0,0,0,,
2024onwsiat253,2024 ONWSIAT 253 (CanLII),2024-09-10,0,0,0,0,0,0,0,,
2024onwsiat254,2024 ONWSIAT 254 (CanLII),2024-02-14,0,0,0,0,0,0,0,,
2024onwsiat255,2024 ONWSIAT 255 (CanLII),2024-02-14,0,0,0,0,0,0,0,,
2024onwsiat256,2024 ONWSIAT 256 (CanLII),2024-02-14,0,0,0,0,0,0,1,,
2024onwsiat257,2024 ONWSIAT 257 (CanLII),2024-02-15,0,0,0,0,0,0,0,,
2024onwsiat258,2024 ONWSIAT 258 (CanLII),2024-02-14,0,0,0,0,0,0,0,,
2024onwsiat259,2024 ONWSIAT 259 (CanLII),2024-02-14,0,0,0,0,0,0,0,,
2024onwsiat260,2024 ONWSIAT 260 (CanLII),2024-02-14,0,0,0,0,0,0,0,,
2024onwsiat261,2024 ONWSIAT 261 (CanLII),2024-02-14,0,0,0,0,0,0,0,,
2024onwsiat262,2024 ONWSIAT 262 (CanLII),2024-02-14,0,0,0,0,0,0,0,,
2024onwsiat263,2024 ONWSIAT 263 (CanLII),2024-02-15,0,0,0,0,0,0,0,,
2024onwsiat264,2024 ONWSIAT 264 (CanLII),2024-02-15,0,0,0,0,0,0,0,,
2024onwsiat265,2024 ONWSIAT 265 (CanLII),2024-02-16,0,0,0,0,0,0,1,,
2024onwsiat266,2024 ONWSIAT 266 (CanLII),2024-02-16,0,0,0,0,0,0,0,,
2024onwsiat267,2024 ONWSIAT 267 (CanLII),2024-02-16,0,0,0,0,0,0,0,,
2024onwsiat268,2024 ONWSIAT 268 (CanLII),2024-02-16,0,0,0,0,0,0,0,,
2024onwsiat269,2024 ONWSIAT 269 (CanLII),2024-02-16,0,0,0,0,0,0,0,,
2024onwsiat270,2024 ONWSIAT 270 (CanLII),2024-02-16,0,0,0,0,0,0,0,,
2024onwsiat271,2024 ONWSIAT 271 (CanLII),2024-02-16,0,0,0,0,0,0,0,,
2024onwsiat272,2024 ONWSIAT 272 (CanLII),2024-02-16,0,0,0,0,0,0,0,,
2024onwsiat273,2024 ONWSIAT 273 (CanLII),2024-02-16,0,0,0,0,0,0,0,,
2024onwsiat274,2024 ONWSIAT 274 (CanLII),2024-02-20,0,0,0,0,0,0,0,,
2024onwsiat275,2024 ONWSIAT 275 (CanLII),2024-02-20,0,0,0,0,0,0,0,,
2024onwsiat276,2024 ONWSIAT 276 (CanLII),2024-02-20,0,0,0,0,0,0,0,,
2024onwsiat277,2024 ONWSIAT 277 (CanLII),2024-02-20,0,0,0,0,0,0,0,,
2024onwsiat278,2024 ONWSIAT 278 (CanLII),2024-02-20,0,0,0,0,0,0,0,,
2024onwsiat279,2024 ONWSIAT 279 (CanLII),2024-02-20,0,0,0,0,0,0,0,,
2024onwsiat280,2024 ONWSIAT 280 (CanLII),2024-02-20,0,0,0,0,0,0,0,,
2024onwsiat281,2024 ONWSIAT 281 (CanLII),2024-02-20,0,0,0,0,0,0,0,,
2024onwsiat282,2024 ONWSIAT 282 (CanLII),2024-02-20,0,0,0,0,0,0,0,,
2024onwsiat283,2024 ONWSIAT 283 (CanLII),2024-02-20,0,0,0,0,0,0,0,,
2024onwsiat284,2024 ONWSIAT 284 (CanLII),2024-02-20,0,0,0,0,0,0,1,,
2024onwsiat285,2024 ONWSIAT 285 (CanLII),2024-02-20,0,0,0,0,0,0,0,,
2024onwsiat286,2024 ONWSIAT 286 (CanLII),2024-02-20,0,0,0,0,0,0,0,,
2024onwsiat287,2024 ONWSIAT 287 (CanLII),2024-02-20,0,0,0,0,0,0,0,,
2024onwsiat288,2024 ONWSIAT 288 (CanLII),2024-02-20,0,0,0,0,0,0,0,,
2024onwsiat289,2024 ONWSIAT 289 (CanLII),2024-02-20,0,0,0,0,0,0,1,,
2024onwsiat290,2024 ONWSIAT 290 (CanLII),2024-02-20,0,0,0,0,0,0,0,,
2024onwsiat291,2024 ONWSIAT 291 (CanLII),2024-02-21,0,0,0,0,0,0,0,,
2024onwsiat292,2024 ONWSIAT 292 (CanLII),2024-02-21,0,0,0,0,0,0,1,,
2024onwsiat293,2024 ONWSIAT 293 (CanLII),2024-02-21,0,0,0,0,0,0,0,,
2024onwsiat294,2024 ONWSIAT 294 (CanLII),2024-02-22,0,0,0,0,0,0,0,,
2024onwsiat295,2024 ONWSIAT 295 (CanLII),2024-02-22,0,0,0,0,0,0,0,,
2024onwsiat296,2024 ONWSIAT 296 (CanLII),2024-02-22,0,0,0,0,0,0,0,,
2024onwsiat297,2024 ONWSIAT 297 (CanLII),2024-02-22,0,0,0,0,0,0,0,,
2024onwsiat298,2024 ONWSIAT 298 (CanLII),2024-02-22,0,0,0,0,0,0,0,,
2024onwsiat299,2024 ONWSIAT 299 (CanLII),2024-02-22,0,0,0,0,0,0,0,,
2024onwsiat300,2024 ONWSIAT 300 (CanLII),2024-02-22,0,0,0,0,0,0,0,,
2024onwsiat301,2024 ONWSIAT 301 (CanLII),2024-02-23,0,0,0,0,0,0,0,,
2024onwsiat302,2024 ONWSIAT 302 (CanLII),2024-02-23,0,0,0,0,0,0,0,,
2024onwsiat303,2024 ONWSIAT 303 (CanLII),2024-02-23,0,0,0,0,0,0,0,,
2024onwsiat304,2024 ONWSIAT 304 (CanLII),2024-02-23,0,0,0,0,0,0,0,,
2024onwsiat305,2024 ONWSIAT 305 (CanLII),2024-02-23,0,0,0,0,0,0,0,,
2024onwsiat306,2024 ONWSIAT 306 (CanLII),2024-02-23,0,0,0,0,0,0,0,,
2024onwsiat307,2024 ONWSIAT 307 (CanLII),2024-02-23,0,0,0,0,0,0,0,,
2024onwsiat308,2024 ONWSIAT 308 (CanLII),2024-02-23,0,0,0,0,0,0,0,,
2024onwsiat309,2024 ONWSIAT 309 (CanLII),2024-02-23,0,0,0,0,0,0,0,,
2024onwsiat310,2024 ONWSIAT 310 (CanLII),2024-02-26,0,0,0,0,0,0,0,,
2024onwsiat311,2024 ONWSIAT 311 (CanLII),2024-02-26,0,0,0,0,0,0,0,,
2024onwsiat312,2024 ONWSIAT 312 (CanLII),2024-02-26,0,0,0,0,0,0,0,,
2024onwsiat313,2024 ONWSIAT 313 (CanLII),2024-02-26,0,0,0,0,0,0,0,,
2024onwsiat314,2024 ONWSIAT 314 (CanLII),2024-02-26,0,0,0,0,0,0,0,,
2024onwsiat315,2024 ONWSIAT 315 (CanLII),2024-02-26,0,0,0,0,0,0,0,,
2024onwsiat316,2024 ONWSIAT 316 (CanLII),2024-02-26,0,0,0,0,0,0,0,,
2024onwsiat317,2024 ONWSIAT 317 (CanLII),2024-02-26,0,0,0,0,0,0,0,,
2024onwsiat318,2024 ONWSIAT 318 (CanLII),2024-02-26,0,0,0,0,0,0,0,,
2024onwsiat319,2024 ONWSIAT 319 (CanLII),2024-02-26,0,0,0,0,0,0,0,,
2024onwsiat320,2024 ONWSIAT 320 (CanLII),2024-02-27,0,0,0,0,0,0,0,,
2024onwsiat321,2024 ONWSIAT 321 (CanLII),2024-02-27,0,0,0,0,0,0,0,,
2024onwsiat322,2024 ONWSIAT 322 (CanLII),2024-02-27,1,0,0,0,0,0,0,,
2024onwsiat323,2024 ONWSIAT 323 (CanLII),2024-02-27,0,0,0,0,0,0,0,,
2024onwsiat324,2024 ONWSIAT 324 (CanLII),2024-02-27,0,0,0,0,0,0,0,,
2024onwsiat325,2024 ONWSIAT 325 (CanLII),2024-02-28,0,0,0,0,0,0,0,,
2024onwsiat326,2024 ONWSIAT 326 (CanLII),2024-02-28,0,0,0,0,0,0,0,,
2024onwsiat327,2024 ONWSIAT 327 (CanLII),2024-02-28,0,0,0,0,0,0,0,,
2024onwsiat328,2024 ONWSIAT 328 (CanLII),2024-02-28,0,0,0,0,0,0,0,,
2024onwsiat329,2024 ONWSIAT 329 (CanLII),2024-02-28,0,0,0,0,0,0,0,,
2024onwsiat330,2024 ONWSIAT 330 (CanLII),2024-02-28,0,0,0,0,0,0,0,,
2024onwsiat331,2024 ONWSIAT 331 (CanLII),2024-02-28,0,0,0,0,0,0,0,,
2024onwsiat332,2024 ONWSIAT 332 (CanLII),2024-02-28,0,0,0,0,0,0,0,,
2024onwsiat333,2024 ONWSIAT 333 (CanLII),2024-02-28,0,0,0,0,0,0,0,,
2024onwsiat334,2024 ONWSIAT 334 (CanLII),2024-02-29,0,0,0,0,0,0,0,,
2024onwsiat335,2024 ONWSIAT 335 (CanLII),2024-02-29,0,0,0,0,0,0,0,,
2024onwsiat336,2024 ONWSIAT 336 (CanLII),2024-02-29,0,0,0,0,0,0,0,,
2024onwsiat337,2024 ONWSIAT 337 (CanLII),2024-02-29,0,0,0,0,0,0,0,,
2024onwsiat338,2024 ONWSIAT 338 (CanLII),2024-03-01,0,0,0,0,0,0,0,,
2024onwsiat339,2024 ONWSIAT 339 (CanLII),2024-03-01,0,0,0,0,0,0,0,,
2024onwsiat340,2024 ONWSIAT 340 (CanLII),2024-03-01,0,0,0,0,0,0,0,,
2024onwsiat341,2024 ONWSIAT 341 (CanLII),2024-03-01,0,0,0,0,0,0,0,,
2024onwsiat342,2024 ONWSIAT 342 (CanLII),2024-03-01,0,0,0,0,0,0,0,,
2024onwsiat343,2024 ONWSIAT 343 (CanLII),2024-03-01,0,0,0,0,0,0,0,,
2024onwsiat344,2024 ONWSIAT 344 (CanLII),2024-03-01,0,0,0,0,0,0,0,,
2024onwsiat345,2024 ONWSIAT 345 (CanLII),2024-03-01,0,0,0,0,0,0,0,,
2024onwsiat346,2024 ONWSIAT 346 (CanLII),2024-03-01,0,0,0,0,0,0,0,,
2024onwsiat347,2024 ONWSIAT 347 (CanLII),2024-03-01,0,0,0,0,0,0,1,,
2024onwsiat348,2024 ONWSIAT 348 (CanLII),2024-03-01,0,0,0,0,0,0,0,,
2024onwsiat349,2024 ONWSIAT 349 (CanLII),2024-03-01,0,0,0,0,0,0,0,,
2024onwsiat350,2024 ONWSIAT 350 (CanLII),2024-03-04,0,0,0,0,0,0,0,,
2024onwsiat351,2024 ONWSIAT 351 (CanLII),2024-03-04,0,0,0,0,0,0,0,,
2024onwsiat352,2024 ONWSIAT 352 (CanLII),2024-03-04,0,0,0,0,0,0,0,,
2024onwsiat353,2024 ONWSIAT 353 (CanLII),2024-03-04,0,0,0,0,0,0,0,,
2024onwsiat354,2024 ONWSIAT 354 (CanLII),2024-03-04,0,0,0,0,0,0,0,,
2024onwsiat355,2024 ONWSIAT 355 (CanLII),2024-03-04,0,0,0,0,0,0,0,,
2024onwsiat356,2024 ONWSIAT 356 (CanLII),2024-03-04,0,0,0,0,0,0,0,,
2024onwsiat357,2024 ONWSIAT 357 (CanLII),2024-03-04,0,0,0,0,0,0,0,,
2024onwsiat358,2024 ONWSIAT 358 (CanLII),2024-03-04,0,0,0,0,0,0,0,,
2024onwsiat359,2024 ONWSIAT 359 (CanLII),2024-03-05,0,0,0,0,0,0,0,,
2024onwsiat360,2024 ONWSIAT 360 (CanLII),2024-03-05,0,0,0,0,0,0,1,,
2024onwsiat361,2024 ONWSIAT 361 (CanLII),2024-03-05,0,0,0,0,0,0,0,,
2024onwsiat362,2024 ONWSIAT 362 (CanLII),2024-03-05,0,0,0,0,0,0,0,,
2024onwsiat363,2024 ONWSIAT 363 (CanLII),2024-03-05,0,0,0,0,0,0,0,,
2024onwsiat364,2024 ONWSIAT 364 (CanLII),2024-03-05,0,0,0,0,0,0,0,,
2024onwsiat365,2024 ONWSIAT 365 (CanLII),2024-03-05,0,0,0,0,0,0,0,,
2024onwsiat366,2024 ONWSIAT 366 (CanLII),2024-03-05,0,0,0,0,0,0,0,,
2024onwsiat367,2024 ONWSIAT 367 (CanLII),2024-03-06,0,0,0,0,0,0,0,,
2024onwsiat368,2024 ONWSIAT 368 (CanLII),2024-03-06,0,0,0,0,0,0,0,,
2024onwsiat369,2024 ONWSIAT 369 (CanLII),2024-03-06,0,0,0,0,0,0,0,,
2024onwsiat370,2024 ONWSIAT 370 (CanLII),2024-03-06,0,0,0,0,0,0,0,,
2024onwsiat371,2024 ONWSIAT 371 (CanLII),2024-03-06,0,0,0,0,0,0,0,,
2024onwsiat372,2024 ONWSIAT 372 (CanLII),2024-03-06,0,0,0,0,0,0,0,,
2024onwsiat373,2024 ONWSIAT 373 (CanLII),2024-03-06,0,0,0,0,0,0,0,,
2024onwsiat374,2024 ONWSIAT 374 (CanLII),2024-03-06,0,0,0,0,0,0,0,,
2024onwsiat375,2024 ONWSIAT 375 (CanLII),2024-03-07,0,0,0,0,0,0,0,,
2024onwsiat376,2024 ONWSIAT 376 (CanLII),2024-03-07,0,0,0,0,0,0,0,,
2024onwsiat377,2024 ONWSIAT 377 (CanLII),2024-03-07,0,0,0,0,0,0,0,,
2024onwsiat378,2024 ONWSIAT 378 (CanLII),2024-03-07,0,0,0,0,0,0,0,,
2024onwsiat379,2024 ONWSIAT 379 (CanLII),2024-03-07,0,0,0,0,0,0,0,,
2024onwsiat380,2024 ONWSIAT 380 (CanLII),2024-03-07,0,0,0,0,0,0,1,,
2024onwsiat381,2024 ONWSIAT 381 (CanLII),2024-03-07,0,0,0,0,0,0,0,,
2024onwsiat382,2024 ONWSIAT 382 (CanLII),2024-03-07,0,0,0,0,0,0,0,,
2024onwsiat383,2024 ONWSIAT 383 (CanLII),2024-03-08,0,0,0,0,0,0,0,,
2024onwsiat384,2024 ONWSIAT 384 (CanLII),2024-03-08,0,0,0,0,0,0,0,,
2024onwsiat385,2024 ONWSIAT 385 (CanLII),2024-03-08,0,0,0,0,0,0,0,,
2024onwsiat386,2024 ONWSIAT 386 (CanLII),2024-03-08,0,0,0,0,0,0,1,,
2024onwsiat387,2024 ONWSIAT 387 (CanLII),2024-03-08,0,0,0,0,0,0,0,,
2024onwsiat388,2024 ONWSIAT 388 (CanLII),2024-03-08,0,0,0,0,0,0,0,,
2024onwsiat389,2024 ONWSIAT 389 (CanLII),2024-03-08,0,0,0,0,0,0,0,,
2024onwsiat390,2024 ONWSIAT 390 (CanLII),2024-03-08,0,0,0,0,0,0,0,,
2024onwsiat391,2024 ONWSIAT 391 (CanLII),2024-03-08,0,0,0,0,0,0,0,,
2024onwsiat392,2024 ONWSIAT 392 (CanLII),2024-03-08,0,0,0,0,0,0,0,,
2024onwsiat393,2024 ONWSIAT 393 (CanLII),2024-03-08,0,0,0,0,0,0,0,,
2024onwsiat394,2024 ONWSIAT 394 (CanLII),2024-03-08,0,0,0,0,0,0,0,,
2024onwsiat395,2024 ONWSIAT 395 (CanLII),2024-03-08,0,0,0,0,0,0,0,,
2024onwsiat396,2024 ONWSIAT 396 (CanLII),2024-03-11,0,0,0,0,0,0,0,,
2024onwsiat397,2024 ONWSIAT 397 (CanLII),2024-03-11,0,0,0,0,0,0,0,,
2024onwsiat398,2024 ONWSIAT 398 (CanLII),2024-03-11,0,0,0,0,0,0,0,,
2024onwsiat399,2024 ONWSIAT 399 (CanLII),2024-03-11,0,0,0,0,0,0,0,,
2024onwsiat400,2024 ONWSIAT 400 (CanLII),2024-03-11,0,0,0,0,0,0,0,,
2024onwsiat401,2024 ONWSIAT 401 (CanLII),2024-03-11,0,0,0,0,0,0,0,,
2024onwsiat402,2024 ONWSIAT 402 (CanLII),2024-03-11,0,0,0,0,0,0,0,,
2024onwsiat403,2024 ONWSIAT 403 (CanLII),2024-03-11,0,0,0,0,0,0,0,,
2024onwsiat404,2024 ONWSIAT 404 (CanLII),2024-03-11,0,0,0,0,0,0,0,,
2024onwsiat405,2024 ONWSIAT 405 (CanLII),2024-03-11,0,0,0,0,0,0,0,,
2024onwsiat406,2024 ONWSIAT 406 (CanLII),2024-03-11,0,0,0,0,0,0,0,,
2024onwsiat407,2024 ONWSIAT 407 (CanLII),2024-03-11,0,0,0,0,0,0,0,,
2024onwsiat408,2024 ONWSIAT 408 (CanLII),2024-03-12,0,0,0,0,0,0,0,,
2024onwsiat409,2024 ONWSIAT 409 (CanLII),2024-03-12,0,0,0,0,0,0,0,,
2024onwsiat410,2024 ONWSIAT 410 (CanLII),2024-03-12,0,0,0,0,0,0,0,,
2024onwsiat411,2024 ONWSIAT 411 (CanLII),2024-03-12,0,0,0,0,0,0,0,,
2024onwsiat412,2024 ONWSIAT 412 (CanLII),2024-03-12,0,0,0,0,0,0,1,,
2024onwsiat413,2024 ONWSIAT 413 (CanLII),2024-03-12,0,0,0,0,0,0,0,,
2024onwsiat414,2024 ONWSIAT 414 (CanLII),2024-03-12,0,0,0,0,0,0,0,,
2024onwsiat415,2024 ONWSIAT 415 (CanLII),2024-03-12,0,0,0,0,0,0,0,,
2024onwsiat416,2024 ONWSIAT 416 (CanLII),2024-03-12,0,0,0,0,0,0,0,,
2024onwsiat417,2024 ONWSIAT 417 (CanLII),2024-03-12,0,0,0,0,0,0,0,,
2024onwsiat418,2024 ONWSIAT 418 (CanLII),2024-03-12,0,0,0,0,0,0,0,,
2024onwsiat419,2024 ONWSIAT 419 (CanLII),2024-03-12,0,0,0,0,0,0,0,,
2024onwsiat420,2024 ONWSIAT 420 (CanLII),2024-03-13,0,0,0,0,0,0,0,,
2024onwsiat421,2024 ONWSIAT 421 (CanLII),2024-03-13,0,0,0,0,0,0,0,,
2024onwsiat422,2024 ONWSIAT 422 (CanLII),2024-03-13,0,0,0,0,0,0,0,,
2024onwsiat423,2024 ONWSIAT 423 (CanLII),2024-03-13,0,0,0,0,0,0,0,,
2024onwsiat424,2024 ONWSIAT 424 (CanLII),2024-03-13,0,0,0,0,0,0,0,,
2024onwsiat425,2024 ONWSIAT 425 (CanLII),2024-03-13,0,0,0,0,0,0,0,,
2024onwsiat427,2024 ONWSIAT 427 (CanLII),2024-03-13,0,0,0,0,0,0,0,,
2024onwsiat428,2024 ONWSIAT 428 (CanLII),2024-03-13,0,0,0,0,0,0,0,,
2024onwsiat429,2024 ONWSIAT 429 (CanLII),2024-03-14,0,0,0,0,0,0,0,,
2024onwsiat430,2024 ONWSIAT 430 (CanLII),2024-03-14,0,0,0,0,0,0,0,,
2024onwsiat431,2024 ONWSIAT 431 (CanLII),2024-03-14,0,0,0,0,0,0,0,,
2024onwsiat432,2024 ONWSIAT 432 (CanLII),2024-03-15,0,0,0,0,0,0,0,,
2024onwsiat433,2024 ONWSIAT 433 (CanLII),2024-03-15,0,0,0,0,0,0,0,,
2024onwsiat434,2024 ONWSIAT 434 (CanLII),2024-03-15,0,0,0,0,0,0,0,,
2024onwsiat435,2024 ONWSIAT 435 (CanLII),2024-03-15,0,0,0,0,0,0,0,,
2024onwsiat436,2024 ONWSIAT 436 (CanLII),2024-03-15,0,0,0,0,0,0,0,,
2024onwsiat437,2024 ONWSIAT 437 (CanLII),2024-03-15,0,0,0,0,0,0,0,,
2024onwsiat438,2024 ONWSIAT 438 (CanLII),2024-03-18,0,0,0,0,0,0,0,,
2024onwsiat439,2024 ONWSIAT 439 (CanLII),2024-03-18,0,0,0,0,0,0,0,,
2024onwsiat440,2024 ONWSIAT 440 (CanLII),2024-03-18,0,0,0,0,0,0,0,,
2024onwsiat441,2024 ONWSIAT 441 (CanLII),2024-03-18,0,0,0,0,0,0,0,,
2024onwsiat442,2024 ONWSIAT 442 (CanLII),2024-03-18,0,0,0,0,0,0,0,,
2024onwsiat443,2024 ONWSIAT 443 (CanLII),2024-03-18,0,0,0,0,0,0,0,,
2024onwsiat444,2024 ONWSIAT 444 (CanLII),2024-03-18,0,0,0,0,0,0,0,,
2024onwsiat445,2024 ONWSIAT 445 (CanLII),2024-03-18,0,0,0,0,0,0,0,,
2024onwsiat446,2024 ONWSIAT 446 (CanLII),2024-03-19,0,0,0,0,0,0,0,,
2024onwsiat447,2024 ONWSIAT 447 (CanLII),2024-03-19,0,0,0,0,0,0,1,,
2024onwsiat448,2024 ONWSIAT 448 (CanLII),2024-03-19,0,0,0,0,0,0,0,,
2024onwsiat449,2024 ONWSIAT 449 (CanLII),2024-03-19,0,0,0,0,0,0,0,,
2024onwsiat450,2024 ONWSIAT 450 (CanLII),2024-03-19,0,0,0,0,0,0,0,,
2024onwsiat451,2024 ONWSIAT 451 (CanLII),2024-03-19,0,0,0,0,0,0,0,,
2024onwsiat452,2024 ONWSIAT 452 (CanLII),2024-03-19,0,0,0,0,0,0,0,,
2024onwsiat453,2024 ONWSIAT 453 (CanLII),2024-03-19,0,0,0,0,0,0,1,,
2024onwsiat454,2024 ONWSIAT 454 (CanLII),2024-03-19,0,0,0,0,0,0,0,,
2024onwsiat455,2024 ONWSIAT 455 (CanLII),2024-03-19,0,0,0,0,0,0,0,,
2024onwsiat456,2024 ONWSIAT 456 (CanLII),2024-03-19,0,0,0,0,0,0,0,,
2024onwsiat457,2024 ONWSIAT 457 (CanLII),2024-03-20,0,0,0,0,0,0,0,,
2024onwsiat458,2024 ONWSIAT 458 (CanLII),2024-03-20,0,0,0,0,0,0,0,,
2024onwsiat459,2024 ONWSIAT 459 (CanLII),2024-03-20,0,0,0,0,0,0,0,,
2024onwsiat460,2024 ONWSIAT 460 (CanLII),2024-03-20,0,0,0,0,0,0,0,,
2024onwsiat461,2024 ONWSIAT 461 (CanLII),2024-03-20,0,0,0,0,0,0,0,,
2024onwsiat462,2024 ONWSIAT 462 (CanLII),2024-03-20,0,0,0,0,0,0,0,,
2024onwsiat463,2024 ONWSIAT 463 (CanLII),2024-03-20,0,0,0,0,0,0,0,,
2024onwsiat464,2024 ONWSIAT 464 (CanLII),2024-03-20,0,0,0,0,0,0,1,,
2024onwsiat465,2024 ONWSIAT 465 (CanLII),2024-03-20,0,0,0,0,0,0,0,,
2024onwsiat466,2024 ONWSIAT 466 (CanLII),2024-03-20,0,0,0,0,0,0,0,,
2024onwsiat467,2024 ONWSIAT 467 (CanLII),2024-03-20,0,0,0,0,0,0,0,,
2024onwsiat468,2024 ONWSIAT 468 (CanLII),2024-03-20,0,0,0,0,0,0,0,,
2024onwsiat469,2024 ONWSIAT 469 (CanLII),2024-03-20,0,0,0,0,0,0,0,,
2024onwsiat470,2024 ONWSIAT 470 (CanLII),2024-03-21,0,0,0,0,0,0,0,,
2024onwsiat471,2024 ONWSIAT 471 (CanLII),2024-03-21,0,0,0,0,0,0,0,,
2024onwsiat472,2024 ONWSIAT 472 (CanLII),2024-03-21,0,0,0,0,0,0,0,,
2024onwsiat473,2024 ONWSIAT 473 (CanLII),2024-03-21,0,0,0,0,0,0,0,,
2024onwsiat474,2024 ONWSIAT 474 (CanLII),2024-03-22,0,0,0,0,0,0,0,,
2024onwsiat475,2024 ONWSIAT 475 (CanLII),2024-03-22,0,0,0,0,0,0,0,,
2024onwsiat476,2024 ONWSIAT 476 (CanLII),2024-03-22,0,0,0,0,0,0,0,,
2024onwsiat477,2024 ONWSIAT 477 (CanLII),2024-03-22,0,0,0,0,0,0,0,,
2024onwsiat478,2024 ONWSIAT 478 (CanLII),2024-03-22,0,0,0,0,0,0,0,,
2024onwsiat479,2024 ONWSIAT 479 (CanLII),2024-03-22,0,0,0,0,0,0,0,,
2024onwsiat480,2024 ONWSIAT 480 (CanLII),2024-03-25,0,0,0,0,0,0,0,,
2024onwsiat481,2024 ONWSIAT 481 (CanLII),2024-03-25,0,0,0,0,0,0,0,,
2024onwsiat482,2024 ONWSIAT 482 (CanLII),2024-03-25,0,0,0,0,0,0,0,,
2024onwsiat483,2024 ONWSIAT 483 (CanLII),2024-03-25,0,0,0,0,0,0,0,,
2024onwsiat484,2024 ONWSIAT 484 (CanLII),2024-03-25,0,0,0,0,0,0,0,,
2024onwsiat485,2024 ONWSIAT 485 (CanLII),2024-03-26,0,0,0,0,0,0,0,,
2024onwsiat486,2024 ONWSIAT 486 (CanLII),2024-03-26,0,0,0,0,0,0,0,,
2024onwsiat488,2024 ONWSIAT 488 (CanLII),2024-03-26,0,0,0,0,0,0,0,,
2024onwsiat489,2024 ONWSIAT 489 (CanLII),2024-03-26,0,0,0,0,0,0,0,,
2024onwsiat490,2024 ONWSIAT 490 (CanLII),2024-03-27,0,0,0,0,0,0,0,,
2024onwsiat491,2024 ONWSIAT 491 (CanLII),2024-03-27,0,0,0,0,0,0,1,,
2024onwsiat492,2024 ONWSIAT 492 (CanLII),2024-03-27,0,0,0,0,0,0,0,,
2024onwsiat493,2024 ONWSIAT 493 (CanLII),2024-03-27,0,0,0,0,0,0,0,,
2024onwsiat494,2024 ONWSIAT 494 (CanLII),2024-03-27,0,0,0,0,0,0,0,,
2024onwsiat495,2024 ONWSIAT 495 (CanLII),2024-03-27,0,0,0,0,0,0,0,,
2024onwsiat496,2024 ONWSIAT 496 (CanLII),2024-03-27,0,0,0,0,0,0,0,,
2024onwsiat497,2024 ONWSIAT 497 (CanLII),2024-03-28,0,0,0,0,0,0,0,,
2024onwsiat498,2024 ONWSIAT 498 (CanLII),2024-03-28,0,0,0,0,0,0,0,,
2024onwsiat499,2024 ONWSIAT 499 (CanLII),2024-03-28,0,0,0,0,0,0,0,,
2024onwsiat500,2024 ONWSIAT 500 (CanLII),2024-03-28,0,0,0,0,0,0,0,,
2024onwsiat501,2024 ONWSIAT 501 (CanLII),2024-03-28,0,0,0,0,0,0,0,,
2024onwsiat502,2024 ONWSIAT 502 (CanLII),2024-03-28,0,0,0,0,0,0,0,,
2024onwsiat503,2024 ONWSIAT 503 (CanLII),2024-03-28,0,0,0,0,0,0,0,,
2024onwsiat504,2024 ONWSIAT 504 (CanLII),2024-03-28,0,0,0,0,0,0,0,,
2024onwsiat505,2024 ONWSIAT 505 (CanLII),2024-04-02,0,0,0,0,0,0,0,,
2024onwsiat506,2024 ONWSIAT 506 (CanLII),2024-04-02,0,0,0,0,0,0,0,,
2024onwsiat507,2024 ONWSIAT 507 (CanLII),2024-04-02,0,0,0,0,0,0,0,,
2024onwsiat508,2024 ONWSIAT 508 (CanLII),2024-04-02,0,0,0,0,0,0,0,,
2024onwsiat509,2024 ONWSIAT 509 (CanLII),2024-04-02,0,0,0,0,0,0,0,,
2024onwsiat510,2024 ONWSIAT 510 (CanLII),2024-04-02,0,0,0,0,0,0,0,,
2024onwsiat511,2024 ONWSIAT 511 (CanLII),2024-04-02,0,0,0,0,0,0,0,,
2024onwsiat512,2024 ONWSIAT 512 (CanLII),2024-04-02,0,0,0,0,0,0,0,,
2024onwsiat513,2024 ONWSIAT 513 (CanLII),2024-04-04,0,0,0,0,0,0,0,,
2024onwsiat514,2024 ONWSIAT 514 (CanLII),2024-04-03,0,0,0,0,0,0,0,,
2024onwsiat515,2024 ONWSIAT 515 (CanLII),2024-04-03,0,0,0,0,0,0,0,,
2024onwsiat516,2024 ONWSIAT 516 (CanLII),2024-04-04,0,0,0,0,0,0,0,,
2024onwsiat517,2024 ONWSIAT 517 (CanLII),2024-04-04,0,0,0,0,0,0,0,,
2024onwsiat518,2024 ONWSIAT 518 (CanLII),2024-04-04,0,0,0,0,0,0,0,,
2024onwsiat519,2024 ONWSIAT 519 (CanLII),2024-04-04,0,0,0,0,0,0,0,,
2024onwsiat520,2024 ONWSIAT 520 (CanLII),2024-04-04,0,0,0,0,0,0,0,,
2024onwsiat521,2024 ONWSIAT 521 (CanLII),2024-04-04,0,0,0,0,0,0,0,,
2024onwsiat522,2024 ONWSIAT 522 (CanLII),2024-04-04,0,0,0,0,0,0,0,,
2024onwsiat523,2024 ONWSIAT 523 (CanLII),2024-04-05,1,0,0,0,0,0,0,,
2024onwsiat524,2024 ONWSIAT 524 (CanLII),2024-04-05,0,0,0,0,0,0,0,,
2024onwsiat525,2024 ONWSIAT 525 (CanLII),2024-04-05,0,0,0,0,0,0,0,,
2024onwsiat526,2024 ONWSIAT 526 (CanLII),2024-04-05,0,0,0,0,0,0,0,,
2024onwsiat528,2024 ONWSIAT 528 (CanLII),2024-04-05,0,0,0,0,0,0,0,,
2024onwsiat529,2024 ONWSIAT 529 (CanLII),2024-04-05,0,0,0,0,0,0,1,,
2024onwsiat530,2024 ONWSIAT 530 (CanLII),2024-04-05,0,0,0,0,0,0,0,,
2024onwsiat531,2024 ONWSIAT 531 (CanLII),2024-04-05,0,0,0,0,0,0,0,,
2024onwsiat532,2024 ONWSIAT 532 (CanLII),2024-04-05,0,0,0,0,0,0,0,,
2024onwsiat533,2024 ONWSIAT 533 (CanLII),2024-04-05,0,0,0,0,0,0,0,,
2024onwsiat534,2024 ONWSIAT 534 (CanLII),2024-04-05,0,0,0,0,0,0,0,,
2024onwsiat535,2024 ONWSIAT 535 (CanLII),2024-04-05,0,0,0,0,0,0,0,,
2024onwsiat536,2024 ONWSIAT 536 (CanLII),2024-04-05,0,0,0,0,0,0,0,,
2024onwsiat537,2024 ONWSIAT 537 (CanLII),2024-04-05,0,0,0,0,0,0,0,,
2024onwsiat538,2024 ONWSIAT 538 (CanLII),2024-04-05,0,0,0,0,0,0,0,,
2024onwsiat539,2024 ONWSIAT 539 (CanLII),2024-04-05,0,0,0,0,0,0,0,,
2024onwsiat540,2024 ONWSIAT 540 (CanLII),2024-04-05,0,0,0,0,0,0,0,,
2024onwsiat542,2024 ONWSIAT 542 (CanLII),2024-04-08,0,0,0,0,0,0,0,,
2024onwsiat543,2024 ONWSIAT 543 (CanLII),2024-04-08,0,0,0,0,0,0,0,,
2024onwsiat544,2024 ONWSIAT 544 (CanLII),2024-04-08,0,0,0,0,0,0,0,,
2024onwsiat545,2024 ONWSIAT 545 (CanLII),2024-04-08,0,0,0,0,0,0,0,,
2024onwsiat546,2024 ONWSIAT 546 (CanLII),2024-04-08,0,0,0,0,0,0,0,,
2024onwsiat547,2024 ONWSIAT 547 (CanLII),2024-04-08,0,0,0,0,0,0,0,,
2024onwsiat548,2024 ONWSIAT 548 (CanLII),2024-04-08,0,0,0,0,0,0,1,,
2024onwsiat549,2024 ONWSIAT 549 (CanLII),2024-04-09,0,0,0,0,0,0,0,,
2024onwsiat550,2024 ONWSIAT 550 (CanLII),2024-04-09,0,0,0,0,0,0,0,,
2024onwsiat551,2024 ONWSIAT 551 (CanLII),2024-04-09,0,0,0,0,0,0,1,,
2024onwsiat552,2024 ONWSIAT 552 (CanLII),2024-04-09,0,0,0,0,0,0,0,,
2024onwsiat553,2024 ONWSIAT 553 (CanLII),2024-04-09,0,0,0,0,0,0,0,,
2024onwsiat554,2024 ONWSIAT 554 (CanLII),2024-04-09,0,0,0,0,0,0,0,,
2024onwsiat555,2024 ONWSIAT 555 (CanLII),2024-04-09,0,0,0,0,0,0,0,,
2024onwsiat556,2024 ONWSIAT 556 (CanLII),2024-04-09,0,0,0,0,0,0,0,,
2024onwsiat557,2024 ONWSIAT 557 (CanLII),2024-04-09,0,0,0,0,0,0,0,,
2024onwsiat558,2024 ONWSIAT 558 (CanLII),2024-04-10,0,0,0,0,0,0,0,,
2024onwsiat559,2024 ONWSIAT 559 (CanLII),2024-04-10,0,0,0,0,0,0,0,,
2024onwsiat560,2024 ONWSIAT 560 (CanLII),2024-04-10,0,0,0,0,0,0,0,,
2024onwsiat561,2024 ONWSIAT 561 (CanLII),2024-04-10,0,0,0,0,0,0,0,,
2024onwsiat562,2024 ONWSIAT 562 (CanLII),2024-04-10,0,0,0,0,0,0,0,,
2024onwsiat563,2024 ONWSIAT 563 (CanLII),2024-04-10,0,0,0,0,0,0,0,,
2024onwsiat564,2024 ONWSIAT 564 (CanLII),2024-04-10,0,0,0,0,0,0,0,,
2024onwsiat565,2024 ONWSIAT 565 (CanLII),2024-04-10,0,0,0,0,0,0,0,,
2024onwsiat566,2024 ONWSIAT 566 (CanLII),2024-04-10,0,0,0,0,0,0,0,,
2024onwsiat567,2024 ONWSIAT 567 (CanLII),2024-04-10,0,0,0,0,0,0,0,,
2024onwsiat568,2024 ONWSIAT 568 (CanLII),2024-04-10,0,0,0,0,0,0,0,,
2024onwsiat569,2024 ONWSIAT 569 (CanLII),2024-04-11,0,0,0,0,0,0,0,,
2024onwsiat570,2024 ONWSIAT 570 (CanLII),2024-04-11,0,0,0,0,0,0,0,,
2024onwsiat571,2024 ONWSIAT 571 (CanLII),2024-04-10,0,0,0,0,0,0,0,,
2024onwsiat572,2024 ONWSIAT 572 (CanLII),2024-04-11,0,0,0,0,0,0,0,,
2024onwsiat573,2024 ONWSIAT 573 (CanLII),2024-04-11,0,0,0,0,0,0,0,,
2024onwsiat574,2024 ONWSIAT 574 (CanLII),2024-04-11,0,0,0,0,0,0,0,,
2024onwsiat575,2024 ONWSIAT 575 (CanLII),2024-04-12,0,0,0,0,0,0,0,,
2024onwsiat576,2024 ONWSIAT 576 (CanLII),2024-04-11,0,0,0,0,0,0,0,,
2024onwsiat577,2024 ONWSIAT 577 (CanLII),2024-04-11,0,0,0,0,0,0,0,,
2024onwsiat578,2024 ONWSIAT 578 (CanLII),2024-04-11,0,0,0,0,0,0,0,,
2024onwsiat579,2024 ONWSIAT 579 (CanLII),2024-04-12,0,0,0,0,0,0,0,,
2024onwsiat580,2024 ONWSIAT 580 (CanLII),2024-04-12,0,0,0,0,0,0,0,,
2024onwsiat581,2024 ONWSIAT 581 (CanLII),2024-04-12,0,0,0,0,0,0,0,,
2024onwsiat582,2024 ONWSIAT 582 (CanLII),2024-04-12,0,0,0,0,0,0,0,,
2024onwsiat583,2024 ONWSIAT 583 (CanLII),2024-04-12,0,0,0,0,0,0,0,,
2024onwsiat584,2024 ONWSIAT 584 (CanLII),2024-04-12,0,0,0,0,0,0,0,,
2024onwsiat585,2024 ONWSIAT 585 (CanLII),2024-04-12,0,0,0,0,0,0,0,,
2024onwsiat586,2024 ONWSIAT 586 (CanLII),2024-04-12,0,0,0,0,0,0,1,,
2024onwsiat587,2024 ONWSIAT 587 (CanLII),2024-04-12,0,0,0,0,0,0,0,,
2024onwsiat588,2024 ONWSIAT 588 (CanLII),2024-04-12,0,0,0,0,0,0,0,,
2024onwsiat589,2024 ONWSIAT 589 (CanLII),2024-04-12,0,0,0,0,0,0,0,,
2024onwsiat590,2024 ONWSIAT 590 (CanLII),2024-04-15,0,0,0,0,0,0,0,,
2024onwsiat591,2024 ONWSIAT 591 (CanLII),2024-04-15,0,0,0,0,0,0,0,,
2024onwsiat592,2024 ONWSIAT 592 (CanLII),2024-04-15,0,0,0,0,0,0,0,,
2024onwsiat593,2024 ONWSIAT 593 (CanLII),2024-04-15,0,0,0,0,0,0,0,,
2024onwsiat594,2024 ONWSIAT 594 (CanLII),2024-04-15,0,0,0,0,0,0,0,,
2024onwsiat595,2024 ONWSIAT 595 (CanLII),2024-04-15,0,0,0,0,0,0,0,,
2024onwsiat596,2024 ONWSIAT 596 (CanLII),2024-04-15,0,0,0,0,0,0,0,,
2024onwsiat597,2024 ONWSIAT 597 (CanLII),2024-04-15,0,0,0,0,0,0,0,,
2024onwsiat598,2024 ONWSIAT 598 (CanLII),2024-04-15,0,0,0,0,0,0,0,,
2024onwsiat599,2024 ONWSIAT 599 (CanLII),2024-04-15,0,0,0,0,0,0,0,,
2024onwsiat600,2024 ONWSIAT 600 (CanLII),2024-04-15,0,0,0,0,0,0,0,,
2024onwsiat601,2024 ONWSIAT 601 (CanLII),2024-04-15,0,0,0,0,0,0,0,,
2024onwsiat602,2024 ONWSIAT 602 (CanLII),2024-04-15,0,0,0,0,0,0,0,,
2024onwsiat603,2024 ONWSIAT 603 (CanLII),2024-04-15,0,0,0,0,0,0,0,,
2024onwsiat604,2024 ONWSIAT 604 (CanLII),2024-04-15,0,0,0,0,0,0,0,,
2024onwsiat605,2024 ONWSIAT 605 (CanLII),2024-04-15,0,0,0,0,0,0,0,,
2024onwsiat606,2024 ONWSIAT 606 (CanLII),2024-04-15,0,0,0,0,0,0,0,,
2024onwsiat607,2024 ONWSIAT 607 (CanLII),2024-04-16,0,0,0,0,0,0,0,,
2024onwsiat608,2024 ONWSIAT 608 (CanLII),2024-04-16,0,0,0,0,0,0,0,,
2024onwsiat609,2024 ONWSIAT 609 (CanLII),2024-04-16,0,0,0,0,0,0,1,,
2024onwsiat610,2024 ONWSIAT 610 (CanLII),2024-04-16,0,0,0,0,0,0,0,,
2024onwsiat611,2024 ONWSIAT 611 (CanLII),2024-04-16,0,0,0,0,0,0,0,,
2024onwsiat612,2024 ONWSIAT 612 (CanLII),2024-04-16,0,0,0,0,0,0,0,,
2024onwsiat613,2024 ONWSIAT 613 (CanLII),2024-04-16,0,0,0,0,0,0,0,,
2024onwsiat614,2024 ONWSIAT 614 (CanLII),2024-04-16,0,0,0,0,0,0,0,,
2024onwsiat615,2024 ONWSIAT 615 (CanLII),2024-04-16,0,0,0,0,0,0,1,,
2024onwsiat616,2024 ONWSIAT 616 (CanLII),2024-04-16,0,0,0,0,0,0,1,,
2024onwsiat617,2024 ONWSIAT 617 (CanLII),2024-04-16,0,0,0,0,0,0,0,,
2024onwsiat618,2024 ONWSIAT 618 (CanLII),2024-04-17,0,0,0,0,0,0,0,,
2024onwsiat619,2024 ONWSIAT 619 (CanLII),2024-04-17,0,0,0,0,0,0,0,,
2024onwsiat620,2024 ONWSIAT 620 (CanLII),2024-04-17,0,0,0,0,0,0,0,,
2024onwsiat621,2024 ONWSIAT 621 (CanLII),2024-04-17,0,0,0,0,0,0,0,,
2024onwsiat622,2024 ONWSIAT 622 (CanLII),2024-04-17,0,0,0,0,0,0,0,,
2024onwsiat623,2024 ONWSIAT 623 (CanLII),2024-04-17,0,0,0,0,0,0,1,,
2024onwsiat624,2024 ONWSIAT 624 (CanLII),2024-04-17,0,0,0,0,0,0,0,,
2024onwsiat625,2024 ONWSIAT 625 (CanLII),2024-04-18,0,0,0,0,0,0,0,,
2024onwsiat626,2024 ONWSIAT 626 (CanLII),2024-04-18,0,0,0,0,0,0,0,,
2024onwsiat627,2024 ONWSIAT 627 (CanLII),2024-04-18,0,0,0,0,0,0,1,,
2024onwsiat628,2024 ONWSIAT 628 (CanLII),2024-04-18,0,0,0,0,0,0,0,,
2024onwsiat629,2024 ONWSIAT 629 (CanLII),2024-04-18,0,0,0,0,0,0,0,,
2024onwsiat630,2024 ONWSIAT 630 (CanLII),2024-04-18,0,0,0,0,0,0,1,,
2024onwsiat631,2024 ONWSIAT 631 (CanLII),2024-04-18,0,0,0,0,0,0,0,,
2024onwsiat632,2024 ONWSIAT 632 (CanLII),2024-04-18,0,0,0,0,0,0,0,,
2024onwsiat633,2024 ONWSIAT 633 (CanLII),2024-04-18,0,0,0,0,0,0,0,,
2024onwsiat634,2024 ONWSIAT 634 (CanLII),2024-04-18,0,0,0,0,0,0,1,,
2024onwsiat635,2024 ONWSIAT 635 (CanLII),2024-04-19,0,0,0,0,0,0,0,,
2024onwsiat636,2024 ONWSIAT 636 (CanLII),2024-04-19,0,0,0,0,0,0,0,,
2024onwsiat637,2024 ONWSIAT 637 (CanLII),2024-04-19,0,0,0,0,0,0,0,,
2024onwsiat638,2024 ONWSIAT 638 (CanLII),2024-04-19,0,0,0,0,0,0,0,,
2024onwsiat639,2024 ONWSIAT 639 (CanLII),2024-04-19,0,0,0,0,0,0,0,,
2024onwsiat640,2024 ONWSIAT 640 (CanLII),2024-04-19,0,0,0,0,0,0,1,,
2024onwsiat641,2024 ONWSIAT 641 (CanLII),2024-04-19,0,0,0,0,0,0,0,,
2024onwsiat642,2024 ONWSIAT 642 (CanLII),2024-04-19,0,0,0,0,0,0,0,,
2024onwsiat643,2024 ONWSIAT 643 (CanLII),2024-04-19,0,0,0,0,0,0,0,,
2024onwsiat644,2024 ONWSIAT 644 (CanLII),2024-04-19,0,0,0,0,0,0,0,,
2024onwsiat645,2024 ONWSIAT 645 (CanLII),2024-04-19,0,0,0,0,0,0,0,,
2024onwsiat646,2024 ONWSIAT 646 (CanLII),2024-04-19,0,0,0,0,0,0,0,,
2024onwsiat647,2024 ONWSIAT 647 (CanLII),2024-04-19,0,0,0,0,0,0,1,,
2024onwsiat648,2024 ONWSIAT 648 (CanLII),2024-04-19,0,0,0,0,0,0,0,,
2024onwsiat649,2024 ONWSIAT 649 (CanLII),2024-04-19,0,0,0,0,0,0,1,,
2024onwsiat650,2024 ONWSIAT 650 (CanLII),2024-04-19,0,0,0,0,0,0,0,,
2024onwsiat651,2024 ONWSIAT 651 (CanLII),2024-04-19,0,0,0,0,0,0,0,,
2024onwsiat652,2024 ONWSIAT 652 (CanLII),2024-04-22,0,0,0,0,0,0,0,,
2024onwsiat653,2024 ONWSIAT 653 (CanLII),2024-04-22,0,0,0,0,0,0,1,,
2024onwsiat654,2024 ONWSIAT 654 (CanLII),2024-04-22,0,0,0,0,0,0,0,,
2024onwsiat655,2024 ONWSIAT 655 (CanLII),2024-04-22,0,0,0,0,0,0,0,,
2024onwsiat656,2024 ONWSIAT 656 (CanLII),2024-04-22,0,0,0,0,0,0,0,,
2024onwsiat657,2024 ONWSIAT 657 (CanLII),2024-04-23,0,0,0,0,0,0,0,,
2024onwsiat658,2024 ONWSIAT 658 (CanLII),2024-04-23,0,0,0,0,0,0,0,,
2024onwsiat659,2024 ONWSIAT 659 (CanLII),2024-04-23,0,0,0,0,0,0,0,,
2024onwsiat660,2024 ONWSIAT 660 (CanLII),2024-04-23,0,0,0,0,0,0,0,,
2024onwsiat661,2024 ONWSIAT 661 (CanLII),2024-04-23,0,0,0,0,0,0,0,,
2024onwsiat662,2024 ONWSIAT 662 (CanLII),2024-04-29,0,0,0,0,0,0,0,,
2024onwsiat663,2024 ONWSIAT 663 (CanLII),2024-04-23,0,0,0,0,0,0,0,,
2024onwsiat664,2024 ONWSIAT 664 (CanLII),2024-04-23,0,0,0,0,0,0,0,,
2024onwsiat665,2024 ONWSIAT 665 (CanLII),2024-04-23,0,0,0,0,0,0,0,,
2024onwsiat666,2024 ONWSIAT 666 (CanLII),2024-04-24,0,0,0,0,0,0,0,,
2024onwsiat667,2024 ONWSIAT 667 (CanLII),2024-04-24,0,0,0,0,0,0,0,,
2024onwsiat668,2024 ONWSIAT 668 (CanLII),2024-04-24,0,0,0,0,0,0,0,,
2024onwsiat669,2024 ONWSIAT 669 (CanLII),2024-04-24,0,0,0,0,0,0,0,,
2024onwsiat670,2024 ONWSIAT 670 (CanLII),2024-04-24,0,0,0,0,0,0,0,,
2024onwsiat671,2024 ONWSIAT 671 (CanLII),2024-04-24,0,0,0,0,0,0,0,,
2024onwsiat672,2024 ONWSIAT 672 (CanLII),2024-04-25,0,0,0,0,0,0,0,,
2024onwsiat673,2024 ONWSIAT 673 (CanLII),2024-04-25,0,0,0,0,0,0,0,,
2024onwsiat674,2024 ONWSIAT 674 (CanLII),2024-04-25,0,0,0,0,0,0,0,,
2024onwsiat675,2024 ONWSIAT 675 (CanLII),2024-04-25,0,0,0,0,0,0,0,,
2024onwsiat676,2024 ONWSIAT 676 (CanLII),2024-04-25,0,0,0,0,0,0,1,,
2024onwsiat677,2024 ONWSIAT 677 (CanLII),2024-04-25,0,0,0,0,0,0,0,,
2024onwsiat678,2024 ONWSIAT 678 (CanLII),2024-04-25,0,0,0,0,0,0,0,,
2024onwsiat679,2024 ONWSIAT 679 (CanLII),2024-04-26,0,0,0,0,0,0,0,,
2024onwsiat680,2024 ONWSIAT 680 (CanLII),2024-04-26,0,0,0,0,0,0,1,,
2024onwsiat681,2024 ONWSIAT 681 (CanLII),2024-04-26,0,0,0,0,0,0,0,,
2024onwsiat682,2024 ONWSIAT 682 (CanLII),2024-04-26,0,0,0,0,0,0,0,,
2024onwsiat683,2024 ONWSIAT 683 (CanLII),2024-04-26,0,0,0,0,0,0,0,,
2024onwsiat684,2024 ONWSIAT 684 (CanLII),2024-04-26,0,0,0,0,0,0,1,,
2024onwsiat685,2024 ONWSIAT 685 (CanLII),2024-04-26,0,0,0,0,0,0,0,,
2024onwsiat686,2024 ONWSIAT 686 (CanLII),2024-04-29,0,0,0,0,0,0,0,,
2024onwsiat687,2024 ONWSIAT 687 (CanLII),2024-04-29,0,0,0,0,0,0,0,,
2024onwsiat688,2024 ONWSIAT 688 (CanLII),2024-04-29,0,0,0,0,0,0,0,,
2024onwsiat689,2024 ONWSIAT 689 (CanLII),2024-04-29,0,0,0,0,0,0,0,,
2024onwsiat690,2024 ONWSIAT 690 (CanLII),2024-04-29,0,0,0,0,0,0,0,,
2024onwsiat691,2024 ONWSIAT 691 (CanLII),2024-04-29,0,0,0,0,0,0,0,,
2024onwsiat692,2024 ONWSIAT 692 (CanLII),2024-04-30,0,0,0,0,0,0,0,,
2024onwsiat693,2024 ONWSIAT 693 (CanLII),2024-04-30,0,0,0,0,0,0,0,,
2024onwsiat694,2024 ONWSIAT 694 (CanLII),2024-04-30,0,0,0,0,0,0,0,,
2024onwsiat695,2024 ONWSIAT 695 (CanLII),2024-04-30,0,0,0,0,0,0,1,,
2024onwsiat696,2024 ONWSIAT 696 (CanLII),2024-04-30,0,0,0,0,0,0,0,,
2024onwsiat697,2024 ONWSIAT 697 (CanLII),2024-04-30,0,0,0,0,0,0,0,,
2024onwsiat698,2024 ONWSIAT 698 (CanLII),2024-04-30,0,0,0,0,0,0,0,,
2024onwsiat699,2024 ONWSIAT 699 (CanLII),2024-04-30,0,0,0,0,0,0,0,,
2024onwsiat700,2024 ONWSIAT 700 (CanLII),2024-04-30,0,0,0,0,0,0,0,,
2024onwsiat701,2024 ONWSIAT 701 (CanLII),2024-05-01,0,0,0,0,0,0,0,,
2024onwsiat702,2024 ONWSIAT 702 (CanLII),2024-05-01,0,0,0,0,0,0,0,,
2024onwsiat703,2024 ONWSIAT 703 (CanLII),2024-05-01,0,0,0,0,0,0,0,,
2024onwsiat704,2024 ONWSIAT 704 (CanLII),2024-05-01,0,0,0,0,0,0,0,,
2024onwsiat705,2024 ONWSIAT 705 (CanLII),2024-05-01,0,0,0,0,0,0,1,,
2024onwsiat706,2024 ONWSIAT 706 (CanLII),2024-05-01,0,0,0,0,0,0,0,,
2024onwsiat707,2024 ONWSIAT 707 (CanLII),2024-05-02,0,0,0,0,0,0,0,,
2024onwsiat708,2024 ONWSIAT 708 (CanLII),2024-05-02,0,0,0,0,0,0,1,,
2024onwsiat709,2024 ONWSIAT 709 (CanLII),2024-05-03,0,0,0,0,0,0,0,,
2024onwsiat710,2024 ONWSIAT 710 (CanLII),2024-05-03,0,0,0,0,0,0,0,,
2024onwsiat711,2024 ONWSIAT 711 (CanLII),2024-05-03,0,0,0,0,0,0,0,,
2024onwsiat712,2024 ONWSIAT 712 (CanLII),2024-05-03,0,0,0,0,0,0,0,,
2024onwsiat713,2024 ONWSIAT 713 (CanLII),2024-05-03,0,0,0,0,0,0,0,,
2024onwsiat714,2024 ONWSIAT 714 (CanLII),2024-05-03,0,0,0,0,0,0,0,,
2024onwsiat715,2024 ONWSIAT 715 (CanLII),2024-05-03,0,0,0,0,0,0,0,,
2024onwsiat716,2024 ONWSIAT 716 (CanLII),2024-05-03,0,0,0,0,0,0,0,,
2024onwsiat717,2024 ONWSIAT 717 (CanLII),2024-05-03,0,0,0,0,0,0,0,,
2024onwsiat718,2024 ONWSIAT 718 (CanLII),2024-05-06,0,0,0,0,0,0,0,,
2024onwsiat719,2024 ONWSIAT 719 (CanLII),2024-05-06,0,0,0,0,0,0,0,,
2024onwsiat720,2024 ONWSIAT 720 (CanLII),2024-05-06,0,0,0,0,0,0,0,,
2024onwsiat721,2024 ONWSIAT 721 (CanLII),2024-05-06,0,0,0,0,0,0,0,,
2024onwsiat722,2024 ONWSIAT 722 (CanLII),2024-05-06,0,0,0,0,0,0,0,,
2024onwsiat723,2024 ONWSIAT 723 (CanLII),2024-05-06,0,0,0,0,0,0,0,,
2024onwsiat724,2024 ONWSIAT 724 (CanLII),2024-05-07,0,0,0,0,0,0,0,,
2024onwsiat725,2024 ONWSIAT 725 (CanLII),2024-05-07,0,0,0,0,0,0,1,,
2024onwsiat726,2024 ONWSIAT 726 (CanLII),2024-05-08,0,0,0,0,0,0,0,,
2024onwsiat727,2024 ONWSIAT 727 (CanLII),2024-05-08,0,0,0,0,0,0,0,,
2024onwsiat728,2024 ONWSIAT 728 (CanLII),2024-05-08,0,0,0,0,0,0,0,,
2024onwsiat729,2024 ONWSIAT 729 (CanLII),2024-05-08,0,0,0,0,0,0,0,,
2024onwsiat730,2024 ONWSIAT 730 (CanLII),2024-05-08,0,0,0,0,0,0,0,,
2024onwsiat731,2024 ONWSIAT 731 (CanLII),2024-05-09,0,0,0,0,0,0,0,,
2024onwsiat732,2024 ONWSIAT 732 (CanLII),2024-05-09,0,0,0,0,0,0,0,,
2024onwsiat733,2024 ONWSIAT 733 (CanLII),2024-05-09,0,0,0,0,0,0,0,,
2024onwsiat734,2024 ONWSIAT 734 (CanLII),2024-05-09,0,0,0,0,0,0,0,,
2024onwsiat735,2024 ONWSIAT 735 (CanLII),2024-05-09,0,0,0,0,0,0,0,,
2024onwsiat736,2024 ONWSIAT 736 (CanLII),2024-05-09,0,0,0,0,0,0,0,,
2024onwsiat737,2024 ONWSIAT 737 (CanLII),2024-05-09,0,0,0,0,0,0,0,,
2024onwsiat738,2024 ONWSIAT 738 (CanLII),2024-05-10,0,0,0,0,0,0,1,,
2024onwsiat739,2024 ONWSIAT 739 (CanLII),2024-05-10,0,0,0,0,0,0,1,,
2024onwsiat740,2024 ONWSIAT 740 (CanLII),2024-05-10,0,0,0,0,0,0,0,,
2024onwsiat741,2024 ONWSIAT 741 (CanLII),2024-05-10,0,0,0,0,0,0,0,,
2024onwsiat742,2024 ONWSIAT 742 (CanLII),2024-05-10,0,0,0,0,0,0,0,,
2024onwsiat743,2024 ONWSIAT 743 (CanLII),2024-05-10,0,0,0,0,0,0,0,,
2024onwsiat744,2024 ONWSIAT 744 (CanLII),2024-05-10,0,0,0,0,0,0,0,,
2024onwsiat745,2024 ONWSIAT 745 (CanLII),2024-05-13,0,0,0,0,0,0,0,,
2024onwsiat746,2024 ONWSIAT 746 (CanLII),2024-05-13,0,0,0,0,0,0,0,,
2024onwsiat747,2024 ONWSIAT 747 (CanLII),2024-05-13,0,0,0,0,0,0,0,,
2024onwsiat748,2024 ONWSIAT 748 (CanLII),2024-05-13,0,0,0,0,0,0,0,,
2024onwsiat749,2024 ONWSIAT 749 (CanLII),2024-05-13,0,0,0,0,0,0,0,,
2024onwsiat750,2024 ONWSIAT 750 (CanLII),2024-05-13,0,0,0,0,0,0,0,,
2024onwsiat751,2024 ONWSIAT 751 (CanLII),2024-05-13,0,0,0,0,0,0,0,,
2024onwsiat752,2024 ONWSIAT 752 (CanLII),2024-05-14,0,0,0,0,0,0,0,,
2024onwsiat753,2024 ONWSIAT 753 (CanLII),2024-05-14,0,0,0,0,0,0,0,,
2024onwsiat754,2024 ONWSIAT 754 (CanLII),2024-05-14,0,0,0,0,0,0,0,,
2024onwsiat755,2024 ONWSIAT 755 (CanLII),2024-05-14,0,0,0,0,0,0,0,,
2024onwsiat756,2024 ONWSIAT 756 (CanLII),2024-05-14,0,0,0,0,0,0,0,,
2024onwsiat757,2024 ONWSIAT 757 (CanLII),2024-05-14,0,0,0,0,0,0,0,,
2024onwsiat758,2024 ONWSIAT 758 (CanLII),2024-05-14,0,0,0,0,0,0,0,,
2024onwsiat759,2024 ONWSIAT 759 (CanLII),2024-05-14,0,0,0,0,0,0,0,,
2024onwsiat760,2024 ONWSIAT 760 (CanLII),2024-05-15,0,0,0,0,0,0,0,,
2024onwsiat761,2024 ONWSIAT 761 (CanLII),2024-05-15,0,0,0,0,0,0,0,,
2024onwsiat762,2024 ONWSIAT 762 (CanLII),2024-05-15,0,0,0,0,0,0,0,,
2024onwsiat763,2024 ONWSIAT 763 (CanLII),2024-05-15,0,0,0,0,0,0,0,,
2024onwsiat764,2024 ONWSIAT 764 (CanLII),2024-05-15,0,0,0,0,0,0,0,,
2024onwsiat765,2024 ONWSIAT 765 (CanLII),2024-05-15,0,0,0,0,0,0,0,,
2024onwsiat766,2024 ONWSIAT 766 (CanLII),2024-05-15,0,0,0,0,0,0,0,,
2024onwsiat767,2024 ONWSIAT 767 (CanLII),2024-05-15,0,0,0,0,0,0,0,,
2024onwsiat768,2024 ONWSIAT 768 (CanLII),2024-05-16,0,0,0,0,0,0,0,,
2024onwsiat769,2024 ONWSIAT 769 (CanLII),2024-05-16,0,0,0,0,0,0,0,,
2024onwsiat770,2024 ONWSIAT 770 (CanLII),2024-05-16,0,0,0,0,0,0,0,,
2024onwsiat771,2024 ONWSIAT 771 (CanLII),2024-05-16,0,0,0,0,0,0,0,,
2024onwsiat772,2024 ONWSIAT 772 (CanLII),2024-05-16,0,0,0,0,0,0,0,,
2024onwsiat773,2024 ONWSIAT 773 (CanLII),2024-05-16,0,0,0,0,0,0,0,,
2024onwsiat774,2024 ONWSIAT 774 (CanLII),2024-05-16,0,0,0,0,0,0,0,,
2024onwsiat775,2024 ONWSIAT 775 (CanLII),2024-05-16,0,0,0,0,0,0,0,,
2024onwsiat776,2024 ONWSIAT 776 (CanLII),2024-05-16,0,0,0,0,0,0,0,,
2024onwsiat777,2024 ONWSIAT 777 (CanLII),2024-05-16,0,0,0,0,0,0,0,,
2024onwsiat778,2024 ONWSIAT 778 (CanLII),2024-05-16,0,0,0,0,0,0,0,,
2024onwsiat779,2024 ONWSIAT 779 (CanLII),2024-05-16,0,0,0,0,0,0,1,,
2024onwsiat780,2024 ONWSIAT 780 (CanLII),2024-05-16,0,0,0,0,0,0,0,,
2024onwsiat781,2024 ONWSIAT 781 (CanLII),2024-05-17,0,0,0,0,0,0,0,,
2024onwsiat782,2024 ONWSIAT 782 (CanLII),2024-05-17,0,0,0,0,0,0,0,,
2024onwsiat783,2024 ONWSIAT 783 (CanLII),2024-05-17,0,0,0,0,0,0,0,,
2024onwsiat784,2024 ONWSIAT 784 (CanLII),2024-05-17,0,0,0,0,0,0,0,,
2024onwsiat785,2024 ONWSIAT 785 (CanLII),2024-05-17,0,0,0,0,0,0,0,,
2024onwsiat786,2024 ONWSIAT 786 (CanLII),2024-05-17,0,0,0,0,0,0,0,,
2024onwsiat787,2024 ONWSIAT 787 (CanLII),2024-05-17,0,0,0,0,0,0,0,,
2024onwsiat788,2024 ONWSIAT 788 (CanLII),2024-05-17,0,0,0,0,0,0,0,,
2024onwsiat789,2024 ONWSIAT 789 (CanLII),2024-05-17,0,0,0,0,0,0,0,,
2024onwsiat790,2024 ONWSIAT 790 (CanLII),2024-05-17,0,0,0,0,0,0,0,,
2024onwsiat791,2024 ONWSIAT 791 (CanLII),2024-05-17,0,0,0,0,0,0,0,,
2024onwsiat792,2024 ONWSIAT 792 (CanLII),2024-05-17,0,0,0,0,0,0,0,,
2024onwsiat793,2024 ONWSIAT 793 (CanLII),2024-05-17,0,0,0,0,0,0,0,,
2024onwsiat794,2024 ONWSIAT 794 (CanLII),2024-05-17,0,0,0,0,0,0,0,,
2024onwsiat795,2024 ONWSIAT 795 (CanLII),2024-05-17,0,0,0,0,0,0,0,,
2024onwsiat796,2024 ONWSIAT 796 (CanLII),2024-05-17,0,0,0,0,0,0,0,,
2024onwsiat797,2024 ONWSIAT 797 (CanLII),2024-05-17,0,0,0,0,0,0,1,,
2024onwsiat798,2024 ONWSIAT 798 (CanLII),2024-05-21,0,0,0,0,0,0,0,,
2024onwsiat799,2024 ONWSIAT 799 (CanLII),2024-05-21,0,0,0,0,0,0,0,,
2024onwsiat800,2024 ONWSIAT 800 (CanLII),2024-05-21,0,0,0,0,0,0,0,,
2024onwsiat801,2024 ONWSIAT 801 (CanLII),2024-05-21,0,0,0,0,0,0,0,,
2024onwsiat802,2024 ONWSIAT 802 (CanLII),2024-05-22,0,0,0,0,0,0,0,,
2024onwsiat803,2024 ONWSIAT 803 (CanLII),2024-05-22,0,0,0,0,0,0,0,,
2024onwsiat804,2024 ONWSIAT 804 (CanLII),2024-05-22,0,0,0,0,0,0,0,,
2024onwsiat805,2024 ONWSIAT 805 (CanLII),2024-05-22,0,0,0,0,0,0,0,,
2024onwsiat806,2024 ONWSIAT 806 (CanLII),2024-05-22,0,0,0,0,0,0,0,,
2024onwsiat807,2024 ONWSIAT 807 (CanLII),2024-05-22,0,0,0,0,0,0,0,,
2024onwsiat808,2024 ONWSIAT 808 (CanLII),2024-05-23,0,0,0,0,0,0,0,,
2024onwsiat809,2024 ONWSIAT 809 (CanLII),2024-05-23,0,0,0,0,0,0,1,,
2024onwsiat810,2024 ONWSIAT 810 (CanLII),2024-05-23,0,0,0,0,0,0,0,,
2024onwsiat811,2024 ONWSIAT 811 (CanLII),2024-05-23,0,0,0,0,0,0,0,,
2024onwsiat812,2024 ONWSIAT 812 (CanLII),2024-05-23,0,0,0,0,0,0,0,,
2024onwsiat814,2024 ONWSIAT 814 (CanLII),2024-05-23,1,0,0,0,0,0,0,,
2024onwsiat815,2024 ONWSIAT 815 (CanLII),2024-05-23,0,0,0,0,0,0,0,,
2024onwsiat816,2024 ONWSIAT 816 (CanLII),2024-05-24,0,0,0,0,0,0,0,,
2024onwsiat817,2024 ONWSIAT 817 (CanLII),2024-05-24,0,0,0,0,0,0,0,,
2024onwsiat818,2024 ONWSIAT 818 (CanLII),2024-05-24,0,0,0,0,0,0,0,,
2024onwsiat819,2024 ONWSIAT 819 (CanLII),2024-05-24,0,0,0,0,0,0,0,,
2024onwsiat820,2024 ONWSIAT 820 (CanLII),2024-05-24,0,0,0,0,0,0,0,,
2024onwsiat821,2024 ONWSIAT 821 (CanLII),2024-05-24,0,0,0,0,0,0,1,,
2024onwsiat822,2024 ONWSIAT 822 (CanLII),2024-05-27,0,0,0,0,0,0,0,,
2024onwsiat823,2024 ONWSIAT 823 (CanLII),2024-05-27,0,0,0,0,0,0,0,,
2024onwsiat824,2024 ONWSIAT 824 (CanLII),2024-05-27,0,0,0,0,0,0,0,,
2024onwsiat825,2024 ONWSIAT 825 (CanLII),2024-05-27,0,0,0,0,0,0,0,,
2024onwsiat826,2024 ONWSIAT 826 (CanLII),2024-05-27,0,0,0,0,0,0,0,,
2024onwsiat827,2024 ONWSIAT 827 (CanLII),2024-05-27,0,0,0,0,0,0,0,,
2024onwsiat828,2024 ONWSIAT 828 (CanLII),2024-05-27,0,0,0,0,0,0,0,,
2024onwsiat829,2024 ONWSIAT 829 (CanLII),2024-05-27,0,0,0,0,0,0,0,,
2024onwsiat830,2024 ONWSIAT 830 (CanLII),2024-05-28,0,0,0,0,0,0,0,,
2024onwsiat831,2024 ONWSIAT 831 (CanLII),2024-05-28,0,0,0,0,0,0,0,,
2024onwsiat832,2024 ONWSIAT 832 (CanLII),2024-05-28,0,0,0,0,0,0,0,,
2024onwsiat833,2024 ONWSIAT 833 (CanLII),2024-05-28,0,0,0,0,0,0,0,,
2024onwsiat834,2024 ONWSIAT 834 (CanLII),2024-05-28,0,0,0,0,0,0,0,,
2024onwsiat835,2024 ONWSIAT 835 (CanLII),2024-05-28,0,0,0,0,0,0,0,,
2024onwsiat836,2024 ONWSIAT 836 (CanLII),2024-05-29,0,0,0,0,0,0,0,,
2024onwsiat837,2024 ONWSIAT 837 (CanLII),2024-05-29,0,0,0,0,0,0,0,,
2024onwsiat838,2024 ONWSIAT 838 (CanLII),2024-05-29,0,0,0,0,0,0,0,,
2024onwsiat839,2024 ONWSIAT 839 (CanLII),2024-05-29,0,0,0,0,0,0,0,,
2024onwsiat840,2024 ONWSIAT 840 (CanLII),2024-05-29,0,0,0,0,0,0,0,,
2024onwsiat841,2024 ONWSIAT 841 (CanLII),2024-05-29,0,0,0,0,0,0,0,,
2024onwsiat842,2024 ONWSIAT 842 (CanLII),2024-05-29,0,0,0,0,0,0,0,,
2024onwsiat843,2024 ONWSIAT 843 (CanLII),2024-05-30,0,0,0,0,0,0,0,,
2024onwsiat844,2024 ONWSIAT 844 (CanLII),2024-05-30,0,0,0,0,0,0,0,,
2024onwsiat845,2024 ONWSIAT 845 (CanLII),2024-05-30,0,0,0,0,0,0,0,,
2024onwsiat846,2024 ONWSIAT 846 (CanLII),2024-05-30,0,0,0,0,0,0,0,,
2024onwsiat847,2024 ONWSIAT 847 (CanLII),2024-05-30,0,0,0,0,0,0,0,,
2024onwsiat848,2024 ONWSIAT 848 (CanLII),2024-05-30,0,0,0,0,0,0,0,,
2024onwsiat849,2024 ONWSIAT 849 (CanLII),2024-05-30,0,0,0,0,0,0,0,,
2024onwsiat850,2024 ONWSIAT 850 (CanLII),2024-05-30,0,0,0,0,0,0,0,,
2024onwsiat851,2024 ONWSIAT 851 (CanLII),2024-05-31,0,0,0,0,0,0,0,,
2024onwsiat852,2024 ONWSIAT 852 (CanLII),2024-05-31,0,0,0,0,0,0,0,,
2024onwsiat853,2024 ONWSIAT 853 (CanLII),2024-05-31,0,0,0,0,0,0,0,,
2024onwsiat854,2024 ONWSIAT 854 (CanLII),2024-05-31,0,0,0,0,0,0,0,,
2024onwsiat855,2024 ONWSIAT 855 (CanLII),2024-05-31,0,0,0,0,0,0,0,,
2024onwsiat856,2024 ONWSIAT 856 (CanLII),2024-05-31,0,0,0,0,0,0,0,,
2024onwsiat857,2024 ONWSIAT 857 (CanLII),2024-05-31,0,0,0,0,0,0,0,,
2024onwsiat858,2024 ONWSIAT 858 (CanLII),2024-05-31,0,0,0,0,0,0,0,,
2024onwsiat859,2024 ONWSIAT 859 (CanLII),2024-05-31,0,0,0,0,0,0,0,,
2024onwsiat860,2024 ONWSIAT 860 (CanLII),2024-05-31,0,0,0,0,0,0,0,,
2024onwsiat861,2024 ONWSIAT 861 (CanLII),2024-05-31,0,0,0,0,0,0,0,,
2024onwsiat862,2024 ONWSIAT 862 (CanLII),2024-05-31,0,0,0,0,0,0,0,,
2024onwsiat863,2024 ONWSIAT 863 (CanLII),2024-05-31,0,0,0,0,0,0,0,,
2024onwsiat864,2024 ONWSIAT 864 (CanLII),2024-06-03,0,0,0,0,0,0,0,,
2024onwsiat865,2024 ONWSIAT 865 (CanLII),2024-06-03,0,0,0,0,0,0,0,,
2024onwsiat866,2024 ONWSIAT 866 (CanLII),2024-06-03,0,0,0,0,0,0,0,,
2024onwsiat867,2024 ONWSIAT 867 (CanLII),2024-06-03,0,0,0,0,0,0,0,,
2024onwsiat868,2024 ONWSIAT 868 (CanLII),2024-06-03,0,0,0,0,0,0,0,,
2024onwsiat869,2024 ONWSIAT 869 (CanLII),2024-06-03,0,0,0,0,0,0,0,,
2024onwsiat870,2024 ONWSIAT 870 (CanLII),2024-06-04,0,0,0,0,0,0,0,,
2024onwsiat871,2024 ONWSIAT 871 (CanLII),2024-06-04,0,0,0,0,0,0,0,,
2024onwsiat872,2024 ONWSIAT 872 (CanLII),2024-06-04,0,0,0,0,0,0,0,,
2024onwsiat873,2024 ONWSIAT 873 (CanLII),2024-06-04,0,0,0,0,0,0,0,,
2024onwsiat874,2024 ONWSIAT 874 (CanLII),2024-06-04,0,0,0,0,0,0,0,,
2024onwsiat875,2024 ONWSIAT 875 (CanLII),2024-06-05,0,0,0,0,0,0,0,,
2024onwsiat876,2024 ONWSIAT 876 (CanLII),2024-06-05,0,0,0,0,0,0,0,,
2024onwsiat877,2024 ONWSIAT 877 (CanLII),2024-06-05,0,0,0,0,0,0,0,,
2024onwsiat878,2024 ONWSIAT 878 (CanLII),2024-06-05,0,0,0,0,0,0,0,,
2024onwsiat879,2024 ONWSIAT 879 (CanLII),2024-06-05,0,0,0,0,0,0,1,,
2024onwsiat880,2024 ONWSIAT 880 (CanLII),2024-06-05,0,0,0,0,0,0,0,,
2024onwsiat881,2024 ONWSIAT 881 (CanLII),2024-06-05,0,0,0,0,0,0,0,,
2024onwsiat882,2024 ONWSIAT 882 (CanLII),2024-06-06,0,0,0,0,0,0,1,,
2024onwsiat883,2024 ONWSIAT 883 (CanLII),2024-06-06,0,0,0,0,0,0,1,,
2024onwsiat884,2024 ONWSIAT 884 (CanLII),2024-06-06,0,0,0,0,0,0,0,,
2024onwsiat885,2024 ONWSIAT 885 (CanLII),2024-06-06,0,0,0,0,0,0,0,,
2024onwsiat886,2024 ONWSIAT 886 (CanLII),2024-06-06,0,0,0,0,0,0,0,,
2024onwsiat887,2024 ONWSIAT 887 (CanLII),2024-06-06,0,0,0,0,0,0,0,,
2024onwsiat888,2024 ONWSIAT 888 (CanLII),2024-06-06,0,0,0,0,0,0,0,,
2024onwsiat889,2024 ONWSIAT 889 (CanLII),2024-06-06,0,0,0,0,0,0,0,,
2024onwsiat890,2024 ONWSIAT 890 (CanLII),2024-06-06,0,0,0,0,0,0,0,,
2024onwsiat891,2024 ONWSIAT 891 (CanLII),2024-06-07,0,0,0,0,0,0,0,,
2024onwsiat892,2024 ONWSIAT 892 (CanLII),2024-06-07,0,0,0,0,0,0,0,,
2024onwsiat893,2024 ONWSIAT 893 (CanLII),2024-06-07,0,0,0,0,0,0,0,,
2024onwsiat894,2024 ONWSIAT 894 (CanLII),2024-06-07,0,0,0,0,0,0,0,,
2024onwsiat895,2024 ONWSIAT 895 (CanLII),2024-06-07,0,0,0,0,0,0,1,,
2024onwsiat896,2024 ONWSIAT 896 (CanLII),2024-06-07,0,0,0,0,0,0,0,,
2024onwsiat897,2024 ONWSIAT 897 (CanLII),2024-06-07,0,0,0,0,0,0,0,,
2024onwsiat898,2024 ONWSIAT 898 (CanLII),2024-06-07,0,0,0,0,0,0,1,,
2024onwsiat899,2024 ONWSIAT 899 (CanLII),2024-06-07,0,0,0,0,0,0,0,,
2024onwsiat900,2024 ONWSIAT 900 (CanLII),2024-06-07,0,0,0,0,0,0,0,,
2024onwsiat901,2024 ONWSIAT 901 (CanLII),2024-06-07,0,0,0,0,0,0,0,,
2024onwsiat902,2024 ONWSIAT 902 (CanLII),2024-06-07,0,0,0,0,0,0,0,,
2024onwsiat903,2024 ONWSIAT 903 (CanLII),2024-06-07,0,0,0,0,0,0,0,,
2024onwsiat904,2024 ONWSIAT 904 (CanLII),2024-06-07,0,0,0,0,0,0,0,,
2024onwsiat905,2024 ONWSIAT 905 (CanLII),2024-06-07,0,0,0,0,0,0,0,,
2024onwsiat906,2024 ONWSIAT 906 (CanLII),2024-06-10,0,0,0,0,0,0,1,,
2024onwsiat907,2024 ONWSIAT 907 (CanLII),2024-06-10,0,0,0,0,0,0,0,,
2024onwsiat908,2024 ONWSIAT 908 (CanLII),2024-06-10,0,0,0,0,0,0,0,,
2024onwsiat909,2024 ONWSIAT 909 (CanLII),2024-06-10,0,0,0,0,0,0,0,,
2024onwsiat910,2024 ONWSIAT 910 (CanLII),2024-06-10,0,0,0,0,0,0,0,,
2024onwsiat911,2024 ONWSIAT 911 (CanLII),2024-06-10,0,0,0,0,0,0,0,,
2024onwsiat912,2024 ONWSIAT 912 (CanLII),2024-06-10,0,0,0,0,0,0,0,,
2024onwsiat913,2024 ONWSIAT 913 (CanLII),2024-06-10,0,0,0,0,0,0,0,,
2024onwsiat914,2024 ONWSIAT 914 (CanLII),2024-06-10,0,0,0,0,0,0,0,,
2024onwsiat915,2024 ONWSIAT 915 (CanLII),2024-06-11,0,0,0,0,0,0,0,,
2024onwsiat916,2024 ONWSIAT 916 (CanLII),2024-06-11,0,0,0,0,0,0,0,,
2024onwsiat917,2024 ONWSIAT 917 (CanLII),2024-06-11,0,0,0,0,0,0,0,,
2024onwsiat918,2024 ONWSIAT 918 (CanLII),2024-06-11,0,0,0,0,0,0,1,,
2024onwsiat919,2024 ONWSIAT 919 (CanLII),2024-06-11,0,0,0,0,0,0,0,,
2024onwsiat920,2024 ONWSIAT 920 (CanLII),2024-06-11,0,0,0,0,0,0,0,,
2024onwsiat921,2024 ONWSIAT 921 (CanLII),2024-06-11,0,0,0,0,0,0,0,,
2024onwsiat922,2024 ONWSIAT 922 (CanLII),2024-06-11,0,0,0,0,0,0,0,,
2024onwsiat923,2024 ONWSIAT 923 (CanLII),2024-06-12,0,0,0,0,0,0,0,,
2024onwsiat924,2024 ONWSIAT 924 (CanLII),2024-06-12,0,0,0,0,0,0,0,,
2024onwsiat925,2024 ONWSIAT 925 (CanLII),2024-06-12,0,0,0,0,0,0,0,,
2024onwsiat926,2024 ONWSIAT 926 (CanLII),2024-06-12,0,0,0,0,0,0,0,,
2024onwsiat927,2024 ONWSIAT 927 (CanLII),2024-06-12,0,0,0,0,0,0,0,,
2024onwsiat928,2024 ONWSIAT 928 (CanLII),2024-06-12,0,0,0,0,0,0,0,,
2024onwsiat929,2024 ONWSIAT 929 (CanLII),2024-06-12,0,0,0,0,0,0,0,,
2024onwsiat930,2024 ONWSIAT 930 (CanLII),2024-06-12,0,0,0,0,0,0,0,,
2024onwsiat931,2024 ONWSIAT 931 (CanLII),2024-06-12,0,0,0,0,0,0,0,,
2024onwsiat932,2024 ONWSIAT 932 (CanLII),2024-06-12,0,0,0,0,0,0,0,,
2024onwsiat933,2024 ONWSIAT 933 (CanLII),2024-06-12,0,0,0,0,0,0,0,,
2024onwsiat934,2024 ONWSIAT 934 (CanLII),2024-06-12,0,0,0,0,0,0,0,,
2024onwsiat935,2024 ONWSIAT 935 (CanLII),2024-06-12,0,0,0,0,0,0,0,,
2024onwsiat936,2024 ONWSIAT 936 (CanLII),2024-06-12,0,0,0,0,0,0,0,,
2024onwsiat937,2024 ONWSIAT 937 (CanLII),2024-06-12,0,0,0,0,0,0,0,,
2024onwsiat938,2024 ONWSIAT 938 (CanLII),2024-06-12,0,0,0,0,0,0,0,,
2024onwsiat939,2024 ONWSIAT 939 (CanLII),2024-06-13,0,0,0,0,0,0,0,,
2024onwsiat940,2024 ONWSIAT 940 (CanLII),2024-06-13,0,0,0,0,0,0,0,,
2024onwsiat941,2024 ONWSIAT 941 (CanLII),2024-06-13,0,0,0,0,0,0,0,,
2024onwsiat942,2024 ONWSIAT 942 (CanLII),2024-06-13,0,0,0,0,0,0,0,,
2024onwsiat943,2024 ONWSIAT 943 (CanLII),2024-06-13,0,0,0,0,0,0,0,,
2024onwsiat944,2024 ONWSIAT 944 (CanLII),2024-06-13,0,0,0,0,0,0,0,,
2024onwsiat945,2024 ONWSIAT 945 (CanLII),2024-06-13,0,0,0,0,0,0,0,,
2024onwsiat946,2024 ONWSIAT 946 (CanLII),2024-06-13,0,0,0,0,0,0,0,,
2024onwsiat947,2024 ONWSIAT 947 (CanLII),2024-06-13,0,0,0,0,0,0,1,,
2024onwsiat948,2024 ONWSIAT 948 (CanLII),2024-06-13,0,0,0,0,0,0,0,,
2024onwsiat949,2024 ONWSIAT 949 (CanLII),2024-06-13,0,0,0,0,0,0,1,,
2024onwsiat950,2024 ONWSIAT 950 (CanLII),2024-06-13,0,0,0,0,0,0,0,,
2024onwsiat951,2024 ONWSIAT 951 (CanLII),2024-06-13,0,0,0,0,0,0,0,,
2024onwsiat952,2024 ONWSIAT 952 (CanLII),2024-06-14,0,0,0,0,0,0,1,,
2024onwsiat953,2024 ONWSIAT 953 (CanLII),2024-06-14,0,0,0,0,0,0,0,,
2024onwsiat954,2024 ONWSIAT 954 (CanLII),2024-06-14,0,0,0,0,0,0,1,,
2024onwsiat955,2024 ONWSIAT 955 (CanLII),2024-06-14,1,0,0,0,0,0,0,,
2024onwsiat956,2024 ONWSIAT 956 (CanLII),2024-06-14,0,0,0,0,0,0,0,,
2024onwsiat957,2024 ONWSIAT 957 (CanLII),2024-06-14,0,0,0,0,0,0,0,,
2024onwsiat958,2024 ONWSIAT 958 (CanLII),2024-06-14,0,0,0,0,0,0,0,,
2024onwsiat959,2024 ONWSIAT 959 (CanLII),2024-06-14,0,0,0,0,0,0,0,,
2024onwsiat960,2024 ONWSIAT 960 (CanLII),2024-06-17,0,0,0,0,0,0,0,,
2024onwsiat961,2024 ONWSIAT 961 (CanLII),2024-06-17,0,0,0,0,0,0,0,,
2024onwsiat962,2024 ONWSIAT 962 (CanLII),2024-06-17,0,0,0,0,0,0,0,,
2024onwsiat963,2024 ONWSIAT 963 (CanLII),2024-06-17,0,0,0,0,0,0,0,,
2024onwsiat964,2024 ONWSIAT 964 (CanLII),2024-06-17,0,0,0,0,0,0,0,,
2024onwsiat965,2024 ONWSIAT 965 (CanLII),2024-06-17,0,0,0,0,0,0,1,,
2024onwsiat966,2024 ONWSIAT 966 (CanLII),2024-06-17,0,0,0,0,0,0,0,,
2024onwsiat967,2024 ONWSIAT 967 (CanLII),2024-06-17,0,0,0,0,0,0,1,,
2024onwsiat968,2024 ONWSIAT 968 (CanLII),2024-06-18,0,0,0,0,0,0,0,,
2024onwsiat969,2024 ONWSIAT 969 (CanLII),2024-06-18,0,0,0,0,0,0,0,,
2024onwsiat970,2024 ONWSIAT 970 (CanLII),2024-01-17,0,0,0,0,0,0,0,,
2024onwsiat971,2024 ONWSIAT 971 (CanLII),2024-06-18,0,0,0,0,0,0,0,,
2024onwsiat972,2024 ONWSIAT 972 (CanLII),2024-06-18,0,0,0,0,0,0,0,,
2024onwsiat973,2024 ONWSIAT 973 (CanLII),2024-06-18,0,0,0,0,0,0,0,,
2024onwsiat974,2024 ONWSIAT 974 (CanLII),2024-06-18,0,0,0,0,0,0,0,,
2024onwsiat975,2024 ONWSIAT 975 (CanLII),2024-06-18,0,0,0,0,0,0,0,,
2024onwsiat976,2024 ONWSIAT 976 (CanLII),2024-06-19,0,0,0,0,0,0,0,,
2024onwsiat977,2024 ONWSIAT 977 (CanLII),2024-06-19,0,0,0,0,0,0,0,,
2024onwsiat978,2024 ONWSIAT 978 (CanLII),2024-06-20,0,0,0,0,0,0,1,,
2024onwsiat979,2024 ONWSIAT 979 (CanLII),2024-06-19,0,0,0,0,0,0,0,,
2024onwsiat980,2024 ONWSIAT 980 (CanLII),2024-06-19,0,0,0,0,0,0,1,,
2024onwsiat981,2024 ONWSIAT 981 (CanLII),2024-06-19,0,0,0,0,0,0,0,,
2024onwsiat982,2024 ONWSIAT 982 (CanLII),2024-06-19,0,0,0,0,0,0,0,,
2024onwsiat983,2024 ONWSIAT 983 (CanLII),2024-06-19,0,0,0,0,0,0,0,,
2024onwsiat984,2024 ONWSIAT 984 (CanLII),2024-06-20,0,0,0,0,0,0,0,,
2024onwsiat985,2024 ONWSIAT 985 (CanLII),2024-06-20,0,0,0,0,0,0,0,,
2024onwsiat986,2024 ONWSIAT 986 (CanLII),2024-06-20,0,0,0,0,0,0,0,,
2024onwsiat987,2024 ONWSIAT 987 (CanLII),2024-06-20,0,0,0,0,0,0,0,,
2024onwsiat988,2024 ONWSIAT 988 (CanLII),2024-06-20,0,0,0,0,0,0,0,,
2024onwsiat989,2024 ONWSIAT 989 (CanLII),2024-06-20,0,0,0,0,0,0,0,,
2024onwsiat990,2024 ONWSIAT 990 (CanLII),2024-06-20,0,0,0,0,0,0,0,,
2024onwsiat991,2024 ONWSIAT 991 (CanLII),2024-06-20,0,0,0,0,0,0,0,,
2024onwsiat992,2024 ONWSIAT 992 (CanLII),2024-06-20,0,0,0,0,0,0,0,,
2024onwsiat993,2024 ONWSIAT 993 (CanLII),2024-06-20,0,0,0,0,0,0,0,,
2024onwsiat994,2024 ONWSIAT 994 (CanLII),2024-06-21,0,0,0,0,0,0,0,,
2024onwsiat995,2024 ONWSIAT 995 (CanLII),2024-06-20,0,0,0,0,0,0,1,,
2024onwsiat996,2024 ONWSIAT 996 (CanLII),2024-06-20,0,0,0,0,0,0,0,,
2024onwsiat997,2024 ONWSIAT 997 (CanLII),2024-06-20,0,0,0,0,0,0,0,,
2024onwsiat998,2024 ONWSIAT 998 (CanLII),2024-06-20,0,0,0,0,0,0,0,,
2024onwsiat999,2024 ONWSIAT 999 (CanLII),2024-06-20,0,0,0,0,0,0,0,,
2024onwsiat1000,2024 ONWSIAT 1000 (CanLII),2024-06-20,0,0,0,0,0,0,0,,
2024onwsiat1001,2024 ONWSIAT 1001 (CanLII),2024-06-20,0,0,0,0,0,0,0,,
2024onwsiat1002,2024 ONWSIAT 1002 (CanLII),2024-06-21,0,0,0,0,0,0,0,,
2024onwsiat1003,2024 ONWSIAT 1003 (CanLII),2024-06-21,0,0,0,0,0,0,0,,
2024onwsiat1004,2024 ONWSIAT 1004 (CanLII),2024-06-21,0,0,0,0,0,0,0,,
2024onwsiat1005,2024 ONWSIAT 1005 (CanLII),2024-06-21,0,0,0,0,0,0,0,,
2024onwsiat1006,2024 ONWSIAT 1006 (CanLII),2024-06-21,0,0,0,0,0,0,0,,
2024onwsiat1007,2024 ONWSIAT 1007 (CanLII),2024-06-21,0,0,0,0,0,0,1,,
2024onwsiat1008,2024 ONWSIAT 1008 (CanLII),2024-06-21,0,0,0,0,0,0,0,,
2024onwsiat1009,2024 ONWSIAT 1009 (CanLII),2024-06-21,0,0,0,0,0,0,0,,
2024onwsiat1010,2024 ONWSIAT 1010 (CanLII),2024-06-21,0,0,0,0,0,0,1,,
2024onwsiat1011,2024 ONWSIAT 1011 (CanLII),2024-06-21,0,0,0,0,0,0,0,,
2024onwsiat1012,2024 ONWSIAT 1012 (CanLII),2024-06-24,0,0,0,0,0,0,0,,
2024onwsiat1013,2024 ONWSIAT 1013 (CanLII),2024-06-21,0,0,0,0,0,0,0,,
2024onwsiat1014,2024 ONWSIAT 1014 (CanLII),2024-06-24,0,0,0,0,0,0,0,,
2024onwsiat1015,2024 ONWSIAT 1015 (CanLII),2024-06-24,0,0,0,0,0,0,0,,
2024onwsiat1016,2024 ONWSIAT 1016 (CanLII),2024-06-24,0,0,0,0,0,0,0,,
2024onwsiat1017,2024 ONWSIAT 1017 (CanLII),2024-06-24,0,0,0,0,0,0,0,,
2024onwsiat1018,2024 ONWSIAT 1018 (CanLII),2024-06-25,0,0,0,0,0,0,1,,
2024onwsiat1019,2024 ONWSIAT 1019 (CanLII),2024-06-25,0,0,0,0,0,0,0,,
2024onwsiat1020,2024 ONWSIAT 1020 (CanLII),2024-06-25,0,0,0,0,0,0,0,,
2024onwsiat1021,2024 ONWSIAT 1021 (CanLII),2024-06-25,0,0,0,0,0,0,1,,
2024onwsiat1022,2024 ONWSIAT 1022 (CanLII),2024-06-25,0,0,0,0,0,0,1,,
2024onwsiat1023,2024 ONWSIAT 1023 (CanLII),2024-06-25,0,0,0,0,0,0,1,,
2024onwsiat1024,2024 ONWSIAT 1024 (CanLII),2024-06-25,0,0,0,0,0,0,0,,
2024onwsiat1025,2024 ONWSIAT 1025 (CanLII),2024-06-25,0,0,0,0,0,0,0,,
2024onwsiat1026,2024 ONWSIAT 1026 (CanLII),2024-06-25,0,0,0,0,0,0,0,,
2024onwsiat1027,2024 ONWSIAT 1027 (CanLII),2024-06-26,0,0,0,0,0,0,0,,
2024onwsiat1028,2024 ONWSIAT 1028 (CanLII),2024-06-26,0,0,0,0,0,0,0,,
2024onwsiat1029,2024 ONWSIAT 1029 (CanLII),2024-06-26,0,0,0,0,0,0,0,,
2024onwsiat1030,2024 ONWSIAT 1030 (CanLII),2024-06-26,0,0,0,0,0,0,1,,
2024onwsiat1031,2024 ONWSIAT 1031 (CanLII),2024-06-26,0,0,0,0,0,0,0,,
2024onwsiat1032,2024 ONWSIAT 1032 (CanLII),2024-06-26,0,0,0,0,0,0,0,,
2024onwsiat1033,2024 ONWSIAT 1033 (CanLII),2024-06-26,0,0,0,0,0,0,0,,
2024onwsiat1034,2024 ONWSIAT 1034 (CanLII),2024-06-26,0,0,0,0,0,0,0,,
2024onwsiat1035,2024 ONWSIAT 1035 (CanLII),2024-06-27,0,0,0,0,0,0,0,,
2024onwsiat1036,2024 ONWSIAT 1036 (CanLII),2024-06-27,0,0,0,0,0,0,0,,
2024onwsiat1037,2024 ONWSIAT 1037 (CanLII),2024-06-27,0,0,0,0,0,0,0,,
2024onwsiat1038,2024 ONWSIAT 1038 (CanLII),2024-06-27,0,0,0,0,0,0,0,,
2024onwsiat1039,2024 ONWSIAT 1039 (CanLII),2024-06-27,0,0,0,0,0,0,0,,
2024onwsiat1040,2024 ONWSIAT 1040 (CanLII),2024-06-27,0,0,0,1,0,0,0,,
2024onwsiat1041,2024 ONWSIAT 1041 (CanLII),2024-06-27,0,0,0,0,0,0,1,,
2024onwsiat1042,2024 ONWSIAT 1042 (CanLII),2024-06-27,0,0,0,0,0,0,0,,
2024onwsiat1043,2024 ONWSIAT 1043 (CanLII),2024-06-28,0,0,0,0,0,0,0,,
2024onwsiat1044,2024 ONWSIAT 1044 (CanLII),2024-06-28,0,0,0,0,0,0,0,,
2024onwsiat1045,2024 ONWSIAT 1045 (CanLII),2024-06-28,0,0,0,0,0,0,0,,
2024onwsiat1046,2024 ONWSIAT 1046 (CanLII),2024-06-28,0,0,0,0,0,0,0,,
2024onwsiat1047,2024 ONWSIAT 1047 (CanLII),2024-06-28,0,0,0,0,0,0,0,,
2024onwsiat1048,2024 ONWSIAT 1048 (CanLII),2024-06-28,0,0,0,0,0,0,0,,
2024onwsiat1049,2024 ONWSIAT 1049 (CanLII),2024-06-28,0,0,0,0,0,0,0,,
2024onwsiat1050,2024 ONWSIAT 1050 (CanLII),2024-06-28,0,0,0,0,0,0,0,,
2024onwsiat1051,2024 ONWSIAT 1051 (CanLII),2024-06-28,0,0,0,0,0,0,0,,
2024onwsiat1052,2024 ONWSIAT 1052 (CanLII),2024-06-28,0,0,0,0,0,0,0,,
2024onwsiat1053,2024 ONWSIAT 1053 (CanLII),2024-06-28,0,0,0,1,0,0,0,,
2024onwsiat1054,2024 ONWSIAT 1054 (CanLII),2024-06-28,0,0,0,0,0,0,0,,
2024onwsiat1055,2024 ONWSIAT 1055 (CanLII),2024-06-28,0,0,0,0,0,0,0,,
2024onwsiat1056,2024 ONWSIAT 1056 (CanLII),2024-06-28,0,0,0,0,0,0,0,,
2024onwsiat1057,2024 ONWSIAT 1057 (CanLII),2024-07-02,0,0,0,0,0,0,0,,
2024onwsiat1058,2024 ONWSIAT 1058 (CanLII),2024-07-02,0,0,0,0,0,0,0,,
2024onwsiat1059,2024 ONWSIAT 1059 (CanLII),2024-07-02,0,0,0,0,0,0,0,,
2024onwsiat1060,2024 ONWSIAT 1060 (CanLII),2024-07-02,0,0,0,0,0,0,0,,
2024onwsiat1061,2024 ONWSIAT 1061 (CanLII),2024-07-02,0,0,0,0,0,0,1,,
2024onwsiat1062,2024 ONWSIAT 1062 (CanLII),2024-07-02,0,0,0,0,0,0,0,,
2024onwsiat1063,2024 ONWSIAT 1063 (CanLII),2024-07-02,0,0,0,0,0,0,1,,
2024onwsiat1064,2024 ONWSIAT 1064 (CanLII),2024-07-02,0,0,0,0,0,0,0,,
2024onwsiat1065,2024 ONWSIAT 1065 (CanLII),2024-07-03,0,0,0,0,0,0,0,,
2024onwsiat1066,2024 ONWSIAT 1066 (CanLII),2024-07-03,0,0,0,0,0,0,0,,
2024onwsiat1067,2024 ONWSIAT 1067 (CanLII),2024-07-04,0,0,0,0,0,0,0,,
2024onwsiat1068,2024 ONWSIAT 1068 (CanLII),2024-07-04,0,0,0,0,0,0,0,,
2024onwsiat1069,2024 ONWSIAT 1069 (CanLII),2024-07-04,0,0,0,0,0,0,0,,
2024onwsiat1070,2024 ONWSIAT 1070 (CanLII),2024-07-04,0,0,0,0,0,0,0,,
2024onwsiat1071,2024 ONWSIAT 1071 (CanLII),2024-07-04,0,0,0,0,0,0,0,,
2024onwsiat1072,2024 ONWSIAT 1072 (CanLII),2024-07-04,0,0,0,0,0,0,1,,
2024onwsiat1073,2024 ONWSIAT 1073 (CanLII),2024-07-05,0,0,0,0,0,0,0,,
2024onwsiat1074,2024 ONWSIAT 1074 (CanLII),2024-07-05,0,0,0,0,0,0,0,,
2024onwsiat1075,2024 ONWSIAT 1075 (CanLII),2024-07-05,0,0,0,0,0,0,0,,
2024onwsiat1076,2024 ONWSIAT 1076 (CanLII),2024-07-05,0,0,0,0,0,0,0,,
2024onwsiat1077,2024 ONWSIAT 1077 (CanLII),2024-07-05,0,0,0,0,0,0,0,,
2024onwsiat1078,2024 ONWSIAT 1078 (CanLII),2024-07-05,0,0,0,0,0,0,1,,
2024onwsiat1079,2024 ONWSIAT 1079 (CanLII),2024-07-05,0,0,0,0,0,0,0,,
2024onwsiat1080,2024 ONWSIAT 1080 (CanLII),2024-07-08,0,0,0,0,0,0,0,,
2024onwsiat1081,2024 ONWSIAT 1081 (CanLII),2024-07-08,0,0,0,0,0,0,0,,
2024onwsiat1082,2024 ONWSIAT 1082 (CanLII),2024-07-08,0,0,0,0,0,0,1,,
2024onwsiat1083,2024 ONWSIAT 1083 (CanLII),2024-07-08,0,0,0,0,0,0,0,,
2024onwsiat1084,2024 ONWSIAT 1084 (CanLII),2024-07-08,0,0,0,0,0,0,0,,
2024onwsiat1085,2024 ONWSIAT 1085 (CanLII),2024-07-09,0,0,0,0,0,0,0,,
2024onwsiat1086,2024 ONWSIAT 1086 (CanLII),2024-07-08,0,0,0,0,0,0,0,,
2024onwsiat1087,2024 ONWSIAT 1087 (CanLII),2024-07-08,0,0,0,0,0,0,0,,
2024onwsiat1088,2024 ONWSIAT 1088 (CanLII),2024-07-08,0,0,0,0,0,0,0,,
2024onwsiat1089,2024 ONWSIAT 1089 (CanLII),2024-07-09,0,0,0,0,0,0,0,,
2024onwsiat1090,2024 ONWSIAT 1090 (CanLII),2024-07-09,0,0,0,0,0,0,1,,
2024onwsiat1091,2024 ONWSIAT 1091 (CanLII),2024-07-09,0,0,0,0,0,0,0,,
2024onwsiat1092,2024 ONWSIAT 1092 (CanLII),2024-07-09,0,0,0,0,0,0,0,,
2024onwsiat1093,2024 ONWSIAT 1093 (CanLII),2024-07-09,0,0,0,0,0,0,0,,
2024onwsiat1094,2024 ONWSIAT 1094 (CanLII),2024-07-09,0,0,0,0,0,0,0,,
2024onwsiat1095,2024 ONWSIAT 1095 (CanLII),2024-07-10,0,0,0,0,0,0,0,,
2024onwsiat1096,2024 ONWSIAT 1096 (CanLII),2024-07-10,0,0,0,0,0,0,0,,
2024onwsiat1097,2024 ONWSIAT 1097 (CanLII),2024-07-10,0,0,0,0,0,0,0,,
2024onwsiat1098,2024 ONWSIAT 1098 (CanLII),2024-07-11,0,0,0,0,0,0,0,,
2024onwsiat1099,2024 ONWSIAT 1099 (CanLII),2024-07-11,0,0,0,0,0,0,0,,
2024onwsiat1100,2024 ONWSIAT 1100 (CanLII),2024-07-11,0,0,0,0,0,0,1,,
2024onwsiat1101,2024 ONWSIAT 1101 (CanLII),2024-07-11,0,0,0,0,0,0,0,,
2024onwsiat1102,2024 ONWSIAT 1102 (CanLII),2024-07-11,0,0,0,0,0,0,0,,
2024onwsiat1103,2024 ONWSIAT 1103 (CanLII),2024-07-11,0,0,0,0,0,0,0,,
2024onwsiat1104,2024 ONWSIAT 1104 (CanLII),2024-07-12,0,0,0,0,0,0,0,,
2024onwsiat1105,2024 ONWSIAT 1105 (CanLII),2024-07-12,0,0,0,0,0,0,0,,
2024onwsiat1106,2024 ONWSIAT 1106 (CanLII),2024-07-12,0,0,0,0,0,0,0,,
2024onwsiat1107,2024 ONWSIAT 1107 (CanLII),2024-07-12,0,0,0,0,0,0,0,,
2024onwsiat1108,2024 ONWSIAT 1108 (CanLII),2024-07-12,0,0,0,0,0,0,0,,
2024onwsiat1109,2024 ONWSIAT 1109 (CanLII),2024-07-12,0,0,0,0,0,0,0,,
2024onwsiat1110,2024 ONWSIAT 1110 (CanLII),2024-07-12,0,0,0,0,0,0,0,,
2024onwsiat1111,2024 ONWSIAT 1111 (CanLII),2024-07-12,0,0,0,0,0,0,0,,
2024onwsiat1112,2024 ONWSIAT 1112 (CanLII),2024-07-12,0,0,0,0,0,0,0,,
2024onwsiat1113,2024 ONWSIAT 1113 (CanLII),2024-07-12,0,0,0,0,0,0,0,,
2024onwsiat1114,2024 ONWSIAT 1114 (CanLII),2024-07-12,0,0,0,0,0,0,0,,
2024onwsiat1116,2024 ONWSIAT 1116 (CanLII),2024-07-15,0,0,0,0,0,0,0,,
2024onwsiat1117,2024 ONWSIAT 1117 (CanLII),2024-07-15,0,0,0,0,0,0,0,,
2024onwsiat1118,2024 ONWSIAT 1118 (CanLII),2024-07-15,0,0,0,0,0,0,0,,
2024onwsiat1119,2024 ONWSIAT 1119 (CanLII),2024-07-15,0,0,0,0,0,0,0,,
2024onwsiat1120,2024 ONWSIAT 1120 (CanLII),2024-07-15,0,0,0,0,0,0,0,,
2024onwsiat1121,2024 ONWSIAT 1121 (CanLII),2024-07-15,0,0,0,0,0,0,0,,
2024onwsiat1122,2024 ONWSIAT 1122 (CanLII),2024-07-16,0,0,0,0,0,0,0,,
2024onwsiat1123,2024 ONWSIAT 1123 (CanLII),2024-07-16,0,0,0,0,0,0,0,,
2024onwsiat1124,2024 ONWSIAT 1124 (CanLII),2024-07-16,0,0,0,0,0,0,1,,
2024onwsiat1125,2024 ONWSIAT 1125 (CanLII),2024-07-16,0,0,0,0,0,0,0,,
2024onwsiat1126,2024 ONWSIAT 1126 (CanLII),2024-07-16,0,0,0,0,0,0,0,,
2024onwsiat1127,2024 ONWSIAT 1127 (CanLII),2024-07-16,0,0,0,0,0,0,0,,
2024onwsiat1128,2024 ONWSIAT 1128 (CanLII),2024-07-16,0,0,0,0,0,0,0,,
2024onwsiat1129,2024 ONWSIAT 1129 (CanLII),2024-07-17,0,0,0,0,0,0,0,,
2024onwsiat1130,2024 ONWSIAT 1130 (CanLII),2024-07-17,0,0,0,0,0,0,0,,
2024onwsiat1131,2024 ONWSIAT 1131 (CanLII),2024-07-17,0,0,0,0,0,0,0,,
2024onwsiat1132,2024 ONWSIAT 1132 (CanLII),2024-07-17,0,0,0,0,0,0,0,,
2024onwsiat1133,2024 ONWSIAT 1133 (CanLII),2024-07-17,0,0,0,0,0,0,0,,
2024onwsiat1134,2024 ONWSIAT 1134 (CanLII),2024-07-17,0,0,0,0,0,0,0,,
2024onwsiat1135,2024 ONWSIAT 1135 (CanLII),2024-07-17,0,0,0,0,0,0,0,,
2024onwsiat1136,2024 ONWSIAT 1136 (CanLII),2024-07-17,0,0,0,0,0,0,0,,
2024onwsiat1137,2024 ONWSIAT 1137 (CanLII),2024-07-17,0,0,0,0,0,0,0,,
2024onwsiat1138,2024 ONWSIAT 1138 (CanLII),2024-07-17,0,0,0,0,0,0,1,,
2024onwsiat1139,2024 ONWSIAT 1139 (CanLII),2024-07-17,0,0,0,0,0,0,0,,
2024onwsiat1140,2024 ONWSIAT 1140 (CanLII),2024-07-17,0,0,0,0,0,0,0,,
2024onwsiat1141,2024 ONWSIAT 1141 (CanLII),2024-07-17,0,0,0,0,0,0,0,,
2024onwsiat1142,2024 ONWSIAT 1142 (CanLII),2024-07-17,0,0,0,0,0,0,0,,
2024onwsiat1143,2024 ONWSIAT 1143 (CanLII),2024-07-17,0,0,0,0,0,0,0,,
2024onwsiat1144,2024 ONWSIAT 1144 (CanLII),2024-07-17,0,0,0,0,0,0,0,,
2024onwsiat1145,2024 ONWSIAT 1145 (CanLII),2024-07-17,0,0,0,0,0,0,0,,
2024onwsiat1146,2024 ONWSIAT 1146 (CanLII),2024-07-17,0,0,0,0,0,0,0,,
2024onwsiat1147,2024 ONWSIAT 1147 (CanLII),2024-07-18,0,0,0,0,0,0,0,,
2024onwsiat1148,2024 ONWSIAT 1148 (CanLII),2024-07-18,0,0,0,0,0,0,0,,
2024onwsiat1149,2024 ONWSIAT 1149 (CanLII),2024-07-18,0,0,0,0,0,0,0,,
2024onwsiat1150,2024 ONWSIAT 1150 (CanLII),2024-07-18,0,0,0,0,0,0,0,,
2024onwsiat1151,2024 ONWSIAT 1151 (CanLII),2024-07-18,0,0,0,0,0,0,0,,
2024onwsiat1152,2024 ONWSIAT 1152 (CanLII),2024-07-18,0,0,0,0,0,0,0,,
2024onwsiat1153,2024 ONWSIAT 1153 (CanLII),2024-07-19,0,0,0,0,0,0,0,,
2024onwsiat1154,2024 ONWSIAT 1154 (CanLII),2024-07-18,0,0,0,0,0,0,0,,
2024onwsiat1155,2024 ONWSIAT 1155 (CanLII),2024-07-18,0,0,0,0,0,0,0,,
2024onwsiat1156,2024 ONWSIAT 1156 (CanLII),2024-07-18,0,0,0,0,0,0,0,,
2024onwsiat1157,2024 ONWSIAT 1157 (CanLII),2024-07-18,0,0,0,0,0,0,0,,
2024onwsiat1158,2024 ONWSIAT 1158 (CanLII),2024-07-19,0,0,0,0,0,0,0,,
2024onwsiat1159,2024 ONWSIAT 1159 (CanLII),2024-07-19,0,0,0,0,0,0,0,,
2024onwsiat1160,2024 ONWSIAT 1160 (CanLII),2024-07-19,0,0,0,0,0,0,0,,
2024onwsiat1161,2024 ONWSIAT 1161 (CanLII),2024-07-19,0,0,0,0,0,0,0,,
2024onwsiat1162,2024 ONWSIAT 1162 (CanLII),2024-07-19,0,0,0,0,0,0,0,,
2024onwsiat1163,2024 ONWSIAT 1163 (CanLII),2024-07-19,0,0,0,0,0,0,0,,
2024onwsiat1164,2024 ONWSIAT 1164 (CanLII),2024-07-19,0,0,0,0,0,0,0,,
2024onwsiat1165,2024 ONWSIAT 1165 (CanLII),2024-07-19,0,0,0,0,0,0,0,,
2024onwsiat1166,2024 ONWSIAT 1166 (CanLII),2024-07-19,0,0,0,0,0,0,0,,
2024onwsiat1167,2024 ONWSIAT 1167 (CanLII),2024-07-19,0,0,0,0,0,0,0,,
2024onwsiat1168,2024 ONWSIAT 1168 (CanLII),2024-07-19,0,0,0,0,0,0,0,,
2024onwsiat1169,2024 ONWSIAT 1169 (CanLII),2024-07-22,0,0,0,0,0,0,0,,
2024onwsiat1170,2024 ONWSIAT 1170 (CanLII),2024-07-22,0,0,0,0,0,0,0,,
2024onwsiat1171,2024 ONWSIAT 1171 (CanLII),2024-07-22,0,0,0,0,0,0,1,,
2024onwsiat1172,2024 ONWSIAT 1172 (CanLII),2024-07-23,0,0,0,0,0,0,0,,
2024onwsiat1173,2024 ONWSIAT 1173 (CanLII),2024-07-23,0,0,0,0,0,0,0,,
2024onwsiat1174,2024 ONWSIAT 1174 (CanLII),2024-07-23,0,0,0,0,0,0,1,,
2024onwsiat1175,2024 ONWSIAT 1175 (CanLII),2024-07-23,0,0,0,0,0,0,0,,
2024onwsiat1176,2024 ONWSIAT 1176 (CanLII),2024-07-23,0,0,0,0,0,0,0,,
2024onwsiat1177,2024 ONWSIAT 1177 (CanLII),2024-07-23,0,0,0,0,0,0,0,,
2024onwsiat1178,2024 ONWSIAT 1178 (CanLII),2024-07-24,0,0,0,0,0,0,1,,
2024onwsiat1179,2024 ONWSIAT 1179 (CanLII),2024-07-24,0,0,0,0,0,0,0,,
2024onwsiat1180,2024 ONWSIAT 1180 (CanLII),2024-07-24,0,0,0,0,0,0,0,,
2024onwsiat1181,2024 ONWSIAT 1181 (CanLII),2024-07-24,0,0,0,0,0,0,0,,
2024onwsiat1182,2024 ONWSIAT 1182 (CanLII),2024-07-24,0,0,0,0,0,0,0,,
2024onwsiat1183,2024 ONWSIAT 1183 (CanLII),2024-07-24,0,0,0,0,0,0,0,,
2024onwsiat1184,2024 ONWSIAT 1184 (CanLII),2024-07-24,0,0,0,0,0,0,0,,
2024onwsiat1185,2024 ONWSIAT 1185 (CanLII),2024-07-24,0,0,0,0,0,0,0,,
2024onwsiat1186,2024 ONWSIAT 1186 (CanLII),2024-07-25,0,0,0,0,0,0,0,,
2024onwsiat1187,2024 ONWSIAT 1187 (CanLII),2024-07-25,0,0,0,0,0,0,1,,
2024onwsiat1188,2024 ONWSIAT 1188 (CanLII),2024-07-25,0,0,0,0,0,0,0,,
2024onwsiat1189,2024 ONWSIAT 1189 (CanLII),2024-07-25,0,0,0,0,0,0,0,,
2024onwsiat1190,2024 ONWSIAT 1190 (CanLII),2024-07-25,0,0,0,0,0,0,0,,
2024onwsiat1191,2024 ONWSIAT 1191 (CanLII),2024-07-25,0,0,0,0,0,0,0,,
2024onwsiat1192,2024 ONWSIAT 1192 (CanLII),2024-07-26,0,0,0,0,0,0,0,,
2024onwsiat1193,2024 ONWSIAT 1193 (CanLII),2024-07-26,0,0,0,0,0,0,0,,
2024onwsiat1194,2024 ONWSIAT 1194 (CanLII),2024-07-26,0,0,0,0,0,0,0,,
2024onwsiat1195,2024 ONWSIAT 1195 (CanLII),2024-07-26,0,0,0,0,0,0,0,,
2024onwsiat1196,2024 ONWSIAT 1196 (CanLII),2024-07-26,0,0,0,0,0,0,0,,
2024onwsiat1197,2024 ONWSIAT 1197 (CanLII),2024-07-26,0,0,0,0,0,0,0,,
2024onwsiat1198,2024 ONWSIAT 1198 (CanLII),2024-07-26,0,0,0,0,0,0,0,,
2024onwsiat1199,2024 ONWSIAT 1199 (CanLII),2024-07-26,0,0,0,0,0,0,0,,
2024onwsiat1200,2024 ONWSIAT 1200 (CanLII),2024-07-26,0,0,0,0,0,0,0,,
2024onwsiat1201,2024 ONWSIAT 1201 (CanLII),2024-07-26,0,0,0,0,0,0,0,,
2024onwsiat1202,2024 ONWSIAT 1202 (CanLII),2024-07-29,0,0,0,0,0,0,0,,
2024onwsiat1203,2024 ONWSIAT 1203 (CanLII),2024-07-29,0,0,0,0,0,0,0,,
2024onwsiat1204,2024 ONWSIAT 1204 (CanLII),2024-07-29,0,0,0,0,0,0,1,,
2024onwsiat1205,2024 ONWSIAT 1205 (CanLII),2024-07-29,0,0,0,0,0,0,0,,
2024onwsiat1206,2024 ONWSIAT 1206 (CanLII),2024-07-29,0,0,0,0,0,0,0,,
2024onwsiat1207,2024 ONWSIAT 1207 (CanLII),2024-07-29,0,0,0,0,0,0,0,,
2024onwsiat1208,2024 ONWSIAT 1208 (CanLII),2024-07-29,0,0,0,0,0,0,1,,
2024onwsiat1209,2024 ONWSIAT 1209 (CanLII),2024-07-30,0,0,0,0,0,0,0,,
2024onwsiat1210,2024 ONWSIAT 1210 (CanLII),2024-07-30,0,0,0,0,0,0,0,,
2024onwsiat1211,2024 ONWSIAT 1211 (CanLII),2024-07-30,0,0,0,0,0,0,0,,
2024onwsiat1212,2024 ONWSIAT 1212 (CanLII),2024-07-30,0,0,0,0,0,0,0,,
2024onwsiat1213,2024 ONWSIAT 1213 (CanLII),2024-07-30,0,0,0,0,0,0,0,,
2024onwsiat1214,2024 ONWSIAT 1214 (CanLII),2024-07-30,0,0,0,0,0,0,0,,
2024onwsiat1215,2024 ONWSIAT 1215 (CanLII),2024-07-30,0,0,0,0,0,0,0,,
2024onwsiat1216,2024 ONWSIAT 1216 (CanLII),2024-07-30,0,0,0,0,0,0,1,,
2024onwsiat1217,2024 ONWSIAT 1217 (CanLII),2024-07-30,0,0,0,0,0,0,0,,
2024onwsiat1218,2024 ONWSIAT 1218 (CanLII),2024-07-30,0,0,0,0,0,0,0,,
2024onwsiat1219,2024 ONWSIAT 1219 (CanLII),2024-07-30,0,0,0,0,0,0,0,,
2024onwsiat1220,2024 ONWSIAT 1220 (CanLII),2024-07-30,0,0,0,0,0,0,1,,
2024onwsiat1221,2024 ONWSIAT 1221 (CanLII),2024-07-30,0,0,0,0,0,0,0,,
2024onwsiat1222,2024 ONWSIAT 1222 (CanLII),2024-07-30,0,0,0,0,0,0,0,,
2024onwsiat1223,2024 ONWSIAT 1223 (CanLII),2024-07-31,0,0,0,0,0,0,0,,
2024onwsiat1224,2024 ONWSIAT 1224 (CanLII),2024-07-31,0,0,0,0,0,0,0,,
2024onwsiat1225,2024 ONWSIAT 1225 (CanLII),2024-07-31,0,0,0,0,0,0,0,,
2024onwsiat1226,2024 ONWSIAT 1226 (CanLII),2024-07-31,0,0,0,0,0,0,0,,
2024onwsiat1227,2024 ONWSIAT 1227 (CanLII),2024-07-31,0,0,0,0,0,0,0,,
2024onwsiat1228,2024 ONWSIAT 1228 (CanLII),2024-07-31,0,0,0,0,0,0,0,,
2024onwsiat1229,2024 ONWSIAT 1229 (CanLII),2024-08-01,0,0,0,0,0,0,0,,
2024onwsiat1230,2024 ONWSIAT 1230 (CanLII),2024-08-01,0,0,0,0,0,0,0,,
2024onwsiat1231,2024 ONWSIAT 1231 (CanLII),2024-08-01,0,0,0,0,0,0,0,,
2024onwsiat1232,2024 ONWSIAT 1232 (CanLII),2024-08-01,0,0,0,0,0,0,0,,
2024onwsiat1233,2024 ONWSIAT 1233 (CanLII),2024-08-01,0,0,0,0,0,0,0,,
2024onwsiat1234,2024 ONWSIAT 1234 (CanLII),2024-08-06,0,0,0,0,0,0,0,,
2024onwsiat1235,2024 ONWSIAT 1235 (CanLII),2024-08-06,0,0,0,0,0,0,0,,
2024onwsiat1236,2024 ONWSIAT 1236 (CanLII),2024-08-06,0,0,0,0,0,0,0,,
2024onwsiat1237,2024 ONWSIAT 1237 (CanLII),2024-08-06,0,0,0,0,0,0,0,,
2024onwsiat1238,2024 ONWSIAT 1238 (CanLII),2024-08-06,0,0,0,0,0,0,0,,
2024onwsiat1239,2024 ONWSIAT 1239 (CanLII),2024-08-07,0,0,0,0,0,0,0,,
2024onwsiat1240,2024 ONWSIAT 1240 (CanLII),2024-08-07,0,0,0,0,0,0,0,,
2024onwsiat1241,2024 ONWSIAT 1241 (CanLII),2024-08-07,0,0,0,0,0,0,0,,
2024onwsiat1242,2024 ONWSIAT 1242 (CanLII),2024-08-07,0,0,0,0,0,0,1,,
2024onwsiat1243,2024 ONWSIAT 1243 (CanLII),2024-08-07,0,0,0,0,0,0,0,,
2024onwsiat1244,2024 ONWSIAT 1244 (CanLII),2024-08-07,0,0,0,0,0,0,0,,
2024onwsiat1245,2024 ONWSIAT 1245 (CanLII),2024-08-07,0,0,0,0,0,0,0,,
2024onwsiat1246,2024 ONWSIAT 1246 (CanLII),2024-08-09,0,0,0,0,0,0,0,,
2024onwsiat1247,2024 ONWSIAT 1247 (CanLII),2024-08-08,0,0,0,0,0,0,0,,
2024onwsiat1248,2024 ONWSIAT 1248 (CanLII),2024-08-08,0,0,0,0,0,0,0,,
2024onwsiat1249,2024 ONWSIAT 1249 (CanLII),2024-08-08,0,0,0,0,0,0,0,,
2024onwsiat1250,2024 ONWSIAT 1250 (CanLII),2024-08-09,0,0,0,0,0,0,0,,
2024onwsiat1251,2024 ONWSIAT 1251 (CanLII),2024-08-09,0,0,0,0,0,0,0,,
2024onwsiat1252,2024 ONWSIAT 1252 (CanLII),2024-08-09,0,0,0,0,0,0,0,,
2024onwsiat1253,2024 ONWSIAT 1253 (CanLII),2024-08-09,0,0,0,0,0,0,0,,
2024onwsiat1254,2024 ONWSIAT 1254 (CanLII),2024-08-09,0,0,0,0,0,0,0,,
2024onwsiat1255,2024 ONWSIAT 1255 (CanLII),2024-08-09,0,0,0,0,0,0,0,,
2024onwsiat1256,2024 ONWSIAT 1256 (CanLII),2024-08-09,0,0,0,0,0,0,0,,
2024onwsiat1257,2024 ONWSIAT 1257 (CanLII),2024-08-09,0,0,0,0,0,0,0,,
2024onwsiat1258,2024 ONWSIAT 1258 (CanLII),2024-08-09,0,0,0,0,0,0,0,,
2024onwsiat1259,2024 ONWSIAT 1259 (CanLII),2024-08-09,0,0,0,0,0,0,0,,
2024onwsiat1260,2024 ONWSIAT 1260 (CanLII),2024-08-09,0,0,0,0,0,0,0,,
2024onwsiat1261,2024 ONWSIAT 1261 (CanLII),2024-08-09,0,0,0,0,0,0,0,,
2024onwsiat1262,2024 ONWSIAT 1262 (CanLII),2024-08-09,0,0,0,0,0,0,0,,
2024onwsiat1263,2024 ONWSIAT 1263 (CanLII),2024-08-09,0,0,0,0,0,0,0,,
2024onwsiat1264,2024 ONWSIAT 1264 (CanLII),2024-08-09,0,0,0,0,0,0,0,,
2024onwsiat1265,2024 ONWSIAT 1265 (CanLII),2024-08-09,0,0,0,0,0,0,0,,
2024onwsiat1266,2024 ONWSIAT 1266 (CanLII),2024-08-12,0,0,0,0,0,0,0,,
2024onwsiat1267,2024 ONWSIAT 1267 (CanLII),2024-08-12,0,0,0,0,0,0,0,,
2024onwsiat1268,2024 ONWSIAT 1268 (CanLII),2024-08-12,0,0,0,0,0,0,0,,
2024onwsiat1269,2024 ONWSIAT 1269 (CanLII),2024-08-12,0,0,0,0,0,0,0,,
2024onwsiat1270,2024 ONWSIAT 1270 (CanLII),2024-08-12,0,0,0,0,0,0,0,,
2024onwsiat1271,2024 ONWSIAT 1271 (CanLII),2024-08-12,0,0,0,0,0,0,0,,
2024onwsiat1272,2024 ONWSIAT 1272 (CanLII),2024-08-12,0,0,0,0,0,0,0,,
2024onwsiat1273,2024 ONWSIAT 1273 (CanLII),2024-08-13,0,0,0,0,0,0,1,,
2024onwsiat1274,2024 ONWSIAT 1274 (CanLII),2024-08-13,0,0,0,0,0,0,1,,
2024onwsiat1275,2024 ONWSIAT 1275 (CanLII),2024-08-13,0,0,0,0,0,0,1,,
2024onwsiat1276,2024 ONWSIAT 1276 (CanLII),2024-08-13,0,0,0,0,0,0,0,,
2024onwsiat1277,2024 ONWSIAT 1277 (CanLII),2024-08-13,0,0,0,0,0,0,0,,
2024onwsiat1278,2024 ONWSIAT 1278 (CanLII),2024-08-13,0,0,0,0,0,0,0,,
2024onwsiat1279,2024 ONWSIAT 1279 (CanLII),2024-08-13,0,0,0,0,0,0,0,,
2024onwsiat1280,2024 ONWSIAT 1280 (CanLII),2024-08-13,0,0,0,0,0,0,0,,
2024onwsiat1281,2024 ONWSIAT 1281 (CanLII),2024-08-14,0,0,0,0,0,0,0,,
2024onwsiat1282,2024 ONWSIAT 1282 (CanLII),2024-08-14,0,0,0,0,0,0,0,,
2024onwsiat1283,2024 ONWSIAT 1283 (CanLII),2024-08-14,0,0,0,0,0,0,0,,
2024onwsiat1284,2024 ONWSIAT 1284 (CanLII),2024-08-14,0,0,0,0,0,0,0,,
2024onwsiat1285,2024 ONWSIAT 1285 (CanLII),2024-08-14,0,0,0,0,0,0,0,,
2024onwsiat1286,2024 ONWSIAT 1286 (CanLII),2024-08-15,0,0,0,0,0,0,0,,
2024onwsiat1287,2024 ONWSIAT 1287 (CanLII),2024-08-15,0,0,0,0,0,0,0,,
2024onwsiat1288,2024 ONWSIAT 1288 (CanLII),2024-08-15,0,0,0,0,0,0,0,,
2024onwsiat1289,2024 ONWSIAT 1289 (CanLII),2024-08-15,0,0,0,0,0,0,0,,
2024onwsiat1290,2024 ONWSIAT 1290 (CanLII),2024-08-15,0,0,0,0,0,0,0,,
2024onwsiat1291,2024 ONWSIAT 1291 (CanLII),2024-08-15,0,0,0,0,0,0,0,,
2024onwsiat1292,2024 ONWSIAT 1292 (CanLII),2024-08-15,0,0,0,0,0,0,0,,
2024onwsiat1293,2024 ONWSIAT 1293 (CanLII),2024-08-15,0,0,0,0,0,0,0,,
2024onwsiat1294,2024 ONWSIAT 1294 (CanLII),2024-08-16,0,0,0,0,0,0,0,,
2024onwsiat1295,2024 ONWSIAT 1295 (CanLII),2024-08-16,0,0,0,0,0,0,0,,
2024onwsiat1296,2024 ONWSIAT 1296 (CanLII),2024-08-16,0,0,0,0,0,0,0,,
2024onwsiat1297,2024 ONWSIAT 1297 (CanLII),2024-08-16,0,0,0,0,0,0,0,,
2024onwsiat1298,2024 ONWSIAT 1298 (CanLII),2024-08-16,0,0,0,0,0,0,1,,
2024onwsiat1299,2024 ONWSIAT 1299 (CanLII),2024-08-16,0,0,0,0,0,0,1,,
2024onwsiat1300,2024 ONWSIAT 1300 (CanLII),2024-08-16,0,0,0,0,0,0,0,,
2024onwsiat1301,2024 ONWSIAT 1301 (CanLII),2024-08-16,0,0,0,0,0,0,0,,
2024onwsiat1302,2024 ONWSIAT 1302 (CanLII),2024-08-16,0,0,0,0,0,0,0,,
2024onwsiat1303,2024 ONWSIAT 1303 (CanLII),2024-08-19,0,0,0,0,0,0,0,,
2024onwsiat1304,2024 ONWSIAT 1304 (CanLII),2024-08-19,0,0,0,0,0,0,0,,
2024onwsiat1305,2024 ONWSIAT 1305 (CanLII),2024-08-19,0,0,0,0,0,0,0,,
2024onwsiat1306,2024 ONWSIAT 1306 (CanLII),2024-08-19,0,0,0,0,0,0,0,,
2024onwsiat1307,2024 ONWSIAT 1307 (CanLII),2024-08-19,0,0,0,0,0,0,0,,
2024onwsiat1308,2024 ONWSIAT 1308 (CanLII),2024-08-19,0,0,0,0,0,0,0,,
2024onwsiat1309,2024 ONWSIAT 1309 (CanLII),2024-08-20,0,0,0,0,0,0,0,,
2024onwsiat1310,2024 ONWSIAT 1310 (CanLII),2024-08-20,0,0,0,0,0,0,0,,
2024onwsiat1311,2024 ONWSIAT 1311 (CanLII),2024-08-20,0,0,0,0,0,0,0,,
2024onwsiat1312,2024 ONWSIAT 1312 (CanLII),2024-08-20,0,0,0,0,0,0,0,,
2024onwsiat1313,2024 ONWSIAT 1313 (CanLII),2024-08-20,0,0,0,0,0,0,0,,
2024onwsiat1314,2024 ONWSIAT 1314 (CanLII),2024-08-20,0,0,0,0,0,0,0,,
2024onwsiat1315,2024 ONWSIAT 1315 (CanLII),2024-08-20,0,0,0,0,0,0,0,,
2024onwsiat1316,2024 ONWSIAT 1316 (CanLII),2024-08-20,0,0,0,0,0,0,0,,
2024onwsiat1317,2024 ONWSIAT 1317 (CanLII),2024-08-20,0,0,0,0,0,0,0,,
2024onwsiat1318,2024 ONWSIAT 1318 (CanLII),2024-08-21,0,0,0,0,0,0,0,,
2024onwsiat1319,2024 ONWSIAT 1319 (CanLII),2024-08-21,0,0,0,0,0,0,0,,
2024onwsiat1320,2024 ONWSIAT 1320 (CanLII),2024-08-21,0,0,0,0,0,0,0,,
2024onwsiat1321,2024 ONWSIAT 1321 (CanLII),2024-08-21,0,0,0,0,0,0,0,,
2024onwsiat1322,2024 ONWSIAT 1322 (CanLII),2024-08-22,0,0,0,0,0,0,0,,
2024onwsiat1323,2024 ONWSIAT 1323 (CanLII),2024-08-22,0,0,0,0,0,0,0,,
2024onwsiat1324,2024 ONWSIAT 1324 (CanLII),2024-08-22,0,0,0,0,0,0,0,,
2024onwsiat1325,2024 ONWSIAT 1325 (CanLII),2024-08-22,0,0,0,0,0,0,0,,
2024onwsiat1326,2024 ONWSIAT 1326 (CanLII),2024-08-22,0,0,0,0,0,0,0,,
2024onwsiat1327,2024 ONWSIAT 1327 (CanLII),2024-08-22,0,0,0,0,0,0,0,,
2024onwsiat1328,2024 ONWSIAT 1328 (CanLII),2024-08-22,0,0,0,0,0,0,0,,
2024onwsiat1329,2024 ONWSIAT 1329 (CanLII),2024-08-23,0,0,0,0,0,0,0,,
2024onwsiat1330,2024 ONWSIAT 1330 (CanLII),2024-08-23,0,0,0,0,0,0,0,,
2024onwsiat1331,2024 ONWSIAT 1331 (CanLII),2024-08-23,0,0,0,0,0,0,0,,
2024onwsiat1332,2024 ONWSIAT 1332 (CanLII),2024-08-23,0,0,0,0,0,0,0,,
2024onwsiat1333,2024 ONWSIAT 1333 (CanLII),2024-08-23,0,0,0,0,0,0,0,,
2024onwsiat1334,2024 ONWSIAT 1334 (CanLII),2024-08-23,0,0,0,0,0,0,1,,
2024onwsiat1335,2024 ONWSIAT 1335 (CanLII),2024-08-23,0,0,0,0,0,0,0,,
2024onwsiat1336,2024 ONWSIAT 1336 (CanLII),2024-08-23,0,0,0,0,0,0,0,,
2024onwsiat1337,2024 ONWSIAT 1337 (CanLII),2024-08-23,0,0,0,0,0,0,0,,
2024onwsiat1338,2024 ONWSIAT 1338 (CanLII),2024-08-23,0,0,0,0,0,0,0,,
2024onwsiat1339,2024 ONWSIAT 1339 (CanLII),2024-08-23,0,0,0,0,0,0,0,,
2024onwsiat1340,2024 ONWSIAT 1340 (CanLII),2024-08-23,0,0,0,0,0,0,0,,
2024onwsiat1341,2024 ONWSIAT 1341 (CanLII),2024-08-26,0,0,0,0,0,0,0,,
2024onwsiat1342,2024 ONWSIAT 1342 (CanLII),2024-08-26,1,0,0,0,0,0,0,,
2024onwsiat1343,2024 ONWSIAT 1343 (CanLII),2024-08-26,0,0,0,0,0,0,0,,
2024onwsiat1344,2024 ONWSIAT 1344 (CanLII),2024-08-26,0,0,0,0,0,0,0,,
2024onwsiat1345,2024 ONWSIAT 1345 (CanLII),2024-08-27,0,0,0,0,0,0,0,,
2024onwsiat1346,2024 ONWSIAT 1346 (CanLII),2024-08-27,0,0,0,0,0,0,0,,
2024onwsiat1347,2024 ONWSIAT 1347 (CanLII),2024-08-27,0,0,0,0,0,0,0,,
2024onwsiat1348,2024 ONWSIAT 1348 (CanLII),2024-08-27,0,0,0,0,0,0,0,,
2024onwsiat1349,2024 ONWSIAT 1349 (CanLII),2024-08-27,0,0,0,0,0,0,0,,
2024onwsiat1350,2024 ONWSIAT 1350 (CanLII),2024-08-27,0,0,0,0,0,0,0,,
2024onwsiat1351,2024 ONWSIAT 1351 (CanLII),2024-08-27,0,0,0,0,0,0,0,,
2024onwsiat1352,2024 ONWSIAT 1352 (CanLII),2024-08-28,0,0,0,0,0,0,0,,
2024onwsiat1353,2024 ONWSIAT 1353 (CanLII),2024-08-28,0,0,0,0,0,0,0,,
2024onwsiat1354,2024 ONWSIAT 1354 (CanLII),2024-08-28,0,0,0,0,0,0,0,,
2024onwsiat1355,2024 ONWSIAT 1355 (CanLII),2024-08-28,0,0,0,0,0,0,0,,
2024onwsiat1356,2024 ONWSIAT 1356 (CanLII),2024-08-28,0,0,0,0,0,0,0,,
2024onwsiat1357,2024 ONWSIAT 1357 (CanLII),2024-08-28,0,0,0,0,0,0,0,,
2024onwsiat1358,2024 ONWSIAT 1358 (CanLII),2024-08-29,0,0,0,0,0,0,0,,
2024onwsiat1359,2024 ONWSIAT 1359 (CanLII),2024-08-29,0,0,0,0,0,0,0,,
2024onwsiat1360,2024 ONWSIAT 1360 (CanLII),2024-08-29,0,0,0,0,0,0,0,,
2024onwsiat1361,2024 ONWSIAT 1361 (CanLII),2024-08-29,0,0,0,0,0,0,0,,
2024onwsiat1362,2024 ONWSIAT 1362 (CanLII),2024-08-29,0,0,0,0,0,0,0,,
2024onwsiat1363,2024 ONWSIAT 1363 (CanLII),2024-08-29,0,0,0,0,0,0,1,,
2024onwsiat1364,2024 ONWSIAT 1364 (CanLII),2024-08-29,0,0,0,0,0,0,0,,
2024onwsiat1365,2024 ONWSIAT 1365 (CanLII),2024-08-29,0,0,0,0,0,0,0,,
2024onwsiat1366,2024 ONWSIAT 1366 (CanLII),2024-08-29,0,0,0,0,0,0,0,,
2024onwsiat1367,2024 ONWSIAT 1367 (CanLII),2024-08-30,0,0,0,0,0,0,0,,
2024onwsiat1368,2024 ONWSIAT 1368 (CanLII),2024-08-30,0,0,0,0,0,0,0,,
2024onwsiat1369,2024 ONWSIAT 1369 (CanLII),2024-08-30,0,0,0,0,0,0,0,,
2024onwsiat1370,2024 ONWSIAT 1370 (CanLII),2024-08-30,0,0,0,0,0,0,0,,
2024onwsiat1371,2024 ONWSIAT 1371 (CanLII),2024-08-30,0,0,0,0,0,0,0,,
2024onwsiat1372,2024 ONWSIAT 1372 (CanLII),2024-08-30,0,0,0,0,0,0,0,,
2024onwsiat1373,2024 ONWSIAT 1373 (CanLII),2024-08-30,0,0,0,0,0,0,0,,
2024onwsiat1374,2024 ONWSIAT 1374 (CanLII),2024-08-30,0,0,0,0,0,0,0,,
2024onwsiat1375,2024 ONWSIAT 1375 (CanLII),2024-09-03,0,0,0,0,0,0,0,,
2024onwsiat1376,2024 ONWSIAT 1376 (CanLII),2024-09-03,0,0,0,0,0,0,0,,
2024onwsiat1377,2024 ONWSIAT 1377 (CanLII),2024-09-03,0,0,0,0,0,0,0,,
2024onwsiat1378,2024 ONWSIAT 1378 (CanLII),2024-09-03,0,0,0,0,0,0,0,,
2024onwsiat1379,2024 ONWSIAT 1379 (CanLII),2024-09-04,0,0,0,0,0,0,0,,
2024onwsiat1380,2024 ONWSIAT 1380 (CanLII),2024-09-04,0,0,0,0,0,0,0,,
2024onwsiat1381,2024 ONWSIAT 1381 (CanLII),2024-09-04,0,0,0,0,0,0,1,,
2024onwsiat1382,2024 ONWSIAT 1382 (CanLII),2024-09-04,0,0,0,0,0,0,0,,
2024onwsiat1383,2024 ONWSIAT 1383 (CanLII),2024-09-04,0,0,0,0,0,0,0,,
2024onwsiat1384,2024 ONWSIAT 1384 (CanLII),2024-09-04,0,0,0,0,0,0,0,,
2024onwsiat1385,2024 ONWSIAT 1385 (CanLII),2024-09-04,0,0,0,0,0,0,0,,
2024onwsiat1386,2024 ONWSIAT 1386 (CanLII),2024-09-04,0,0,0,0,0,0,1,,
2024onwsiat1387,2024 ONWSIAT 1387 (CanLII),2024-09-04,0,0,0,0,0,0,0,,
2024onwsiat1388,2024 ONWSIAT 1388 (CanLII),2024-09-04,0,0,0,0,0,0,0,,
2024onwsiat1389,2024 ONWSIAT 1389 (CanLII),2024-09-05,0,0,0,0,0,0,0,,
2024onwsiat1390,2024 ONWSIAT 1390 (CanLII),2024-09-05,0,0,0,0,0,0,0,,
2024onwsiat1391,2024 ONWSIAT 1391 (CanLII),2024-09-05,0,0,0,0,0,0,0,,
2024onwsiat1392,2024 ONWSIAT 1392 (CanLII),2024-09-05,0,0,0,0,0,0,0,,
2024onwsiat1393,2024 ONWSIAT 1393 (CanLII),2024-09-06,0,0,0,0,0,0,0,,
2024onwsiat1394,2024 ONWSIAT 1394 (CanLII),2024-09-06,0,0,0,0,0,0,0,,
2024onwsiat1395,2024 ONWSIAT 1395 (CanLII),2024-09-06,0,0,0,0,0,0,0,,
2024onwsiat1396,2024 ONWSIAT 1396 (CanLII),2024-09-06,0,0,0,0,0,0,0,,
2024onwsiat1397,2024 ONWSIAT 1397 (CanLII),2024-09-06,0,0,0,0,0,0,0,,
2024onwsiat1398,2024 ONWSIAT 1398 (CanLII),2024-09-06,0,0,0,0,0,0,0,,
2024onwsiat1399,2024 ONWSIAT 1399 (CanLII),2024-09-09,0,0,0,0,0,0,0,,
2024onwsiat1400,2024 ONWSIAT 1400 (CanLII),2024-09-09,0,0,0,0,0,0,0,,
2024onwsiat1401,2024 ONWSIAT 1401 (CanLII),2024-09-09,0,0,0,0,0,0,0,,
2024onwsiat1402,2024 ONWSIAT 1402 (CanLII),2024-09-09,0,0,0,0,0,0,0,,
2024onwsiat1403,2024 ONWSIAT 1403 (CanLII),2024-09-09,0,0,0,0,0,0,0,,
2024onwsiat1404,2024 ONWSIAT 1404 (CanLII),2024-09-10,0,0,0,0,0,0,0,,
2024onwsiat1405,2024 ONWSIAT 1405 (CanLII),2024-09-10,0,0,0,0,0,0,0,,
2024onwsiat1406,2024 ONWSIAT 1406 (CanLII),2024-09-10,0,0,0,0,0,0,0,,
2024onwsiat1407,2024 ONWSIAT 1407 (CanLII),2024-09-10,0,0,0,0,0,0,0,,
2024onwsiat1408,2024 ONWSIAT 1408 (CanLII),2024-09-10,0,0,0,0,0,0,0,,
2024onwsiat1409,2024 ONWSIAT 1409 (CanLII),2024-09-10,0,0,0,0,0,0,0,,
2024onwsiat1411,2024 ONWSIAT 1411 (CanLII),2024-09-10,0,0,0,0,0,0,0,,
2024onwsiat1412,2024 ONWSIAT 1412 (CanLII),2024-09-10,0,0,0,0,0,0,0,,
2024onwsiat1413,2024 ONWSIAT 1413 (CanLII),2024-09-11,0,0,0,0,0,0,0,,
2024onwsiat1414,2024 ONWSIAT 1414 (CanLII),2024-09-11,0,0,0,0,0,0,0,,
2024onwsiat1415,2024 ONWSIAT 1415 (CanLII),2024-09-12,0,0,0,0,0,0,0,,
2024onwsiat1416,2024 ONWSIAT 1416 (CanLII),2024-09-12,0,0,0,0,0,0,0,,
2024onwsiat1417,2024 ONWSIAT 1417 (CanLII),2024-09-12,0,0,0,0,0,0,0,,
2024onwsiat1418,2024 ONWSIAT 1418 (CanLII),2024-09-12,0,0,0,0,0,0,0,,
2024onwsiat1419,2024 ONWSIAT 1419 (CanLII),2024-09-12,0,0,0,0,0,0,0,,
2024onwsiat1420,2024 ONWSIAT 1420 (CanLII),2024-09-13,0,0,0,0,0,0,0,,
2024onwsiat1421,2024 ONWSIAT 1421 (CanLII),2024-09-13,0,0,0,0,0,0,0,,
2024onwsiat1422,2024 ONWSIAT 1422 (CanLII),2024-09-13,0,0,0,0,0,0,0,,
2024onwsiat1423,2024 ONWSIAT 1423 (CanLII),2024-09-13,0,0,0,0,0,0,0,,
2024onwsiat1424,2024 ONWSIAT 1424 (CanLII),2024-09-13,0,0,0,0,0,0,0,,
2024onwsiat1425,2024 ONWSIAT 1425 (CanLII),2024-09-13,0,0,0,0,0,0,0,,
2024onwsiat1426,2024 ONWSIAT 1426 (CanLII),2024-09-13,0,0,0,0,0,0,0,,
2024onwsiat1427,2024 ONWSIAT 1427 (CanLII),2024-09-16,0,0,0,0,0,0,0,,
2024onwsiat1428,2024 ONWSIAT 1428 (CanLII),2024-09-16,0,0,0,0,0,0,0,,
2024onwsiat1429,2024 ONWSIAT 1429 (CanLII),2024-09-16,0,0,0,0,0,0,0,,
2024onwsiat1430,2024 ONWSIAT 1430 (CanLII),2024-09-16,0,0,0,0,0,0,0,,
2024onwsiat1431,2024 ONWSIAT 1431 (CanLII),2024-09-16,0,0,0,0,0,0,0,,
2024onwsiat1432,2024 ONWSIAT 1432 (CanLII),2024-09-17,0,0,0,0,0,0,0,,
2024onwsiat1433,2024 ONWSIAT 1433 (CanLII),2024-09-17,0,0,0,0,0,0,0,,
2024onwsiat1434,2024 ONWSIAT 1434 (CanLII),2024-09-17,0,0,0,0,0,0,0,,
2024onwsiat1435,2024 ONWSIAT 1435 (CanLII),2024-09-17,0,0,0,0,0,0,0,,
2024onwsiat1436,2024 ONWSIAT 1436 (CanLII),2024-09-17,0,0,0,0,0,0,0,,
2024onwsiat1437,2024 ONWSIAT 1437 (CanLII),2024-09-18,0,0,0,0,0,0,0,,
2024onwsiat1438,2024 ONWSIAT 1438 (CanLII),2024-09-18,0,0,0,0,0,0,0,,
2024onwsiat1439,2024 ONWSIAT 1439 (CanLII),2024-09-18,0,0,0,0,0,0,0,,
2024onwsiat1440,2024 ONWSIAT 1440 (CanLII),2024-09-18,0,0,0,0,0,0,0,,
2024onwsiat1441,2024 ONWSIAT 1441 (CanLII),2024-09-18,0,0,0,0,0,0,0,,
2024onwsiat1442,2024 ONWSIAT 1442 (CanLII),2024-09-18,0,0,0,0,0,0,0,,
2024onwsiat1443,2024 ONWSIAT 1443 (CanLII),2024-09-19,0,0,0,0,0,0,0,,
2024onwsiat1444,2024 ONWSIAT 1444 (CanLII),2024-09-18,0,0,0,0,0,0,0,,
2024onwsiat1445,2024 ONWSIAT 1445 (CanLII),2024-09-18,0,0,0,0,0,0,0,,
2024onwsiat1446,2024 ONWSIAT 1446 (CanLII),2024-09-18,0,0,0,0,0,0,0,,
2024onwsiat1447,2024 ONWSIAT 1447 (CanLII),2024-09-19,0,0,0,0,0,0,0,,
2024onwsiat1448,2024 ONWSIAT 1448 (CanLII),2024-09-20,0,0,0,0,0,0,0,,
2024onwsiat1449,2024 ONWSIAT 1449 (CanLII),2024-09-19,0,0,0,0,0,0,0,,
2024onwsiat1450,2024 ONWSIAT 1450 (CanLII),2024-09-19,0,0,0,0,0,0,0,,
2024onwsiat1451,2024 ONWSIAT 1451 (CanLII),2024-09-19,0,0,0,0,0,0,0,,
2024onwsiat1452,2024 ONWSIAT 1452 (CanLII),2024-09-19,0,0,0,0,0,0,0,,
2024onwsiat1453,2024 ONWSIAT 1453 (CanLII),2024-09-19,0,0,0,0,0,0,0,,
2024onwsiat1454,2024 ONWSIAT 1454 (CanLII),2024-09-19,0,0,0,0,0,0,0,,
2024onwsiat1455,2024 ONWSIAT 1455 (CanLII),2024-09-19,0,0,0,0,0,0,0,,
2024onwsiat1456,2024 ONWSIAT 1456 (CanLII),2024-09-19,0,0,0,0,0,0,0,,
2024onwsiat1457,2024 ONWSIAT 1457 (CanLII),2024-09-19,0,0,0,0,0,0,1,,
2024onwsiat1458,2024 ONWSIAT 1458 (CanLII),2024-09-19,0,0,0,0,0,0,0,,
2024onwsiat1459,2024 ONWSIAT 1459 (CanLII),2024-09-20,0,0,0,0,0,0,0,,
2024onwsiat1460,2024 ONWSIAT 1460 (CanLII),2024-09-20,0,0,0,0,0,0,0,,
2024onwsiat1461,2024 ONWSIAT 1461 (CanLII),2024-09-20,0,0,0,0,0,0,1,,
2024onwsiat1462,2024 ONWSIAT 1462 (CanLII),2024-09-20,0,0,0,0,0,0,0,,
2024onwsiat1463,2024 ONWSIAT 1463 (CanLII),2024-09-20,0,0,0,0,0,0,0,,
2024onwsiat1464,2024 ONWSIAT 1464 (CanLII),2024-09-20,0,0,0,0,0,0,0,,
2024onwsiat1465,2024 ONWSIAT 1465 (CanLII),2024-09-20,0,0,0,0,0,0,0,,
2024onwsiat1466,2024 ONWSIAT 1466 (CanLII),2024-09-20,0,0,0,0,0,0,0,,
2024onwsiat1467,2024 ONWSIAT 1467 (CanLII),2024-09-20,0,0,0,0,0,0,0,,
2024onwsiat1468,2024 ONWSIAT 1468 (CanLII),2024-09-20,0,0,0,0,0,0,0,,
2024onwsiat1469,2024 ONWSIAT 1469 (CanLII),2024-09-20,0,0,0,0,0,0,0,,
2024onwsiat1470,2024 ONWSIAT 1470 (CanLII),2024-09-20,0,0,0,0,0,0,1,,
2024onwsiat1471,2024 ONWSIAT 1471 (CanLII),2024-09-20,0,0,0,0,0,0,0,,
2024onwsiat1472,2024 ONWSIAT 1472 (CanLII),2024-09-20,0,0,0,0,0,0,0,,
2024onwsiat1473,2024 ONWSIAT 1473 (CanLII),2024-09-20,0,0,0,0,0,0,0,,
2024onwsiat1474,2024 ONWSIAT 1474 (CanLII),2024-09-23,0,0,0,0,0,0,0,,
2024onwsiat1475,2024 ONWSIAT 1475 (CanLII),2024-09-23,0,0,0,0,0,0,0,,
2024onwsiat1476,2024 ONWSIAT 1476 (CanLII),2024-09-23,0,0,0,0,0,0,0,,
2024onwsiat1477,2024 ONWSIAT 1477 (CanLII),2024-09-24,0,0,0,0,0,0,1,,
2024onwsiat1478,2024 ONWSIAT 1478 (CanLII),2024-09-24,0,0,0,0,0,0,0,,
2024onwsiat1479,2024 ONWSIAT 1479 (CanLII),2024-09-25,0,0,0,0,0,0,0,,
2024onwsiat1480,2024 ONWSIAT 1480 (CanLII),2024-09-25,0,0,0,0,0,0,0,,
2024onwsiat1481,2024 ONWSIAT 1481 (CanLII),2024-09-25,0,0,0,0,0,0,0,,
2024onwsiat1482,2024 ONWSIAT 1482 (CanLII),2024-09-25,0,0,0,0,0,0,0,,
2024onwsiat1483,2024 ONWSIAT 1483 (CanLII),2024-09-25,0,0,0,0,0,0,0,,
2024onwsiat1484,2024 ONWSIAT 1484 (CanLII),2024-09-26,0,0,0,0,0,0,0,,
2024onwsiat1485,2024 ONWSIAT 1485 (CanLII),2024-09-26,0,0,0,0,0,0,1,,
2024onwsiat1486,2024 ONWSIAT 1486 (CanLII),2024-09-26,0,0,0,0,0,0,0,,
2024onwsiat1487,2024 ONWSIAT 1487 (CanLII),2024-09-26,0,0,0,0,0,0,0,,
2024onwsiat1488,2024 ONWSIAT 1488 (CanLII),2024-09-26,0,0,0,0,0,0,0,,
2024onwsiat1489,2024 ONWSIAT 1489 (CanLII),2024-09-26,0,0,0,0,0,0,0,,
2024onwsiat1490,2024 ONWSIAT 1490 (CanLII),2024-09-26,0,0,0,0,0,0,0,,
2024onwsiat1491,2024 ONWSIAT 1491 (CanLII),2024-09-26,0,0,0,0,0,0,1,,
2024onwsiat1492,2024 ONWSIAT 1492 (CanLII),2024-09-26,0,0,0,0,0,0,0,,
2024onwsiat1493,2024 ONWSIAT 1493 (CanLII),2024-09-26,0,0,0,0,0,0,0,,
2024onwsiat1494,2024 ONWSIAT 1494 (CanLII),2024-09-27,0,0,0,0,0,0,0,,
2024onwsiat1495,2024 ONWSIAT 1495 (CanLII),2024-09-27,0,0,0,0,0,0,0,,
2024onwsiat1496,2024 ONWSIAT 1496 (CanLII),2024-09-27,0,0,0,0,0,0,0,,
2024onwsiat1497,2024 ONWSIAT 1497 (CanLII),2024-09-27,0,0,0,0,0,0,0,,
2024onwsiat1498,2024 ONWSIAT 1498 (CanLII),2024-09-27,0,0,0,0,0,0,0,,
2024onwsiat1499,2024 ONWSIAT 1499 (CanLII),2024-09-27,0,0,0,0,0,0,0,,
2024onwsiat1500,2024 ONWSIAT 1500 (CanLII),2024-09-27,0,0,0,0,0,0,0,,
2024onwsiat1501,2024 ONWSIAT 1501 (CanLII),2024-09-27,0,0,0,0,0,0,0,,
2024onwsiat1502,2024 ONWSIAT 1502 (CanLII),2024-09-27,0,0,0,0,0,0,0,,
2024onwsiat1503,2024 ONWSIAT 1503 (CanLII),2024-09-27,0,0,0,0,0,0,0,,
2024onwsiat1504,2024 ONWSIAT 1504 (CanLII),2024-09-27,0,0,0,0,0,0,0,,
2024onwsiat1505,2024 ONWSIAT 1505 (CanLII),2024-09-27,0,0,0,0,0,0,0,,
2024onwsiat1506,2024 ONWSIAT 1506 (CanLII),2024-10-01,0,0,0,0,0,0,0,,
2024onwsiat1507,2024 ONWSIAT 1507 (CanLII),2024-10-01,0,0,0,0,0,0,0,,
2024onwsiat1508,2024 ONWSIAT 1508 (CanLII),2024-10-01,0,0,0,0,0,0,0,,
2024onwsiat1509,2024 ONWSIAT 1509 (CanLII),2024-10-01,0,0,0,0,0,0,0,,
2024onwsiat1510,2024 ONWSIAT 1510 (CanLII),2024-10-01,0,0,0,0,0,0,0,,
2024onwsiat1511,2024 ONWSIAT 1511 (CanLII),2024-10-01,0,0,0,0,0,0,0,,
2024onwsiat1512,2024 ONWSIAT 1512 (CanLII),2024-10-01,0,0,0,0,0,0,0,,
2024onwsiat1513,2024 ONWSIAT 1513 (CanLII),2024-10-01,0,0,0,0,0,0,0,,
2024onwsiat1514,2024 ONWSIAT 1514 (CanLII),2024-10-01,0,0,0,0,0,0,0,,
2024onwsiat1515,2024 ONWSIAT 1515 (CanLII),2024-10-02,0,0,0,0,0,0,0,,
2024onwsiat1516,2024 ONWSIAT 1516 (CanLII),2024-10-02,0,0,0,0,0,0,1,,
2024onwsiat1517,2024 ONWSIAT 1517 (CanLII),2024-10-02,0,0,0,0,0,0,0,,
2024onwsiat1518,2024 ONWSIAT 1518 (CanLII),2024-10-02,0,0,0,0,0,0,0,,
2024onwsiat1519,2024 ONWSIAT 1519 (CanLII),2024-10-02,0,0,0,0,0,0,0,,
2024onwsiat1520,2024 ONWSIAT 1520 (CanLII),2024-10-02,0,0,0,0,0,0,0,,
2024onwsiat1521,2024 ONWSIAT 1521 (CanLII),2024-10-02,0,0,0,0,0,0,0,,
2024onwsiat1522,2024 ONWSIAT 1522 (CanLII),2024-10-02,0,0,0,0,0,0,0,,
2024onwsiat1523,2024 ONWSIAT 1523 (CanLII),2024-10-03,0,0,0,0,0,0,0,,
2024onwsiat1524,2024 ONWSIAT 1524 (CanLII),2024-10-03,0,0,0,0,0,0,0,,
2024onwsiat1525,2024 ONWSIAT 1525 (CanLII),2024-10-03,0,0,0,0,0,0,0,,
2024onwsiat1526,2024 ONWSIAT 1526 (CanLII),2024-10-03,0,0,0,0,0,0,0,,
2024onwsiat1527,2024 ONWSIAT 1527 (CanLII),2024-10-03,0,0,0,0,0,0,0,,
2024onwsiat1528,2024 ONWSIAT 1528 (CanLII),2024-10-03,0,0,0,0,0,0,0,,
2024onwsiat1529,2024 ONWSIAT 1529 (CanLII),2024-10-03,0,0,0,0,0,0,0,,
2024onwsiat1530,2024 ONWSIAT 1530 (CanLII),2024-10-03,0,0,0,0,0,0,0,,
2024onwsiat1531,2024 ONWSIAT 1531 (CanLII),2024-10-03,0,0,0,0,0,0,0,,
2024onwsiat1532,2024 ONWSIAT 1532 (CanLII),2024-10-03,0,0,0,0,0,0,0,,
2024onwsiat1533,2024 ONWSIAT 1533 (CanLII),2024-10-03,0,0,0,0,0,0,0,,
2024onwsiat1534,2024 ONWSIAT 1534 (CanLII),2024-10-03,0,0,0,0,0,0,0,,
2024onwsiat1535,2024 ONWSIAT 1535 (CanLII),2024-10-04,0,0,0,0,0,0,0,,
2024onwsiat1536,2024 ONWSIAT 1536 (CanLII),2024-10-04,0,0,0,0,0,0,0,,
2024onwsiat1537,2024 ONWSIAT 1537 (CanLII),2024-10-04,0,0,0,0,0,0,0,,
2024onwsiat1538,2024 ONWSIAT 1538 (CanLII),2024-10-04,0,0,0,0,0,0,0,,
2024onwsiat1539,2024 ONWSIAT 1539 (CanLII),2024-10-04,0,0,0,0,0,0,0,,
2024onwsiat1540,2024 ONWSIAT 1540 (CanLII),2024-10-04,0,0,0,0,0,0,0,,
2024onwsiat1541,2024 ONWSIAT 1541 (CanLII),2024-10-04,0,0,0,0,0,0,0,,
2024onwsiat1542,2024 ONWSIAT 1542 (CanLII),2024-10-07,0,0,0,0,0,0,0,,
2024onwsiat1543,2024 ONWSIAT 1543 (CanLII),2024-10-07,0,0,0,0,0,0,0,,
2024onwsiat1544,2024 ONWSIAT 1544 (CanLII),2024-10-07,0,0,0,0,0,0,0,,
2024onwsiat1545,2024 ONWSIAT 1545 (CanLII),2024-10-07,0,0,0,0,0,0,0,,
2024onwsiat1546,2024 ONWSIAT 1546 (CanLII),2024-10-07,0,0,0,0,0,0,0,,
2024onwsiat1547,2024 ONWSIAT 1547 (CanLII),2024-10-07,0,0,0,0,0,0,0,,
2024onwsiat1548,2024 ONWSIAT 1548 (CanLII),2024-10-07,0,0,0,0,0,0,0,,
2024onwsiat1549,2024 ONWSIAT 1549 (CanLII),2024-10-07,0,0,0,0,0,0,0,,
2024onwsiat1550,2024 ONWSIAT 1550 (CanLII),2024-10-07,0,0,0,0,0,0,0,,
2024onwsiat1551,2024 ONWSIAT 1551 (CanLII),2024-10-07,0,0,0,0,0,0,0,,
2024onwsiat1552,2024 ONWSIAT 1552 (CanLII),2024-10-08,0,0,0,0,0,0,0,,
2024onwsiat1553,2024 ONWSIAT 1553 (CanLII),2024-10-08,0,0,0,0,0,0,0,,
2024onwsiat1554,2024 ONWSIAT 1554 (CanLII),2024-10-08,0,0,0,0,0,0,0,,
2024onwsiat1555,2024 ONWSIAT 1555 (CanLII),2024-10-08,0,0,0,0,0,0,0,,
2024onwsiat1556,2024 ONWSIAT 1556 (CanLII),2024-10-08,0,0,0,0,0,0,1,,
2024onwsiat1557,2024 ONWSIAT 1557 (CanLII),2024-10-08,0,0,0,0,0,0,0,,
2024onwsiat1558,2024 ONWSIAT 1558 (CanLII),2024-10-08,0,0,0,0,0,0,0,,
2024onwsiat1559,2024 ONWSIAT 1559 (CanLII),2024-10-09,0,0,0,0,0,0,0,,
2024onwsiat1560,2024 ONWSIAT 1560 (CanLII),2024-10-09,0,0,0,0,0,0,0,,
2024onwsiat1561,2024 ONWSIAT 1561 (CanLII),2024-10-09,0,0,0,0,0,0,0,,
2024onwsiat1562,2024 ONWSIAT 1562 (CanLII),2024-10-09,0,0,0,0,0,0,0,,
2024onwsiat1563,2024 ONWSIAT 1563 (CanLII),2024-10-09,0,0,0,0,0,0,0,,
2024onwsiat1564,2024 ONWSIAT 1564 (CanLII),2024-10-09,0,0,0,0,0,0,0,,
2024onwsiat1565,2024 ONWSIAT 1565 (CanLII),2024-10-09,0,0,0,0,0,0,0,,
2024onwsiat1566,2024 ONWSIAT 1566 (CanLII),2024-10-09,0,0,0,0,0,0,0,,
2024onwsiat1567,2024 ONWSIAT 1567 (CanLII),2024-10-15,0,0,0,0,0,0,0,,
2024onwsiat1568,2024 ONWSIAT 1568 (CanLII),2024-10-10,0,0,0,0,0,0,0,,
2024onwsiat1569,2024 ONWSIAT 1569 (CanLII),2024-10-10,0,0,0,0,0,0,0,,
2024onwsiat1570,2024 ONWSIAT 1570 (CanLII),2024-10-10,0,0,0,0,0,0,0,,
2024onwsiat1571,2024 ONWSIAT 1571 (CanLII),2024-10-10,0,0,0,0,0,0,0,,
2024onwsiat1572,2024 ONWSIAT 1572 (CanLII),2024-10-10,0,0,0,0,0,0,0,,
2024onwsiat1573,2024 ONWSIAT 1573 (CanLII),2024-10-10,0,0,0,0,0,0,0,,
2024onwsiat1574,2024 ONWSIAT 1574 (CanLII),2024-10-10,0,0,0,0,0,0,0,,
2024onwsiat1575,2024 ONWSIAT 1575 (CanLII),2024-10-11,0,0,0,0,0,0,0,,
2024onwsiat1576,2024 ONWSIAT 1576 (CanLII),2024-10-11,0,0,0,0,0,0,0,,
2024onwsiat1577,2024 ONWSIAT 1577 (CanLII),2024-10-11,0,0,0,0,0,0,0,,
2024onwsiat1578,2024 ONWSIAT 1578 (CanLII),2024-10-11,0,0,0,0,0,0,0,,
2024onwsiat1579,2024 ONWSIAT 1579 (CanLII),2024-10-11,0,0,0,0,0,0,0,,
2024onwsiat1580,2024 ONWSIAT 1580 (CanLII),2024-10-11,0,0,0,0,0,0,1,,
2024onwsiat1581,2024 ONWSIAT 1581 (CanLII),2024-10-11,0,0,0,0,0,0,0,,
2024onwsiat1582,2024 ONWSIAT 1582 (CanLII),2024-10-11,0,0,0,0,0,0,0,,
2024onwsiat1583,2024 ONWSIAT 1583 (CanLII),2024-10-11,0,0,0,0,0,0,0,,
2024onwsiat1584,2024 ONWSIAT 1584 (CanLII),2024-10-15,0,0,0,0,0,0,1,,
2024onwsiat1585,2024 ONWSIAT 1585 (CanLII),2024-10-15,0,0,0,0,0,0,1,,
2024onwsiat1586,2024 ONWSIAT 1586 (CanLII),2024-10-15,0,0,0,0,0,0,1,,
2024onwsiat1587,2024 ONWSIAT 1587 (CanLII),2024-10-15,0,0,0,0,0,0,0,,
2024onwsiat1588,2024 ONWSIAT 1588 (CanLII),2024-10-15,0,0,0,0,0,0,0,,
2024onwsiat1589,2024 ONWSIAT 1589 (CanLII),2024-10-15,0,0,0,0,0,0,0,,
2024onwsiat1590,2024 ONWSIAT 1590 (CanLII),2024-10-16,0,0,0,0,0,0,0,,
2024onwsiat1591,2024 ONWSIAT 1591 (CanLII),2024-10-16,0,0,0,0,0,0,1,,
2024onwsiat1592,2024 ONWSIAT 1592 (CanLII),2024-10-16,0,0,0,0,0,0,0,,
2024onwsiat1593,2024 ONWSIAT 1593 (CanLII),2024-10-16,0,0,0,0,0,0,0,,
2024onwsiat1594,2024 ONWSIAT 1594 (CanLII),2024-10-16,0,0,0,0,0,0,0,,
2024onwsiat1595,2024 ONWSIAT 1595 (CanLII),2024-10-16,0,0,0,0,0,0,0,,
2024onwsiat1596,2024 ONWSIAT 1596 (CanLII),2024-10-17,0,0,0,0,0,0,0,,
2024onwsiat1597,2024 ONWSIAT 1597 (CanLII),2024-10-17,0,0,0,0,0,0,0,,
2024onwsiat1598,2024 ONWSIAT 1598 (CanLII),2024-10-17,0,0,0,0,0,0,0,,
2024onwsiat1599,2024 ONWSIAT 1599 (CanLII),2024-10-17,0,0,0,0,0,0,1,,
2024onwsiat1600,2024 ONWSIAT 1600 (CanLII),2024-10-17,0,0,0,0,0,0,0,,
2024onwsiat1601,2024 ONWSIAT 1601 (CanLII),2024-10-17,0,0,0,0,0,0,0,,
2024onwsiat1602,2024 ONWSIAT 1602 (CanLII),2024-10-17,0,0,0,0,0,0,0,,
2024onwsiat1603,2024 ONWSIAT 1603 (CanLII),2024-10-17,0,0,0,0,0,0,0,,
2024onwsiat1604,2024 ONWSIAT 1604 (CanLII),2024-10-17,0,0,0,0,0,0,0,,
2024onwsiat1605,2024 ONWSIAT 1605 (CanLII),2024-10-17,0,0,0,0,0,0,0,,
2024onwsiat1606,2024 ONWSIAT 1606 (CanLII),2024-10-17,0,0,0,0,0,0,0,,
2024onwsiat1607,2024 ONWSIAT 1607 (CanLII),2024-10-17,0,0,0,0,0,0,0,,
2024onwsiat1608,2024 ONWSIAT 1608 (CanLII),2024-10-17,0,0,0,0,0,0,0,,
2024onwsiat1609,2024 ONWSIAT 1609 (CanLII),2024-10-18,0,0,0,0,0,0,1,,
2024onwsiat1610,2024 ONWSIAT 1610 (CanLII),2024-10-18,0,0,0,0,0,0,0,,
2024onwsiat1611,2024 ONWSIAT 1611 (CanLII),2024-10-18,0,0,0,0,0,0,0,,
2024onwsiat1612,2024 ONWSIAT 1612 (CanLII),2024-10-18,0,0,0,0,0,0,0,,
2024onwsiat1613,2024 ONWSIAT 1613 (CanLII),2024-10-18,0,0,0,0,0,0,1,,
2024onwsiat1614,2024 ONWSIAT 1614 (CanLII),2024-10-18,0,0,0,0,0,0,0,,
2024onwsiat1615,2024 ONWSIAT 1615 (CanLII),2024-10-18,0,0,0,0,0,0,0,,
2024onwsiat1616,2024 ONWSIAT 1616 (CanLII),2024-10-18,0,0,0,0,0,0,0,,
2024onwsiat1617,2024 ONWSIAT 1617 (CanLII),2024-10-18,0,0,0,0,0,0,0,,
2024onwsiat1618,2024 ONWSIAT 1618 (CanLII),2024-10-18,0,0,0,0,0,0,0,,
2024onwsiat1619,2024 ONWSIAT 1619 (CanLII),2024-10-18,0,0,0,0,0,0,0,,
2024onwsiat1620,2024 ONWSIAT 1620 (CanLII),2024-10-18,0,0,0,0,0,0,0,,
2024onwsiat1621,2024 ONWSIAT 1621 (CanLII),2024-10-18,0,0,0,0,0,0,0,,
2024onwsiat1622,2024 ONWSIAT 1622 (CanLII),2024-10-18,0,0,0,0,0,0,0,,
2024onwsiat1623,2024 ONWSIAT 1623 (CanLII),2024-10-18,0,0,0,0,0,0,0,,
2024onwsiat1624,2024 ONWSIAT 1624 (CanLII),2024-10-18,0,0,0,0,0,0,0,,
2024onwsiat1625,2024 ONWSIAT 1625 (CanLII),2024-10-18,0,0,0,0,0,0,0,,
2024onwsiat1627,2024 ONWSIAT 1627 (CanLII),2024-10-21,0,0,0,0,0,0,0,,
2024onwsiat1628,2024 ONWSIAT 1628 (CanLII),2024-10-21,0,0,0,0,0,0,0,,
2024onwsiat1629,2024 ONWSIAT 1629 (CanLII),2024-10-21,0,0,0,0,0,0,0,,
2024onwsiat1630,2024 ONWSIAT 1630 (CanLII),2024-10-21,0,0,0,0,0,0,0,,
2024onwsiat1631,2024 ONWSIAT 1631 (CanLII),2024-10-21,0,0,0,0,0,0,0,,
2024onwsiat1632,2024 ONWSIAT 1632 (CanLII),2024-10-21,0,0,0,0,0,0,0,,
2024onwsiat1633,2024 ONWSIAT 1633 (CanLII),2024-10-21,0,0,0,0,0,0,0,,
2024onwsiat1634,2024 ONWSIAT 1634 (CanLII),2024-10-21,0,0,0,0,0,0,0,,
2024onwsiat1635,2024 ONWSIAT 1635 (CanLII),2024-10-21,0,0,0,0,0,0,0,,
2024onwsiat1636,2024 ONWSIAT 1636 (CanLII),2024-10-21,0,0,0,0,0,0,0,,
2024onwsiat1637,2024 ONWSIAT 1637 (CanLII),2024-10-21,0,0,0,0,0,0,1,,
2024onwsiat1638,2024 ONWSIAT 1638 (CanLII),2024-10-21,0,0,0,0,0,0,0,,
2024onwsiat1639,2024 ONWSIAT 1639 (CanLII),2024-10-21,0,0,0,0,0,0,0,,
2024onwsiat1640,2024 ONWSIAT 1640 (CanLII),2024-10-21,0,0,0,0,0,0,0,,
2024onwsiat1641,2024 ONWSIAT 1641 (CanLII),2024-10-22,0,0,0,0,0,0,0,,
2024onwsiat1642,2024 ONWSIAT 1642 (CanLII),2024-10-22,0,0,0,0,0,0,0,,
2024onwsiat1643,2024 ONWSIAT 1643 (CanLII),2024-10-22,0,0,0,0,0,0,0,,
2024onwsiat1644,2024 ONWSIAT 1644 (CanLII),2024-10-22,0,0,0,0,0,0,0,,
2024onwsiat1645,2024 ONWSIAT 1645 (CanLII),2024-10-22,0,0,0,0,0,0,0,,
2024onwsiat1646,2024 ONWSIAT 1646 (CanLII),2024-10-22,0,0,0,0,0,0,0,,
2024onwsiat1648,2024 ONWSIAT 1648 (CanLII),2024-10-22,0,0,0,0,0,0,0,,
2024onwsiat1649,2024 ONWSIAT 1649 (CanLII),2024-10-23,0,0,0,0,0,0,0,,
2024onwsiat1650,2024 ONWSIAT 1650 (CanLII),2024-10-23,0,0,0,0,0,0,1,,
2024onwsiat1651,2024 ONWSIAT 1651 (CanLII),2024-10-23,0,0,0,0,0,0,0,,
2024onwsiat1652,2024 ONWSIAT 1652 (CanLII),2024-10-23,0,0,0,0,0,0,0,,
2024onwsiat1653,2024 ONWSIAT 1653 (CanLII),2024-10-23,0,0,0,0,0,0,0,,
2024onwsiat1654,2024 ONWSIAT 1654 (CanLII),2024-10-23,0,0,0,0,0,0,0,,
2024onwsiat1655,2024 ONWSIAT 1655 (CanLII),2024-10-24,0,0,0,0,0,0,0,,
2024onwsiat1656,2024 ONWSIAT 1656 (CanLII),2024-10-24,0,0,0,0,0,0,0,,
2024onwsiat1657,2024 ONWSIAT 1657 (CanLII),2024-10-24,0,0,0,0,0,0,0,,
2024onwsiat1658,2024 ONWSIAT 1658 (CanLII),2024-10-24,0,0,0,0,0,0,0,,
2024onwsiat1659,2024 ONWSIAT 1659 (CanLII),2024-10-24,0,0,0,0,0,0,0,,
2024onwsiat1660,2024 ONWSIAT 1660 (CanLII),2024-10-25,0,0,0,0,0,0,0,,
2024onwsiat1661,2024 ONWSIAT 1661 (CanLII),2024-10-25,0,0,0,0,0,0,0,,
2024onwsiat1662,2024 ONWSIAT 1662 (CanLII),2024-10-25,0,0,0,0,0,0,0,,
2024onwsiat1663,2024 ONWSIAT 1663 (CanLII),2024-10-25,0,0,0,0,0,0,0,,
2024onwsiat1664,2024 ONWSIAT 1664 (CanLII),2024-10-25,0,0,0,0,0,0,0,,
2024onwsiat1665,2024 ONWSIAT 1665 (CanLII),2024-10-25,0,0,0,0,0,0,0,,
2024onwsiat1666,2024 ONWSIAT 1666 (CanLII),2024-10-25,0,0,0,0,0,0,0,,
2024onwsiat1667,2024 ONWSIAT 1667 (CanLII),2024-10-25,0,0,0,0,0,0,0,,
2024onwsiat1668,2024 ONWSIAT 1668 (CanLII),2024-10-25,0,0,0,0,0,0,0,,
2024onwsiat1669,2024 ONWSIAT 1669 (CanLII),2024-10-28,0,0,0,0,0,0,0,,
2024onwsiat1670,2024 ONWSIAT 1670 (CanLII),2024-10-28,0,0,0,0,0,0,0,,
2024onwsiat1671,2024 ONWSIAT 1671 (CanLII),2024-10-28,0,0,0,0,0,0,0,,
2024onwsiat1672,2024 ONWSIAT 1672 (CanLII),2024-10-28,0,0,0,0,0,0,0,,
2024onwsiat1673,2024 ONWSIAT 1673 (CanLII),2024-10-28,0,0,0,0,0,0,0,,
2024onwsiat1674,2024 ONWSIAT 1674 (CanLII),2024-10-28,0,0,0,0,0,0,0,,
2024onwsiat1675,2024 ONWSIAT 1675 (CanLII),2024-10-28,0,0,0,0,0,0,0,,
2024onwsiat1676,2024 ONWSIAT 1676 (CanLII),2024-10-29,0,0,0,0,0,0,0,,
2024onwsiat1677,2024 ONWSIAT 1677 (CanLII),2024-10-29,0,0,0,0,0,0,0,,
2024onwsiat1678,2024 ONWSIAT 1678 (CanLII),2024-10-29,0,0,0,0,0,0,1,,
2024onwsiat1679,2024 ONWSIAT 1679 (CanLII),2024-10-29,0,0,0,0,0,0,0,,
2024onwsiat1680,2024 ONWSIAT 1680 (CanLII),2024-10-29,0,0,0,0,0,0,0,,
2024onwsiat1681,2024 ONWSIAT 1681 (CanLII),2024-10-29,0,0,0,0,0,0,0,,
2024onwsiat1682,2024 ONWSIAT 1682 (CanLII),2024-10-29,0,0,0,0,0,0,0,,
2024onwsiat1683,2024 ONWSIAT 1683 (CanLII),2024-10-29,0,0,0,0,0,0,0,,
2024onwsiat1684,2024 ONWSIAT 1684 (CanLII),2024-10-29,0,0,0,0,0,0,0,,
2024onwsiat1685,2024 ONWSIAT 1685 (CanLII),2024-10-29,0,0,0,0,0,0,0,,
2024onwsiat1686,2024 ONWSIAT 1686 (CanLII),2024-10-30,0,0,0,0,0,0,0,,
2024onwsiat1687,2024 ONWSIAT 1687 (CanLII),2024-10-30,0,0,0,0,0,0,0,,
2024onwsiat1688,2024 ONWSIAT 1688 (CanLII),2024-10-30,0,0,0,0,0,0,0,,
2024onwsiat1689,2024 ONWSIAT 1689 (CanLII),2024-10-31,0,0,0,0,0,0,0,,
2024onwsiat1690,2024 ONWSIAT 1690 (CanLII),2024-10-31,0,0,0,0,0,0,0,,
2024onwsiat1691,2024 ONWSIAT 1691 (CanLII),2024-10-31,0,0,0,0,0,0,0,,
2024onwsiat1692,2024 ONWSIAT 1692 (CanLII),2024-10-31,0,0,0,0,0,0,0,,
2024onwsiat1693,2024 ONWSIAT 1693 (CanLII),2024-10-31,0,0,0,0,0,0,0,,
2024onwsiat1694,2024 ONWSIAT 1694 (CanLII),2024-10-31,0,0,0,0,0,0,0,,
2024onwsiat1695,2024 ONWSIAT 1695 (CanLII),2024-10-31,0,0,0,0,0,0,0,,
2024onwsiat1696,2024 ONWSIAT 1696 (CanLII),2024-10-31,0,0,0,0,0,0,1,,
2024onwsiat1697,2024 ONWSIAT 1697 (CanLII),2024-10-31,0,0,0,0,0,0,0,,
2024onwsiat1698,2024 ONWSIAT 1698 (CanLII),2024-10-31,0,0,0,0,0,0,1,,
2024onwsiat1699,2024 ONWSIAT 1699 (CanLII),2024-11-01,0,0,0,0,0,0,0,,
2024onwsiat1700,2024 ONWSIAT 1700 (CanLII),2024-11-01,0,0,0,0,0,0,0,,
2024onwsiat1701,2024 ONWSIAT 1701 (CanLII),2024-11-01,0,0,0,0,0,0,0,,
2024onwsiat1702,2024 ONWSIAT 1702 (CanLII),2024-11-01,0,0,0,0,0,0,0,,
2024onwsiat1703,2024 ONWSIAT 1703 (CanLII),2024-11-01,0,0,0,0,0,0,0,,
2024onwsiat1704,2024 ONWSIAT 1704 (CanLII),2024-11-01,0,0,0,0,0,0,0,,
2024onwsiat1705,2024 ONWSIAT 1705 (CanLII),2024-11-01,0,0,0,0,0,0,0,,
2024onwsiat1706,2024 ONWSIAT 1706 (CanLII),2024-11-04,0,0,0,0,0,0,0,,
2024onwsiat1707,2024 ONWSIAT 1707 (CanLII),2024-11-04,0,0,0,0,0,0,0,,
2024onwsiat1708,2024 ONWSIAT 1708 (CanLII),2024-11-04,0,0,0,0,0,0,0,,
2024onwsiat1709,2024 ONWSIAT 1709 (CanLII),2024-11-04,0,0,0,0,0,0,0,,
2024onwsiat1710,2024 ONWSIAT 1710 (CanLII),2024-11-04,0,0,0,0,0,0,0,,
2024onwsiat1711,2024 ONWSIAT 1711 (CanLII),2024-11-04,0,0,0,0,0,0,0,,
2024onwsiat1712,2024 ONWSIAT 1712 (CanLII),2024-11-05,0,0,0,0,0,0,0,,
2024onwsiat1713,2024 ONWSIAT 1713 (CanLII),2024-11-05,0,0,0,0,0,0,0,,
2024onwsiat1714,2024 ONWSIAT 1714 (CanLII),2024-11-05,0,0,0,0,0,0,0,,
2024onwsiat1715,2024 ONWSIAT 1715 (CanLII),2024-11-05,0,0,0,0,0,0,0,,
2024onwsiat1716,2024 ONWSIAT 1716 (CanLII),2024-11-05,0,0,0,0,0,0,0,,
2024onwsiat1717,2024 ONWSIAT 1717 (CanLII),2024-11-05,0,0,0,0,0,0,1,,
2024onwsiat1718,2024 ONWSIAT 1718 (CanLII),2024-11-06,0,0,0,0,0,0,0,,
2024onwsiat1719,2024 ONWSIAT 1719 (CanLII),2024-11-06,0,0,0,0,0,0,0,,
2024onwsiat1720,2024 ONWSIAT 1720 (CanLII),2024-11-06,0,0,0,0,0,0,0,,
2024onwsiat1721,2024 ONWSIAT 1721 (CanLII),2024-11-07,0,0,0,0,0,0,0,,
2024onwsiat1722,2024 ONWSIAT 1722 (CanLII),2024-11-07,0,0,0,0,0,0,0,,
2024onwsiat1723,2024 ONWSIAT 1723 (CanLII),2024-11-07,0,0,0,0,0,0,0,,
2024onwsiat1724,2024 ONWSIAT 1724 (CanLII),2024-11-07,0,0,0,0,0,0,0,,
2024onwsiat1725,2024 ONWSIAT 1725 (CanLII),2024-11-07,0,0,0,0,0,0,0,,
2024onwsiat1726,2024 ONWSIAT 1726 (CanLII),2024-11-08,0,0,0,0,0,0,0,,
2024onwsiat1727,2024 ONWSIAT 1727 (CanLII),2024-11-08,0,0,0,0,0,0,0,,
2024onwsiat1728,2024 ONWSIAT 1728 (CanLII),2024-11-08,0,0,0,0,0,0,0,,
2024onwsiat1729,2024 ONWSIAT 1729 (CanLII),2024-11-08,0,0,0,0,0,0,0,,
2024onwsiat1730,2024 ONWSIAT 1730 (CanLII),2024-11-08,0,0,0,0,0,0,0,,
2024onwsiat1731,2024 ONWSIAT 1731 (CanLII),2024-11-08,0,0,0,0,0,0,0,,
2024onwsiat1732,2024 ONWSIAT 1732 (CanLII),2024-11-08,0,0,0,0,0,0,1,,
2024onwsiat1733,2024 ONWSIAT 1733 (CanLII),2024-11-08,0,0,0,0,0,0,0,,
2024onwsiat1734,2024 ONWSIAT 1734 (CanLII),2024-11-08,0,0,0,0,0,0,0,,
2024onwsiat1735,2024 ONWSIAT 1735 (CanLII),2024-11-08,0,0,0,0,0,0,0,,
2024onwsiat1736,2024 ONWSIAT 1736 (CanLII),2024-11-12,0,0,0,0,0,0,0,,
2024onwsiat1737,2024 ONWSIAT 1737 (CanLII),2024-11-12,0,0,0,0,0,0,1,,
2024onwsiat1738,2024 ONWSIAT 1738 (CanLII),2024-11-12,0,0,0,0,0,0,0,,
2024onwsiat1739,2024 ONWSIAT 1739 (CanLII),2024-11-12,0,0,0,0,0,0,0,,
2024onwsiat1740,2024 ONWSIAT 1740 (CanLII),2024-11-12,0,0,0,0,0,0,0,,
2024onwsiat1741,2024 ONWSIAT 1741 (CanLII),2024-11-12,0,0,0,0,0,0,0,,
2024onwsiat1742,2024 ONWSIAT 1742 (CanLII),2024-11-13,0,0,0,0,0,0,0,,
2024onwsiat1743,2024 ONWSIAT 1743 (CanLII),2024-11-13,0,0,0,0,0,0,0,,
2024onwsiat1744,2024 ONWSIAT 1744 (CanLII),2024-11-13,0,0,0,0,0,0,0,,
2024onwsiat1745,2024 ONWSIAT 1745 (CanLII),2024-11-13,0,0,0,0,0,0,0,,
2024onwsiat1746,2024 ONWSIAT 1746 (CanLII),2024-11-13,0,0,0,0,0,0,0,,
2024onwsiat1747,2024 ONWSIAT 1747 (CanLII),2024-11-13,0,0,0,0,0,0,0,,
2024onwsiat1748,2024 ONWSIAT 1748 (CanLII),2024-11-13,0,0,0,0,0,0,0,,
2024onwsiat1749,2024 ONWSIAT 1749 (CanLII),2024-11-13,0,0,0,0,0,0,0,,
2024onwsiat1750,2024 ONWSIAT 1750 (CanLII),2024-11-14,0,0,0,0,0,0,0,,
2024onwsiat1751,2024 ONWSIAT 1751 (CanLII),2024-11-14,0,0,0,0,0,0,0,,
2024onwsiat1752,2024 ONWSIAT 1752 (CanLII),2024-11-14,0,0,0,0,0,0,0,,
2024onwsiat1753,2024 ONWSIAT 1753 (CanLII),2024-11-14,0,0,0,0,0,0,0,,
2024onwsiat1754,2024 ONWSIAT 1754 (CanLII),2024-11-14,0,0,0,0,0,0,0,,
2024onwsiat1755,2024 ONWSIAT 1755 (CanLII),2024-11-15,0,0,0,0,0,0,0,,
2024onwsiat1756,2024 ONWSIAT 1756 (CanLII),2024-11-15,0,0,0,0,0,0,0,,
2024onwsiat1757,2024 ONWSIAT 1757 (CanLII),2024-11-15,1,0,0,0,0,0,0,,
2024onwsiat1758,2024 ONWSIAT 1758 (CanLII),2024-11-15,0,0,0,0,0,0,0,,
2024onwsiat1759,2024 ONWSIAT 1759 (CanLII),2024-11-15,0,0,0,0,0,0,1,,
2024onwsiat1760,2024 ONWSIAT 1760 (CanLII),2024-11-15,1,0,0,0,0,0,0,,
2024onwsiat1761,2024 ONWSIAT 1761 (CanLII),2024-11-15,0,0,0,0,0,0,0,,
2024onwsiat1762,2024 ONWSIAT 1762 (CanLII),2024-11-18,0,0,0,0,0,0,0,,
2024onwsiat1763,2024 ONWSIAT 1763 (CanLII),2024-11-18,0,0,0,0,0,0,0,,
2024onwsiat1764,2024 ONWSIAT 1764 (CanLII),2024-11-18,0,0,0,0,0,0,0,,
2024onwsiat1765,2024 ONWSIAT 1765 (CanLII),2024-11-18,0,0,0,0,0,0,1,,
2024onwsiat1766,2024 ONWSIAT 1766 (CanLII),2024-11-18,0,0,0,0,0,0,0,,
2024onwsiat1767,2024 ONWSIAT 1767 (CanLII),2024-11-18,0,0,0,0,0,0,1,,
2024onwsiat1768,2024 ONWSIAT 1768 (CanLII),2024-11-18,0,0,0,0,0,0,0,,
2024onwsiat1769,2024 ONWSIAT 1769 (CanLII),2024-11-18,0,0,0,0,0,0,0,,
2024onwsiat1770,2024 ONWSIAT 1770 (CanLII),2024-11-18,0,0,0,0,0,0,0,,
2024onwsiat1771,2024 ONWSIAT 1771 (CanLII),2024-11-18,0,0,0,0,0,0,0,,
2024onwsiat1772,2024 ONWSIAT 1772 (CanLII),2024-11-19,0,0,0,0,0,0,0,,
2024onwsiat1773,2024 ONWSIAT 1773 (CanLII),2024-11-19,0,0,0,0,0,0,0,,
2024onwsiat1774,2024 ONWSIAT 1774 (CanLII),2024-11-19,0,0,0,0,0,0,0,,
2024onwsiat1775,2024 ONWSIAT 1775 (CanLII),2024-11-19,0,0,0,0,0,0,1,,
2024onwsiat1776,2024 ONWSIAT 1776 (CanLII),2024-11-19,0,0,0,0,0,0,0,,
2024onwsiat1777,2024 ONWSIAT 1777 (CanLII),2024-11-19,0,0,0,0,0,0,0,,
2024onwsiat1778,2024 ONWSIAT 1778 (CanLII),2024-11-19,0,0,0,0,0,0,1,,
2024onwsiat1779,2024 ONWSIAT 1779 (CanLII),2024-11-20,0,0,0,0,0,0,0,,
2024onwsiat1780,2024 ONWSIAT 1780 (CanLII),2024-11-20,0,0,0,0,0,0,0,,
2024onwsiat1781,2024 ONWSIAT 1781 (CanLII),2024-11-20,0,0,0,0,0,0,0,,
2024onwsiat1782,2024 ONWSIAT 1782 (CanLII),2024-11-20,0,0,0,0,0,0,0,,
2024onwsiat1784,2024 ONWSIAT 1784 (CanLII),2024-11-20,0,0,0,0,0,0,0,,
2024onwsiat1785,2024 ONWSIAT 1785 (CanLII),2024-11-20,0,0,0,0,0,0,0,,
2024onwsiat1786,2024 ONWSIAT 1786 (CanLII),2024-11-20,0,0,0,0,0,0,0,,
2024onwsiat1787,2024 ONWSIAT 1787 (CanLII),2024-11-20,0,0,0,0,0,0,0,,
2024onwsiat1788,2024 ONWSIAT 1788 (CanLII),2024-11-20,0,0,0,0,0,0,0,,
2024onwsiat1789,2024 ONWSIAT 1789 (CanLII),2024-11-20,0,0,0,0,0,0,0,,
2024onwsiat1790,2024 ONWSIAT 1790 (CanLII),2024-11-20,0,0,0,0,0,0,0,,
2024onwsiat1791,2024 ONWSIAT 1791 (CanLII),2024-11-20,0,0,0,0,0,0,0,,
2024onwsiat1792,2024 ONWSIAT 1792 (CanLII),2024-11-20,0,0,0,0,0,0,0,,
2024onwsiat1793,2024 ONWSIAT 1793 (CanLII),2024-11-20,0,0,0,0,0,0,0,,
2024onwsiat1794,2024 ONWSIAT 1794 (CanLII),2024-11-21,0,0,0,0,0,0,0,,
2024onwsiat1795,2024 ONWSIAT 1795 (CanLII),2024-11-21,0,0,0,0,0,0,0,,
2024onwsiat1796,2024 ONWSIAT 1796 (CanLII),2024-11-21,0,0,0,0,0,0,0,,
2024onwsiat1797,2024 ONWSIAT 1797 (CanLII),2024-11-21,0,0,0,0,0,0,0,,
2024onwsiat1798,2024 ONWSIAT 1798 (CanLII),2024-11-22,0,0,0,0,0,0,0,,
2024onwsiat1799,2024 ONWSIAT 1799 (CanLII),2024-11-22,0,0,0,0,0,0,0,,
2024onwsiat1800,2024 ONWSIAT 1800 (CanLII),2024-11-22,0,0,0,0,0,0,0,,
2024onwsiat1801,2024 ONWSIAT 1801 (CanLII),2024-11-22,0,0,0,0,0,0,0,,
2024onwsiat1802,2024 ONWSIAT 1802 (CanLII),2024-11-22,0,0,0,0,0,0,0,,
2024onwsiat1803,2024 ONWSIAT 1803 (CanLII),2024-11-22,0,0,0,0,0,0,0,,
2024onwsiat1804,2024 ONWSIAT 1804 (CanLII),2024-11-22,0,0,0,0,0,0,0,,
2024onwsiat1805,2024 ONWSIAT 1805 (CanLII),2024-11-25,0,0,0,0,0,0,0,,
2024onwsiat1806,2024 ONWSIAT 1806 (CanLII),2024-11-25,0,0,0,0,0,0,0,,
2024onwsiat1807,2024 ONWSIAT 1807 (CanLII),2024-11-25,0,0,0,0,0,0,0,,
2024onwsiat1808,2024 ONWSIAT 1808 (CanLII),2024-11-25,0,0,0,0,0,0,0,,
2024onwsiat1809,2024 ONWSIAT 1809 (CanLII),2024-11-25,0,0,0,0,0,0,0,,
2024onwsiat1810,2024 ONWSIAT 1810 (CanLII),2024-11-25,0,0,0,0,0,0,0,,
2024onwsiat1811,2024 ONWSIAT 1811 (CanLII),2024-11-25,0,0,0,0,0,0,0,,
2024onwsiat1812,2024 ONWSIAT 1812 (CanLII),2024-11-25,0,0,0,0,0,0,0,,
2024onwsiat1813,2024 ONWSIAT 1813 (CanLII),2024-11-25,0,0,0,0,0,0,0,,
2024onwsiat1814,2024 ONWSIAT 1814 (CanLII),2024-11-26,0,0,0,0,0,0,0,,
2024onwsiat1815,2024 ONWSIAT 1815 (CanLII),2024-11-26,0,0,0,0,0,0,0,,
2024onwsiat1816,2024 ONWSIAT 1816 (CanLII),2024-11-26,0,0,0,0,0,0,1,,
2024onwsiat1817,2024 ONWSIAT 1817 (CanLII),2024-11-26,0,0,0,0,0,0,0,,
2024onwsiat1818,2024 ONWSIAT 1818 (CanLII),2024-11-26,0,0,0,0,0,0,0,,
2024onwsiat1819,2024 ONWSIAT 1819 (CanLII),2024-11-26,0,0,0,0,0,0,0,,
2024onwsiat1820,2024 ONWSIAT 1820 (CanLII),2024-11-26,0,0,0,0,0,0,0,,
2024onwsiat1821,2024 ONWSIAT 1821 (CanLII),2024-11-26,0,0,0,0,0,0,0,,
2024onwsiat1822,2024 ONWSIAT 1822 (CanLII),2024-11-26,0,0,0,0,0,0,0,,
2024onwsiat1823,2024 ONWSIAT 1823 (CanLII),2024-11-26,0,0,0,0,0,0,0,,
2024onwsiat1824,2024 ONWSIAT 1824 (CanLII),2024-11-26,0,0,0,0,0,0,0,,
2024onwsiat1825,2024 ONWSIAT 1825 (CanLII),2024-11-26,0,0,0,0,0,0,0,,
2024onwsiat1826,2024 ONWSIAT 1826 (CanLII),2024-11-26,0,0,0,0,0,0,0,,
2024onwsiat1828,2024 ONWSIAT 1828 (CanLII),2024-11-27,0,0,0,0,0,0,0,,
2024onwsiat1829,2024 ONWSIAT 1829 (CanLII),2024-11-27,0,0,0,0,0,0,0,,
2024onwsiat1830,2024 ONWSIAT 1830 (CanLII),2024-11-27,0,0,0,0,0,0,0,,
2024onwsiat1831,2024 ONWSIAT 1831 (CanLII),2024-11-27,0,0,0,0,0,0,1,,
2024onwsiat1832,2024 ONWSIAT 1832 (CanLII),2024-11-27,0,0,0,0,0,0,0,,
2024onwsiat1833,2024 ONWSIAT 1833 (CanLII),2024-11-27,0,0,0,0,0,0,0,,
2024onwsiat1834,2024 ONWSIAT 1834 (CanLII),2024-11-28,0,0,0,0,0,0,0,,
2024onwsiat1835,2024 ONWSIAT 1835 (CanLII),2024-11-28,0,0,0,0,0,0,0,,
2024onwsiat1836,2024 ONWSIAT 1836 (CanLII),2024-11-26,0,0,0,0,0,0,0,,
2024onwsiat1837,2024 ONWSIAT 1837 (CanLII),2024-11-28,0,0,0,0,0,0,0,,
2024onwsiat1838,2024 ONWSIAT 1838 (CanLII),2024-11-28,0,0,0,0,0,0,0,,
2024onwsiat1839,2024 ONWSIAT 1839 (CanLII),2024-11-28,0,0,0,0,0,0,0,,
2024onwsiat1840,2024 ONWSIAT 1840 (CanLII),2024-11-28,0,0,0,0,0,0,0,,
2024onwsiat1841,2024 ONWSIAT 1841 (CanLII),2024-11-29,0,0,0,0,0,0,0,,
2024onwsiat1842,2024 ONWSIAT 1842 (CanLII),2024-11-29,0,0,0,0,0,0,1,,
2024onwsiat1843,2024 ONWSIAT 1843 (CanLII),2024-11-29,0,0,0,0,0,0,0,,
2024onwsiat1844,2024 ONWSIAT 1844 (CanLII),2024-11-29,0,0,0,0,0,0,0,,
2024onwsiat1845,2024 ONWSIAT 1845 (CanLII),2024-11-29,0,0,0,0,0,0,0,,
2024onwsiat1846,2024 ONWSIAT 1846 (CanLII),2024-11-29,0,0,0,0,0,0,0,,
2024onwsiat1847,2024 ONWSIAT 1847 (CanLII),2024-12-02,0,0,0,0,0,0,0,,
2024onwsiat1848,2024 ONWSIAT 1848 (CanLII),2024-12-02,0,0,0,0,0,0,0,,
2024onwsiat1849,2024 ONWSIAT 1849 (CanLII),2024-12-02,0,0,0,0,0,0,0,,
2024onwsiat1850,2024 ONWSIAT 1850 (CanLII),2024-12-03,0,0,0,0,0,0,0,,
2024onwsiat1851,2024 ONWSIAT 1851 (CanLII),2024-12-03,0,0,0,0,0,0,0,,
2024onwsiat1852,2024 ONWSIAT 1852 (CanLII),2024-12-03,0,0,0,0,0,0,0,,
2024onwsiat1853,2024 ONWSIAT 1853 (CanLII),2024-12-03,0,0,0,0,0,0,0,,
2024onwsiat1854,2024 ONWSIAT 1854 (CanLII),2024-12-03,0,0,0,0,0,0,0,,
2024onwsiat1855,2024 ONWSIAT 1855 (CanLII),2024-12-03,0,0,0,0,0,0,0,,
2024onwsiat1856,2024 ONWSIAT 1856 (CanLII),2024-12-03,0,0,0,0,0,0,0,,
2024onwsiat1857,2024 ONWSIAT 1857 (CanLII),2024-12-03,0,0,0,0,0,0,0,,
2024onwsiat1858,2024 ONWSIAT 1858 (CanLII),2024-12-03,0,0,0,0,0,0,0,,
2024onwsiat1859,2024 ONWSIAT 1859 (CanLII),2024-12-03,0,0,0,0,0,0,0,,
2024onwsiat1860,2024 ONWSIAT 1860 (CanLII),2024-12-03,0,0,0,0,0,0,0,,
2024onwsiat1861,2024 ONWSIAT 1861 (CanLII),2024-12-04,0,0,0,0,0,0,0,,
2024onwsiat1862,2024 ONWSIAT 1862 (CanLII),2024-12-04,0,0,0,0,0,0,1,,
2024onwsiat1863,2024 ONWSIAT 1863 (CanLII),2024-12-04,0,0,0,0,0,0,0,,
2024onwsiat1864,2024 ONWSIAT 1864 (CanLII),2024-12-05,0,0,0,0,0,0,0,,
2024onwsiat1865,2024 ONWSIAT 1865 (CanLII),2024-12-05,0,0,0,0,0,0,0,,
2024onwsiat1866,2024 ONWSIAT 1866 (CanLII),2024-12-05,0,0,0,0,0,0,1,,
2024onwsiat1867,2024 ONWSIAT 1867 (CanLII),2024-12-05,0,0,0,0,0,0,0,,
2024onwsiat1868,2024 ONWSIAT 1868 (CanLII),2024-12-05,0,0,0,0,0,0,0,,
2024onwsiat1869,2024 ONWSIAT 1869 (CanLII),2024-12-05,0,0,0,0,0,0,0,,
2024onwsiat1870,2024 ONWSIAT 1870 (CanLII),2024-12-05,0,0,0,0,0,0,0,,
2024onwsiat1871,2024 ONWSIAT 1871 (CanLII),2024-12-05,0,0,0,0,0,0,0,,
2024onwsiat1872,2024 ONWSIAT 1872 (CanLII),2024-12-05,0,0,0,0,0,0,0,,
2024onwsiat1873,2024 ONWSIAT 1873 (CanLII),2024-12-05,0,0,0,0,0,0,0,,
2024onwsiat1874,2024 ONWSIAT 1874 (CanLII),2024-12-06,0,0,0,0,0,0,0,,
2024onwsiat1876,2024 ONWSIAT 1876 (CanLII),2024-12-06,0,0,0,0,0,0,1,,
2024onwsiat1877,2024 ONWSIAT 1877 (CanLII),2024-12-06,0,0,0,0,0,0,0,,
2024onwsiat1878,2024 ONWSIAT 1878 (CanLII),2024-12-06,0,0,0,0,0,0,0,,
2024onwsiat1879,2024 ONWSIAT 1879 (CanLII),2024-12-06,0,0,0,0,0,0,0,,
2024onwsiat1880,2024 ONWSIAT 1880 (CanLII),2024-12-06,0,0,0,0,0,0,0,,
2024onwsiat1881,2024 ONWSIAT 1881 (CanLII),2024-12-06,0,0,0,0,0,0,0,,
2024onwsiat1882,2024 ONWSIAT 1882 (CanLII),2024-12-09,0,0,0,0,0,0,0,,
2024onwsiat1883,2024 ONWSIAT 1883 (CanLII),2024-12-09,0,0,0,0,0,0,0,,
2024onwsiat1884,2024 ONWSIAT 1884 (CanLII),2024-12-10,0,0,0,0,0,0,0,,
2024onwsiat1885,2024 ONWSIAT 1885 (CanLII),2024-12-10,0,0,0,0,0,0,0,,
2024onwsiat1886,2024 ONWSIAT 1886 (CanLII),2024-12-10,0,0,0,0,0,0,0,,
2024onwsiat1887,2024 ONWSIAT 1887 (CanLII),2024-12-10,0,0,0,0,0,0,0,,
2024onwsiat1888,2024 ONWSIAT 1888 (CanLII),2024-12-10,0,0,0,0,0,0,0,,
2024onwsiat1889,2024 ONWSIAT 1889 (CanLII),2024-12-10,0,0,0,0,0,0,0,,
2024onwsiat1890,2024 ONWSIAT 1890 (CanLII),2024-12-10,0,0,0,0,0,0,0,,
2024onwsiat1891,2024 ONWSIAT 1891 (CanLII),2024-12-10,0,0,0,0,0,0,0,,
2024onwsiat1892,2024 ONWSIAT 1892 (CanLII),2024-12-11,0,0,0,0,0,0,0,,
2024onwsiat1893,2024 ONWSIAT 1893 (CanLII),2024-12-11,0,0,0,0,0,0,0,,
2024onwsiat1894,2024 ONWSIAT 1894 (CanLII),2024-12-11,0,0,0,0,0,0,0,,
2024onwsiat1895,2024 ONWSIAT 1895 (CanLII),2024-12-11,0,0,0,0,0,0,0,,
2024onwsiat1896,2024 ONWSIAT 1896 (CanLII),2024-12-12,0,0,0,0,0,0,0,,
2024onwsiat1897,2024 ONWSIAT 1897 (CanLII),2024-12-12,0,0,0,0,0,0,0,,
2024onwsiat1898,2024 ONWSIAT 1898 (CanLII),2024-12-12,0,0,0,0,0,0,0,,
2024onwsiat1899,2024 ONWSIAT 1899 (CanLII),2024-12-12,0,0,0,0,0,0,0,,
2024onwsiat1900,2024 ONWSIAT 1900 (CanLII),2024-12-12,0,0,0,0,0,0,0,,
2024onwsiat1901,2024 ONWSIAT 1901 (CanLII),2024-12-12,0,0,0,0,0,0,0,,
2024onwsiat1902,2024 ONWSIAT 1902 (CanLII),2024-12-12,0,0,0,0,0,0,0,,
2024onwsiat1903,2024 ONWSIAT 1903 (CanLII),2024-12-13,0,0,0,0,0,0,0,,
2024onwsiat1904,2024 ONWSIAT 1904 (CanLII),2024-12-13,0,0,0,0,0,0,0,,
2024onwsiat1905,2024 ONWSIAT 1905 (CanLII),2024-12-13,0,0,0,0,0,0,0,,
2024onwsiat1906,2024 ONWSIAT 1906 (CanLII),2024-12-13,0,0,0,0,0,0,0,,
2024onwsiat1907,2024 ONWSIAT 1907 (CanLII),2024-12-13,0,0,0,0,0,0,1,,
2024onwsiat1908,2024 ONWSIAT 1908 (CanLII),2024-12-13,0,0,0,0,0,0,0,,
2024onwsiat1909,2024 ONWSIAT 1909 (CanLII),2024-12-13,0,0,0,0,0,0,0,,
2024onwsiat1910,2024 ONWSIAT 1910 (CanLII),2024-12-13,0,0,0,0,0,0,0,,
2024onwsiat1911,2024 ONWSIAT 1911 (CanLII),2024-12-13,0,0,0,0,0,0,0,,
2024onwsiat1912,2024 ONWSIAT 1912 (CanLII),2024-12-16,0,0,0,0,0,0,0,,
2024onwsiat1913,2024 ONWSIAT 1913 (CanLII),2024-12-16,0,0,0,0,0,0,0,,
2024onwsiat1914,2024 ONWSIAT 1914 (CanLII),2024-12-16,0,0,0,0,0,0,0,,
2024onwsiat1915,2024 ONWSIAT 1915 (CanLII),2024-12-17,0,0,0,0,0,0,0,,
2024onwsiat1916,2024 ONWSIAT 1916 (CanLII),2024-12-17,0,0,0,0,0,0,0,,
2024onwsiat1917,2024 ONWSIAT 1917 (CanLII),2024-12-17,0,0,0,0,0,0,0,,
2024onwsiat1918,2024 ONWSIAT 1918 (CanLII),2024-12-17,0,0,0,0,0,0,0,,
2024onwsiat1919,2024 ONWSIAT 1919 (CanLII),2024-12-17,0,0,0,0,0,0,1,,
2024onwsiat1920,2024 ONWSIAT 1920 (CanLII),2024-12-17,0,0,0,0,0,0,0,,
2024onwsiat1921,2024 ONWSIAT 1921 (CanLII),2024-12-17,0,0,0,0,0,0,0,,
2024onwsiat1922,2024 ONWSIAT 1922 (CanLII),2024-12-17,0,0,0,0,0,0,0,,
2024onwsiat1923,2024 ONWSIAT 1923 (CanLII),2024-12-17,0,0,0,0,0,0,0,,
2024onwsiat1924,2024 ONWSIAT 1924 (CanLII),2024-12-17,0,0,0,0,0,0,0,,
2024onwsiat1925,2024 ONWSIAT 1925 (CanLII),2024-12-17,0,0,0,0,0,0,0,,
2024onwsiat1926,2024 ONWSIAT 1926 (CanLII),2024-12-17,0,0,0,0,0,0,0,,
2024onwsiat1927,2024 ONWSIAT 1927 (CanLII),2024-12-18,0,0,0,0,0,0,0,,
2024onwsiat1928,2024 ONWSIAT 1928 (CanLII),2024-12-18,0,0,0,0,0,0,0,,
2024onwsiat1929,2024 ONWSIAT 1929 (CanLII),2024-12-18,0,0,0,0,0,0,0,,
2024onwsiat1930,2024 ONWSIAT 1930 (CanLII),2024-12-18,0,0,0,0,0,0,1,,
2024onwsiat1931,2024 ONWSIAT 1931 (CanLII),2024-12-19,0,0,0,0,0,0,1,,
2024onwsiat1932,2024 ONWSIAT 1932 (CanLII),2024-12-19,0,0,0,0,0,0,0,,
2024onwsiat1933,2024 ONWSIAT 1933 (CanLII),2024-12-19,0,0,0,0,0,0,0,,
2024onwsiat1934,2024 ONWSIAT 1934 (CanLII),2024-12-19,0,0,0,0,0,0,0,,
2024onwsiat1935,2024 ONWSIAT 1935 (CanLII),2024-12-19,0,0,0,0,0,0,0,,
2024onwsiat1936,2024 ONWSIAT 1936 (CanLII),2024-12-19,0,0,0,0,0,0,0,,
2024onwsiat1937,2024 ONWSIAT 1937 (CanLII),2024-12-19,0,0,0,0,0,0,0,,
2024onwsiat1938,2024 ONWSIAT 1938 (CanLII),2024-12-19,0,0,0,0,0,0,0,,
2024onwsiat1939,2024 ONWSIAT 1939 (CanLII),2024-12-19,0,0,0,0,0,0,0,,
2024onwsiat1940,2024 ONWSIAT 1940 (CanLII),2024-12-19,0,0,0,0,0,0,0,,
2024onwsiat1941,2024 ONWSIAT 1941 (CanLII),2024-12-19,0,0,0,0,0,0,0,,
2024onwsiat1942,2024 ONWSIAT 1942 (CanLII),2024-12-19,0,0,0,0,0,0,0,,
2024onwsiat1943,2024 ONWSIAT 1943 (CanLII),2024-12-19,0,0,0,0,0,0,0,,
2024onwsiat1944,2024 ONWSIAT 1944 (CanLII),2024-12-19,0,0,0,0,0,0,0,,
2024onwsiat1945,2024 ONWSIAT 1945 (CanLII),2024-12-20,0,0,0,0,0,0,0,,
2024onwsiat1946,2024 ONWSIAT 1946 (CanLII),2024-12-20,0,0,0,0,0,0,0,,
2024onwsiat1947,2024 ONWSIAT 1947 (CanLII),2024-12-20,0,0,0,0,0,0,0,,
2024onwsiat1948,2024 ONWSIAT 1948 (CanLII),2024-12-20,0,0,0,0,0,0,0,,
2024onwsiat1949,2024 ONWSIAT 1949 (CanLII),2024-12-20,0,0,0,0,0,0,0,,
2024onwsiat1950,2024 ONWSIAT 1950 (CanLII),2024-12-20,0,0,0,0,0,0,0,,
2024onwsiat1951,2024 ONWSIAT 1951 (CanLII),2024-12-20,0,0,0,0,0,0,0,,
2024onwsiat1952,2024 ONWSIAT 1952 (CanLII),2024-12-20,0,0,0,0,0,0,0,,
2024onwsiat1953,2024 ONWSIAT 1953 (CanLII),2024-12-20,0,0,0,0,0,0,0,,
2024onwsiat1954,2024 ONWSIAT 1954 (CanLII),2024-12-20,0,0,0,0,0,0,0,,
2024onwsiat1955,2024 ONWSIAT 1955 (CanLII),2024-12-20,0,0,0,0,0,0,0,,
2024onwsiat1956,2024 ONWSIAT 1956 (CanLII),2024-12-20,0,0,0,0,0,0,1,,
2024onwsiat1957,2024 ONWSIAT 1957 (CanLII),2024-12-20,0,0,0,0,0,0,0,,
2024onwsiat1958,2024 ONWSIAT 1958 (CanLII),2024-12-23,0,0,0,0,0,0,0,,
2024onwsiat1959,2024 ONWSIAT 1959 (CanLII),2024-12-23,0,0,0,0,0,0,0,,
2024onwsiat1960,2024 ONWSIAT 1960 (CanLII),2024-12-23,0,0,0,0,0,0,0,,
2024onwsiat1961,2024 ONWSIAT 1961 (CanLII),2024-12-23,0,0,0,0,0,0,0,,
2024onwsiat1962,2024 ONWSIAT 1962 (CanLII),2024-12-23,0,0,0,0,0,0,0,,
2024onwsiat1963,2024 ONWSIAT 1963 (CanLII),2024-12-23,0,0,0,0,0,0,0,,
2024onwsiat1964,2024 ONWSIAT 1964 (CanLII),2024-12-23,0,0,0,0,0,0,0,,
2024onwsiat1965,2024 ONWSIAT 1965 (CanLII),2024-12-24,0,0,0,0,0,0,0,,
2024onwsiat1967,2024 ONWSIAT 1967 (CanLII),2024-12-24,0,0,0,0,0,0,0,,
2024onwsiat1968,2024 ONWSIAT 1968 (CanLII),2024-12-27,0,0,0,0,0,0,0,,
2024onwsiat1969,2024 ONWSIAT 1969 (CanLII),2024-12-27,0,0,0,0,0,0,0,,
2024onwsiat1970,2024 ONWSIAT 1970 (CanLII),2024-12-27,0,0,0,0,0,0,0,,
2024onwsiat1971,2024 ONWSIAT 1971 (CanLII),2024-12-27,0,0,0,0,0,0,0,,
2024onwsiat1972,2024 ONWSIAT 1972 (CanLII),2024-12-27,0,0,0,0,0,0,0,,
2024onwsiat1973,2024 ONWSIAT 1973 (CanLII),2024-12-30,0,0,0,0,0,0,0,,
2024onwsiat1974,2024 ONWSIAT 1974 (CanLII),2024-12-30,0,0,0,0,0,0,0,,
2024onwsiat1975,2024 ONWSIAT 1975 (CanLII),2024-12-30,0,0,0,0,0,0,0,,
2024onwsiat1976,2024 ONWSIAT 1976 (CanLII),2024-12-30,0,0,0,0,0,0,0,,
2024onwsiat1977,2024 ONWSIAT 1977 (CanLII),2024-12-30,0,0,0,0,0,0,0,,
2024onwsiat1978,2024 ONWSIAT 1978 (CanLII),2024-12-30,0,0,0,0,0,0,0,,
2024onwsiat1979,2024 ONWSIAT 1979 (CanLII),2024-12-30,0,0,0,0,0,0,0,,
2024onwsiat1980,2024 ONWSIAT 1980 (CanLII),2024-12-30,0,0,0,0,0,0,0,,
2024onwsiat1981,2024 ONWSIAT 1981 (CanLII),2024-12-31,0,0,0,0,0,0,0,,
2024onwsiat1982,2024 ONWSIAT 1982 (CanLII),2024-12-31,0,0,0,0,0,0,0,,
2024onwsiat1983,2024 ONWSIAT 1983 (CanLII),2024-12-31,0,0,0,0,0,0,0,,
2024onwsiat1984,2024 ONWSIAT 1984 (CanLII),2024-12-31,0,0,0,0,0,0,0,,
2024onwsiat1985,2024 ONWSIAT 1985 (CanLII),2024-12-31,0,0,0,0,0,0,1,,
2025onwsiat1,2025 ONWSIAT 1 (CanLII),2025-01-02,0,0,0,0,0,0,0,,
2025onwsiat2,2025 ONWSIAT 2 (CanLII),2025-01-02,0,0,0,0,0,0,0,,
2025onwsiat3,2025 ONWSIAT 3 (CanLII),2025-01-02,0,0,0,0,0,0,0,,
2025onwsiat4,2025 ONWSIAT 4 (CanLII),2025-01-02,0,0,0,0,0,0,0,,
2025onwsiat5,2025 ONWSIAT 5 (CanLII),2025-01-02,0,0,0,0,0,0,0,,
2025onwsiat6,2025 ONWSIAT 6 (CanLII),2025-01-02,0,0,0,0,0,0,0,,
2025onwsiat7,2025 ONWSIAT 7 (CanLII),2025-01-02,0,0,0,0,0,0,0,,
2025onwsiat8,2025 ONWSIAT 8 (CanLII),2025-01-03,0,0,0,0,0,0,0,,
2025onwsiat9,2025 ONWSIAT 9 (CanLII),2025-01-03,0,0,0,0,0,0,0,,
2025onwsiat10,2025 ONWSIAT 10 (CanLII),2025-01-03,0,0,0,0,0,0,0,,
2025onwsiat11,2025 ONWSIAT 11 (CanLII),2025-01-03,0,0,0,0,0,0,0,,
2025onwsiat12,2025 ONWSIAT 12 (CanLII),2025-01-06,0,0,0,0,0,0,0,,
2025onwsiat14,2025 ONWSIAT 14 (CanLII),2025-01-06,0,0,0,0,0,0,0,,
2025onwsiat15,2025 ONWSIAT 15 (CanLII),2025-01-06,0,0,0,0,0,0,0,,
2025onwsiat16,2025 ONWSIAT 16 (CanLII),2025-01-07,0,0,0,0,0,0,0,,
2025onwsiat17,2025 ONWSIAT 17 (CanLII),2025-01-07,0,0,0,0,0,0,0,,
2025onwsiat18,2025 ONWSIAT 18 (CanLII),2025-01-07,0,0,0,0,0,0,0,,
2025onwsiat19,2025 ONWSIAT 19 (CanLII),2025-01-07,0,0,0,0,0,0,0,,
2025onwsiat20,2025 ONWSIAT 20 (CanLII),2025-01-07,0,0,0,0,0,0,0,,
2025onwsiat21,2025 ONWSIAT 21 (CanLII),2025-01-07,0,0,0,0,0,0,1,,
2025onwsiat22,2025 ONWSIAT 22 (CanLII),2025-01-07,0,0,0,0,0,0,0,,
2025onwsiat23,2025 ONWSIAT 23 (CanLII),2025-01-08,0,0,0,0,0,0,0,,
2025onwsiat24,2025 ONWSIAT 24 (CanLII),2025-01-09,0,0,0,0,0,0,0,,
2025onwsiat25,2025 ONWSIAT 25 (CanLII),2025-01-08,0,0,0,0,0,0,0,,
2025onwsiat26,2025 ONWSIAT 26 (CanLII),2025-01-09,0,0,0,0,0,0,0,,
2025onwsiat27,2025 ONWSIAT 27 (CanLII),2025-01-10,0,0,0,0,0,0,1,,
2025onwsiat29,2025 ONWSIAT 29 (CanLII),2025-01-10,0,0,0,0,0,0,0,,
2025onwsiat31,2025 ONWSIAT 31 (CanLII),2025-01-10,0,0,0,0,0,0,0,,
2025onwsiat32,2025 ONWSIAT 32 (CanLII),2025-01-10,0,0,0,0,0,0,1,,
2025onwsiat33,2025 ONWSIAT 33 (CanLII),2025-01-13,0,0,0,0,0,0,0,,
2025onwsiat34,2025 ONWSIAT 34 (CanLII),2025-01-13,0,0,0,0,0,0,0,,
2025onwsiat35,2025 ONWSIAT 35 (CanLII),2025-01-13,0,0,0,0,0,0,0,,
2025onwsiat36,2025 ONWSIAT 36 (CanLII),2025-01-13,0,0,0,0,0,0,0,,
2025onwsiat37,2025 ONWSIAT 37 (CanLII),2025-01-13,0,0,0,0,0,0,0,,
2025onwsiat38,2025 ONWSIAT 38 (CanLII),2025-01-14,0,0,0,0,0,0,0,,
2025onwsiat39,2025 ONWSIAT 39 (CanLII),2025-01-14,0,0,0,0,0,0,0,,
2025onwsiat40,2025 ONWSIAT 40 (CanLII),2025-01-14,0,0,0,0,0,0,1,,
2025onwsiat41,2025 ONWSIAT 41 (CanLII),2025-01-14,0,0,0,0,0,0,0,,
2025onwsiat42,2025 ONWSIAT 42 (CanLII),2025-01-14,0,0,0,0,0,0,0,,
2025onwsiat43,2025 ONWSIAT 43 (CanLII),2025-01-14,0,0,0,0,0,0,0,,
2025onwsiat44,2025 ONWSIAT 44 (CanLII),2025-01-14,0,0,0,0,0,0,0,,
2025onwsiat45,2025 ONWSIAT 45 (CanLII),2025-01-14,0,0,0,0,0,0,0,,
2025onwsiat46,2025 ONWSIAT 46 (CanLII),2025-01-15,0,0,0,0,0,0,0,,
2025onwsiat47,2025 ONWSIAT 47 (CanLII),2025-01-15,0,0,0,0,0,0,0,,
2025onwsiat48,2025 ONWSIAT 48 (CanLII),2025-01-15,0,0,0,0,0,0,0,,
2025onwsiat49,2025 ONWSIAT 49 (CanLII),2025-01-16,0,0,0,0,0,0,0,,
2025onwsiat50,2025 ONWSIAT 50 (CanLII),2025-01-16,0,0,0,0,0,0,0,,
2025onwsiat51,2025 ONWSIAT 51 (CanLII),2025-01-16,0,0,0,0,0,0,0,,
2025onwsiat52,2025 ONWSIAT 52 (CanLII),2025-01-16,1,0,0,0,0,0,0,,
2025onwsiat53,2025 ONWSIAT 53 (CanLII),2025-01-16,0,0,0,0,0,0,0,,
2025onwsiat54,2025 ONWSIAT 54 (CanLII),2025-01-16,0,0,0,0,0,0,0,,
2025onwsiat55,2025 ONWSIAT 55 (CanLII),2025-01-17,0,0,0,0,0,0,0,,
2025onwsiat56,2025 ONWSIAT 56 (CanLII),2025-01-17,0,0,0,0,0,0,0,,
2025onwsiat57,2025 ONWSIAT 57 (CanLII),2025-01-17,0,0,0,0,0,0,0,,
2025onwsiat58,2025 ONWSIAT 58 (CanLII),2025-01-17,0,0,0,0,0,0,0,,
2025onwsiat59,2025 ONWSIAT 59 (CanLII),2025-01-17,0,0,0,0,0,0,0,,
2025onwsiat60,2025 ONWSIAT 60 (CanLII),2025-01-17,0,0,0,0,0,0,1,,
2025onwsiat61,2025 ONWSIAT 61 (CanLII),2025-01-17,0,0,0,0,0,0,0,,
2025onwsiat62,2025 ONWSIAT 62 (CanLII),2025-01-20,0,0,0,0,0,0,0,,
2025onwsiat63,2025 ONWSIAT 63 (CanLII),2025-01-20,0,0,0,0,0,0,0,,
2025onwsiat64,2025 ONWSIAT 64 (CanLII),2025-01-20,0,0,0,0,0,0,0,,
2025onwsiat65,2025 ONWSIAT 65 (CanLII),2025-01-20,0,0,0,0,0,0,0,,
2025onwsiat66,2025 ONWSIAT 66 (CanLII),2025-01-20,0,0,0,0,0,0,1,,
2025onwsiat67,2025 ONWSIAT 67 (CanLII),2025-01-20,0,0,0,0,0,0,0,,
2025onwsiat68,2025 ONWSIAT 68 (CanLII),2025-01-20,0,0,0,0,0,0,0,,
2025onwsiat69,2025 ONWSIAT 69 (CanLII),2025-01-20,0,0,0,0,0,0,0,,
2025onwsiat70,2025 ONWSIAT 70 (CanLII),2025-01-20,0,0,0,0,0,0,0,,
2025onwsiat71,2025 ONWSIAT 71 (CanLII),2025-01-20,0,0,0,0,0,0,0,,
2025onwsiat72,2025 ONWSIAT 72 (CanLII),2025-01-20,0,0,0,0,0,0,0,,
2025onwsiat73,2025 ONWSIAT 73 (CanLII),2025-01-20,0,0,0,0,0,0,0,,
2025onwsiat74,2025 ONWSIAT 74 (CanLII),2025-01-20,0,0,0,0,0,0,0,,
2025onwsiat75,2025 ONWSIAT 75 (CanLII),2025-01-20,0,0,0,0,0,0,0,,
2025onwsiat76,2025 ONWSIAT 76 (CanLII),2025-01-20,0,0,0,0,0,0,0,,
2025onwsiat77,2025 ONWSIAT 77 (CanLII),2025-01-21,0,0,0,0,0,0,0,,
2025onwsiat78,2025 ONWSIAT 78 (CanLII),2025-01-21,0,0,0,0,0,0,0,,
2025onwsiat79,2025 ONWSIAT 79 (CanLII),2025-01-21,0,0,0,0,0,0,0,,
2025onwsiat80,2025 ONWSIAT 80 (CanLII),2025-01-22,0,0,0,0,0,0,0,,
2025onwsiat81,2025 ONWSIAT 81 (CanLII),2025-01-22,0,0,0,0,0,0,0,,
2025onwsiat82,2025 ONWSIAT 82 (CanLII),2025-01-22,0,0,0,0,0,0,0,,
2025onwsiat83,2025 ONWSIAT 83 (CanLII),2025-01-22,0,0,0,0,0,0,0,,
2025onwsiat84,2025 ONWSIAT 84 (CanLII),2025-01-23,0,0,0,0,0,0,0,,
2025onwsiat85,2025 ONWSIAT 85 (CanLII),2025-01-23,0,0,0,0,0,0,0,,
2025onwsiat86,2025 ONWSIAT 86 (CanLII),2025-01-23,0,0,0,0,0,0,0,,
2025onwsiat87,2025 ONWSIAT 87 (CanLII),2025-01-23,0,0,0,0,0,0,0,,
2025onwsiat88,2025 ONWSIAT 88 (CanLII),2025-01-23,0,0,0,0,0,0,0,,
2025onwsiat89,2025 ONWSIAT 89 (CanLII),2025-01-23,0,0,0,0,0,0,0,,
2025onwsiat90,2025 ONWSIAT 90 (CanLII),2025-01-24,0,0,0,0,0,0,0,,
2025onwsiat91,2025 ONWSIAT 91 (CanLII),2025-01-24,1,0,0,0,0,0,0,,
2025onwsiat92,2025 ONWSIAT 92 (CanLII),2025-01-24,0,0,0,0,0,0,0,,
2025onwsiat93,2025 ONWSIAT 93 (CanLII),2025-01-24,0,0,0,0,0,0,1,,
2025onwsiat94,2025 ONWSIAT 94 (CanLII),2025-01-24,0,0,0,0,0,0,0,,
2025onwsiat95,2025 ONWSIAT 95 (CanLII),2025-01-24,0,0,0,0,0,0,0,,
2025onwsiat96,2025 ONWSIAT 96 (CanLII),2025-01-24,0,0,0,0,0,0,0,,
2025onwsiat97,2025 ONWSIAT 97 (CanLII),2025-01-27,0,0,0,0,0,0,0,,
2025onwsiat98,2025 ONWSIAT 98 (CanLII),2025-01-27,0,0,0,0,0,0,0,,
2025onwsiat99,2025 ONWSIAT 99 (CanLII),2025-01-27,0,0,0,0,0,0,1,,
2025onwsiat100,2025 ONWSIAT 100 (CanLII),2025-01-28,0,0,0,0,0,0,0,,
2025onwsiat101,2025 ONWSIAT 101 (CanLII),2025-01-28,0,0,0,0,0,0,0,,
2025onwsiat102,2025 ONWSIAT 102 (CanLII),2025-01-28,0,0,0,0,0,0,0,,
2025onwsiat103,2025 ONWSIAT 103 (CanLII),2025-01-28,0,0,0,0,0,0,0,,
2025onwsiat104,2025 ONWSIAT 104 (CanLII),2025-01-28,0,0,0,0,0,0,0,,
2025onwsiat105,2025 ONWSIAT 105 (CanLII),2025-01-28,0,0,0,0,0,0,0,,
2025onwsiat106,2025 ONWSIAT 106 (CanLII),2025-01-28,0,0,0,0,0,0,0,,
2025onwsiat107,2025 ONWSIAT 107 (CanLII),2025-01-29,0,0,0,0,0,0,0,,
2025onwsiat108,2025 ONWSIAT 108 (CanLII),2025-01-29,0,0,0,0,0,0,1,,
2025onwsiat109,2025 ONWSIAT 109 (CanLII),2025-01-29,0,0,0,0,0,0,0,,
2025onwsiat110,2025 ONWSIAT 110 (CanLII),2025-01-29,0,0,0,0,0,0,0,,
2025onwsiat111,2025 ONWSIAT 111 (CanLII),2025-01-29,0,0,0,0,0,0,0,,
2025onwsiat112,2025 ONWSIAT 112 (CanLII),2025-01-29,0,0,0,0,0,0,0,,
2025onwsiat113,2025 ONWSIAT 113 (CanLII),2025-01-29,0,0,0,0,0,0,0,,
2025onwsiat114,2025 ONWSIAT 114 (CanLII),2025-01-29,0,0,0,0,0,0,0,,
2025onwsiat115,2025 ONWSIAT 115 (CanLII),2025-01-29,0,0,0,0,0,0,0,,
2025onwsiat116,2025 ONWSIAT 116 (CanLII),2025-01-30,0,0,0,0,0,0,1,,
2025onwsiat117,2025 ONWSIAT 117 (CanLII),2025-01-30,0,0,0,0,0,0,0,,
2025onwsiat118,2025 ONWSIAT 118 (CanLII),2025-01-30,0,0,0,0,0,0,0,,
2025onwsiat119,2025 ONWSIAT 119 (CanLII),2025-01-30,0,0,0,0,0,0,0,,
2025onwsiat120,2025 ONWSIAT 120 (CanLII),2025-01-30,0,0,0,0,0,0,0,,
2025onwsiat121,2025 ONWSIAT 121 (CanLII),2025-01-30,0,0,0,0,0,0,0,,
2025onwsiat122,2025 ONWSIAT 122 (CanLII),2025-01-30,0,0,0,0,0,0,0,,
2025onwsiat123,2025 ONWSIAT 123 (CanLII),2025-01-31,0,0,0,0,0,0,0,,
2025onwsiat124,2025 ONWSIAT 124 (CanLII),2025-01-31,0,0,0,0,0,0,0,,
2025onwsiat125,2025 ONWSIAT 125 (CanLII),2025-01-31,0,0,0,0,0,0,0,,
2025onwsiat126,2025 ONWSIAT 126 (CanLII),2025-01-31,0,0,0,0,0,0,0,,
2025onwsiat127,2025 ONWSIAT 127 (CanLII),2025-01-31,0,0,0,0,0,0,0,,
2025onwsiat128,2025 ONWSIAT 128 (CanLII),2025-01-31,0,0,0,0,0,0,0,,
2025onwsiat129,2025 ONWSIAT 129 (CanLII),2025-02-03,0,0,0,0,0,0,0,,
2025onwsiat130,2025 ONWSIAT 130 (CanLII),2025-02-03,0,0,0,0,0,0,0,,
2025onwsiat131,2025 ONWSIAT 131 (CanLII),2025-02-03,0,0,0,0,0,0,1,,
2025onwsiat132,2025 ONWSIAT 132 (CanLII),2025-02-03,0,0,0,0,0,0,0,,
2025onwsiat133,2025 ONWSIAT 133 (CanLII),2025-02-04,0,0,0,0,0,0,0,,
2025onwsiat134,2025 ONWSIAT 134 (CanLII),2025-02-04,0,0,0,0,0,0,0,,
2025onwsiat135,2025 ONWSIAT 135 (CanLII),2025-02-04,0,0,0,0,0,0,0,,
2025onwsiat136,2025 ONWSIAT 136 (CanLII),2025-02-04,0,0,0,0,0,0,0,,
2025onwsiat137,2025 ONWSIAT 137 (CanLII),2025-02-05,0,0,0,0,0,0,1,,
2025onwsiat138,2025 ONWSIAT 138 (CanLII),2025-02-05,0,0,0,0,0,0,1,,
2025onwsiat139,2025 ONWSIAT 139 (CanLII),2025-02-05,0,0,0,0,0,0,0,,
2025onwsiat140,2025 ONWSIAT 140 (CanLII),2025-02-05,0,0,0,0,0,0,0,,
2025onwsiat141,2025 ONWSIAT 141 (CanLII),2025-02-05,0,0,0,0,0,0,0,,
2025onwsiat142,2025 ONWSIAT 142 (CanLII),2025-02-05,0,0,0,0,0,0,0,,
2025onwsiat143,2025 ONWSIAT 143 (CanLII),2025-02-05,0,0,0,0,0,0,0,,
2025onwsiat144,2025 ONWSIAT 144 (CanLII),2025-02-05,0,0,0,0,0,0,0,,
2025onwsiat145,2025 ONWSIAT 145 (CanLII),2025-02-06,0,0,0,0,0,0,0,,
2025onwsiat146,2025 ONWSIAT 146 (CanLII),2025-02-07,0,0,0,0,0,0,0,,
2025onwsiat147,2025 ONWSIAT 147 (CanLII),2025-02-07,0,0,0,0,0,0,0,,
2025onwsiat148,2025 ONWSIAT 148 (CanLII),2025-02-07,0,0,0,0,0,0,0,,
2025onwsiat149,2025 ONWSIAT 149 (CanLII),2025-02-07,0,0,0,0,0,0,0,,
2025onwsiat150,2025 ONWSIAT 150 (CanLII),2025-02-07,0,0,0,0,0,0,0,,
2025onwsiat151,2025 ONWSIAT 151 (CanLII),2025-02-07,0,0,0,0,0,0,1,,
2025onwsiat152,2025 ONWSIAT 152 (CanLII),2025-02-07,0,0,0,0,0,0,1,,
2025onwsiat153,2025 ONWSIAT 153 (CanLII),2025-02-07,0,0,0,0,0,0,0,,
2025onwsiat154,2025 ONWSIAT 154 (CanLII),2025-02-07,0,0,0,0,0,0,0,,
2025onwsiat155,2025 ONWSIAT 155 (CanLII),2025-02-07,0,0,0,0,0,0,0,,
2025onwsiat156,2025 ONWSIAT 156 (CanLII),2025-02-07,0,0,0,0,0,0,0,,
2025onwsiat157,2025 ONWSIAT 157 (CanLII),2025-02-10,0,0,0,0,0,0,0,,
2025onwsiat158,2025 ONWSIAT 158 (CanLII),2025-02-10,0,0,0,0,0,0,0,,
2025onwsiat159,2025 ONWSIAT 159 (CanLII),2025-02-10,0,0,0,0,0,0,0,,
2025onwsiat160,2025 ONWSIAT 160 (CanLII),2025-02-11,0,0,0,0,0,0,0,,
2025onwsiat161,2025 ONWSIAT 161 (CanLII),2025-02-11,0,0,0,0,0,0,0,,
2025onwsiat162,2025 ONWSIAT 162 (CanLII),2025-02-11,0,0,0,0,0,0,0,,
2025onwsiat163,2025 ONWSIAT 163 (CanLII),2025-02-11,0,0,0,0,0,0,0,,
2025onwsiat164,2025 ONWSIAT 164 (CanLII),2025-02-11,0,0,0,0,0,0,0,,
2025onwsiat165,2025 ONWSIAT 165 (CanLII),2025-02-11,0,0,0,0,0,0,1,,
2025onwsiat166,2025 ONWSIAT 166 (CanLII),2025-02-12,0,0,0,0,0,0,0,,
2025onwsiat167,2025 ONWSIAT 167 (CanLII),2025-02-12,0,0,0,0,0,0,0,,
2025onwsiat168,2025 ONWSIAT 168 (CanLII),2025-02-12,0,0,0,0,0,0,0,,
2025onwsiat169,2025 ONWSIAT 169 (CanLII),2025-02-12,0,0,0,0,0,0,0,,
2025onwsiat170,2025 ONWSIAT 170 (CanLII),2025-02-13,1,0,0,0,0,0,1,,
2025onwsiat171,2025 ONWSIAT 171 (CanLII),2025-02-13,0,0,0,0,0,0,0,,
2025onwsiat172,2025 ONWSIAT 172 (CanLII),2025-02-13,0,0,0,0,0,0,0,,
2025onwsiat173,2025 ONWSIAT 173 (CanLII),2025-02-13,0,0,0,0,0,0,0,,
2025onwsiat174,2025 ONWSIAT 174 (CanLII),2025-02-13,0,0,0,0,0,0,0,,
2025onwsiat175,2025 ONWSIAT 175 (CanLII),2025-02-13,0,0,0,0,0,0,0,,
2025onwsiat176,2025 ONWSIAT 176 (CanLII),2025-02-13,0,0,0,0,0,0,0,,
2025onwsiat177,2025 ONWSIAT 177 (CanLII),2025-02-14,0,0,0,0,0,0,0,,
2025onwsiat178,2025 ONWSIAT 178 (CanLII),2025-02-14,0,0,0,0,0,0,0,,
2025onwsiat179,2025 ONWSIAT 179 (CanLII),2025-02-14,0,0,0,0,0,0,0,,
2025onwsiat180,2025 ONWSIAT 180 (CanLII),2025-02-14,0,0,0,0,0,0,0,,
2025onwsiat181,2025 ONWSIAT 181 (CanLII),2025-02-18,0,0,0,0,0,0,0,,
2025onwsiat182,2025 ONWSIAT 182 (CanLII),2025-02-18,0,0,0,0,0,0,0,,
2025onwsiat183,2025 ONWSIAT 183 (CanLII),2025-02-18,0,0,0,0,0,0,0,,
2025onwsiat184,2025 ONWSIAT 184 (CanLII),2025-02-18,0,0,0,0,0,0,0,,
2025onwsiat185,2025 ONWSIAT 185 (CanLII),2025-02-18,0,0,0,0,0,0,0,,
2025onwsiat186,2025 ONWSIAT 186 (CanLII),2025-02-18,0,0,0,0,0,0,0,,
2025onwsiat187,2025 ONWSIAT 187 (CanLII),2025-02-18,0,0,0,0,0,0,0,,
2025onwsiat188,2025 ONWSIAT 188 (CanLII),2025-02-18,0,0,0,0,0,0,0,,
2025onwsiat189,2025 ONWSIAT 189 (CanLII),2025-02-19,0,0,0,0,0,0,0,,
2025onwsiat190,2025 ONWSIAT 190 (CanLII),2025-02-19,0,0,0,0,0,0,0,,
2025onwsiat191,2025 ONWSIAT 191 (CanLII),2025-02-19,0,0,0,0,0,0,0,,
2025onwsiat192,2025 ONWSIAT 192 (CanLII),2025-02-19,0,0,0,0,0,0,0,,
2025onwsiat193,2025 ONWSIAT 193 (CanLII),2025-02-19,0,0,0,0,0,0,0,,
2025onwsiat194,2025 ONWSIAT 194 (CanLII),2025-02-20,0,0,0,0,0,0,0,,
2025onwsiat195,2025 ONWSIAT 195 (CanLII),2025-02-20,0,0,0,0,0,0,1,,
2025onwsiat196,2025 ONWSIAT 196 (CanLII),2025-02-20,0,0,0,0,0,0,0,,
2025onwsiat197,2025 ONWSIAT 197 (CanLII),2025-02-20,0,0,0,0,0,0,0,,
2025onwsiat198,2025 ONWSIAT 198 (CanLII),2025-02-20,0,0,0,0,0,0,0,,
2025onwsiat199,2025 ONWSIAT 199 (CanLII),2025-02-20,0,0,0,0,0,0,0,,
2025onwsiat200,2025 ONWSIAT 200 (CanLII),2025-02-20,0,0,0,0,0,0,1,,
2025onwsiat201,2025 ONWSIAT 201 (CanLII),2025-02-21,0,0,0,0,0,0,0,,
2025onwsiat202,2025 ONWSIAT 202 (CanLII),2025-02-21,0,0,0,0,0,0,1,,
2025onwsiat203,2025 ONWSIAT 203 (CanLII),2025-02-21,0,0,0,0,0,0,0,,
2025onwsiat204,2025 ONWSIAT 204 (CanLII),2025-02-24,0,0,0,0,0,0,0,,
2025onwsiat205,2025 ONWSIAT 205 (CanLII),2025-02-24,0,0,0,0,0,0,0,,
2025onwsiat206,2025 ONWSIAT 206 (CanLII),2025-02-24,0,0,0,0,0,0,0,,
2025onwsiat207,2025 ONWSIAT 207 (CanLII),2025-02-25,0,0,0,0,0,0,0,,
2025onwsiat208,2025 ONWSIAT 208 (CanLII),2025-02-25,0,0,0,0,0,0,0,,
2025onwsiat209,2025 ONWSIAT 209 (CanLII),2025-02-25,0,0,0,0,0,0,0,,
2025onwsiat210,2025 ONWSIAT 210 (CanLII),2025-02-25,0,0,0,0,0,0,0,,
2025onwsiat211,2025 ONWSIAT 211 (CanLII),2025-02-25,0,0,0,0,0,0,0,,
2025onwsiat212,2025 ONWSIAT 212 (CanLII),2025-02-25,0,0,0,0,0,0,0,,
2025onwsiat213,2025 ONWSIAT 213 (CanLII),2025-02-25,0,0,0,0,0,0,0,,
2025onwsiat214,2025 ONWSIAT 214 (CanLII),2025-02-25,0,0,0,0,0,0,0,,
2025onwsiat215,2025 ONWSIAT 215 (CanLII),2025-02-26,0,0,0,0,0,0,0,,
2025onwsiat216,2025 ONWSIAT 216 (CanLII),2025-02-26,0,0,0,0,0,0,0,,
2025onwsiat217,2025 ONWSIAT 217 (CanLII),2025-02-26,0,0,0,0,0,0,0,,
2025onwsiat218,2025 ONWSIAT 218 (CanLII),2025-02-26,0,0,0,0,0,0,0,,
2025onwsiat219,2025 ONWSIAT 219 (CanLII),2025-02-26,0,0,0,0,0,0,0,,
2025onwsiat220,2025 ONWSIAT 220 (CanLII),2025-02-26,0,0,0,0,0,0,0,,
2025onwsiat221,2025 ONWSIAT 221 (CanLII),2025-02-27,0,0,0,0,0,0,0,,
2025onwsiat222,2025 ONWSIAT 222 (CanLII),2025-02-27,0,0,0,0,0,0,0,,
2025onwsiat223,2025 ONWSIAT 223 (CanLII),2025-02-27,0,0,0,0,0,0,1,,
2025onwsiat224,2025 ONWSIAT 224 (CanLII),2025-02-27,0,0,0,0,0,0,0,,
2025onwsiat225,2025 ONWSIAT 225 (CanLII),2025-02-27,0,0,0,0,0,0,0,,
2025onwsiat226,2025 ONWSIAT 226 (CanLII),2025-02-27,0,0,0,0,0,0,0,,
2025onwsiat227,2025 ONWSIAT 227 (CanLII),2025-02-27,0,0,0,0,0,0,0,,
2025onwsiat228,2025 ONWSIAT 228 (CanLII),2025-03-13,0,0,0,0,0,0,0,,
2025onwsiat229,2025 ONWSIAT 229 (CanLII),2025-02-27,0,0,0,0,0,0,0,,
2025onwsiat230,2025 ONWSIAT 230 (CanLII),2025-02-28,0,0,0,0,0,0,0,,
2025onwsiat231,2025 ONWSIAT 231 (CanLII),2025-02-28,0,0,0,0,0,0,0,,
2025onwsiat232,2025 ONWSIAT 232 (CanLII),2025-02-28,0,0,0,0,0,0,0,,
2025onwsiat233,2025 ONWSIAT 233 (CanLII),2025-02-28,0,0,0,0,0,0,0,,
2025onwsiat234,2025 ONWSIAT 234 (CanLII),2025-02-28,0,0,0,0,0,0,0,,
2025onwsiat235,2025 ONWSIAT 235 (CanLII),2025-03-03,0,0,0,0,0,0,0,,
2025onwsiat236,2025 ONWSIAT 236 (CanLII),2025-03-03,0,0,0,0,0,0,0,,
2025onwsiat237,2025 ONWSIAT 237 (CanLII),2025-03-03,0,0,0,0,0,0,0,,
2025onwsiat238,2025 ONWSIAT 238 (CanLII),2025-03-03,0,0,0,0,0,0,0,,
2025onwsiat239,2025 ONWSIAT 239 (CanLII),2025-03-03,0,0,0,0,0,0,0,,
2025onwsiat240,2025 ONWSIAT 240 (CanLII),2025-03-03,0,0,0,0,0,0,0,,
2025onwsiat241,2025 ONWSIAT 241 (CanLII),2025-03-03,0,0,0,0,0,0,0,,
2025onwsiat242,2025 ONWSIAT 242 (CanLII),2025-03-04,0,0,0,0,0,0,1,,
2025onwsiat243,2025 ONWSIAT 243 (CanLII),2025-03-04,0,0,0,0,0,0,0,,
2025onwsiat244,2025 ONWSIAT 244 (CanLII),2025-03-04,0,0,0,0,0,0,0,,
2025onwsiat245,2025 ONWSIAT 245 (CanLII),2025-03-04,0,0,0,0,0,0,0,,
2025onwsiat246,2025 ONWSIAT 246 (CanLII),2025-03-05,0,0,0,0,0,0,0,,
2025onwsiat247,2025 ONWSIAT 247 (CanLII),2025-03-05,0,0,0,0,0,0,0,,
2025onwsiat248,2025 ONWSIAT 248 (CanLII),2025-03-05,0,0,0,0,0,0,0,,
2025onwsiat249,2025 ONWSIAT 249 (CanLII),2025-03-05,0,0,0,0,0,0,0,,
2025onwsiat250,2025 ONWSIAT 250 (CanLII),2025-03-05,0,0,0,0,0,0,0,,
2025onwsiat251,2025 ONWSIAT 251 (CanLII),2025-03-05,0,0,0,0,0,0,0,,
2025onwsiat252,2025 ONWSIAT 252 (CanLII),2025-03-05,0,0,0,0,0,0,0,,
2025onwsiat253,2025 ONWSIAT 253 (CanLII),2025-03-05,0,0,0,0,0,0,0,,
2025onwsiat254,2025 ONWSIAT 254 (CanLII),2025-03-05,0,0,0,0,0,0,0,,
2025onwsiat255,2025 ONWSIAT 255 (CanLII),2025-03-05,0,0,0,0,0,0,0,,
2025onwsiat256,2025 ONWSIAT 256 (CanLII),2025-03-06,0,0,0,0,0,0,0,,
2025onwsiat257,2025 ONWSIAT 257 (CanLII),2025-03-06,0,0,0,0,0,0,0,,
2025onwsiat258,2025 ONWSIAT 258 (CanLII),2025-03-06,0,0,0,0,0,0,0,,
2025onwsiat259,2025 ONWSIAT 259 (CanLII),2025-03-07,0,0,0,0,0,0,0,,
2025onwsiat260,2025 ONWSIAT 260 (CanLII),2025-03-07,0,0,0,0,0,0,0,,
2025onwsiat261,2025 ONWSIAT 261 (CanLII),2025-03-07,0,0,0,0,0,0,0,,
2025onwsiat262,2025 ONWSIAT 262 (CanLII),2025-03-07,1,0,0,0,0,0,0,,
2025onwsiat263,2025 ONWSIAT 263 (CanLII),2025-03-07,0,0,0,0,0,0,1,,
2025onwsiat264,2025 ONWSIAT 264 (CanLII),2025-03-10,0,0,0,0,0,0,0,,
2025onwsiat265,2025 ONWSIAT 265 (CanLII),2025-03-10,0,0,0,0,0,0,0,,
2025onwsiat266,2025 ONWSIAT 266 (CanLII),2025-03-10,0,0,0,0,0,0,0,,
2025onwsiat267,2025 ONWSIAT 267 (CanLII),2025-03-10,0,0,0,0,0,0,0,,
2025onwsiat268,2025 ONWSIAT 268 (CanLII),2025-03-11,0,0,0,0,0,0,0,,
2025onwsiat269,2025 ONWSIAT 269 (CanLII),2025-03-11,0,0,0,0,0,0,0,,
2025onwsiat270,2025 ONWSIAT 270 (CanLII),2025-03-11,0,0,0,0,0,0,0,,
2025onwsiat271,2025 ONWSIAT 271 (CanLII),2025-03-12,0,0,0,0,0,0,0,,
2025onwsiat272,2025 ONWSIAT 272 (CanLII),2025-03-12,0,0,0,0,0,0,0,,
2025onwsiat273,2025 ONWSIAT 273 (CanLII),2025-03-13,0,0,0,0,0,0,0,,
2025onwsiat274,2025 ONWSIAT 274 (CanLII),2025-03-13,0,0,0,0,0,0,1,,
2025onwsiat275,2025 ONWSIAT 275 (CanLII),2025-03-13,0,0,0,0,0,0,0,,
2025onwsiat276,2025 ONWSIAT 276 (CanLII),2025-03-13,0,0,0,0,0,0,0,,
2025onwsiat277,2025 ONWSIAT 277 (CanLII),2025-03-13,0,0,0,0,0,0,0,,
2025onwsiat278,2025 ONWSIAT 278 (CanLII),2025-03-14,0,0,0,0,0,0,0,,
2025onwsiat279,2025 ONWSIAT 279 (CanLII),2025-03-14,0,0,0,0,0,0,0,,
2025onwsiat280,2025 ONWSIAT 280 (CanLII),2025-03-14,0,0,0,0,0,0,1,,
2025onwsiat281,2025 ONWSIAT 281 (CanLII),2025-03-17,0,0,0,0,0,0,0,,
2025onwsiat282,2025 ONWSIAT 282 (CanLII),2025-03-17,0,0,0,0,0,0,0,,
2025onwsiat283,2025 ONWSIAT 283 (CanLII),2025-03-17,0,0,0,0,0,0,0,,
2025onwsiat284,2025 ONWSIAT 284 (CanLII),2025-03-17,0,0,0,0,0,0,0,,
2025onwsiat285,2025 ONWSIAT 285 (CanLII),2025-03-18,0,0,0,0,0,0,0,,
2025onwsiat286,2025 ONWSIAT 286 (CanLII),2025-03-18,0,0,0,0,0,0,0,,
2025onwsiat287,2025 ONWSIAT 287 (CanLII),2025-03-18,0,0,0,0,0,0,0,,
2025onwsiat288,2025 ONWSIAT 288 (CanLII),2025-03-18,0,0,0,0,0,0,0,,
2025onwsiat289,2025 ONWSIAT 289 (CanLII),2025-03-18,0,0,0,0,0,0,0,,
2025onwsiat290,2025 ONWSIAT 290 (CanLII),2025-03-18,0,0,0,0,0,0,0,,
2025onwsiat291,2025 ONWSIAT 291 (CanLII),2025-03-19,0,0,0,0,0,0,0,,
2025onwsiat292,2025 ONWSIAT 292 (CanLII),2025-03-19,0,0,0,0,0,0,0,,
2025onwsiat293,2025 ONWSIAT 293 (CanLII),2025-03-19,0,0,0,0,0,0,0,,
2025onwsiat294,2025 ONWSIAT 294 (CanLII),2025-03-19,0,0,0,0,0,0,0,,
2025onwsiat295,2025 ONWSIAT 295 (CanLII),2025-03-19,0,0,0,0,0,0,0,,
2025onwsiat296,2025 ONWSIAT 296 (CanLII),2025-03-19,0,0,0,0,0,0,0,,
2025onwsiat297,2025 ONWSIAT 297 (CanLII),2025-03-19,0,0,0,0,0,0,1,,
2025onwsiat298,2025 ONWSIAT 298 (CanLII),2025-03-19,0,0,0,0,0,0,0,,
2025onwsiat299,2025 ONWSIAT 299 (CanLII),2025-03-19,0,0,0,0,0,0,0,,
2025onwsiat300,2025 ONWSIAT 300 (CanLII),2025-03-19,0,0,0,0,0,0,1,,
2025onwsiat301,2025 ONWSIAT 301 (CanLII),2025-03-19,0,0,0,0,0,0,0,,
2025onwsiat302,2025 ONWSIAT 302 (CanLII),2025-03-19,0,0,0,0,0,0,0,,
2025onwsiat303,2025 ONWSIAT 303 (CanLII),2025-03-20,0,0,0,0,0,0,0,,
2025onwsiat304,2025 ONWSIAT 304 (CanLII),2025-03-20,0,0,0,0,0,0,0,,
2025onwsiat305,2025 ONWSIAT 305 (CanLII),2025-03-20,0,0,0,0,0,0,0,,
2025onwsiat306,2025 ONWSIAT 306 (CanLII),2025-03-20,0,0,0,0,0,0,0,,
2025onwsiat307,2025 ONWSIAT 307 (CanLII),2025-03-20,0,0,0,0,0,0,0,,
2025onwsiat308,2025 ONWSIAT 308 (CanLII),2025-03-20,0,0,0,0,0,0,0,,
2025onwsiat309,2025 ONWSIAT 309 (CanLII),2025-03-20,0,0,0,0,0,0,0,,
2025onwsiat310,2025 ONWSIAT 310 (CanLII),2025-03-20,0,0,0,0,0,0,1,,
2025onwsiat311,2025 ONWSIAT 311 (CanLII),2025-03-20,0,0,0,0,0,0,0,,
2025onwsiat312,2025 ONWSIAT 312 (CanLII),2025-03-20,0,0,0,0,0,0,0,,
2025onwsiat313,2025 ONWSIAT 313 (CanLII),2025-03-20,0,0,0,0,0,0,1,,
2025onwsiat314,2025 ONWSIAT 314 (CanLII),2025-03-21,0,0,0,0,0,0,0,,
2025onwsiat315,2025 ONWSIAT 315 (CanLII),2025-03-21,0,0,0,0,0,0,0,,
2025onwsiat316,2025 ONWSIAT 316 (CanLII),2025-03-21,0,0,0,0,0,0,0,,
2025onwsiat317,2025 ONWSIAT 317 (CanLII),2025-03-21,0,0,0,0,0,0,1,,
2025onwsiat318,2025 ONWSIAT 318 (CanLII),2025-03-24,0,0,0,0,0,0,0,,
2025onwsiat319,2025 ONWSIAT 319 (CanLII),2025-03-24,0,0,0,0,0,0,0,,
2025onwsiat320,2025 ONWSIAT 320 (CanLII),2025-03-24,0,0,0,0,0,0,0,,
2025onwsiat321,2025 ONWSIAT 321 (CanLII),2025-03-24,0,0,0,0,0,0,0,,
2025onwsiat322,2025 ONWSIAT 322 (CanLII),2025-03-24,0,0,0,0,0,0,0,,
2025onwsiat323,2025 ONWSIAT 323 (CanLII),2025-03-24,0,0,0,0,0,0,0,,
2025onwsiat324,2025 ONWSIAT 324 (CanLII),2025-03-24,0,0,0,0,0,0,0,,
2025onwsiat325,2025 ONWSIAT 325 (CanLII),2025-03-25,0,0,0,0,0,0,0,,
2025onwsiat326,2025 ONWSIAT 326 (CanLII),2025-03-25,0,0,0,0,0,0,0,,
2025onwsiat327,2025 ONWSIAT 327 (CanLII),2025-03-25,0,0,0,0,0,0,0,,
2025onwsiat328,2025 ONWSIAT 328 (CanLII),2025-03-25,0,0,0,0,0,0,0,,
2025onwsiat329,2025 ONWSIAT 329 (CanLII),2025-03-25,0,0,0,0,0,0,1,,
2025onwsiat330,2025 ONWSIAT 330 (CanLII),2025-03-26,0,0,0,0,0,0,0,,
2025onwsiat331,2025 ONWSIAT 331 (CanLII),2025-03-26,0,0,0,0,0,0,0,,
2025onwsiat332,2025 ONWSIAT 332 (CanLII),2025-03-26,0,0,0,0,0,0,0,,
2025onwsiat333,2025 ONWSIAT 333 (CanLII),2025-03-26,0,0,0,0,0,0,0,,
2025onwsiat334,2025 ONWSIAT 334 (CanLII),2025-03-26,0,0,0,0,0,0,0,,
2025onwsiat335,2025 ONWSIAT 335 (CanLII),2025-03-27,0,0,0,0,0,0,0,,
2025onwsiat336,2025 ONWSIAT 336 (CanLII),2025-03-27,0,0,0,0,0,0,0,,
2025onwsiat337,2025 ONWSIAT 337 (CanLII),2025-03-27,0,0,0,0,0,0,1,,
2025onwsiat338,2025 ONWSIAT 338 (CanLII),2025-03-27,0,0,0,0,0,0,0,,
2025onwsiat339,2025 ONWSIAT 339 (CanLII),2025-03-27,0,0,0,0,0,0,1,,
2025onwsiat340,2025 ONWSIAT 340 (CanLII),2025-03-27,0,0,0,0,0,0,0,,
2025onwsiat341,2025 ONWSIAT 341 (CanLII),2025-03-28,0,0,0,0,0,0,0,,
2025onwsiat342,2025 ONWSIAT 342 (CanLII),2025-03-28,0,0,0,0,0,0,0,,
2025onwsiat343,2025 ONWSIAT 343 (CanLII),2025-03-28,0,0,0,0,0,0,0,,
2025onwsiat344,2025 ONWSIAT 344 (CanLII),2025-03-28,0,0,0,0,0,0,0,,
2025onwsiat345,2025 ONWSIAT 345 (CanLII),2025-03-28,0,0,0,0,0,0,0,,
2025onwsiat347,2025 ONWSIAT 347 (CanLII),2025-03-28,0,0,0,0,0,0,0,,
2025onwsiat348,2025 ONWSIAT 348 (CanLII),2025-03-28,0,0,0,0,0,0,0,,
2025onwsiat349,2025 ONWSIAT 349 (CanLII),2025-03-31,0,0,0,0,0,0,1,,
2025onwsiat350,2025 ONWSIAT 350 (CanLII),2025-03-31,0,0,0,0,0,0,0,,
2025onwsiat351,2025 ONWSIAT 351 (CanLII),2025-03-31,0,0,0,0,0,0,0,,
2025onwsiat352,2025 ONWSIAT 352 (CanLII),2025-03-31,0,0,0,0,0,0,0,,
2025onwsiat353,2025 ONWSIAT 353 (CanLII),2025-03-31,0,0,0,0,0,0,0,,
2025onwsiat354,2025 ONWSIAT 354 (CanLII),2025-03-31,0,0,0,0,0,0,0,,
2025onwsiat355,2025 ONWSIAT 355 (CanLII),2025-03-31,0,0,0,0,0,0,0,,
2025onwsiat356,2025 ONWSIAT 356 (CanLII),2025-04-01,0,0,0,0,0,0,0,,
2025onwsiat357,2025 ONWSIAT 357 (CanLII),2025-04-01,0,0,0,0,0,0,0,,
2025onwsiat358,2025 ONWSIAT 358 (CanLII),2025-04-01,0,0,0,0,0,0,0,,
2025onwsiat359,2025 ONWSIAT 359 (CanLII),2025-04-01,0,0,0,0,0,0,0,,
2025onwsiat360,2025 ONWSIAT 360 (CanLII),2025-04-01,0,0,0,0,0,0,0,,
2025onwsiat361,2025 ONWSIAT 361 (CanLII),2025-04-01,0,0,0,0,0,0,0,,
2025onwsiat362,2025 ONWSIAT 362 (CanLII),2025-04-01,0,0,0,0,0,0,0,,
2025onwsiat363,2025 ONWSIAT 363 (CanLII),2025-04-01,0,0,0,0,0,0,0,,
2025onwsiat364,2025 ONWSIAT 364 (CanLII),2025-04-01,0,0,0,0,0,0,0,,
2025onwsiat365,2025 ONWSIAT 365 (CanLII),2025-04-01,0,0,0,0,0,0,0,,
2025onwsiat366,2025 ONWSIAT 366 (CanLII),2025-04-01,0,0,0,0,0,0,0,,
2025onwsiat367,2025 ONWSIAT 367 (CanLII),2025-04-01,0,0,0,0,0,0,0,,
2025onwsiat368,2025 ONWSIAT 368 (CanLII),2025-04-01,0,0,0,0,0,0,0,,
2025onwsiat369,2025 ONWSIAT 369 (CanLII),2025-04-02,0,0,0,0,0,0,0,,
2025onwsiat370,2025 ONWSIAT 370 (CanLII),2025-04-02,0,0,0,0,0,0,0,,
2025onwsiat371,2025 ONWSIAT 371 (CanLII),2025-04-02,0,0,0,0,0,0,0,,
2025onwsiat372,2025 ONWSIAT 372 (CanLII),2025-04-02,0,0,0,0,0,0,0,,
2025onwsiat373,2025 ONWSIAT 373 (CanLII),2025-04-02,0,0,0,0,0,0,0,,
2025onwsiat374,2025 ONWSIAT 374 (CanLII),2025-04-02,0,0,0,0,0,0,1,,
2025onwsiat375,2025 ONWSIAT 375 (CanLII),2025-04-02,0,0,0,0,0,0,0,,
2025onwsiat376,2025 ONWSIAT 376 (CanLII),2025-04-02,0,0,0,0,0,0,0,,
2025onwsiat377,2025 ONWSIAT 377 (CanLII),2025-04-03,0,0,0,0,0,0,0,,
2025onwsiat378,2025 ONWSIAT 378 (CanLII),2025-04-03,0,0,0,0,0,0,0,,
2025onwsiat379,2025 ONWSIAT 379 (CanLII),2025-04-03,0,0,0,0,0,0,0,,
2025onwsiat380,2025 ONWSIAT 380 (CanLII),2025-04-03,0,0,0,0,0,0,0,,
2025onwsiat381,2025 ONWSIAT 381 (CanLII),2025-04-03,0,0,0,0,0,0,0,,
2025onwsiat382,2025 ONWSIAT 382 (CanLII),2025-04-03,0,0,0,0,0,0,0,,
2025onwsiat383,2025 ONWSIAT 383 (CanLII),2025-04-04,0,0,0,0,0,0,0,,
2025onwsiat384,2025 ONWSIAT 384 (CanLII),2025-04-04,0,0,0,0,0,0,0,,
2025onwsiat385,2025 ONWSIAT 385 (CanLII),2025-04-04,0,0,0,0,0,0,0,,
2025onwsiat386,2025 ONWSIAT 386 (CanLII),2025-04-04,0,0,0,0,0,0,0,,
2025onwsiat387,2025 ONWSIAT 387 (CanLII),2025-04-07,0,0,0,0,0,0,0,,
2025onwsiat388,2025 ONWSIAT 388 (CanLII),2025-04-07,0,0,0,0,0,0,0,,
2025onwsiat389,2025 ONWSIAT 389 (CanLII),2025-04-08,0,0,0,0,0,0,0,,
2025onwsiat390,2025 ONWSIAT 390 (CanLII),2025-04-08,0,0,0,0,0,0,0,,
2025onwsiat391,2025 ONWSIAT 391 (CanLII),2025-04-08,0,0,0,0,0,0,0,,
2025onwsiat392,2025 ONWSIAT 392 (CanLII),2025-04-08,0,0,0,0,0,0,0,,
2025onwsiat393,2025 ONWSIAT 393 (CanLII),2025-04-08,0,0,0,0,0,0,0,,
2025onwsiat394,2025 ONWSIAT 394 (CanLII),2025-04-09,0,0,0,0,0,0,0,,
2025onwsiat395,2025 ONWSIAT 395 (CanLII),2025-04-09,0,0,0,0,0,0,1,,
2025onwsiat396,2025 ONWSIAT 396 (CanLII),2025-04-09,0,0,0,0,0,0,0,,
2025onwsiat397,2025 ONWSIAT 397 (CanLII),2025-04-09,0,0,0,0,0,0,0,,
2025onwsiat398,2025 ONWSIAT 398 (CanLII),2025-04-09,0,0,0,0,0,0,0,,
2025onwsiat399,2025 ONWSIAT 399 (CanLII),2025-04-10,0,0,0,0,0,0,0,,
2025onwsiat400,2025 ONWSIAT 400 (CanLII),2025-04-10,0,0,0,0,0,0,0,,
2025onwsiat401,2025 ONWSIAT 401 (CanLII),2025-04-10,0,0,0,0,0,0,0,,
2025onwsiat402,2025 ONWSIAT 402 (CanLII),2025-04-10,0,0,0,0,0,0,0,,
2025onwsiat403,2025 ONWSIAT 403 (CanLII),2025-04-10,0,0,0,0,0,0,0,,
2025onwsiat404,2025 ONWSIAT 404 (CanLII),2025-04-10,0,0,0,0,0,0,0,,
2025onwsiat405,2025 ONWSIAT 405 (CanLII),2025-04-11,0,0,0,0,0,0,0,,
2025onwsiat406,2025 ONWSIAT 406 (CanLII),2025-04-11,0,0,0,0,0,0,0,,
2025onwsiat407,2025 ONWSIAT 407 (CanLII),2025-04-11,0,0,0,0,0,0,0,,
2025onwsiat408,2025 ONWSIAT 408 (CanLII),2025-04-11,0,0,0,0,0,0,1,,
2025onwsiat409,2025 ONWSIAT 409 (CanLII),2025-04-11,0,0,0,0,0,0,0,,
2025onwsiat410,2025 ONWSIAT 410 (CanLII),2025-04-11,0,0,0,0,0,0,0,,
2025onwsiat411,2025 ONWSIAT 411 (CanLII),2025-04-11,0,0,0,0,0,0,0,,
2025onwsiat412,2025 ONWSIAT 412 (CanLII),2025-04-11,0,0,0,0,0,0,0,,
2025onwsiat413,2025 ONWSIAT 413 (CanLII),2025-04-11,0,0,0,0,0,0,0,,
2025onwsiat414,2025 ONWSIAT 414 (CanLII),2025-04-14,0,0,0,0,0,0,0,,
2025onwsiat415,2025 ONWSIAT 415 (CanLII),2025-04-14,0,0,0,0,0,0,0,,
2025onwsiat416,2025 ONWSIAT 416 (CanLII),2025-04-14,0,0,0,0,0,0,0,,
2025onwsiat417,2025 ONWSIAT 417 (CanLII),2025-04-14,0,0,0,0,0,0,0,,
2025onwsiat418,2025 ONWSIAT 418 (CanLII),2025-04-15,0,0,0,0,0,0,0,,
2025onwsiat419,2025 ONWSIAT 419 (CanLII),2025-04-15,0,0,0,0,0,0,0,,
2025onwsiat420,2025 ONWSIAT 420 (CanLII),2025-04-15,0,0,0,0,0,0,0,,
2025onwsiat421,2025 ONWSIAT 421 (CanLII),2025-04-15,0,0,0,0,0,0,0,,
2025onwsiat422,2025 ONWSIAT 422 (CanLII),2025-04-15,0,0,0,0,0,0,0,,
2025onwsiat423,2025 ONWSIAT 423 (CanLII),2025-04-15,0,0,0,0,0,0,0,,
2025onwsiat424,2025 ONWSIAT 424 (CanLII),2025-04-15,0,0,0,0,0,0,0,,
2025onwsiat425,2025 ONWSIAT 425 (CanLII),2025-04-15,0,0,0,0,0,0,0,,
2025onwsiat426,2025 ONWSIAT 426 (CanLII),2025-04-15,0,0,0,0,0,0,0,,
2025onwsiat427,2025 ONWSIAT 427 (CanLII),2025-04-15,0,0,0,0,0,0,0,,
2025onwsiat428,2025 ONWSIAT 428 (CanLII),2025-04-15,0,0,0,0,0,0,0,,
2025onwsiat429,2025 ONWSIAT 429 (CanLII),2025-04-15,0,0,0,0,0,0,0,,
2025onwsiat430,2025 ONWSIAT 430 (CanLII),2025-04-16,0,0,0,0,0,0,0,,
2025onwsiat431,2025 ONWSIAT 431 (CanLII),2025-04-16,0,0,0,0,0,0,0,,
2025onwsiat432,2025 ONWSIAT 432 (CanLII),2025-04-16,0,0,0,0,0,0,0,,
2025onwsiat433,2025 ONWSIAT 433 (CanLII),2025-04-16,0,0,0,0,0,0,0,,
2025onwsiat434,2025 ONWSIAT 434 (CanLII),2025-04-16,0,0,0,0,0,0,0,,
2025onwsiat435,2025 ONWSIAT 435 (CanLII),2025-04-16,0,0,0,0,0,0,0,,
2025onwsiat436,2025 ONWSIAT 436 (CanLII),2025-04-16,0,0,0,0,0,0,0,,
2025onwsiat437,2025 ONWSIAT 437 (CanLII),2025-04-17,0,0,0,0,0,0,1,,
2025onwsiat438,2025 ONWSIAT 438 (CanLII),2025-04-17,0,0,0,0,0,0,0,,
2025onwsiat439,2025 ONWSIAT 439 (CanLII),2025-04-17,0,0,0,0,0,0,0,,
2025onwsiat440,2025 ONWSIAT 440 (CanLII),2025-04-17,0,0,0,0,0,0,0,,
2025onwsiat441,2025 ONWSIAT 441 (CanLII),2025-04-17,0,0,0,0,0,0,0,,
2025onwsiat442,2025 ONWSIAT 442 (CanLII),2025-04-17,0,0,0,0,0,0,0,,
2025onwsiat443,2025 ONWSIAT 443 (CanLII),2025-04-17,0,0,0,0,0,0,0,,
2025onwsiat444,2025 ONWSIAT 444 (CanLII),2025-04-17,0,0,0,0,0,0,0,,
2025onwsiat445,2025 ONWSIAT 445 (CanLII),2025-04-17,0,0,0,0,0,0,0,,
2025onwsiat446,2025 ONWSIAT 446 (CanLII),2025-04-17,0,0,0,0,0,0,0,,
2025onwsiat447,2025 ONWSIAT 447 (CanLII),2025-04-17,0,0,0,0,0,0,0,,
2025onwsiat448,2025 ONWSIAT 448 (CanLII),2025-04-17,0,0,0,0,0,0,0,,
2025onwsiat449,2025 ONWSIAT 449 (CanLII),2025-04-22,0,0,0,0,0,0,0,,
2025onwsiat450,2025 ONWSIAT 450 (CanLII),2025-04-22,0,0,0,0,0,0,0,,
2025onwsiat451,2025 ONWSIAT 451 (CanLII),2025-04-22,0,0,0,0,0,0,0,,
2025onwsiat452,2025 ONWSIAT 452 (CanLII),2025-04-23,0,0,0,0,0,0,0,,
2025onwsiat453,2025 ONWSIAT 453 (CanLII),2025-04-23,0,0,0,0,0,0,0,,
2025onwsiat454,2025 ONWSIAT 454 (CanLII),2025-04-23,0,0,0,0,0,0,0,,
2025onwsiat455,2025 ONWSIAT 455 (CanLII),2025-04-24,0,0,0,0,0,0,0,,
2025onwsiat456,2025 ONWSIAT 456 (CanLII),2025-04-24,0,0,0,0,0,0,1,,
2025onwsiat457,2025 ONWSIAT 457 (CanLII),2025-04-24,0,0,0,0,0,0,0,,
2025onwsiat458,2025 ONWSIAT 458 (CanLII),2025-04-24,0,0,0,0,0,0,0,,
2025onwsiat459,2025 ONWSIAT 459 (CanLII),2025-04-24,0,0,0,0,0,0,0,,
2025onwsiat460,2025 ONWSIAT 460 (CanLII),2025-04-25,0,0,0,0,0,0,0,,
2025onwsiat461,2025 ONWSIAT 461 (CanLII),2025-04-25,0,0,0,0,0,0,0,,
2025onwsiat462,2025 ONWSIAT 462 (CanLII),2025-04-25,0,0,0,0,0,0,0,,
2025onwsiat463,2025 ONWSIAT 463 (CanLII),2025-04-25,0,0,0,0,0,0,0,,
2025onwsiat464,2025 ONWSIAT 464 (CanLII),2025-04-25,0,0,0,0,0,0,0,,
2025onwsiat465,2025 ONWSIAT 465 (CanLII),2025-04-25,0,0,0,0,0,0,0,,
2025onwsiat466,2025 ONWSIAT 466 (CanLII),2025-04-25,0,0,0,0,0,0,0,,
2025onwsiat467,2025 ONWSIAT 467 (CanLII),2025-04-25,0,0,0,0,0,0,1,,
2025onwsiat468,2025 ONWSIAT 468 (CanLII),2025-04-28,0,0,0,0,0,0,0,,
2025onwsiat469,2025 ONWSIAT 469 (CanLII),2025-04-28,0,0,0,0,0,0,0,,
2025onwsiat470,2025 ONWSIAT 470 (CanLII),2025-04-28,0,0,0,0,0,0,0,,
2025onwsiat471,2025 ONWSIAT 471 (CanLII),2025-04-28,0,0,0,0,0,0,1,,
2025onwsiat472,2025 ONWSIAT 472 (CanLII),2025-04-28,0,0,0,0,0,0,0,,
2025onwsiat473,2025 ONWSIAT 473 (CanLII),2025-04-28,0,0,0,0,0,0,0,,
2025onwsiat474,2025 ONWSIAT 474 (CanLII),2025-04-28,0,0,0,0,0,0,0,,
2025onwsiat475,2025 ONWSIAT 475 (CanLII),2025-04-28,0,0,0,0,0,0,1,,
2025onwsiat476,2025 ONWSIAT 476 (CanLII),2025-04-29,0,0,0,0,0,0,0,,
2025onwsiat477,2025 ONWSIAT 477 (CanLII),2025-04-29,0,0,0,0,0,0,0,,
2025onwsiat478,2025 ONWSIAT 478 (CanLII),2025-04-29,0,0,0,0,0,0,0,,
2025onwsiat479,2025 ONWSIAT 479 (CanLII),2025-04-29,0,0,0,0,0,0,0,,
2025onwsiat480,2025 ONWSIAT 480 (CanLII),2025-04-29,0,0,0,0,0,0,0,,
2025onwsiat481,2025 ONWSIAT 481 (CanLII),2025-04-29,0,0,0,0,0,0,0,,
2025onwsiat482,2025 ONWSIAT 482 (CanLII),2025-04-30,0,0,0,0,0,0,0,,
2025onwsiat483,2025 ONWSIAT 483 (CanLII),2025-04-30,0,0,0,0,0,0,0,,
2025onwsiat484,2025 ONWSIAT 484 (CanLII),2025-04-30,0,0,0,0,0,0,0,,
2025onwsiat485,2025 ONWSIAT 485 (CanLII),2025-04-30,0,0,0,0,0,0,0,,
2025onwsiat486,2025 ONWSIAT 486 (CanLII),2025-04-30,0,0,0,0,0,0,0,,
2025onwsiat487,2025 ONWSIAT 487 (CanLII),2025-04-30,0,0,0,0,0,0,0,,
2025onwsiat488,2025 ONWSIAT 488 (CanLII),2025-04-30,0,0,0,0,0,0,0,,
2025onwsiat489,2025 ONWSIAT 489 (CanLII),2025-04-30,0,0,0,0,0,0,0,,
2025onwsiat490,2025 ONWSIAT 490 (CanLII),2025-05-01,0,0,0,0,0,0,0,,
2025onwsiat491,2025 ONWSIAT 491 (CanLII),2025-05-01,0,0,0,0,0,0,0,,
2025onwsiat492,2025 ONWSIAT 492 (CanLII),2025-05-01,0,0,0,0,0,0,0,,
2025onwsiat493,2025 ONWSIAT 493 (CanLII),2025-05-01,0,0,0,0,0,0,0,,
2025onwsiat494,2025 ONWSIAT 494 (CanLII),2025-05-01,0,0,0,0,0,0,0,,
2025onwsiat495,2025 ONWSIAT 495 (CanLII),2025-05-02,0,0,0,0,0,0,0,,
2025onwsiat496,2025 ONWSIAT 496 (CanLII),2025-05-02,0,0,0,0,0,0,0,,
2025onwsiat497,2025 ONWSIAT 497 (CanLII),2025-05-02,0,0,0,0,0,0,0,,
2025onwsiat498,2025 ONWSIAT 498 (CanLII),2025-05-02,0,0,0,0,0,0,0,,
2025onwsiat499,2025 ONWSIAT 499 (CanLII),2025-05-05,0,0,0,0,0,0,0,,
2025onwsiat500,2025 ONWSIAT 500 (CanLII),2025-05-05,0,0,0,0,0,0,0,,
2025onwsiat501,2025 ONWSIAT 501 (CanLII),2025-05-05,0,0,0,0,0,0,0,,
2025onwsiat502,2025 ONWSIAT 502 (CanLII),2025-05-05,0,0,0,0,0,0,0,,
2025onwsiat503,2025 ONWSIAT 503 (CanLII),2025-05-06,0,0,0,0,0,0,0,,
2025onwsiat504,2025 ONWSIAT 504 (CanLII),2025-05-06,0,0,0,0,0,0,0,,
2025onwsiat505,2025 ONWSIAT 505 (CanLII),2025-05-06,0,0,0,0,0,0,0,,
2025onwsiat506,2025 ONWSIAT 506 (CanLII),2025-05-06,0,0,0,0,0,0,1,,
2025onwsiat507,2025 ONWSIAT 507 (CanLII),2025-05-12,0,0,0,0,0,0,1,,
2025onwsiat508,2025 ONWSIAT 508 (CanLII),2025-05-06,0,0,0,0,0,0,0,,
2025onwsiat509,2025 ONWSIAT 509 (CanLII),2025-05-06,0,0,0,0,0,0,0,,
2025onwsiat510,2025 ONWSIAT 510 (CanLII),2025-05-06,0,0,0,0,0,0,0,,
2025onwsiat511,2025 ONWSIAT 511 (CanLII),2025-05-06,0,0,0,0,0,0,0,,
2025onwsiat512,2025 ONWSIAT 512 (CanLII),2025-05-06,0,0,0,0,0,0,0,,
2025onwsiat513,2025 ONWSIAT 513 (CanLII),2025-05-06,0,0,0,0,0,0,0,,
2025onwsiat514,2025 ONWSIAT 514 (CanLII),2025-05-07,0,0,0,0,0,0,0,,
2025onwsiat515,2025 ONWSIAT 515 (CanLII),2025-05-07,0,0,0,0,0,0,0,,
2025onwsiat516,2025 ONWSIAT 516 (CanLII),2025-05-07,0,0,0,0,0,0,0,,
2025onwsiat517,2025 ONWSIAT 517 (CanLII),2025-05-07,0,0,0,0,0,0,0,,
2025onwsiat518,2025 ONWSIAT 518 (CanLII),2025-05-07,0,0,0,0,0,0,0,,
2025onwsiat519,2025 ONWSIAT 519 (CanLII),2025-05-07,0,0,0,0,0,0,0,,
2025onwsiat520,2025 ONWSIAT 520 (CanLII),2025-05-07,0,0,0,0,0,0,0,,
2025onwsiat521,2025 ONWSIAT 521 (CanLII),2025-05-07,0,0,0,0,0,0,0,,
2025onwsiat522,2025 ONWSIAT 522 (CanLII),2025-05-08,0,0,0,0,0,0,0,,
2025onwsiat523,2025 ONWSIAT 523 (CanLII),2025-05-08,0,0,0,0,0,0,0,,
2025onwsiat524,2025 ONWSIAT 524 (CanLII),2025-05-08,0,0,0,0,0,0,1,,
2025onwsiat525,2025 ONWSIAT 525 (CanLII),2025-05-08,0,0,0,0,0,0,0,,
2025onwsiat526,2025 ONWSIAT 526 (CanLII),2025-05-09,0,0,0,0,0,0,0,,
2025onwsiat527,2025 ONWSIAT 527 (CanLII),2025-05-09,0,0,0,0,0,0,0,,
2025onwsiat528,2025 ONWSIAT 528 (CanLII),2025-05-12,0,0,0,0,0,0,0,,
2025onwsiat529,2025 ONWSIAT 529 (CanLII),2025-05-12,0,0,0,0,0,0,0,,
2025onwsiat530,2025 ONWSIAT 530 (CanLII),2025-05-12,0,0,0,0,0,0,0,,
2025onwsiat531,2025 ONWSIAT 531 (CanLII),2025-05-12,0,0,0,0,0,0,1,,
2025onwsiat532,2025 ONWSIAT 532 (CanLII),2025-05-12,0,0,0,0,0,0,1,,
2025onwsiat533,2025 ONWSIAT 533 (CanLII),2025-05-12,0,0,0,0,0,0,1,,
2025onwsiat534,2025 ONWSIAT 534 (CanLII),2025-05-12,0,0,0,0,0,0,0,,
2025onwsiat535,2025 ONWSIAT 535 (CanLII),2025-05-13,0,0,0,0,0,0,0,,
2025onwsiat536,2025 ONWSIAT 536 (CanLII),2025-05-13,0,0,0,0,0,0,0,,
2025onwsiat537,2025 ONWSIAT 537 (CanLII),2025-05-13,0,0,0,0,0,0,0,,
2025onwsiat538,2025 ONWSIAT 538 (CanLII),2025-05-15,0,0,0,0,0,0,0,,
2025onwsiat539,2025 ONWSIAT 539 (CanLII),2025-05-13,0,0,0,0,0,0,0,,
2025onwsiat540,2025 ONWSIAT 540 (CanLII),2025-05-13,0,0,0,0,0,0,0,,
2025onwsiat541,2025 ONWSIAT 541 (CanLII),2025-05-13,0,0,0,0,0,0,0,,
2025onwsiat542,2025 ONWSIAT 542 (CanLII),2025-05-13,0,0,0,0,0,0,0,,
2025onwsiat543,2025 ONWSIAT 543 (CanLII),2025-05-14,0,0,0,0,0,0,0,,
2025onwsiat544,2025 ONWSIAT 544 (CanLII),2025-05-14,0,0,0,0,0,0,0,,
2025onwsiat545,2025 ONWSIAT 545 (CanLII),2025-05-14,0,0,0,0,0,0,1,,
2025onwsiat546,2025 ONWSIAT 546 (CanLII),2025-05-14,0,0,0,0,0,0,0,,
2025onwsiat547,2025 ONWSIAT 547 (CanLII),2025-05-15,0,0,0,0,0,0,0,,
2025onwsiat548,2025 ONWSIAT 548 (CanLII),2025-05-15,0,0,0,0,0,0,0,,
2025onwsiat549,2025 ONWSIAT 549 (CanLII),2025-05-15,0,0,0,0,0,0,0,,
2025onwsiat550,2025 ONWSIAT 550 (CanLII),2025-05-15,0,0,0,0,0,0,0,,
2025onwsiat551,2025 ONWSIAT 551 (CanLII),2025-05-16,0,0,0,0,0,0,0,,
2025onwsiat552,2025 ONWSIAT 552 (CanLII),2025-05-16,0,0,0,0,0,0,0,,
2025onwsiat553,2025 ONWSIAT 553 (CanLII),2025-05-16,0,0,0,0,0,0,0,,
2025onwsiat554,2025 ONWSIAT 554 (CanLII),2025-05-16,0,0,0,0,0,0,0,,
2025onwsiat555,2025 ONWSIAT 555 (CanLII),2025-05-20,0,0,0,0,0,0,0,,
2025onwsiat556,2025 ONWSIAT 556 (CanLII),2025-05-20,0,0,0,0,0,0,0,,
2025onwsiat557,2025 ONWSIAT 557 (CanLII),2025-05-20,0,0,0,0,0,0,0,,
2025onwsiat558,2025 ONWSIAT 558 (CanLII),2025-05-20,0,0,0,0,0,0,0,,
2025onwsiat559,2025 ONWSIAT 559 (CanLII),2025-05-20,0,0,0,0,0,0,0,,
2025onwsiat560,2025 ONWSIAT 560 (CanLII),2025-05-20,0,0,0,0,0,0,0,,
2025onwsiat561,2025 ONWSIAT 561 (CanLII),2025-05-20,0,0,0,0,0,0,0,,
2025onwsiat562,2025 ONWSIAT 562 (CanLII),2025-05-20,0,0,0,0,0,0,1,,
2025onwsiat563,2025 ONWSIAT 563 (CanLII),2025-05-20,0,0,0,0,0,0,0,,
2025onwsiat564,2025 ONWSIAT 564 (CanLII),2025-05-20,0,0,0,0,0,0,0,,
2025onwsiat565,2025 ONWSIAT 565 (CanLII),2025-05-21,0,0,0,0,0,0,0,,
2025onwsiat566,2025 ONWSIAT 566 (CanLII),2025-05-21,0,0,0,0,0,0,1,,
2025onwsiat567,2025 ONWSIAT 567 (CanLII),2025-05-21,0,0,0,0,0,0,0,,
2025onwsiat568,2025 ONWSIAT 568 (CanLII),2025-05-21,0,0,0,0,0,0,0,,
2025onwsiat569,2025 ONWSIAT 569 (CanLII),2025-05-21,0,0,0,0,0,0,0,,
2025onwsiat570,2025 ONWSIAT 570 (CanLII),2025-05-21,0,0,0,0,0,0,0,,
2025onwsiat571,2025 ONWSIAT 571 (CanLII),2025-05-21,0,0,0,0,0,0,1,,
2025onwsiat572,2025 ONWSIAT 572 (CanLII),2025-05-22,0,0,0,0,0,0,0,,
2025onwsiat573,2025 ONWSIAT 573 (CanLII),2025-05-22,0,0,0,0,0,0,0,,
2025onwsiat574,2025 ONWSIAT 574 (CanLII),2025-05-22,0,0,0,0,0,0,0,,
2025onwsiat575,2025 ONWSIAT 575 (CanLII),2025-05-22,0,0,0,0,0,0,0,,
2025onwsiat576,2025 ONWSIAT 576 (CanLII),2025-05-22,0,0,0,0,0,0,0,,
2025onwsiat577,2025 ONWSIAT 577 (CanLII),2025-05-22,0,0,0,0,0,0,0,,
2025onwsiat578,2025 ONWSIAT 578 (CanLII),2025-05-23,0,0,0,0,0,0,0,,
2025onwsiat579,2025 ONWSIAT 579 (CanLII),2025-05-23,0,0,0,0,0,0,0,,
2025onwsiat580,2025 ONWSIAT 580 (CanLII),2025-05-23,0,0,0,0,0,0,0,,
2025onwsiat581,2025 ONWSIAT 581 (CanLII),2025-05-23,0,0,0,0,0,0,0,,
2025onwsiat582,2025 ONWSIAT 582 (CanLII),2025-05-23,0,0,0,0,0,0,0,,
2025onwsiat583,2025 ONWSIAT 583 (CanLII),2025-05-23,0,0,0,0,0,0,0,,
2025onwsiat584,2025 ONWSIAT 584 (CanLII),2025-05-23,0,0,0,0,0,0,0,,
2025onwsiat585,2025 ONWSIAT 585 (CanLII),2025-05-23,0,0,0,0,0,0,0,,
2025onwsiat586,2025 ONWSIAT 586 (CanLII),2025-05-23,0,0,0,0,0,0,0,,
2025onwsiat587,2025 ONWSIAT 587 (CanLII),2025-05-26,0,0,0,0,0,0,0,,
2025onwsiat588,2025 ONWSIAT 588 (CanLII),2025-05-26,0,0,0,0,0,0,1,,
2025onwsiat589,2025 ONWSIAT 589 (CanLII),2025-05-26,0,0,0,0,0,0,0,,
2025onwsiat590,2025 ONWSIAT 590 (CanLII),2025-05-26,0,0,0,0,0,0,0,,
2025onwsiat591,2025 ONWSIAT 591 (CanLII),2025-05-26,0,0,0,0,0,0,0,,
2025onwsiat592,2025 ONWSIAT 592 (CanLII),2025-05-26,0,0,0,0,0,0,0,,
2025onwsiat593,2025 ONWSIAT 593 (CanLII),2025-05-26,0,0,0,0,0,0,0,,
2025onwsiat594,2025 ONWSIAT 594 (CanLII),2025-05-26,0,0,0,0,0,0,0,,
2025onwsiat595,2025 ONWSIAT 595 (CanLII),2025-05-26,0,0,0,0,0,0,0,,
2025onwsiat596,2025 ONWSIAT 596 (CanLII),2025-05-27,0,0,0,0,0,0,0,,
2025onwsiat597,2025 ONWSIAT 597 (CanLII),2025-05-27,0,0,0,0,0,0,0,,
2025onwsiat598,2025 ONWSIAT 598 (CanLII),2025-05-27,0,0,0,0,0,0,0,,
2025onwsiat599,2025 ONWSIAT 599 (CanLII),2025-05-27,0,0,0,0,0,0,0,,
2025onwsiat600,2025 ONWSIAT 600 (CanLII),2025-05-27,0,0,0,0,0,0,1,,
2025onwsiat601,2025 ONWSIAT 601 (CanLII),2025-05-27,0,0,0,0,0,0,0,,
2025onwsiat602,2025 ONWSIAT 602 (CanLII),2025-05-27,0,0,0,0,0,0,0,,
2025onwsiat603,2025 ONWSIAT 603 (CanLII),2025-05-27,0,0,0,0,0,0,0,,
2025onwsiat604,2025 ONWSIAT 604 (CanLII),2025-05-28,0,0,0,0,0,0,0,,
2025onwsiat605,2025 ONWSIAT 605 (CanLII),2025-05-28,0,0,0,0,0,0,0,,
2025onwsiat606,2025 ONWSIAT 606 (CanLII),2025-05-28,0,0,0,0,0,0,0,,
2025onwsiat607,2025 ONWSIAT 607 (CanLII),2025-05-28,0,0,0,0,0,0,0,,
2025onwsiat608,2025 ONWSIAT 608 (CanLII),2025-05-28,0,0,0,0,0,0,0,,
2025onwsiat609,2025 ONWSIAT 609 (CanLII),2025-05-28,0,0,0,0,0,0,0,,
2025onwsiat610,2025 ONWSIAT 610 (CanLII),2025-05-28,0,0,0,0,0,0,0,,
2025onwsiat611,2025 ONWSIAT 611 (CanLII),2025-05-28,0,0,0,0,0,0,0,,
2025onwsiat612,2025 ONWSIAT 612 (CanLII),2025-05-28,0,0,0,0,0,0,0,,
2025onwsiat613,2025 ONWSIAT 613 (CanLII),2025-05-28,0,0,0,0,0,0,0,,
2025onwsiat614,2025 ONWSIAT 614 (CanLII),2025-05-29,0,0,0,0,0,0,0,,
2025onwsiat615,2025 ONWSIAT 615 (CanLII),2025-05-29,0,0,0,0,0,0,0,,
2025onwsiat616,2025 ONWSIAT 616 (CanLII),2025-05-29,0,0,0,0,0,0,0,,
2025onwsiat617,2025 ONWSIAT 617 (CanLII),2025-05-29,0,0,0,0,0,0,0,,
2025onwsiat618,2025 ONWSIAT 618 (CanLII),2025-05-29,0,0,0,0,0,0,0,,
2025onwsiat619,2025 ONWSIAT 619 (CanLII),2025-05-30,0,0,0,0,0,0,0,,
2025onwsiat620,2025 ONWSIAT 620 (CanLII),2025-05-30,0,0,0,0,0,0,0,,
2025onwsiat621,2025 ONWSIAT 621 (CanLII),2025-05-30,0,0,0,0,0,0,0,,
2025onwsiat622,2025 ONWSIAT 622 (CanLII),2025-05-30,0,0,0,0,0,0,0,,
2025onwsiat623,2025 ONWSIAT 623 (CanLII),2025-05-30,0,0,0,0,0,0,0,,
2025onwsiat624,2025 ONWSIAT 624 (CanLII),2025-05-30,0,0,0,0,0,0,1,,
2025onwsiat625,2025 ONWSIAT 625 (CanLII),2025-05-30,0,0,0,0,0,0,0,,
2025onwsiat626,2025 ONWSIAT 626 (CanLII),2025-05-30,0,0,0,0,0,0,0,,
2025onwsiat627,2025 ONWSIAT 627 (CanLII),2025-05-30,0,0,0,0,0,0,0,,
2025onwsiat628,2025 ONWSIAT 628 (CanLII),2025-06-02,0,0,0,0,0,0,0,,
2025onwsiat629,2025 ONWSIAT 629 (CanLII),2025-06-02,0,0,0,0,0,0,0,,
2025onwsiat630,2025 ONWSIAT 630 (CanLII),2025-06-02,0,0,0,0,0,0,0,,
2025onwsiat631,2025 ONWSIAT 631 (CanLII),2025-06-03,0,0,0,0,0,0,0,,
2025onwsiat632,2025 ONWSIAT 632 (CanLII),2025-06-03,0,0,0,0,0,0,0,,
2025onwsiat633,2025 ONWSIAT 633 (CanLII),2025-06-04,0,0,0,0,0,0,0,,
2025onwsiat634,2025 ONWSIAT 634 (CanLII),2025-06-04,0,0,0,0,0,0,0,,
2025onwsiat635,2025 ONWSIAT 635 (CanLII),2025-06-04,0,0,0,0,0,0,0,,
2025onwsiat636,2025 ONWSIAT 636 (CanLII),2025-06-04,0,0,0,0,0,0,0,,
2025onwsiat637,2025 ONWSIAT 637 (CanLII),2025-06-05,0,0,0,0,0,0,0,,
2025onwsiat638,2025 ONWSIAT 638 (CanLII),2025-06-05,0,0,0,0,0,0,0,,
2025onwsiat639,2025 ONWSIAT 639 (CanLII),2025-06-05,0,0,0,0,0,0,0,,
2025onwsiat640,2025 ONWSIAT 640 (CanLII),2025-06-05,0,0,0,0,0,0,0,,
2025onwsiat641,2025 ONWSIAT 641 (CanLII),2025-06-05,0,0,0,0,0,0,1,,
2025onwsiat642,2025 ONWSIAT 642 (CanLII),2025-06-06,0,0,0,0,0,0,0,,
2025onwsiat643,2025 ONWSIAT 643 (CanLII),2025-06-06,0,0,0,0,0,0,0,,
2025onwsiat644,2025 ONWSIAT 644 (CanLII),2025-06-06,0,0,0,0,0,0,0,,
2025onwsiat645,2025 ONWSIAT 645 (CanLII),2025-06-06,0,0,0,0,0,0,1,,
2025onwsiat646,2025 ONWSIAT 646 (CanLII),2025-06-06,0,0,0,0,0,0,0,,
2025onwsiat647,2025 ONWSIAT 647 (CanLII),2025-06-06,0,0,0,0,0,0,0,,
2025onwsiat648,2025 ONWSIAT 648 (CanLII),2025-06-06,0,0,0,0,0,0,0,,
2025onwsiat649,2025 ONWSIAT 649 (CanLII),2025-06-09,0,0,0,0,0,0,0,,
2025onwsiat650,2025 ONWSIAT 650 (CanLII),2025-06-10,0,0,0,0,0,0,0,,
2025onwsiat651,2025 ONWSIAT 651 (CanLII),2025-06-10,0,0,0,0,0,0,0,,
2025onwsiat652,2025 ONWSIAT 652 (CanLII),2025-06-10,0,0,0,0,0,0,0,,
2025onwsiat653,2025 ONWSIAT 653 (CanLII),2025-06-10,0,0,0,0,0,0,1,,
2025onwsiat654,2025 ONWSIAT 654 (CanLII),2025-06-10,0,0,0,0,0,0,0,,
2025onwsiat655,2025 ONWSIAT 655 (CanLII),2025-06-10,0,0,0,0,0,0,0,,
2025onwsiat656,2025 ONWSIAT 656 (CanLII),2025-06-11,0,0,0,0,0,0,0,,
2025onwsiat657,2025 ONWSIAT 657 (CanLII),2025-06-11,0,0,0,0,0,0,0,,
2025onwsiat658,2025 ONWSIAT 658 (CanLII),2025-06-11,0,0,0,0,0,0,1,,
2025onwsiat659,2025 ONWSIAT 659 (CanLII),2025-06-11,0,0,0,0,0,0,0,,
2025onwsiat660,2025 ONWSIAT 660 (CanLII),2025-06-11,0,0,0,0,0,0,0,,
2025onwsiat661,2025 ONWSIAT 661 (CanLII),2025-06-11,0,0,0,0,0,0,0,,
2025onwsiat662,2025 ONWSIAT 662 (CanLII),2025-06-12,0,0,0,0,0,0,0,,
2025onwsiat663,2025 ONWSIAT 663 (CanLII),2025-06-12,0,0,0,0,0,0,0,,
2025onwsiat664,2025 ONWSIAT 664 (CanLII),2025-06-12,0,0,0,0,0,0,0,,
2025onwsiat665,2025 ONWSIAT 665 (CanLII),2025-06-12,0,0,0,0,0,0,0,,
2025onwsiat666,2025 ONWSIAT 666 (CanLII),2025-06-12,0,0,0,0,0,0,0,,
2025onwsiat667,2025 ONWSIAT 667 (CanLII),2025-06-12,0,0,0,0,0,0,0,,
2025onwsiat668,2025 ONWSIAT 668 (CanLII),2025-06-12,0,0,0,0,0,0,0,,
2025onwsiat669,2025 ONWSIAT 669 (CanLII),2025-06-13,0,0,0,0,0,0,0,,
2025onwsiat670,2025 ONWSIAT 670 (CanLII),2025-06-13,0,0,0,0,0,0,0,,
2025onwsiat671,2025 ONWSIAT 671 (CanLII),2025-06-13,0,0,0,0,0,0,0,,
2025onwsiat672,2025 ONWSIAT 672 (CanLII),2025-06-16,0,0,0,0,0,0,0,,
2025onwsiat673,2025 ONWSIAT 673 (CanLII),2025-06-16,0,0,0,0,0,0,0,,
2025onwsiat674,2025 ONWSIAT 674 (CanLII),2025-06-16,0,0,0,0,0,0,1,,
2025onwsiat675,2025 ONWSIAT 675 (CanLII),2025-06-16,0,0,0,0,0,0,0,,
2025onwsiat676,2025 ONWSIAT 676 (CanLII),2025-06-16,0,0,0,0,0,0,0,,
2025onwsiat677,2025 ONWSIAT 677 (CanLII),2025-06-16,0,0,0,0,0,0,0,,
2025onwsiat678,2025 ONWSIAT 678 (CanLII),2025-06-17,0,0,0,0,0,0,0,,
2025onwsiat679,2025 ONWSIAT 679 (CanLII),2025-06-17,0,0,0,0,0,0,0,,
2025onwsiat680,2025 ONWSIAT 680 (CanLII),2025-06-17,0,0,0,0,0,0,0,,
2025onwsiat681,2025 ONWSIAT 681 (CanLII),2025-06-17,0,0,0,0,0,0,0,,
2025onwsiat682,2025 ONWSIAT 682 (CanLII),2025-06-18,0,0,0,0,0,0,0,,
2025onwsiat683,2025 ONWSIAT 683 (CanLII),2025-06-18,0,0,0,0,0,0,0,,
2025onwsiat684,2025 ONWSIAT 684 (CanLII),2025-06-18,0,0,0,0,0,0,0,,
2025onwsiat685,2025 ONWSIAT 685 (CanLII),2025-06-19,0,0,0,0,0,0,0,,
2025onwsiat686,2025 ONWSIAT 686 (CanLII),2025-06-19,0,0,0,0,0,0,0,,
2025onwsiat687,2025 ONWSIAT 687 (CanLII),2025-06-19,0,0,0,0,0,0,0,,
2025onwsiat688,2025 ONWSIAT 688 (CanLII),2025-06-19,0,0,0,0,0,0,0,,
2025onwsiat689,2025 ONWSIAT 689 (CanLII),2025-06-19,0,0,0,0,0,0,0,,
2025onwsiat690,2025 ONWSIAT 690 (CanLII),2025-06-19,0,0,0,0,0,0,0,,
2025onwsiat691,2025 ONWSIAT 691 (CanLII),2025-06-19,1,0,0,0,0,0,0,,
2025onwsiat692,2025 ONWSIAT 692 (CanLII),2025-06-19,0,0,0,0,0,0,0,,
2025onwsiat693,2025 ONWSIAT 693 (CanLII),2025-06-20,0,0,0,0,0,0,0,,
2025onwsiat694,2025 ONWSIAT 694 (CanLII),2025-06-20,0,0,0,0,0,0,0,,
2025onwsiat695,2025 ONWSIAT 695 (CanLII),2025-06-20,0,0,0,0,0,0,0,,
2025onwsiat696,2025 ONWSIAT 696 (CanLII),2025-06-20,0,0,0,0,0,0,0,,
2025onwsiat697,2025 ONWSIAT 697 (CanLII),2025-06-20,0,0,0,0,0,0,0,,
2025onwsiat698,2025 ONWSIAT 698 (CanLII),2025-06-20,0,0,0,0,0,0,0,,
2025onwsiat699,2025 ONWSIAT 699 (CanLII),2025-06-20,0,0,0,0,0,0,0,,
2025onwsiat700,2025 ONWSIAT 700 (CanLII),2025-06-20,0,0,0,0,0,0,0,,
2025onwsiat701,2025 ONWSIAT 701 (CanLII),2025-06-20,0,0,0,0,0,0,0,,
2025onwsiat702,2025 ONWSIAT 702 (CanLII),2025-06-20,0,0,0,0,0,0,0,,
2025onwsiat703,2025 ONWSIAT 703 (CanLII),2025-06-20,0,0,0,0,0,0,0,,
2025onwsiat704,2025 ONWSIAT 704 (CanLII),2025-06-20,0,0,0,0,0,0,0,,
2025onwsiat705,2025 ONWSIAT 705 (CanLII),2025-06-20,0,0,0,0,0,0,0,,
2025onwsiat706,2025 ONWSIAT 706 (CanLII),2025-06-20,0,0,0,0,0,0,0,,
2025onwsiat707,2025 ONWSIAT 707 (CanLII),2025-06-20,0,0,0,0,0,0,0,,
2025onwsiat708,2025 ONWSIAT 708 (CanLII),2025-06-23,1,0,0,0,0,0,0,,
2025onwsiat709,2025 ONWSIAT 709 (CanLII),2025-06-23,0,0,0,0,0,0,0,,
2025onwsiat710,2025 ONWSIAT 710 (CanLII),2025-06-23,0,0,0,0,0,0,0,,
2025onwsiat711,2025 ONWSIAT 711 (CanLII),2025-06-23,0,0,0,0,0,0,0,,
2025onwsiat712,2025 ONWSIAT 712 (CanLII),2025-06-23,0,0,0,0,0,0,0,,
2025onwsiat713,2025 ONWSIAT 713 (CanLII),2025-06-23,0,0,0,0,0,0,0,,
2025onwsiat714,2025 ONWSIAT 714 (CanLII),2025-06-23,0,0,0,0,0,0,0,,
2025onwsiat715,2025 ONWSIAT 715 (CanLII),2025-06-23,0,0,0,0,0,0,0,,
2025onwsiat716,2025 ONWSIAT 716 (CanLII),2025-06-24,0,0,0,0,0,0,0,,
2025onwsiat717,2025 ONWSIAT 717 (CanLII),2025-06-24,0,0,0,0,0,0,0,,
2025onwsiat718,2025 ONWSIAT 718 (CanLII),2025-06-24,0,0,0,0,0,0,0,,
2025onwsiat719,2025 ONWSIAT 719 (CanLII),2025-06-24,0,0,0,0,0,0,0,,
2025onwsiat720,2025 ONWSIAT 720 (CanLII),2025-06-24,0,0,0,0,0,0,0,,
2025onwsiat721,2025 ONWSIAT 721 (CanLII),2025-06-24,0,0,0,0,0,0,1,,
2025onwsiat722,2025 ONWSIAT 722 (CanLII),2025-06-24,0,0,0,0,0,0,0,,
2025onwsiat723,2025 ONWSIAT 723 (CanLII),2025-06-24,0,0,0,0,0,0,0,,
2025onwsiat724,2025 ONWSIAT 724 (CanLII),2025-06-24,0,0,0,0,0,0,0,,
2025onwsiat725,2025 ONWSIAT 725 (CanLII),2025-06-24,0,0,0,0,0,0,0,,
2025onwsiat726,2025 ONWSIAT 726 (CanLII),2025-06-24,0,0,0,0,0,0,0,,
2025onwsiat727,2025 ONWSIAT 727 (CanLII),2025-06-24,0,0,0,0,0,0,0,,
2025onwsiat728,2025 ONWSIAT 728 (CanLII),2025-06-24,0,0,0,0,0,0,0,,
2025onwsiat729,2025 ONWSIAT 729 (CanLII),2025-06-25,0,0,0,0,0,0,0,,
2025onwsiat730,2025 ONWSIAT 730 (CanLII),2025-06-25,0,0,0,0,0,0,0,,
2025onwsiat731,2025 ONWSIAT 731 (CanLII),2025-06-25,0,0,0,0,0,0,0,,
2025onwsiat732,2025 ONWSIAT 732 (CanLII),2025-06-25,0,0,0,0,0,0,1,,
2025onwsiat733,2025 ONWSIAT 733 (CanLII),2025-06-25,0,0,0,0,0,0,0,,
2025onwsiat734,2025 ONWSIAT 734 (CanLII),2025-06-25,0,0,0,0,0,0,0,,
2025onwsiat735,2025 ONWSIAT 735 (CanLII),2025-06-25,0,0,0,0,0,0,0,,
2025onwsiat736,2025 ONWSIAT 736 (CanLII),2025-06-25,0,0,0,0,0,0,0,,
2025onwsiat737,2025 ONWSIAT 737 (CanLII),2025-06-26,0,0,0,0,0,0,1,,
2025onwsiat738,2025 ONWSIAT 738 (CanLII),2025-06-26,0,0,0,0,0,0,0,,
2025onwsiat739,2025 ONWSIAT 739 (CanLII),2025-06-26,0,0,0,0,0,0,0,,
2025onwsiat740,2025 ONWSIAT 740 (CanLII),2025-06-26,0,0,0,0,0,0,1,,
2025onwsiat741,2025 ONWSIAT 741 (CanLII),2025-06-26,0,0,0,0,0,0,0,,
2025onwsiat742,2025 ONWSIAT 742 (CanLII),2025-06-26,0,0,0,0,0,0,0,,
2025onwsiat743,2025 ONWSIAT 743 (CanLII),2025-06-26,0,0,0,0,0,0,0,,
2025onwsiat744,2025 ONWSIAT 744 (CanLII),2025-06-26,0,0,0,0,0,0,1,,
2025onwsiat745,2025 ONWSIAT 745 (CanLII),2025-06-26,0,0,0,0,0,0,1,,
2025onwsiat746,2025 ONWSIAT 746 (CanLII),2025-06-26,0,0,0,0,0,0,0,,
2025onwsiat747,2025 ONWSIAT 747 (CanLII),2025-06-27,0,0,0,0,0,0,0,,
2025onwsiat748,2025 ONWSIAT 748 (CanLII),2025-06-27,0,0,0,0,0,0,0,,
2025onwsiat749,2025 ONWSIAT 749 (CanLII),2025-06-27,0,0,0,0,0,0,0,,
2025onwsiat750,2025 ONWSIAT 750 (CanLII),2025-06-27,0,0,0,0,0,0,0,,
2025onwsiat751,2025 ONWSIAT 751 (CanLII),2025-06-27,0,0,0,0,0,0,0,,
2025onwsiat752,2025 ONWSIAT 752 (CanLII),2025-06-27,0,0,0,0,0,0,1,,
2025onwsiat753,2025 ONWSIAT 753 (CanLII),2025-06-27,0,0,0,0,0,0,0,,
2025onwsiat754,2025 ONWSIAT 754 (CanLII),2025-06-27,0,0,0,0,0,0,0,,
2025onwsiat755,2025 ONWSIAT 755 (CanLII),2025-06-30,0,0,0,0,0,0,0,,
2025onwsiat756,2025 ONWSIAT 756 (CanLII),2025-06-30,0,0,0,0,0,0,0,,
2025onwsiat757,2025 ONWSIAT 757 (CanLII),2025-07-02,0,0,0,0,0,0,0,,
2025onwsiat758,2025 ONWSIAT 758 (CanLII),2025-06-30,0,0,0,0,0,0,0,,
2025onwsiat759,2025 ONWSIAT 759 (CanLII),2025-06-30,0,0,0,0,0,0,0,,
2025onwsiat760,2025 ONWSIAT 760 (CanLII),2025-06-30,0,0,0,0,0,0,0,,
2025onwsiat761,2025 ONWSIAT 761 (CanLII),2025-07-02,0,0,0,0,0,0,0,,
2025onwsiat762,2025 ONWSIAT 762 (CanLII),2025-07-02,0,0,0,0,0,0,0,,
2025onwsiat763,2025 ONWSIAT 763 (CanLII),2025-07-02,0,0,0,0,0,0,0,,
2025onwsiat764,2025 ONWSIAT 764 (CanLII),2025-07-02,0,0,0,0,0,0,0,,
2025onwsiat765,2025 ONWSIAT 765 (CanLII),2025-07-03,0,0,0,0,0,0,0,,
2025onwsiat766,2025 ONWSIAT 766 (CanLII),2025-07-03,0,0,0,0,0,0,0,,
2025onwsiat767,2025 ONWSIAT 767 (CanLII),2025-07-03,0,0,0,0,0,0,0,,
2025onwsiat768,2025 ONWSIAT 768 (CanLII),2025-07-03,0,0,0,0,0,0,0,,
2025onwsiat769,2025 ONWSIAT 769 (CanLII),2025-07-03,0,0,0,0,0,0,0,,
2025onwsiat770,2025 ONWSIAT 770 (CanLII),2025-07-03,0,0,0,0,0,0,0,,
2025onwsiat771,2025 ONWSIAT 771 (CanLII),2025-07-03,0,0,0,0,0,0,0,,
2025onwsiat772,2025 ONWSIAT 772 (CanLII),2025-07-03,0,0,0,0,0,0,0,,
2025onwsiat773,2025 ONWSIAT 773 (CanLII),2025-07-03,0,0,0,0,0,0,0,,
2025onwsiat774,2025 ONWSIAT 774 (CanLII),2025-07-03,0,0,0,0,0,0,0,,
2025onwsiat775,2025 ONWSIAT 775 (CanLII),2025-07-03,0,0,0,0,0,0,0,,
2025onwsiat776,2025 ONWSIAT 776 (CanLII),2025-07-04,0,0,0,0,0,0,0,,
2025onwsiat777,2025 ONWSIAT 777 (CanLII),2025-07-04,0,0,0,0,0,0,1,,
2025onwsiat778,2025 ONWSIAT 778 (CanLII),2025-07-04,0,0,0,0,0,0,0,,
2025onwsiat779,2025 ONWSIAT 779 (CanLII),2025-07-04,0,0,0,0,0,0,0,,
2025onwsiat780,2025 ONWSIAT 780 (CanLII),2025-07-04,0,0,0,0,0,0,0,,
2025onwsiat781,2025 ONWSIAT 781 (CanLII),2025-07-16,0,0,0,0,0,0,0,,
2025onwsiat782,2025 ONWSIAT 782 (CanLII),2025-07-07,0,0,0,0,0,0,0,,
2025onwsiat783,2025 ONWSIAT 783 (CanLII),2025-07-07,0,0,0,0,0,0,0,,
2025onwsiat784,2025 ONWSIAT 784 (CanLII),2025-07-07,0,0,0,0,0,0,0,,
2025onwsiat785,2025 ONWSIAT 785 (CanLII),2025-07-08,0,0,0,0,0,0,0,,
2025onwsiat786,2025 ONWSIAT 786 (CanLII),2025-07-08,0,0,0,0,0,0,0,,
2025onwsiat788,2025 ONWSIAT 788 (CanLII),2025-07-08,0,0,0,0,0,0,0,,
2025onwsiat789,2025 ONWSIAT 789 (CanLII),2025-07-09,0,0,0,0,0,0,0,,
2025onwsiat790,2025 ONWSIAT 790 (CanLII),2025-07-09,0,0,0,0,0,0,0,,
2025onwsiat791,2025 ONWSIAT 791 (CanLII),2025-07-09,0,0,0,0,0,0,0,,
2025onwsiat792,2025 ONWSIAT 792 (CanLII),2025-07-09,0,0,0,0,0,0,0,,
2025onwsiat793,2025 ONWSIAT 793 (CanLII),2025-07-10,1,0,0,0,0,0,0,,
2025onwsiat794,2025 ONWSIAT 794 (CanLII),2025-07-10,0,0,0,0,0,0,0,,
2025onwsiat795,2025 ONWSIAT 795 (CanLII),2025-07-10,0,0,0,0,0,0,1,,
2025onwsiat796,2025 ONWSIAT 796 (CanLII),2025-07-10,0,0,0,0,0,0,0,,
2025onwsiat797,2025 ONWSIAT 797 (CanLII),2025-07-10,0,0,0,0,0,0,0,,
2025onwsiat798,2025 ONWSIAT 798 (CanLII),2025-07-11,0,0,0,0,0,0,1,,
2025onwsiat799,2025 ONWSIAT 799 (CanLII),2025-07-11,0,0,0,0,0,0,0,,
2025onwsiat800,2025 ONWSIAT 800 (CanLII),2025-07-11,0,0,0,0,0,0,0,,
2025onwsiat801,2025 ONWSIAT 801 (CanLII),2025-07-11,0,0,0,0,0,0,1,,
2025onwsiat802,2025 ONWSIAT 802 (CanLII),2025-07-11,0,0,0,0,0,0,0,,
2025onwsiat803,2025 ONWSIAT 803 (CanLII),2025-07-11,0,0,0,0,0,0,0,,
2025onwsiat804,2025 ONWSIAT 804 (CanLII),2025-07-11,0,0,0,0,0,0,1,,
2025onwsiat805,2025 ONWSIAT 805 (CanLII),2025-07-11,0,0,0,0,0,0,0,,
2025onwsiat806,2025 ONWSIAT 806 (CanLII),2025-07-14,0,0,0,0,0,0,0,,
2025onwsiat807,2025 ONWSIAT 807 (CanLII),2025-07-14,0,0,0,0,0,0,0,,
2025onwsiat808,2025 ONWSIAT 808 (CanLII),2025-07-14,0,0,0,0,0,0,0,,
2025onwsiat809,2025 ONWSIAT 809 (CanLII),2025-07-14,0,0,0,0,0,0,0,,
2025onwsiat810,2025 ONWSIAT 810 (CanLII),2025-07-14,0,0,0,0,0,0,1,,
2025onwsiat811,2025 ONWSIAT 811 (CanLII),2025-07-15,0,0,0,0,0,0,0,,
2025onwsiat812,2025 ONWSIAT 812 (CanLII),2025-07-15,0,0,0,0,0,0,0,,
2025onwsiat813,2025 ONWSIAT 813 (CanLII),2025-07-15,0,0,0,0,0,0,0,,
2025onwsiat814,2025 ONWSIAT 814 (CanLII),2025-07-15,0,0,0,0,0,0,0,,
2025onwsiat815,2025 ONWSIAT 815 (CanLII),2025-07-15,0,0,0,0,0,0,0,,
2025onwsiat816,2025 ONWSIAT 816 (CanLII),2025-07-15,0,0,0,0,0,0,0,,
2025onwsiat817,2025 ONWSIAT 817 (CanLII),2025-07-15,0,0,0,0,0,0,0,,
2025onwsiat818,2025 ONWSIAT 818 (CanLII),2025-07-15,0,0,0,0,0,0,0,,
2025onwsiat819,2025 ONWSIAT 819 (CanLII),2025-07-15,0,0,0,0,0,0,0,,
2025onwsiat821,2025 ONWSIAT 821 (CanLII),2025-07-16,0,0,0,0,0,0,0,,
2025onwsiat822,2025 ONWSIAT 822 (CanLII),2025-07-16,0,0,0,0,0,0,0,,
2025onwsiat823,2025 ONWSIAT 823 (CanLII),2025-07-16,0,0,0,0,0,0,0,,
2025onwsiat824,2025 ONWSIAT 824 (CanLII),2025-07-16,0,0,0,0,0,0,0,,
2025onwsiat825,2025 ONWSIAT 825 (CanLII),2025-07-16,0,0,0,0,0,0,0,,
2025onwsiat826,2025 ONWSIAT 826 (CanLII),2025-07-17,0,0,0,0,0,0,0,,
2025onwsiat827,2025 ONWSIAT 827 (CanLII),2025-07-17,0,0,0,0,0,0,0,,
2025onwsiat828,2025 ONWSIAT 828 (CanLII),2025-07-17,0,0,0,0,0,0,0,,
2025onwsiat829,2025 ONWSIAT 829 (CanLII),2025-07-17,0,0,0,0,0,0,0,,
2025onwsiat830,2025 ONWSIAT 830 (CanLII),2025-07-17,0,0,0,0,0,0,0,,
2025onwsiat831,2025 ONWSIAT 831 (CanLII),2025-07-17,0,0,0,0,0,0,0,,
2025onwsiat832,2025 ONWSIAT 832 (CanLII),2025-07-17,0,0,0,0,0,0,0,,
2025onwsiat833,2025 ONWSIAT 833 (CanLII),2025-07-17,0,0,0,0,0,0,0,,
2025onwsiat834,2025 ONWSIAT 834 (CanLII),2025-07-17,0,0,0,0,0,0,1,,
2025onwsiat835,2025 ONWSIAT 835 (CanLII),2025-07-17,0,0,0,0,0,0,0,,
2025onwsiat836,2025 ONWSIAT 836 (CanLII),2025-07-17,0,0,0,0,0,0,0,,
2025onwsiat837,2025 ONWSIAT 837 (CanLII),2025-07-17,0,0,0,0,0,0,0,,
2025onwsiat838,2025 ONWSIAT 838 (CanLII),2025-07-17,0,0,0,0,0,0,0,,
2025onwsiat839,2025 ONWSIAT 839 (CanLII),2025-07-18,0,0,0,0,0,0,0,,
2025onwsiat840,2025 ONWSIAT 840 (CanLII),2025-07-18,0,0,0,0,0,0,0,,
2025onwsiat841,2025 ONWSIAT 841 (CanLII),2025-07-18,0,0,0,0,0,0,0,,
2025onwsiat842,2025 ONWSIAT 842 (CanLII),2025-07-18,0,0,0,0,0,0,0,,
2025onwsiat843,2025 ONWSIAT 843 (CanLII),2025-07-18,0,0,0,0,0,0,0,,
2025onwsiat844,2025 ONWSIAT 844 (CanLII),2025-07-21,0,0,0,0,0,0,0,,
2025onwsiat845,2025 ONWSIAT 845 (CanLII),2025-07-22,0,0,0,0,0,0,0,,
2025onwsiat846,2025 ONWSIAT 846 (CanLII),2025-07-22,0,0,0,0,0,0,0,,
2025onwsiat847,2025 ONWSIAT 847 (CanLII),2025-07-22,0,0,0,0,0,0,0,,
2025onwsiat848,2025 ONWSIAT 848 (CanLII),2025-07-22,0,0,0,0,0,0,0,,
2025onwsiat849,2025 ONWSIAT 849 (CanLII),2025-07-22,0,0,0,0,0,0,0,,
2025onwsiat850,2025 ONWSIAT 850 (CanLII),2025-07-22,0,0,0,0,0,0,0,,
2025onwsiat851,2025 ONWSIAT 851 (CanLII),2025-07-22,0,0,0,0,0,0,0,,
2025onwsiat852,2025 ONWSIAT 852 (CanLII),2025-07-22,0,0,0,0,0,0,0,,
2025onwsiat853,2025 ONWSIAT 853 (CanLII),2025-07-22,0,0,0,0,0,0,0,,
2025onwsiat854,2025 ONWSIAT 854 (CanLII),2025-07-22,0,0,0,0,0,0,0,,
2025onwsiat855,2025 ONWSIAT 855 (CanLII),2025-07-22,0,0,0,0,0,0,0,,
2025onwsiat856,2025 ONWSIAT 856 (CanLII),2025-07-23,0,0,0,0,0,0,0,,
2025onwsiat857,2025 ONWSIAT 857 (CanLII),2025-07-23,0,0,0,0,0,0,0,,
2025onwsiat859,2025 ONWSIAT 859 (CanLII),2025-07-23,0,0,0,0,0,0,0,,
2025onwsiat860,2025 ONWSIAT 860 (CanLII),2025-07-23,0,0,0,0,0,0,1,,
2025onwsiat861,2025 ONWSIAT 861 (CanLII),2025-07-23,0,0,0,0,0,0,0,,
2025onwsiat862,2025 ONWSIAT 862 (CanLII),2025-07-23,0,0,0,0,0,0,0,,
2025onwsiat863,2025 ONWSIAT 863 (CanLII),2025-07-24,0,0,0,0,0,0,0,,
2025onwsiat864,2025 ONWSIAT 864 (CanLII),2025-07-24,0,0,0,0,0,0,1,,
2025onwsiat865,2025 ONWSIAT 865 (CanLII),2025-07-24,0,0,0,0,0,0,0,,
2025onwsiat866,2025 ONWSIAT 866 (CanLII),2025-07-24,0,0,0,0,0,0,0,,
2025onwsiat867,2025 ONWSIAT 867 (CanLII),2025-07-24,0,0,0,0,0,0,0,,
2025onwsiat868,2025 ONWSIAT 868 (CanLII),2025-07-24,0,0,0,0,0,0,0,,
2025onwsiat869,2025 ONWSIAT 869 (CanLII),2025-07-24,0,0,0,0,0,0,0,,
2025onwsiat870,2025 ONWSIAT 870 (CanLII),2025-07-24,0,0,0,0,0,0,0,,
2025onwsiat871,2025 ONWSIAT 871 (CanLII),2025-07-24,0,0,0,0,0,0,0,,
2025onwsiat872,2025 ONWSIAT 872 (CanLII),2025-07-25,0,0,0,0,0,0,0,,
2025onwsiat873,2025 ONWSIAT 873 (CanLII),2025-07-25,0,0,0,0,0,0,0,,
2025onwsiat874,2025 ONWSIAT 874 (CanLII),2025-07-25,0,0,0,0,0,0,0,,
2025onwsiat875,2025 ONWSIAT 875 (CanLII),2025-07-25,0,0,0,0,0,0,0,,
2025onwsiat876,2025 ONWSIAT 876 (CanLII),2025-07-25,0,0,0,0,0,0,0,,
2025onwsiat877,2025 ONWSIAT 877 (CanLII),2025-07-25,0,0,0,0,0,0,0,,
2025onwsiat878,2025 ONWSIAT 878 (CanLII),2025-07-28,0,0,0,0,0,0,0,,
2025onwsiat879,2025 ONWSIAT 879 (CanLII),2025-07-28,0,0,0,0,0,0,0,,
2025onwsiat880,2025 ONWSIAT 880 (CanLII),2025-07-28,0,0,0,0,0,0,0,,
2025onwsiat881,2025 ONWSIAT 881 (CanLII),2025-07-28,0,0,0,0,0,0,0,,
2025onwsiat882,2025 ONWSIAT 882 (CanLII),2025-07-29,0,0,0,0,0,0,0,,
2025onwsiat883,2025 ONWSIAT 883 (CanLII),2025-07-29,0,0,0,0,0,0,0,,
2025onwsiat884,2025 ONWSIAT 884 (CanLII),2025-07-29,0,0,0,0,0,0,0,,
2025onwsiat885,2025 ONWSIAT 885 (CanLII),2025-07-29,0,0,0,0,0,0,0,,
2025onwsiat886,2025 ONWSIAT 886 (CanLII),2025-07-29,0,0,0,0,0,0,0,,
2025onwsiat887,2025 ONWSIAT 887 (CanLII),2025-07-29,0,0,0,0,0,0,0,,
2025onwsiat888,2025 ONWSIAT 888 (CanLII),2025-07-29,0,0,0,0,0,0,0,,
2025onwsiat889,2025 ONWSIAT 889 (CanLII),2025-07-29,0,0,0,0,0,0,0,,
2025onwsiat890,2025 ONWSIAT 890 (CanLII),2025-07-29,0,0,0,0,0,0,0,,
2025onwsiat891,2025 ONWSIAT 891 (CanLII),2025-07-29,0,0,0,0,0,0,1,,
2025onwsiat892,2025 ONWSIAT 892 (CanLII),2025-07-30,0,0,0,0,0,0,0,,
2025onwsiat893,2025 ONWSIAT 893 (CanLII),2025-07-30,0,0,0,0,0,0,0,,
2025onwsiat894,2025 ONWSIAT 894 (CanLII),2025-04-10,0,0,0,0,0,0,0,,
2025onwsiat895,2025 ONWSIAT 895 (CanLII),2025-07-30,0,0,0,0,0,0,0,,
2025onwsiat896,2025 ONWSIAT 896 (CanLII),2025-07-30,0,0,0,0,0,0,0,,
2025onwsiat897,2025 ONWSIAT 897 (CanLII),2025-07-31,0,0,0,0,0,0,0,,
2025onwsiat898,2025 ONWSIAT 898 (CanLII),2025-07-31,0,0,0,0,0,0,0,,
2025onwsiat899,2025 ONWSIAT 899 (CanLII),2025-07-31,0,0,0,0,0,0,1,,
2025onwsiat900,2025 ONWSIAT 900 (CanLII),2025-07-31,0,0,0,0,0,0,0,,
2025onwsiat901,2025 ONWSIAT 901 (CanLII),2025-07-31,0,0,0,0,0,0,0,,
2025onwsiat902,2025 ONWSIAT 902 (CanLII),2025-07-31,0,0,0,0,0,0,0,,
2025onwsiat903,2025 ONWSIAT 903 (CanLII),2025-07-31,0,0,0,0,0,0,0,,
2025onwsiat904,2025 ONWSIAT 904 (CanLII),2025-07-31,0,0,0,0,0,0,0,,
2025onwsiat905,2025 ONWSIAT 905 (CanLII),2025-07-31,0,0,0,0,0,0,0,,
2025onwsiat906,2025 ONWSIAT 906 (CanLII),2025-07-31,0,0,0,0,0,0,0,,
2025onwsiat907,2025 ONWSIAT 907 (CanLII),2025-08-22,0,0,0,0,0,0,0,,
2025onwsiat908,2025 ONWSIAT 908 (CanLII),2025-08-01,0,0,0,0,0,0,1,,
2025onwsiat909,2025 ONWSIAT 909 (CanLII),2025-08-01,0,0,0,0,0,0,0,,
2025onwsiat910,2025 ONWSIAT 910 (CanLII),2025-08-01,0,0,0,0,0,0,0,,
2025onwsiat911,2025 ONWSIAT 911 (CanLII),2025-08-05,0,0,0,0,0,0,0,,
2025onwsiat912,2025 ONWSIAT 912 (CanLII),2025-08-05,0,0,0,0,0,0,0,,
2025onwsiat913,2025 ONWSIAT 913 (CanLII),2025-08-05,0,0,0,0,0,0,0,,
2025onwsiat914,2025 ONWSIAT 914 (CanLII),2025-08-05,0,0,0,0,0,0,0,,
2025onwsiat915,2025 ONWSIAT 915 (CanLII),2025-08-05,0,0,0,0,0,0,0,,
2025onwsiat916,2025 ONWSIAT 916 (CanLII),2025-08-06,0,0,0,0,0,0,0,,
2025onwsiat917,2025 ONWSIAT 917 (CanLII),2025-08-06,0,0,0,0,0,0,0,,
2025onwsiat918,2025 ONWSIAT 918 (CanLII),2025-08-06,0,0,0,0,0,0,0,,
2025onwsiat919,2025 ONWSIAT 919 (CanLII),2025-08-06,0,0,0,0,0,0,0,,
2025onwsiat920,2025 ONWSIAT 920 (CanLII),2025-08-06,0,0,0,0,0,0,0,,
2025onwsiat921,2025 ONWSIAT 921 (CanLII),2025-08-07,0,0,0,0,0,0,0,,
2025onwsiat922,2025 ONWSIAT 922 (CanLII),2025-08-07,0,0,0,0,0,0,0,,
2025onwsiat923,2025 ONWSIAT 923 (CanLII),2025-08-07,0,0,0,0,0,0,0,,
2025onwsiat924,2025 ONWSIAT 924 (CanLII),2025-08-07,0,0,0,0,0,0,0,,
2025onwsiat925,2025 ONWSIAT 925 (CanLII),2025-08-07,0,0,0,0,0,0,0,,
2025onwsiat926,2025 ONWSIAT 926 (CanLII),2025-08-07,0,0,0,0,0,0,1,,
2025onwsiat927,2025 ONWSIAT 927 (CanLII),2025-08-07,0,0,0,0,0,0,0,,
2025onwsiat928,2025 ONWSIAT 928 (CanLII),2025-08-08,0,0,0,0,0,0,0,,
2025onwsiat929,2025 ONWSIAT 929 (CanLII),2025-08-08,0,0,0,0,0,0,0,,
2025onwsiat930,2025 ONWSIAT 930 (CanLII),2025-08-08,0,0,0,0,0,0,0,,
2025onwsiat931,2025 ONWSIAT 931 (CanLII),2025-08-08,0,0,0,0,0,0,0,,
2025onwsiat932,2025 ONWSIAT 932 (CanLII),2025-08-08,0,0,0,0,0,0,0,,
2025onwsiat933,2025 ONWSIAT 933 (CanLII),2025-08-11,0,0,0,0,0,0,0,,
2025onwsiat934,2025 ONWSIAT 934 (CanLII),2025-08-11,0,0,0,0,0,0,0,,
2025onwsiat935,2025 ONWSIAT 935 (CanLII),2025-08-11,0,0,0,0,0,0,0,,
2025onwsiat936,2025 ONWSIAT 936 (CanLII),2025-08-11,0,0,0,0,0,0,0,,
2025onwsiat937,2025 ONWSIAT 937 (CanLII),2025-08-11,0,0,0,0,0,0,0,,
2025onwsiat938,2025 ONWSIAT 938 (CanLII),2025-08-12,0,0,0,0,0,0,0,,
2025onwsiat939,2025 ONWSIAT 939 (CanLII),2025-08-12,1,0,0,0,0,0,0,,
2025onwsiat940,2025 ONWSIAT 940 (CanLII),2025-08-12,0,0,0,0,0,0,0,,
2025onwsiat941,2025 ONWSIAT 941 (CanLII),2025-08-12,0,0,0,0,0,0,0,,
2025onwsiat942,2025 ONWSIAT 942 (CanLII),2025-08-12,0,0,0,0,0,0,0,,
2025onwsiat943,2025 ONWSIAT 943 (CanLII),2025-08-12,0,0,0,0,0,0,0,,
2025onwsiat944,2025 ONWSIAT 944 (CanLII),2025-08-12,1,0,0,0,0,0,0,,
2025onwsiat945,2025 ONWSIAT 945 (CanLII),2025-08-13,0,0,0,0,0,0,0,,
2025onwsiat946,2025 ONWSIAT 946 (CanLII),2025-08-13,0,0,0,0,0,0,0,,
2025onwsiat947,2025 ONWSIAT 947 (CanLII),2025-08-13,0,0,0,0,0,0,0,,
2025onwsiat948,2025 ONWSIAT 948 (CanLII),2025-08-13,0,0,0,0,0,0,0,,
2025onwsiat949,2025 ONWSIAT 949 (CanLII),2025-08-13,0,0,0,0,0,0,0,,
2025onwsiat950,2025 ONWSIAT 950 (CanLII),2025-08-13,0,0,0,0,0,0,0,,
2025onwsiat951,2025 ONWSIAT 951 (CanLII),2025-08-13,0,0,0,0,0,0,0,,
2025onwsiat952,2025 ONWSIAT 952 (CanLII),2025-08-13,0,0,0,0,0,0,0,,
2025onwsiat953,2025 ONWSIAT 953 (CanLII),2025-08-14,0,0,0,0,0,0,0,,
2025onwsiat954,2025 ONWSIAT 954 (CanLII),2025-08-14,0,0,0,0,0,0,1,,
2025onwsiat955,2025 ONWSIAT 955 (CanLII),2025-08-14,0,0,0,0,0,0,0,,
2025onwsiat956,2025 ONWSIAT 956 (CanLII),2025-08-14,0,0,0,0,0,0,0,,
2025onwsiat957,2025 ONWSIAT 957 (CanLII),2025-08-14,0,0,0,0,0,0,0,,
2025onwsiat958,2025 ONWSIAT 958 (CanLII),2025-08-15,0,0,0,0,0,0,0,,
2025onwsiat959,2025 ONWSIAT 959 (CanLII),2025-08-15,0,0,0,0,0,0,0,,
2025onwsiat960,2025 ONWSIAT 960 (CanLII),2025-08-15,0,0,0,0,0,0,0,,
2025onwsiat961,2025 ONWSIAT 961 (CanLII),2025-08-15,0,0,0,0,0,0,0,,
2025onwsiat962,2025 ONWSIAT 962 (CanLII),2025-08-15,1,0,0,0,0,0,0,,
2025onwsiat963,2025 ONWSIAT 963 (CanLII),2025-08-15,0,0,0,0,0,0,0,,
2025onwsiat964,2025 ONWSIAT 964 (CanLII),2025-08-15,0,0,0,0,0,0,0,,
2025onwsiat965,2025 ONWSIAT 965 (CanLII),2025-08-18,0,0,0,0,0,0,0,,
2025onwsiat966,2025 ONWSIAT 966 (CanLII),2025-08-18,1,0,0,0,0,0,0,,
2025onwsiat967,2025 ONWSIAT 967 (CanLII),2025-08-18,0,0,0,0,0,0,1,,
2025onwsiat968,2025 ONWSIAT 968 (CanLII),2025-08-18,0,0,0,0,0,0,0,,
2025onwsiat969,2025 ONWSIAT 969 (CanLII),2025-08-18,0,0,0,0,0,0,0,,
2025onwsiat970,2025 ONWSIAT 970 (CanLII),2025-08-19,0,0,0,0,0,0,0,,
2025onwsiat971,2025 ONWSIAT 971 (CanLII),2025-08-19,0,0,0,0,0,0,0,,
2025onwsiat972,2025 ONWSIAT 972 (CanLII),2025-08-19,0,0,0,0,0,0,0,,
2025onwsiat973,2025 ONWSIAT 973 (CanLII),2025-08-19,0,0,0,0,0,0,0,,
2025onwsiat974,2025 ONWSIAT 974 (CanLII),2025-08-19,0,0,0,0,0,0,0,,
2025onwsiat975,2025 ONWSIAT 975 (CanLII),2025-08-19,0,0,0,0,0,0,0,,
2025onwsiat976,2025 ONWSIAT 976 (CanLII),2025-08-19,0,0,0,0,0,0,0,,
2025onwsiat977,2025 ONWSIAT 977 (CanLII),2025-08-19,0,0,0,0,0,0,0,,
2025onwsiat978,2025 ONWSIAT 978 (CanLII),2025-08-19,0,0,0,0,0,0,0,,
2025onwsiat979,2025 ONWSIAT 979 (CanLII),2025-08-19,0,0,0,0,0,0,0,,
2025onwsiat980,2025 ONWSIAT 980 (CanLII),2025-08-19,0,0,0,0,0,0,0,,
2025onwsiat981,2025 ONWSIAT 981 (CanLII),2025-08-19,0,0,0,0,0,0,0,,
2025onwsiat982,2025 ONWSIAT 982 (CanLII),2025-08-19,0,0,0,0,0,0,0,,
2025onwsiat983,2025 ONWSIAT 983 (CanLII),2025-08-20,0,0,0,0,0,0,0,,
2025onwsiat984,2025 ONWSIAT 984 (CanLII),2025-08-20,0,0,0,0,0,0,0,,
2025onwsiat985,2025 ONWSIAT 985 (CanLII),2025-08-20,0,0,0,0,0,0,0,,
2025onwsiat986,2025 ONWSIAT 986 (CanLII),2025-08-20,0,0,0,0,0,0,0,,
2025onwsiat987,2025 ONWSIAT 987 (CanLII),2025-08-21,0,0,0,0,0,0,0,,
2025onwsiat988,2025 ONWSIAT 988 (CanLII),2025-08-21,0,0,0,0,0,0,1,,
2025onwsiat989,2025 ONWSIAT 989 (CanLII),2025-08-21,0,0,0,0,0,0,0,,
2025onwsiat990,2025 ONWSIAT 990 (CanLII),2025-08-21,0,0,0,0,0,0,0,,
2025onwsiat991,2025 ONWSIAT 991 (CanLII),2025-08-21,0,0,0,0,0,0,0,,
2025onwsiat992,2025 ONWSIAT 992 (CanLII),2025-08-21,0,0,0,0,0,0,0,,
2025onwsiat993,2025 ONWSIAT 993 (CanLII),2025-08-22,0,0,0,0,0,0,0,,
2025onwsiat994,2025 ONWSIAT 994 (CanLII),2025-08-22,0,0,0,0,0,0,0,,
2025onwsiat995,2025 ONWSIAT 995 (CanLII),2025-08-22,0,0,0,0,0,0,0,,
2025onwsiat996,2025 ONWSIAT 996 (CanLII),2025-08-22,0,0,0,0,0,0,1,,
2025onwsiat997,2025 ONWSIAT 997 (CanLII),2025-08-22,0,0,0,0,0,0,0,,
2025onwsiat998,2025 ONWSIAT 998 (CanLII),2025-08-22,0,0,0,0,0,0,0,,
2025onwsiat999,2025 ONWSIAT 999 (CanLII),2025-08-22,0,0,0,0,0,0,0,,
2025onwsiat1000,2025 ONWSIAT 1000 (CanLII),2025-08-22,0,0,0,0,0,0,0,,
2025onwsiat1001,2025 ONWSIAT 1001 (CanLII),2025-08-22,0,0,0,0,0,0,1,,
2025onwsiat1002,2025 ONWSIAT 1002 (CanLII),2025-08-25,0,0,0,0,0,0,1,,
2025onwsiat1003,2025 ONWSIAT 1003 (CanLII),2025-09-02,0,0,0,0,0,0,0,,
2025onwsiat1004,2025 ONWSIAT 1004 (CanLII),2025-08-25,0,0,0,0,0,0,0,,
2025onwsiat1005,2025 ONWSIAT 1005 (CanLII),2025-08-25,0,0,0,0,0,0,0,,
2025onwsiat1006,2025 ONWSIAT 1006 (CanLII),2025-08-25,0,0,0,0,0,0,0,,
2025onwsiat1007,2025 ONWSIAT 1007 (CanLII),2025-08-25,0,0,0,0,0,0,1,,
2025onwsiat1008,2025 ONWSIAT 1008 (CanLII),2025-08-25,0,0,0,0,0,0,0,,
2025onwsiat1009,2025 ONWSIAT 1009 (CanLII),2025-08-25,0,0,0,0,0,0,0,,
2025onwsiat1010,2025 ONWSIAT 1010 (CanLII),2025-08-26,0,0,0,0,0,0,0,,
2025onwsiat1011,2025 ONWSIAT 1011 (CanLII),2025-08-26,0,0,0,0,0,0,0,,
2025onwsiat1012,2025 ONWSIAT 1012 (CanLII),2025-08-26,0,0,0,0,0,0,0,,
2025onwsiat1013,2025 ONWSIAT 1013 (CanLII),2025-08-26,0,0,0,0,0,0,1,,
2025onwsiat1014,2025 ONWSIAT 1014 (CanLII),2025-08-26,0,0,0,0,0,0,0,,
2025onwsiat1016,2025 ONWSIAT 1016 (CanLII),2025-08-27,0,0,0,0,0,0,1,,
2025onwsiat1017,2025 ONWSIAT 1017 (CanLII),2025-08-27,0,0,0,0,0,0,0,,
2025onwsiat1018,2025 ONWSIAT 1018 (CanLII),2025-08-27,0,0,0,0,0,0,0,,
2025onwsiat1019,2025 ONWSIAT 1019 (CanLII),2025-08-27,0,0,0,0,0,0,0,,
2025onwsiat1020,2025 ONWSIAT 1020 (CanLII),2025-08-27,0,0,0,0,0,0,0,,
2025onwsiat1021,2025 ONWSIAT 1021 (CanLII),2025-08-28,0,0,0,0,0,0,0,,
2025onwsiat1022,2025 ONWSIAT 1022 (CanLII),2025-08-28,0,0,0,0,0,0,0,,
2025onwsiat1023,2025 ONWSIAT 1023 (CanLII),2025-08-28,0,0,0,0,0,0,0,,
2025onwsiat1024,2025 ONWSIAT 1024 (CanLII),2025-08-28,0,0,0,0,0,0,0,,
2025onwsiat1025,2025 ONWSIAT 1025 (CanLII),2025-08-28,0,0,0,0,0,0,0,,
2025onwsiat1026,2025 ONWSIAT 1026 (CanLII),2025-08-28,0,0,0,0,0,0,0,,
2025onwsiat1027,2025 ONWSIAT 1027 (CanLII),2025-08-28,0,0,0,0,0,0,1,,
2025onwsiat1028,2025 ONWSIAT 1028 (CanLII),2025-08-28,0,0,0,0,0,0,0,,
2025onwsiat1029,2025 ONWSIAT 1029 (CanLII),2025-08-29,0,0,0,0,0,0,0,,
2025onwsiat1030,2025 ONWSIAT 1030 (CanLII),2025-08-29,0,0,0,0,0,0,0,,
2025onwsiat1031,2025 ONWSIAT 1031 (CanLII),2025-08-29,0,0,0,0,0,0,0,,
2025onwsiat1032,2025 ONWSIAT 1032 (CanLII),2025-08-29,0,0,0,0,0,0,0,,
2025onwsiat1033,2025 ONWSIAT 1033 (CanLII),2025-08-29,0,0,0,0,0,0,0,,
2025onwsiat1034,2025 ONWSIAT 1034 (CanLII),2025-09-02,0,0,0,0,0,0,0,,
2025onwsiat1035,2025 ONWSIAT 1035 (CanLII),2025-09-02,0,0,0,0,0,0,0,,
2025onwsiat1036,2025 ONWSIAT 1036 (CanLII),2025-09-02,0,0,0,0,0,0,0,,
2025onwsiat1037,2025 ONWSIAT 1037 (CanLII),2025-09-03,0,0,0,0,0,0,1,,
2025onwsiat1038,2025 ONWSIAT 1038 (CanLII),2025-09-03,0,0,0,0,0,0,0,,
2025onwsiat1039,2025 ONWSIAT 1039 (CanLII),2025-09-03,0,0,0,0,0,0,1,,
2025onwsiat1040,2025 ONWSIAT 1040 (CanLII),2025-09-03,0,0,0,0,0,0,0,,
2025onwsiat1041,2025 ONWSIAT 1041 (CanLII),2025-09-04,0,0,0,0,0,0,0,,
2025onwsiat1042,2025 ONWSIAT 1042 (CanLII),2025-09-04,0,0,0,0,0,0,0,,
2025onwsiat1043,2025 ONWSIAT 1043 (CanLII),2025-09-04,0,0,0,0,0,0,0,,
2025onwsiat1044,2025 ONWSIAT 1044 (CanLII),2025-09-04,0,0,0,0,0,0,0,,
2025onwsiat1045,2025 ONWSIAT 1045 (CanLII),2025-09-04,0,0,0,0,0,0,0,,
2025onwsiat1046,2025 ONWSIAT 1046 (CanLII),2025-09-04,0,0,0,0,0,0,0,,
2025onwsiat1047,2025 ONWSIAT 1047 (CanLII),2025-09-04,0,0,0,0,0,0,1,,
2025onwsiat1048,2025 ONWSIAT 1048 (CanLII),2025-09-04,0,0,0,0,0,0,0,,
2025onwsiat1049,2025 ONWSIAT 1049 (CanLII),2025-09-04,0,0,0,0,0,0,0,,
2025onwsiat1050,2025 ONWSIAT 1050 (CanLII),2025-09-05,0,0,0,0,0,0,0,,
2025onwsiat1051,2025 ONWSIAT 1051 (CanLII),2025-09-05,0,0,0,0,0,0,0,,
2025onwsiat1052,2025 ONWSIAT 1052 (CanLII),2025-09-05,0,0,0,0,0,0,0,,
2025onwsiat1053,2025 ONWSIAT 1053 (CanLII),2025-09-05,0,0,0,0,0,0,0,,
2025onwsiat1054,2025 ONWSIAT 1054 (CanLII),2025-09-05,0,0,0,0,0,0,0,,
2025onwsiat1055,2025 ONWSIAT 1055 (CanLII),2025-09-05,0,0,0,0,0,0,0,,
2025onwsiat1056,2025 ONWSIAT 1056 (CanLII),2025-09-08,0,0,0,0,0,0,0,,
2025onwsiat1057,2025 ONWSIAT 1057 (CanLII),2025-09-08,0,0,0,0,0,0,0,,
2025onwsiat1058,2025 ONWSIAT 1058 (CanLII),2025-09-08,0,0,0,0,0,0,0,,
2025onwsiat1059,2025 ONWSIAT 1059 (CanLII),2025-09-08,0,0,0,0,0,0,0,,
2025onwsiat1060,2025 ONWSIAT 1060 (CanLII),2025-09-09,0,0,0,0,0,0,0,,
2025onwsiat1061,2025 ONWSIAT 1061 (CanLII),2025-09-09,0,0,0,0,0,0,0,,
2025onwsiat1062,2025 ONWSIAT 1062 (CanLII),2025-09-09,0,0,0,0,0,0,0,,
2025onwsiat1063,2025 ONWSIAT 1063 (CanLII),2025-09-09,0,0,0,0,0,0,0,,
2025onwsiat1064,2025 ONWSIAT 1064 (CanLII),2025-09-09,0,0,0,0,0,0,0,,
2025onwsiat1065,2025 ONWSIAT 1065 (CanLII),2025-09-10,0,0,0,0,0,0,0,,
2025onwsiat1066,2025 ONWSIAT 1066 (CanLII),2025-09-10,0,0,0,0,0,0,1,,
2025onwsiat1067,2025 ONWSIAT 1067 (CanLII),2025-09-11,0,0,0,0,0,0,0,,
2025onwsiat1068,2025 ONWSIAT 1068 (CanLII),2025-09-11,0,0,0,0,0,0,0,,
2025onwsiat1069,2025 ONWSIAT 1069 (CanLII),2025-09-11,0,0,0,0,0,0,0,,
2025onwsiat1070,2025 ONWSIAT 1070 (CanLII),2025-09-11,0,0,0,0,0,0,0,,
2025onwsiat1071,2025 ONWSIAT 1071 (CanLII),2025-09-11,0,0,0,0,0,0,0,,
2025onwsiat1072,2025 ONWSIAT 1072 (CanLII),2025-09-11,0,0,0,0,0,0,0,,
2025onwsiat1073,2025 ONWSIAT 1073 (CanLII),2025-09-11,0,0,0,0,0,0,0,,
2025onwsiat1074,2025 ONWSIAT 1074 (CanLII),2025-09-11,0,0,0,0,0,0,0,,
2025onwsiat1075,2025 ONWSIAT 1075 (CanLII),2025-09-11,0,0,0,0,0,0,0,,
2025onwsiat1076,2025 ONWSIAT 1076 (CanLII),2025-09-11,0,0,0,0,0,0,0,,
2025onwsiat1077,2025 ONWSIAT 1077 (CanLII),2025-09-11,0,0,0,0,0,0,1,,
2025onwsiat1078,2025 ONWSIAT 1078 (CanLII),2025-09-11,0,0,0,0,0,0,0,,
2025onwsiat1079,2025 ONWSIAT 1079 (CanLII),2025-09-12,0,0,0,0,0,0,0,,
2025onwsiat1080,2025 ONWSIAT 1080 (CanLII),2025-09-12,0,0,0,0,0,0,0,,
2025onwsiat1081,2025 ONWSIAT 1081 (CanLII),2025-09-12,0,0,0,0,0,0,0,,
2025onwsiat1082,2025 ONWSIAT 1082 (CanLII),2025-09-12,0,0,0,0,0,0,0,,
2025onwsiat1083,2025 ONWSIAT 1083 (CanLII),2025-09-12,0,0,0,0,0,0,0,,
2025onwsiat1084,2025 ONWSIAT 1084 (CanLII),2025-09-12,0,0,0,0,0,0,0,,
2025onwsiat1085,2025 ONWSIAT 1085 (CanLII),2025-09-12,0,0,0,0,0,0,0,,
2025onwsiat1086,2025 ONWSIAT 1086 (CanLII),2025-09-15,0,0,0,0,0,0,0,,
2025onwsiat1087,2025 ONWSIAT 1087 (CanLII),2025-09-15,0,0,0,0,0,0,0,,
2025onwsiat1088,2025 ONWSIAT 1088 (CanLII),2025-09-15,0,0,0,0,0,0,0,,
2025onwsiat1089,2025 ONWSIAT 1089 (CanLII),2025-09-15,0,0,0,0,0,0,0,,
2025onwsiat1090,2025 ONWSIAT 1090 (CanLII),2025-09-15,0,0,0,0,0,0,0,,
2025onwsiat1091,2025 ONWSIAT 1091 (CanLII),2025-09-15,0,0,0,0,0,0,0,,
2025onwsiat1092,2025 ONWSIAT 1092 (CanLII),2025-09-16,0,0,0,0,0,0,0,,
2025onwsiat1093,2025 ONWSIAT 1093 (CanLII),2025-09-16,0,0,0,0,0,0,0,,
2025onwsiat1094,2025 ONWSIAT 1094 (CanLII),2025-09-16,0,0,0,0,0,0,0,,
2025onwsiat1095,2025 ONWSIAT 1095 (CanLII),2025-09-16,0,0,0,0,0,0,0,,
2025onwsiat1096,2025 ONWSIAT 1096 (CanLII),2025-09-16,0,0,0,0,0,0,0,,
2025onwsiat1097,2025 ONWSIAT 1097 (CanLII),2025-09-16,0,0,0,0,0,0,0,,
2025onwsiat1098,2025 ONWSIAT 1098 (CanLII),2025-09-16,0,0,0,0,0,0,0,,
2025onwsiat1099,2025 ONWSIAT 1099 (CanLII),2025-09-16,0,0,0,0,0,0,0,,
2025onwsiat1100,2025 ONWSIAT 1100 (CanLII),2025-09-16,0,0,0,0,0,0,0,,
2025onwsiat1101,2025 ONWSIAT 1101 (CanLII),2025-09-16,0,0,0,0,0,0,1,,
2025onwsiat1102,2025 ONWSIAT 1102 (CanLII),2025-09-17,0,0,0,0,0,0,0,,
2025onwsiat1103,2025 ONWSIAT 1103 (CanLII),2025-09-17,0,0,0,0,0,0,0,,
2025onwsiat1104,2025 ONWSIAT 1104 (CanLII),2025-09-17,0,0,0,0,0,0,0,,
2025onwsiat1105,2025 ONWSIAT 1105 (CanLII),2025-09-18,0,0,0,0,0,0,0,,
2025onwsiat1106,2025 ONWSIAT 1106 (CanLII),2025-09-18,0,0,0,0,0,0,1,,
2025onwsiat1107,2025 ONWSIAT 1107 (CanLII),2025-09-18,0,0,0,0,0,0,0,,
2025onwsiat1108,2025 ONWSIAT 1108 (CanLII),2025-09-18,0,0,0,0,0,0,0,,
2025onwsiat1109,2025 ONWSIAT 1109 (CanLII),2025-09-18,0,0,0,0,0,0,0,,
2025onwsiat1110,2025 ONWSIAT 1110 (CanLII),2025-09-18,0,0,0,0,0,0,0,,
2025onwsiat1111,2025 ONWSIAT 1111 (CanLII),2025-09-18,0,0,0,0,0,0,0,,
2025onwsiat1112,2025 ONWSIAT 1112 (CanLII),2025-09-18,0,0,0,0,0,0,0,,
2025onwsiat1113,2025 ONWSIAT 1113 (CanLII),2025-09-18,0,0,0,0,0,0,0,,
2025onwsiat1114,2025 ONWSIAT 1114 (CanLII),2025-09-18,0,0,0,0,0,0,0,,
2025onwsiat1115,2025 ONWSIAT 1115 (CanLII),2025-09-18,0,0,0,0,0,0,0,,
2025onwsiat1116,2025 ONWSIAT 1116 (CanLII),2025-09-18,0,0,0,0,0,0,0,,
2025onwsiat1117,2025 ONWSIAT 1117 (CanLII),2025-09-18,0,0,0,0,0,0,0,,
2025onwsiat1118,2025 ONWSIAT 1118 (CanLII),2025-09-18,0,0,0,0,0,0,0,,
2025onwsiat1119,2025 ONWSIAT 1119 (CanLII),2025-09-18,0,0,0,0,0,0,0,,
2025onwsiat1120,2025 ONWSIAT 1120 (CanLII),2025-09-19,0,0,0,0,0,0,0,,
2025onwsiat1122,2025 ONWSIAT 1122 (CanLII),2025-09-19,0,0,0,0,0,0,0,,
2025onwsiat1124,2025 ONWSIAT 1124 (CanLII),2025-09-19,0,0,0,0,0,0,0,,
2025onwsiat1125,2025 ONWSIAT 1125 (CanLII),2025-09-19,0,0,0,0,0,0,0,,
2025onwsiat1127,2025 ONWSIAT 1127 (CanLII),2025-09-22,0,0,0,0,0,0,0,,
2025onwsiat1128,2025 ONWSIAT 1128 (CanLII),2025-09-23,0,0,0,0,0,0,0,,
2025onwsiat1129,2025 ONWSIAT 1129 (CanLII),2025-09-23,0,0,0,0,0,0,0,,
2025onwsiat1130,2025 ONWSIAT 1130 (CanLII),2025-09-23,0,0,0,0,0,0,0,,
2025onwsiat1132,2025 ONWSIAT 1132 (CanLII),2025-09-23,0,0,0,0,0,0,0,,
2025onwsiat1133,2025 ONWSIAT 1133 (CanLII),2025-09-23,0,0,0,0,0,0,0,,
2025onwsiat1134,2025 ONWSIAT 1134 (CanLII),2025-09-23,0,0,0,0,0,0,0,,
2025onwsiat1135,2025 ONWSIAT 1135 (CanLII),2025-09-23,0,0,0,0,0,0,0,,
2025onwsiat1137,2025 ONWSIAT 1137 (CanLII),2025-09-24,0,0,0,0,0,0,0,,
2025onwsiat1138,2025 ONWSIAT 1138 (CanLII),2025-09-24,0,0,0,0,0,0,0,,
2025onwsiat1139,2025 ONWSIAT 1139 (CanLII),2025-09-24,0,0,0,0,0,0,0,,
2025onwsiat1142,2025 ONWSIAT 1142 (CanLII),2025-09-25,0,0,0,0,0,0,0,,
2025onwsiat1143,2025 ONWSIAT 1143 (CanLII),2025-09-25,0,0,0,0,0,0,0,,
2025onwsiat1145,2025 ONWSIAT 1145 (CanLII),2025-09-25,0,0,0,0,0,0,0,,
2025onwsiat1146,2025 ONWSIAT 1146 (CanLII),2025-09-25,0,0,0,0,0,0,0,,
2025onwsiat1147,2025 ONWSIAT 1147 (CanLII),2025-09-25,0,0,0,0,0,0,0,,
2025onwsiat1149,2025 ONWSIAT 1149 (CanLII),2025-10-06,0,0,0,0,0,0,0,,
2025onwsiat1172,2025 ONWSIAT 1172 (CanLII),2025-10-03,0,0,0,0,0,0,0,,
2025onwsiat1173,2025 ONWSIAT 1173 (CanLII),2025-10-03,0,0,0,0,0,0,0,,
2025onwsiat1174,2025 ONWSIAT 1174 (CanLII),2025-10-03,0,0,0,0,0,0,0,,
2025onwsiat1175,2025 ONWSIAT 1175 (CanLII),2025-10-03,0,0,0,0,0,0,0,,
2025onwsiat1176,2025 ONWSIAT 1176 (CanLII),2025-10-03,0,0,0,0,0,0,0,,
2025onwsiat1177,2025 ONWSIAT 1177 (CanLII),2025-10-03,0,0,0,0,0,0,0,,
2025onwsiat1178,2025 ONWSIAT 1178 (CanLII),2025-10-06,0,0,0,0,0,0,1,,
2025onwsiat1179,2025 ONWSIAT 1179 (CanLII),2025-10-06,0,0,0,0,0,0,0,,
2025onwsiat1180,2025 ONWSIAT 1180 (CanLII),2025-10-06,0,0,0,0,0,0,0,,
2025onwsiat1181,2025 ONWSIAT 1181 (CanLII),2025-10-06,0,0,0,0,0,0,0,,
2025onwsiat1182,2025 ONWSIAT 1182 (CanLII),2025-10-06,0,0,0,0,0,0,0,,
2025onwsiat1183,2025 ONWSIAT 1183 (CanLII),2025-10-07,0,0,0,0,0,0,0,,
2025onwsiat1184,2025 ONWSIAT 1184 (CanLII),2025-10-07,0,0,0,0,0,0,0,,
2025onwsiat1185,2025 ONWSIAT 1185 (CanLII),2025-10-07,0,0,0,0,0,0,0,,
2025onwsiat1186,2025 ONWSIAT 1186 (CanLII),2025-10-07,0,0,0,0,0,0,0,,
2025onwsiat1187,2025 ONWSIAT 1187 (CanLII),2025-10-08,0,0,0,0,0,0,0,,
2025onwsiat1188,2025 ONWSIAT 1188 (CanLII),2025-10-08,0,0,0,0,0,0,0,,
2025onwsiat1189,2025 ONWSIAT 1189 (CanLII),2025-10-08,0,0,0,0,0,0,0,,
2025onwsiat1190,2025 ONWSIAT 1190 (CanLII),2025-10-08,0,0,0,0,0,0,0,,
2025onwsiat1191,2025 ONWSIAT 1191 (CanLII),2025-10-08,0,0,0,0,0,0,0,,
2025onwsiat1192,2025 ONWSIAT 1192 (CanLII),2025-10-09,0,0,0,0,0,0,0,,
2025onwsiat1193,2025 ONWSIAT 1193 (CanLII),2025-10-09,0,0,0,0,0,0,0,,
2025onwsiat1194,2025 ONWSIAT 1194 (CanLII),2025-10-09,0,0,0,0,0,0,0,,
2025onwsiat1195,2025 ONWSIAT 1195 (CanLII),2025-10-09,0,0,0,0,0,0,0,,
2025onwsiat1196,2025 ONWSIAT 1196 (CanLII),2025-10-09,0,0,0,0,0,0,1,,
2025onwsiat1197,2025 ONWSIAT 1197 (CanLII),2025-10-09,0,0,0,0,0,0,1,,
2025onwsiat1198,2025 ONWSIAT 1198 (CanLII),2025-10-09,0,0,0,0,0,0,1,,
2025onwsiat1199,2025 ONWSIAT 1199 (CanLII),2025-10-09,0,0,0,0,0,0,0,,
2025onwsiat1200,2025 ONWSIAT 1200 (CanLII),2025-10-09,0,0,0,0,0,0,1,,
2025onwsiat1201,2025 ONWSIAT 1201 (CanLII),2025-10-09,0,0,0,0,0,0,0,,
2025onwsiat1202,2025 ONWSIAT 1202 (CanLII),2025-10-09,0,0,0,0,0,0,0,,
2025onwsiat1203,2025 ONWSIAT 1203 (CanLII),2025-10-10,0,0,0,0,0,0,0,,
2025onwsiat1204,2025 ONWSIAT 1204 (CanLII),2025-10-10,0,0,0,0,0,0,0,,
2025onwsiat1205,2025 ONWSIAT 1205 (CanLII),2025-10-10,0,0,0,0,0,0,0,,
2025onwsiat1206,2025 ONWSIAT 1206 (CanLII),2025-10-10,0,0,0,0,0,0,0,,
2025onwsiat1207,2025 ONWSIAT 1207 (CanLII),2025-10-10,0,0,0,0,0,0,1,,
2025onwsiat1208,2025 ONWSIAT 1208 (CanLII),2025-10-10,0,0,0,0,0,0,1,,
2025onwsiat1209,2025 ONWSIAT 1209 (CanLII),2025-10-10,0,0,0,0,0,0,0,,
2025onwsiat1210,2025 ONWSIAT 1210 (CanLII),2025-10-10,0,0,0,0,0,0,0,,
2025onwsiat1211,2025 ONWSIAT 1211 (CanLII),2025-10-14,0,0,0,0,0,0,0,,
2025onwsiat1212,2025 ONWSIAT 1212 (CanLII),2025-10-14,0,0,0,0,0,0,0,,
2025onwsiat1213,2025 ONWSIAT 1213 (CanLII),2025-10-14,0,0,0,0,0,0,0,,
2025onwsiat1214,2025 ONWSIAT 1214 (CanLII),2025-10-15,0,0,0,0,0,0,0,,
2025onwsiat1215,2025 ONWSIAT 1215 (CanLII),2025-10-15,0,0,0,0,0,0,0,,
2025onwsiat1216,2025 ONWSIAT 1216 (CanLII),2025-10-15,0,0,0,0,0,0,0,,
2025onwsiat1217,2025 ONWSIAT 1217 (CanLII),2025-10-15,0,0,0,0,0,0,0,,
2025onwsiat1218,2025 ONWSIAT 1218 (CanLII),2025-10-15,0,0,0,0,0,0,1,,
2025onwsiat1219,2025 ONWSIAT 1219 (CanLII),2025-10-15,0,0,0,0,0,0,1,,
2025onwsiat1220,2025 ONWSIAT 1220 (CanLII),2025-10-15,0,0,0,0,0,0,1,,
2025onwsiat1221,2025 ONWSIAT 1221 (CanLII),2025-10-15,0,0,0,0,0,0,0,,
2025onwsiat1222,2025 ONWSIAT 1222 (CanLII),2025-10-16,0,0,0,0,0,0,0,,
2025onwsiat1223,2025 ONWSIAT 1223 (CanLII),2025-10-16,0,0,0,0,0,0,0,,
2025onwsiat1224,2025 ONWSIAT 1224 (CanLII),2025-10-16,0,0,0,0,0,0,1,,
2025onwsiat1225,2025 ONWSIAT 1225 (CanLII),2025-10-16,0,0,0,0,0,0,0,,
2025onwsiat1226,2025 ONWSIAT 1226 (CanLII),2025-10-16,0,0,0,0,0,0,0,,
2025onwsiat1227,2025 ONWSIAT 1227 (CanLII),2025-10-16,0,0,0,0,0,0,1,,
2025onwsiat1228,2025 ONWSIAT 1228 (CanLII),2025-10-16,0,0,0,0,0,0,0,,
2025onwsiat1229,2025 ONWSIAT 1229 (CanLII),2025-10-16,0,0,0,0,0,0,1,,
2025onwsiat1230,2025 ONWSIAT 1230 (CanLII),2025-10-16,0,0,0,0,0,0,0,,
2025onwsiat1231,2025 ONWSIAT 1231 (CanLII),2025-10-16,0,0,0,0,0,0,0,,
2025onwsiat1232,2025 ONWSIAT 1232 (CanLII),2025-10-16,0,0,0,0,0,0,0,,
2025onwsiat1233,2025 ONWSIAT 1233 (CanLII),2025-10-16,0,0,0,0,0,0,0,,
2025onwsiat1234,2025 ONWSIAT 1234 (CanLII),2025-10-16,0,0,0,0,0,0,0,,
2025onwsiat1235,2025 ONWSIAT 1235 (CanLII),2025-10-16,0,0,0,0,0,0,0,,
2025onwsiat1236,2025 ONWSIAT 1236 (CanLII),2025-10-16,0,0,0,0,0,0,0,,
2025onwsiat1237,2025 ONWSIAT 1237 (CanLII),2025-10-17,0,0,0,0,0,0,0,,
2025onwsiat1238,2025 ONWSIAT 1238 (CanLII),2025-10-17,0,0,0,0,0,0,0,,
2025onwsiat1239,2025 ONWSIAT 1239 (CanLII),2025-10-17,0,0,0,0,0,0,0,,
2025onwsiat1240,2025 ONWSIAT 1240 (CanLII),2025-10-17,0,0,0,0,0,0,0,,
2025onwsiat1241,2025 ONWSIAT 1241 (CanLII),2025-10-17,0,0,0,0,0,0,0,,
2025onwsiat1242,2025 ONWSIAT 1242 (CanLII),2025-10-17,0,0,0,0,0,0,0,,
2025onwsiat1243,2025 ONWSIAT 1243 (CanLII),2025-10-17,0,0,0,0,0,0,0,,
2025onwsiat1244,2025 ONWSIAT 1244 (CanLII),2025-10-17,0,0,0,0,0,0,0,,
2025onwsiat1245,2025 ONWSIAT 1245 (CanLII),2025-10-17,0,0,0,0,0,0,0,,
2025onwsiat1246,2025 ONWSIAT 1246 (CanLII),2025-10-17,0,0,0,0,0,0,0,,
2025onwsiat1247,2025 ONWSIAT 1247 (CanLII),2025-10-17,0,0,0,0,0,0,0,,
2025onwsiat1248,2025 ONWSIAT 1248 (CanLII),2025-10-20,0,0,0,0,0,0,0,,
2025onwsiat1249,2025 ONWSIAT 1249 (CanLII),2025-10-20,0,0,0,0,0,0,0,,
2025onwsiat1250,2025 ONWSIAT 1250 (CanLII),2025-10-20,0,0,0,0,0,0,0,,
2025onwsiat1251,2025 ONWSIAT 1251 (CanLII),2025-10-20,0,0,0,0,0,0,0,,
2025onwsiat1252,2025 ONWSIAT 1252 (CanLII),2025-10-20,0,0,0,0,0,0,0,,
2025onwsiat1253,2025 ONWSIAT 1253 (CanLII),2025-10-20,0,0,0,0,0,0,0,,
2025onwsiat1254,2025 ONWSIAT 1254 (CanLII),2025-10-20,0,0,0,0,0,0,0,,
2025onwsiat1255,2025 ONWSIAT 1255 (CanLII),2025-10-21,0,0,0,0,0,0,0,,
2025onwsiat1256,2025 ONWSIAT 1256 (CanLII),2025-10-21,0,0,0,0,0,0,0,,
2025onwsiat1257,2025 ONWSIAT 1257 (CanLII),2025-10-21,0,0,0,0,0,0,1,,
2025onwsiat1258,2025 ONWSIAT 1258 (CanLII),2025-10-21,0,0,0,0,0,0,0,,
2025onwsiat1259,2025 ONWSIAT 1259 (CanLII),2025-10-22,0,0,0,0,0,0,0,,
2025onwsiat1260,2025 ONWSIAT 1260 (CanLII),2025-10-22,0,0,0,0,0,0,0,,
2025onwsiat1261,2025 ONWSIAT 1261 (CanLII),2025-10-22,0,0,0,0,0,0,0,,
2025onwsiat1262,2025 ONWSIAT 1262 (CanLII),2025-10-22,0,0,0,0,0,0,0,,
2025onwsiat1263,2025 ONWSIAT 1263 (CanLII),2025-10-22,0,0,0,0,0,0,0,,
2025onwsiat1264,2025 ONWSIAT 1264 (CanLII),2025-10-23,0,0,0,0,0,0,0,,
2025onwsiat1265,2025 ONWSIAT 1265 (CanLII),2025-10-23,0,0,0,0,0,0,0,,
2025onwsiat1266,2025 ONWSIAT 1266 (CanLII),2025-10-23,0,0,0,0,0,0,0,,
2025onwsiat1267,2025 ONWSIAT 1267 (CanLII),2025-10-23,0,0,0,0,0,0,0,,
2025onwsiat1268,2025 ONWSIAT 1268 (CanLII),2025-10-23,0,0,0,0,0,0,0,,
2025onwsiat1269,2025 ONWSIAT 1269 (CanLII),2025-10-23,0,0,0,0,0,0,0,,
2025onwsiat1270,2025 ONWSIAT 1270 (CanLII),2025-10-24,0,0,0,0,0,0,0,,
2025onwsiat1271,2025 ONWSIAT 1271 (CanLII),2025-10-24,0,0,0,0,0,0,0,,
2025onwsiat1272,2025 ONWSIAT 1272 (CanLII),2025-10-24,0,0,0,0,0,0,0,,
2025onwsiat1273,2025 ONWSIAT 1273 (CanLII),2025-10-24,0,0,0,0,0,0,0,,
2025onwsiat1274,2025 ONWSIAT 1274 (CanLII),2025-10-27,0,0,0,0,0,0,0,,
2025onwsiat1275,2025 ONWSIAT 1275 (CanLII),2025-10-27,0,0,0,0,0,0,0,,
2025onwsiat1276,2025 ONWSIAT 1276 (CanLII),2025-10-28,0,0,0,0,0,0,0,,
2025onwsiat1277,2025 ONWSIAT 1277 (CanLII),2025-10-28,0,0,0,0,0,0,0,,
2025onwsiat1278,2025 ONWSIAT 1278 (CanLII),2025-10-28,0,0,0,0,0,0,0,,
2025onwsiat1279,2025 ONWSIAT 1279 (CanLII),2025-10-29,0,0,0,0,0,0,0,,
2025onwsiat1280,2025 ONWSIAT 1280 (CanLII),2025-10-29,0,0,0,0,0,0,0,,
2025onwsiat1281,2025 ONWSIAT 1281 (CanLII),2025-10-29,0,0,0,0,0,0,0,,
2025onwsiat1282,2025 ONWSIAT 1282 (CanLII),2025-10-29,0,0,0,0,0,0,0,,
2025onwsiat1283,2025 ONWSIAT 1283 (CanLII),2025-10-29,0,0,0,0,0,0,0,,
2025onwsiat1284,2025 ONWSIAT 1284 (CanLII),2025-10-29,0,0,0,0,0,0,1,,
2025onwsiat1285,2025 ONWSIAT 1285 (CanLII),2025-10-29,0,0,0,0,0,0,0,,
2025onwsiat1286,2025 ONWSIAT 1286 (CanLII),2025-10-30,0,0,0,0,0,0,0,,
2025onwsiat1287,2025 ONWSIAT 1287 (CanLII),2025-10-30,0,0,0,0,0,0,0,,
2025onwsiat1288,2025 ONWSIAT 1288 (CanLII),2025-10-30,0,0,0,0,0,0,0,,
2025onwsiat1289,2025 ONWSIAT 1289 (CanLII),2025-10-30,0,0,0,0,0,0,0,,
2025onwsiat1290,2025 ONWSIAT 1290 (CanLII),2025-10-30,0,0,0,0,0,0,0,,
2025onwsiat1291,2025 ONWSIAT 1291 (CanLII),2025-10-30,0,0,0,0,0,0,1,,
2025onwsiat1292,2025 ONWSIAT 1292 (CanLII),2025-10-31,0,0,0,0,0,0,0,,
2025onwsiat1293,2025 ONWSIAT 1293 (CanLII),2025-10-31,0,0,0,0,0,0,0,,
2025onwsiat1294,2025 ONWSIAT 1294 (CanLII),2025-10-31,0,0,0,0,0,0,0,,
2025onwsiat1295,2025 ONWSIAT 1295 (CanLII),2025-10-31,0,0,0,0,0,0,0,,
2025onwsiat1296,2025 ONWSIAT 1296 (CanLII),2025-10-31,0,0,0,0,0,0,0,,
2025onwsiat1297,2025 ONWSIAT 1297 (CanLII),2025-10-31,0,0,0,0,0,0,0,,
2025onwsiat1298,2025 ONWSIAT 1298 (CanLII),2025-10-31,0,0,0,0,0,0,0,,
2025onwsiat1299,2025 ONWSIAT 1299 (CanLII),2025-10-31,0,0,0,0,0,0,0,,
2025onwsiat1300,2025 ONWSIAT 1300 (CanLII),2025-11-03,0,0,0,0,0,0,0,,
2025onwsiat1301,2025 ONWSIAT 1301 (CanLII),2025-11-03,0,0,0,0,0,0,1,,
2025onwsiat1302,2025 ONWSIAT 1302 (CanLII),2025-11-03,0,0,0,0,0,0,0,,
2025onwsiat1303,2025 ONWSIAT 1303 (CanLII),2025-11-03,0,0,0,0,0,0,0,,
2025onwsiat1304,2025 ONWSIAT 1304 (CanLII),2025-11-03,0,0,0,0,0,0,0,,
2025onwsiat1305,2025 ONWSIAT 1305 (CanLII),2025-11-03,0,0,0,0,0,0,0,,
2025onwsiat1306,2025 ONWSIAT 1306 (CanLII),2025-11-03,0,0,0,0,0,0,0,,
2025onwsiat1307,2025 ONWSIAT 1307 (CanLII),2025-11-04,0,0,0,0,0,0,0,,
2025onwsiat1308,2025 ONWSIAT 1308 (CanLII),2025-11-04,0,0,0,0,0,0,0,,
2025onwsiat1309,2025 ONWSIAT 1309 (CanLII),2025-11-04,0,0,0,0,0,0,0,,
2025onwsiat1310,2025 ONWSIAT 1310 (CanLII),2025-11-04,0,0,0,0,0,0,0,,
2025onwsiat1311,2025 ONWSIAT 1311 (CanLII),2025-11-05,0,0,0,0,0,0,0,,
2025onwsiat1312,2025 ONWSIAT 1312 (CanLII),2025-11-05,0,0,0,0,0,0,0,,
2025onwsiat1313,2025 ONWSIAT 1313 (CanLII),2025-11-05,0,0,0,0,0,0,1,,
2025onwsiat1314,2025 ONWSIAT 1314 (CanLII),2025-11-06,0,0,0,0,0,0,0,,
2025onwsiat1315,2025 ONWSIAT 1315 (CanLII),2025-11-06,0,0,0,0,0,0,0,,
2025onwsiat1316,2025 ONWSIAT 1316 (CanLII),2025-11-06,0,0,0,0,0,0,1,,
2025onwsiat1317,2025 ONWSIAT 1317 (CanLII),2025-11-06,0,0,0,0,0,0,0,,
2025onwsiat1318,2025 ONWSIAT 1318 (CanLII),2025-11-06,0,0,0,0,0,0,0,,
2025onwsiat1319,2025 ONWSIAT 1319 (CanLII),2025-11-06,0,0,0,0,0,0,0,,
2025onwsiat1320,2025 ONWSIAT 1320 (CanLII),2025-11-06,0,0,0,0,0,0,0,,
2025onwsiat1321,2025 ONWSIAT 1321 (CanLII),2025-11-06,0,0,0,0,0,0,0,,
2025onwsiat1322,2025 ONWSIAT 1322 (CanLII),2025-11-07,0,0,0,0,0,0,0,,
2025onwsiat1323,2025 ONWSIAT 1323 (CanLII),2025-11-07,0,0,0,0,0,0,1,,
2025onwsiat1324,2025 ONWSIAT 1324 (CanLII),2025-11-07,0,0,0,0,0,0,0,,
2025onwsiat1325,2025 ONWSIAT 1325 (CanLII),2025-11-07,0,0,0,0,0,0,0,,
2025onwsiat1326,2025 ONWSIAT 1326 (CanLII),2025-11-07,0,0,0,0,0,0,0,,
2025onwsiat1327,2025 ONWSIAT 1327 (CanLII),2025-11-07,0,0,0,0,0,0,0,,
2025onwsiat1328,2025 ONWSIAT 1328 (CanLII),2025-11-07,0,0,0,0,0,0,1,,
2025onwsiat1329,2025 ONWSIAT 1329 (CanLII),2025-11-07,0,0,0,0,0,0,0,,
2025onwsiat1330,2025 ONWSIAT 1330 (CanLII),2025-11-07,0,0,0,0,0,0,0,,
2025onwsiat1331,2025 ONWSIAT 1331 (CanLII),2025-11-07,0,0,0,0,0,0,0,,
2025onwsiat1332,2025 ONWSIAT 1332 (CanLII),2025-11-07,0,0,0,0,0,0,0,,
2025onwsiat1333,2025 ONWSIAT 1333 (CanLII),2025-11-07,0,0,0,0,0,0,0,,
2025onwsiat1334,2025 ONWSIAT 1334 (CanLII),2025-11-10,0,0,0,0,0,0,0,,
2025onwsiat1335,2025 ONWSIAT 1335 (CanLII),2025-11-10,0,0,0,0,0,0,0,,
2025onwsiat1336,2025 ONWSIAT 1336 (CanLII),2025-11-10,0,0,0,0,0,0,1,,
2025onwsiat1337,2025 ONWSIAT 1337 (CanLII),2025-11-10,0,0,0,0,0,0,1,,
2025onwsiat1338,2025 ONWSIAT 1338 (CanLII),2025-11-12,0,0,0,0,0,0,0,,
2025onwsiat1339,2025 ONWSIAT 1339 (CanLII),2025-11-12,0,0,0,0,0,0,0,,
2025onwsiat1340,2025 ONWSIAT 1340 (CanLII),2025-11-13,0,0,0,0,0,0,0,,
2025onwsiat1341,2025 ONWSIAT 1341 (CanLII),2025-11-13,0,0,0,0,0,0,0,,
2025onwsiat1342,2025 ONWSIAT 1342 (CanLII),2025-11-13,0,0,0,0,0,0,0,,
2025onwsiat1343,2025 ONWSIAT 1343 (CanLII),2025-11-13,0,0,0,0,0,0,0,,
2025onwsiat1344,2025 ONWSIAT 1344 (CanLII),2025-11-13,0,0,0,0,0,0,0,,
2025onwsiat1345,2025 ONWSIAT 1345 (CanLII),2025-11-13,0,0,0,0,0,0,0,,
2025onwsiat1346,2025 ONWSIAT 1346 (CanLII),2025-11-13,0,0,0,0,0,0,0,,
2025onwsiat1347,2025 ONWSIAT 1347 (CanLII),2025-11-13,0,0,0,0,0,0,0,,
2025onwsiat1348,2025 ONWSIAT 1348 (CanLII),2025-11-13,0,0,0,0,0,0,0,,
2025onwsiat1349,2025 ONWSIAT 1349 (CanLII),2025-11-13,0,0,0,0,0,0,0,,
2025onwsiat1350,2025 ONWSIAT 1350 (CanLII),2025-11-13,0,0,0,0,0,0,0,,
2025onwsiat1351,2025 ONWSIAT 1351 (CanLII),2025-11-13,0,0,0,0,0,0,1,,
2025onwsiat1352,2025 ONWSIAT 1352 (CanLII),2025-11-13,0,0,0,0,0,0,0,,
2025onwsiat1353,2025 ONWSIAT 1353 (CanLII),2025-11-14,0,0,0,0,0,0,0,,
2025onwsiat1354,2025 ONWSIAT 1354 (CanLII),2025-11-14,0,0,0,0,0,0,0,,
2025onwsiat1355,2025 ONWSIAT 1355 (CanLII),2025-11-14,0,0,0,0,0,0,0,,
2025onwsiat1356,2025 ONWSIAT 1356 (CanLII),2025-11-14,0,0,0,0,0,0,0,,
2025onwsiat1357,2025 ONWSIAT 1357 (CanLII),2025-11-14,0,0,0,0,0,0,0,,
2025onwsiat1358,2025 ONWSIAT 1358 (CanLII),2025-11-14,1,1,0,0,0,0,0,,
2025onwsiat1359,2025 ONWSIAT 1359 (CanLII),2025-11-14,0,0,0,0,0,0,0,,
2025onwsiat1360,2025 ONWSIAT 1360 (CanLII),2025-11-14,0,0,0,0,0,0,0,,
2025onwsiat1361,2025 ONWSIAT 1361 (CanLII),2025-11-17,0,0,0,0,0,0,0,,
2025onwsiat1362,2025 ONWSIAT 1362 (CanLII),2025-11-17,0,0,0,0,0,0,0,,
2025onwsiat1363,2025 ONWSIAT 1363 (CanLII),2025-11-17,0,0,0,0,0,0,0,,
2025onwsiat1364,2025 ONWSIAT 1364 (CanLII),2025-11-18,0,0,0,0,0,0,0,,
2025onwsiat1365,2025 ONWSIAT 1365 (CanLII),2025-11-18,0,0,0,0,0,0,0,,
2025onwsiat1366,2025 ONWSIAT 1366 (CanLII),2025-11-18,0,0,0,0,0,0,0,,
2025onwsiat1367,2025 ONWSIAT 1367 (CanLII),2025-11-18,0,0,0,0,0,0,0,,
2025onwsiat1368,2025 ONWSIAT 1368 (CanLII),2025-11-18,0,0,0,0,0,0,0,,
2025onwsiat1369,2025 ONWSIAT 1369 (CanLII),2025-11-18,0,0,0,0,0,0,0,,
2025onwsiat1370,2025 ONWSIAT 1370 (CanLII),2025-11-19,0,0,0,0,0,0,0,,
2025onwsiat1371,2025 ONWSIAT 1371 (CanLII),2025-11-19,0,0,0,0,0,0,0,,
2025onwsiat1372,2025 ONWSIAT 1372 (CanLII),2025-11-19,0,0,0,0,0,0,0,,
2025onwsiat1373,2025 ONWSIAT 1373 (CanLII),2025-11-19,0,0,0,0,0,0,0,,
2025onwsiat1374,2025 ONWSIAT 1374 (CanLII),2025-11-19,0,0,0,0,0,0,0,,
2025onwsiat1375,2025 ONWSIAT 1375 (CanLII),2025-11-19,0,0,0,0,0,0,0,,
2025onwsiat1376,2025 ONWSIAT 1376 (CanLII),2025-11-20,0,0,0,0,0,0,0,,
2025onwsiat1377,2025 ONWSIAT 1377 (CanLII),2025-11-20,0,0,0,0,0,0,1,,
2025onwsiat1378,2025 ONWSIAT 1378 (CanLII),2025-11-20,0,0,0,0,0,0,0,,
2025onwsiat1379,2025 ONWSIAT 1379 (CanLII),2025-11-20,0,0,0,0,0,0,0,,
2025onwsiat1380,2025 ONWSIAT 1380 (CanLII),2025-11-20,0,0,0,0,0,0,0,,
2025onwsiat1381,2025 ONWSIAT 1381 (CanLII),2025-11-20,0,0,0,0,0,0,0,,
2025onwsiat1382,2025 ONWSIAT 1382 (CanLII),2025-11-20,0,0,0,0,0,0,0,,
2025onwsiat1383,2025 ONWSIAT 1383 (CanLII),2025-11-20,0,0,0,0,0,0,0,,
2025onwsiat1384,2025 ONWSIAT 1384 (CanLII),2025-11-20,0,0,0,0,0,0,0,,
2025onwsiat1385,2025 ONWSIAT 1385 (CanLII),2025-11-20,0,0,0,0,0,0,0,,
2025onwsiat1386,2025 ONWSIAT 1386 (CanLII),2025-11-20,0,0,0,0,0,0,0,,
2025onwsiat1387,2025 ONWSIAT 1387 (CanLII),2025-11-20,0,0,0,0,0,0,0,,
2025onwsiat1388,2025 ONWSIAT 1388 (CanLII),2025-11-21,0,0,0,0,0,0,0,,
2025onwsiat1389,2025 ONWSIAT 1389 (CanLII),2025-11-21,0,0,0,0,0,0,0,,
2025onwsiat1390,2025 ONWSIAT 1390 (CanLII),2025-11-21,0,0,0,0,1,0,0,,
2025onwsiat1391,2025 ONWSIAT 1391 (CanLII),2025-11-21,0,0,0,0,0,0,0,,
2025onwsiat1392,2025 ONWSIAT 1392 (CanLII),2025-11-21,0,0,0,0,0,0,0,,
2025onwsiat1393,2025 ONWSIAT 1393 (CanLII),2025-11-24,0,0,0,0,0,0,0,,
2025onwsiat1394,2025 ONWSIAT 1394 (CanLII),2025-11-24,0,0,0,0,0,0,0,,
2025onwsiat1395,2025 ONWSIAT 1395 (CanLII),2025-11-24,0,0,0,0,0,0,0,,
2025onwsiat1396,2025 ONWSIAT 1396 (CanLII),2025-11-24,0,0,0,0,0,0,0,,
2025onwsiat1397,2025 ONWSIAT 1397 (CanLII),2025-11-24,0,0,0,0,0,0,0,,
2025onwsiat1398,2025 ONWSIAT 1398 (CanLII),2025-11-25,0,0,0,0,0,0,0,,
2025onwsiat1399,2025 ONWSIAT 1399 (CanLII),2025-11-25,0,0,0,0,0,0,1,,
2025onwsiat1400,2025 ONWSIAT 1400 (CanLII),2025-11-26,0,0,0,0,0,0,0,,
2025onwsiat1401,2025 ONWSIAT 1401 (CanLII),2025-11-26,0,0,0,0,0,0,0,,
2025onwsiat1402,2025 ONWSIAT 1402 (CanLII),2025-11-26,0,0,0,0,0,0,0,,
2025onwsiat1403,2025 ONWSIAT 1403 (CanLII),2025-11-26,0,0,0,0,0,0,0,,
2025onwsiat1404,2025 ONWSIAT 1404 (CanLII),2025-11-26,0,0,0,0,0,0,0,,
2025onwsiat1405,2025 ONWSIAT 1405 (CanLII),2025-11-26,0,0,0,0,0,0,0,,
2025onwsiat1406,2025 ONWSIAT 1406 (CanLII),2025-11-26,0,0,0,0,0,0,0,,
2025onwsiat1407,2025 ONWSIAT 1407 (CanLII),2025-11-26,0,0,0,0,0,0,0,,
2025onwsiat1408,2025 ONWSIAT 1408 (CanLII),2025-11-26,0,0,0,0,0,0,0,,
2025onwsiat1409,2025 ONWSIAT 1409 (CanLII),2025-11-27,0,0,0,0,0,0,0,,
2025onwsiat1410,2025 ONWSIAT 1410 (CanLII),2025-11-27,0,0,0,0,0,0,0,,
2025onwsiat1411,2025 ONWSIAT 1411 (CanLII),2025-11-27,0,0,0,0,0,0,0,,
2025onwsiat1412,2025 ONWSIAT 1412 (CanLII),2025-11-27,0,0,0,0,0,0,0,,
2025onwsiat1413,2025 ONWSIAT 1413 (CanLII),2025-11-27,0,0,0,0,0,0,0,,
2025onwsiat1414,2025 ONWSIAT 1414 (CanLII),2025-11-27,0,0,0,0,0,0,1,,
2025onwsiat1415,2025 ONWSIAT 1415 (CanLII),2025-11-28,0,0,0,0,0,0,0,,
2025onwsiat1416,2025 ONWSIAT 1416 (CanLII),2025-11-28,0,0,0,0,0,0,0,,
2025onwsiat1417,2025 ONWSIAT 1417 (CanLII),2025-11-17,0,0,0,0,0,0,0,,
2025onwsiat1418,2025 ONWSIAT 1418 (CanLII),2025-11-28,0,0,0,0,0,0,0,,
2025onwsiat1419,2025 ONWSIAT 1419 (CanLII),2025-11-28,0,0,0,0,0,0,0,,
2025onwsiat1420,2025 ONWSIAT 1420 (CanLII),2025-11-28,0,0,0,0,0,0,0,,
2025onwsiat1421,2025 ONWSIAT 1421 (CanLII),2025-11-28,0,0,0,0,0,0,0,,
2025onwsiat1422,2025 ONWSIAT 1422 (CanLII),2025-11-28,0,0,0,0,0,0,0,,
2025onwsiat1423,2025 ONWSIAT 1423 (CanLII),2025-11-28,0,0,0,0,0,0,0,,
2025onwsiat1424,2025 ONWSIAT 1424 (CanLII),2025-12-01,0,0,0,0,0,0,0,,
2025onwsiat1425,2025 ONWSIAT 1425 (CanLII),2025-12-01,0,0,0,0,0,0,0,,
2025onwsiat1426,2025 ONWSIAT 1426 (CanLII),2025-12-01,0,0,0,0,0,0,0,,
2025onwsiat1427,2025 ONWSIAT 1427 (CanLII),2025-12-01,0,0,0,0,0,0,0,,
2025onwsiat1428,2025 ONWSIAT 1428 (CanLII),2025-12-02,0,0,0,0,0,0,0,,
2025onwsiat1429,2025 ONWSIAT 1429 (CanLII),2025-12-02,0,0,0,0,0,0,0,,
2025onwsiat1430,2025 ONWSIAT 1430 (CanLII),2025-12-02,0,0,0,0,0,0,0,,
2025onwsiat1431,2025 ONWSIAT 1431 (CanLII),2025-12-02,0,0,0,0,0,0,0,,
2025onwsiat1432,2025 ONWSIAT 1432 (CanLII),2025-12-02,0,0,0,0,0,0,0,,
2025onwsiat1433,2025 ONWSIAT 1433 (CanLII),2025-12-02,0,0,0,0,0,0,0,,
2025onwsiat1434,2025 ONWSIAT 1434 (CanLII),2025-12-02,0,0,0,0,0,0,0,,
2025onwsiat1435,2025 ONWSIAT 1435 (CanLII),2025-12-02,0,0,0,0,0,0,0,,
2025onwsiat1436,2025 ONWSIAT 1436 (CanLII),2025-12-02,0,0,0,0,0,0,0,,
2025onwsiat1437,2025 ONWSIAT 1437 (CanLII),2025-12-02,0,0,0,0,0,0,0,,
2025onwsiat1438,2025 ONWSIAT 1438 (CanLII),2025-12-02,0,0,0,0,0,0,0,,
2025onwsiat1439,2025 ONWSIAT 1439 (CanLII),2025-12-03,0,0,0,0,0,0,0,,
2025onwsiat1440,2025 ONWSIAT 1440 (CanLII),2025-12-04,0,0,0,0,0,0,0,,
2025onwsiat1441,2025 ONWSIAT 1441 (CanLII),2025-12-04,0,0,0,0,0,0,0,,
2025onwsiat1442,2025 ONWSIAT 1442 (CanLII),2025-12-04,0,0,0,0,0,0,0,,
2025onwsiat1443,2025 ONWSIAT 1443 (CanLII),2025-12-04,0,0,0,0,0,0,0,,
2025onwsiat1444,2025 ONWSIAT 1444 (CanLII),2025-12-04,0,0,0,0,0,0,0,,
2025onwsiat1445,2025 ONWSIAT 1445 (CanLII),2025-12-04,0,0,0,0,0,0,0,,
2025onwsiat1446,2025 ONWSIAT 1446 (CanLII),2025-12-04,0,0,0,0,0,0,0,,
2025onwsiat1447,2025 ONWSIAT 1447 (CanLII),2025-12-04,0,0,0,0,0,0,0,,
2025onwsiat1448,2025 ONWSIAT 1448 (CanLII),2025-12-05,0,0,0,0,0,0,0,,
2025onwsiat1449,2025 ONWSIAT 1449 (CanLII),2025-12-05,0,0,0,0,0,0,0,,
2025onwsiat1450,2025 ONWSIAT 1450 (CanLII),2025-12-05,0,0,0,0,0,0,0,,
2025onwsiat1451,2025 ONWSIAT 1451 (CanLII),2025-12-05,0,0,0,0,0,0,1,,
2025onwsiat1452,2025 ONWSIAT 1452 (CanLII),2025-12-05,0,0,0,0,0,0,0,,
2025onwsiat1453,2025 ONWSIAT 1453 (CanLII),2025-12-08,0,0,0,0,0,0,0,,
2025onwsiat1454,2025 ONWSIAT 1454 (CanLII),2025-12-08,0,0,0,0,0,0,0,,
2025onwsiat1455,2025 ONWSIAT 1455 (CanLII),2025-12-08,0,0,0,0,0,0,0,,
2025onwsiat1456,2025 ONWSIAT 1456 (CanLII),2025-12-08,0,0,0,0,0,0,0,,
2025onwsiat1457,2025 ONWSIAT 1457 (CanLII),2025-12-09,0,0,0,0,0,0,0,,
2025onwsiat1458,2025 ONWSIAT 1458 (CanLII),2025-12-09,0,0,0,0,0,0,0,,
2025onwsiat1459,2025 ONWSIAT 1459 (CanLII),2025-12-09,0,0,0,0,0,0,0,,
2025onwsiat1460,2025 ONWSIAT 1460 (CanLII),2025-12-09,0,0,0,0,0,0,0,,
2025onwsiat1461,2025 ONWSIAT 1461 (CanLII),2025-12-10,0,0,0,0,0,0,0,,
2025onwsiat1462,2025 ONWSIAT 1462 (CanLII),2025-12-10,0,0,0,0,0,0,0,,
2025onwsiat1463,2025 ONWSIAT 1463 (CanLII),2025-12-10,0,0,0,0,0,0,0,,
2025onwsiat1464,2025 ONWSIAT 1464 (CanLII),2025-12-10,0,0,0,0,0,0,0,,
2025onwsiat1465,2025 ONWSIAT 1465 (CanLII),2025-12-10,0,0,0,0,0,0,0,,
2025onwsiat1466,2025 ONWSIAT 1466 (CanLII),2025-12-11,0,0,0,0,0,0,0,,
2025onwsiat1467,2025 ONWSIAT 1467 (CanLII),2025-12-11,0,0,0,0,0,0,0,,
2025onwsiat1468,2025 ONWSIAT 1468 (CanLII),2025-12-11,0,0,0,0,0,0,0,,
2025onwsiat1469,2025 ONWSIAT 1469 (CanLII),2025-12-11,0,0,0,0,0,0,0,,
2025onwsiat1470,2025 ONWSIAT 1470 (CanLII),2025-12-11,0,0,0,0,0,0,0,,
2025onwsiat1471,2025 ONWSIAT 1471 (CanLII),2025-12-11,0,0,0,0,0,0,0,,
2025onwsiat1472,2025 ONWSIAT 1472 (CanLII),2025-12-11,0,0,0,0,0,0,0,,
2025onwsiat1473,2025 ONWSIAT 1473 (CanLII),2025-12-11,0,0,0,0,0,0,0,,
2025onwsiat1474,2025 ONWSIAT 1474 (CanLII),2025-12-11,0,0,0,0,0,0,0,,
2025onwsiat1475,2025 ONWSIAT 1475 (CanLII),2025-12-11,0,0,0,0,0,0,0,,
2025onwsiat1476,2025 ONWSIAT 1476 (CanLII),2025-12-11,0,0,0,0,0,0,0,,
2025onwsiat1477,2025 ONWSIAT 1477 (CanLII),2025-12-12,0,0,0,0,0,0,0,,
2025onwsiat1478,2025 ONWSIAT 1478 (CanLII),2025-12-12,0,0,0,0,0,0,0,,
2025onwsiat1479,2025 ONWSIAT 1479 (CanLII),2025-12-12,0,0,0,0,0,0,1,,
2025onwsiat1480,2025 ONWSIAT 1480 (CanLII),2025-12-12,0,0,0,0,0,0,1,,
2025onwsiat1481,2025 ONWSIAT 1481 (CanLII),2025-12-12,0,0,0,0,0,0,0,,
2025onwsiat1482,2025 ONWSIAT 1482 (CanLII),2025-12-12,0,0,0,0,0,0,0,,
2025onwsiat1483,2025 ONWSIAT 1483 (CanLII),2025-12-12,0,0,0,0,0,0,0,,
2025onwsiat1484,2025 ONWSIAT 1484 (CanLII),2025-12-12,0,0,0,0,0,0,0,,
2025onwsiat1485,2025 ONWSIAT 1485 (CanLII),2025-12-15,0,0,0,0,0,0,0,,
2025onwsiat1486,2025 ONWSIAT 1486 (CanLII),2025-12-15,0,0,0,0,0,0,0,,
2025onwsiat1487,2025 ONWSIAT 1487 (CanLII),2025-12-15,0,0,0,0,0,0,0,,
2025onwsiat1488,2025 ONWSIAT 1488 (CanLII),2025-12-15,0,0,0,0,0,0,0,,
2025onwsiat1489,2025 ONWSIAT 1489 (CanLII),2025-12-15,0,0,0,0,0,0,0,,
2025onwsiat1490,2025 ONWSIAT 1490 (CanLII),2025-12-15,0,0,0,0,0,0,0,,
2025onwsiat1491,2025 ONWSIAT 1491 (CanLII),2025-12-16,0,0,0,0,0,0,1,,
2025onwsiat1492,2025 ONWSIAT 1492 (CanLII),2025-12-16,0,0,0,0,0,0,0,,
2025onwsiat1493,2025 ONWSIAT 1493 (CanLII),2025-12-16,0,0,0,0,0,0,0,,
2025onwsiat1494,2025 ONWSIAT 1494 (CanLII),2025-12-16,0,0,0,0,0,0,0,,
2025onwsiat1495,2025 ONWSIAT 1495 (CanLII),2025-12-16,0,0,0,0,0,0,0,,
2025onwsiat1496,2025 ONWSIAT 1496 (CanLII),2025-12-16,0,0,0,0,0,0,0,,
2025onwsiat1497,2025 ONWSIAT 1497 (CanLII),2025-12-16,0,0,0,0,0,0,0,,
2025onwsiat1499,2025 ONWSIAT 1499 (CanLII),2025-12-16,0,0,0,0,0,0,0,,
2025onwsiat1500,2025 ONWSIAT 1500 (CanLII),2025-12-17,0,0,0,0,0,0,0,,
2025onwsiat1501,2025 ONWSIAT 1501 (CanLII),2025-12-17,0,0,0,0,0,0,0,,
2025onwsiat1502,2025 ONWSIAT 1502 (CanLII),2025-12-17,0,0,0,0,0,0,0,,
2025onwsiat1503,2025 ONWSIAT 1503 (CanLII),2025-12-17,0,0,0,0,0,0,0,,
2025onwsiat1504,2025 ONWSIAT 1504 (CanLII),2025-12-17,0,0,0,0,0,0,0,,
2025onwsiat1505,2025 ONWSIAT 1505 (CanLII),2025-12-17,0,0,0,0,0,0,0,,
2025onwsiat1506,2025 ONWSIAT 1506 (CanLII),2025-12-17,0,0,0,0,0,0,0,,
2025onwsiat1507,2025 ONWSIAT 1507 (CanLII),2025-12-17,0,0,0,0,0,0,0,,
2025onwsiat1508,2025 ONWSIAT 1508 (CanLII),2025-12-17,0,0,0,0,0,0,0,,
2025onwsiat1509,2025 ONWSIAT 1509 (CanLII),2025-12-17,0,0,0,0,0,0,0,,
2025onwsiat1510,2025 ONWSIAT 1510 (CanLII),2025-12-18,0,0,0,0,0,0,0,,
2025onwsiat1511,2025 ONWSIAT 1511 (CanLII),2025-12-18,0,0,0,0,0,0,0,,
2025onwsiat1512,2025 ONWSIAT 1512 (CanLII),2025-12-18,0,0,0,0,0,0,0,,
2025onwsiat1513,2025 ONWSIAT 1513 (CanLII),2025-12-18,0,0,0,0,0,0,0,,
2025onwsiat1514,2025 ONWSIAT 1514 (CanLII),2025-12-18,0,0,0,0,0,0,0,,
2025onwsiat1515,2025 ONWSIAT 1515 (CanLII),2025-12-18,0,0,0,0,0,0,0,,
2025onwsiat1516,2025 ONWSIAT 1516 (CanLII),2025-12-18,0,0,0,0,0,0,0,,
2025onwsiat1517,2025 ONWSIAT 1517 (CanLII),2025-12-18,0,0,0,0,0,0,0,,
2025onwsiat1518,2025 ONWSIAT 1518 (CanLII),2025-12-18,0,0,0,0,0,0,0,,
2025onwsiat1519,2025 ONWSIAT 1519 (CanLII),2025-12-18,0,0,0,0,0,0,0,,
2025onwsiat1520,2025 ONWSIAT 1520 (CanLII),2025-12-18,0,0,0,0,0,0,0,,
2025onwsiat1521,2025 ONWSIAT 1521 (CanLII),2025-12-19,0,0,0,0,0,0,0,,
2025onwsiat1522,2025 ONWSIAT 1522 (CanLII),2025-12-19,0,0,0,0,0,0,0,,
2025onwsiat1523,2025 ONWSIAT 1523 (CanLII),2025-12-19,0,0,0,0,0,0,0,,
2025onwsiat1524,2025 ONWSIAT 1524 (CanLII),2025-12-19,0,0,0,0,0,0,0,,
2025onwsiat1525,2025 ONWSIAT 1525 (CanLII),2025-12-19,0,0,0,0,0,0,0,,
2025onwsiat1526,2025 ONWSIAT 1526 (CanLII),2025-12-19,0,0,0,0,0,0,0,,
2025onwsiat1527,2025 ONWSIAT 1527 (CanLII),2025-12-22,0,0,0,0,0,0,0,,
2025onwsiat1528,2025 ONWSIAT 1528 (CanLII),2025-12-22,0,0,0,0,0,0,1,,
2025onwsiat1529,2025 ONWSIAT 1529 (CanLII),2025-12-22,0,0,0,0,0,0,0,,
2025onwsiat1530,2025 ONWSIAT 1530 (CanLII),2025-12-22,0,0,0,0,0,0,0,,
2025onwsiat1531,2025 ONWSIAT 1531 (CanLII),2025-12-22,0,0,0,0,0,0,0,,
2025onwsiat1532,2025 ONWSIAT 1532 (CanLII),2025-12-22,0,0,0,0,0,0,0,,
2025onwsiat1533,2025 ONWSIAT 1533 (CanLII),2025-12-22,0,0,0,0,0,0,0,,
2025onwsiat1534,2025 ONWSIAT 1534 (CanLII),2025-12-22,0,0,0,0,0,0,0,,
2025onwsiat1535,2025 ONWSIAT 1535 (CanLII),2025-12-22,0,0,0,0,0,0,0,,
2025onwsiat1536,2025 ONWSIAT 1536 (CanLII),2025-12-22,0,0,0,0,0,0,0,,
2025onwsiat1537,2025 ONWSIAT 1537 (CanLII),2025-12-22,0,0,0,0,0,0,1,,
2025onwsiat1538,2025 ONWSIAT 1538 (CanLII),2025-12-23,0,0,0,0,0,0,0,,
2025onwsiat1539,2025 ONWSIAT 1539 (CanLII),2025-12-23,0,0,0,0,0,0,0,,
2025onwsiat1540,2025 ONWSIAT 1540 (CanLII),2025-12-23,0,0,0,0,0,0,0,,
2025onwsiat1541,2025 ONWSIAT 1541 (CanLII),2025-12-23,0,0,0,0,0,0,0,,
2025onwsiat1542,2025 ONWSIAT 1542 (CanLII),2025-12-23,0,0,0,0,0,0,0,,
2025onwsiat1543,2025 ONWSIAT 1543 (CanLII),2025-12-24,0,0,0,0,0,0,1,,
2025onwsiat1544,2025 ONWSIAT 1544 (CanLII),2025-12-29,0,0,0,0,0,0,0,,
2025onwsiat1545,2025 ONWSIAT 1545 (CanLII),2025-12-29,0,0,0,0,0,0,0,,
2025onwsiat1546,2025 ONWSIAT 1546 (CanLII),2025-12-29,0,0,0,0,0,0,0,,
2025onwsiat1547,2025 ONWSIAT 1547 (CanLII),2025-12-29,0,0,0,0,0,0,0,,
2025onwsiat1548,2025 ONWSIAT 1548 (CanLII),2025-12-29,0,0,0,0,0,0,0,,
2025onwsiat1549,2025 ONWSIAT 1549 (CanLII),2025-12-29,0,0,0,0,0,0,0,,
2025onwsiat1550,2025 ONWSIAT 1550 (CanLII),2025-12-30,0,0,0,0,0,0,0,,
2025onwsiat1551,2025 ONWSIAT 1551 (CanLII),2025-12-30,0,0,0,1,0,0,0,,
2025onwsiat1552,2025 ONWSIAT 1552 (CanLII),2025-12-30,0,0,0,0,0,0,0,,
2025onwsiat1553,2025 ONWSIAT 1553 (CanLII),2025-12-30,0,0,0,0,0,0,0,,
2025onwsiat1554,2025 ONWSIAT 1554 (CanLII),2025-12-30,0,0,0,0,0,0,0,,
2025onwsiat1555,2025 ONWSIAT 1555 (CanLII),2025-12-31,0,0,0,0,0,0,0,,
2025onwsiat1556,2025 ONWSIAT 1556 (CanLII),2025-12-31,0,0,0,0,0,0,0,,
2025onwsiat1557,2025 ONWSIAT 1557 (CanLII),2025-12-31,0,0,0,0,0,0,0,,
2025onwsiat1558,2025 ONWSIAT 1558 (CanLII),2025-12-31,0,0,0,0,0,0,0,,
2025onwsiat1559,2025 ONWSIAT 1559 (CanLII),2025-12-31,0,0,0,0,0,0,0,,
2025onwsiat1560,2025 ONWSIAT 1560 (CanLII),2025-12-31,0,0,0,0,0,0,0,,
2025onwsiat1561,2025 ONWSIAT 1561 (CanLII),2025-12-31,0,0,0,0,0,0,0,,
2025onwsiat1562,2025 ONWSIAT 1562 (CanLII),2025-12-31,0,0,0,0,0,0,0,,
2026onwsiat1,2026 ONWSIAT 1 (CanLII),2026-01-02,0,0,0,0,0,0,0,,
2026onwsiat2,2026 ONWSIAT 2 (CanLII),2026-01-02,0,0,0,0,0,0,0,,
2026onwsiat3,2026 ONWSIAT 3 (CanLII),2026-01-02,0,0,0,0,0,0,0,,
2026onwsiat4,2026 ONWSIAT 4 (CanLII),2026-01-05,0,0,0,0,0,0,0,,
2026onwsiat5,2026 ONWSIAT 5 (CanLII),2026-01-05,0,0,0,0,0,0,0,,
2026onwsiat6,2026 ONWSIAT 6 (CanLII),2026-01-05,0,0,0,0,0,0,0,,
2026onwsiat7,2026 ONWSIAT 7 (CanLII),2026-01-05,0,0,0,0,0,0,0,,
2026onwsiat8,2026 ONWSIAT 8 (CanLII),2026-01-05,0,0,0,0,0,0,0,,
2026onwsiat9,2026 ONWSIAT 9 (CanLII),2026-01-06,0,0,0,0,0,0,1,,
2026onwsiat10,2026 ONWSIAT 10 (CanLII),2026-01-06,0,0,0,0,0,0,0,,
2026onwsiat11,2026 ONWSIAT 11 (CanLII),2026-01-07,0,0,0,0,0,0,0,,
2026onwsiat12,2026 ONWSIAT 12 (CanLII),2026-01-07,0,0,0,0,0,0,0,,
2026onwsiat13,2026 ONWSIAT 13 (CanLII),2026-01-07,0,0,0,0,0,0,0,,
2026onwsiat14,2026 ONWSIAT 14 (CanLII),2026-01-07,0,0,0,0,0,0,0,,
2026onwsiat15,2026 ONWSIAT 15 (CanLII),2026-01-08,0,0,0,0,0,0,0,,
2026onwsiat16,2026 ONWSIAT 16 (CanLII),2026-01-08,0,0,0,0,0,0,0,,
2026onwsiat17,2026 ONWSIAT 17 (CanLII),2026-01-08,0,0,0,0,0,0,1,,
2026onwsiat18,2026 ONWSIAT 18 (CanLII),2026-01-08,0,0,0,0,0,0,0,,
2026onwsiat19,2026 ONWSIAT 19 (CanLII),2026-01-08,0,0,0,0,0,0,0,,
2026onwsiat20,2026 ONWSIAT 20 (CanLII),2026-01-08,0,0,0,0,0,0,0,,
2026onwsiat21,2026 ONWSIAT 21 (CanLII),2026-01-08,0,0,0,0,0,0,0,,
2026onwsiat22,2026 ONWSIAT 22 (CanLII),2026-01-09,0,0,0,0,0,0,0,,
2026onwsiat23,2026 ONWSIAT 23 (CanLII),2026-01-09,0,0,0,0,0,0,0,,
2026onwsiat24,2026 ONWSIAT 24 (CanLII),2026-01-09,0,0,0,0,0,0,0,,
2026onwsiat25,2026 ONWSIAT 25 (CanLII),2026-01-09,0,0,0,0,0,0,0,,
2026onwsiat26,2026 ONWSIAT 26 (CanLII),2026-01-09,0,0,0,0,0,0,0,,
2026onwsiat27,2026 ONWSIAT 27 (CanLII),2026-01-09,0,0,0,0,0,0,0,,
2026onwsiat28,2026 ONWSIAT 28 (CanLII),2026-01-09,0,0,0,0,0,0,0,,
2026onwsiat29,2026 ONWSIAT 29 (CanLII),2026-01-12,0,0,0,0,0,0,0,,
2026onwsiat30,2026 ONWSIAT 30 (CanLII),2026-01-12,0,0,0,0,0,0,0,,
2026onwsiat31,2026 ONWSIAT 31 (CanLII),2026-01-12,0,0,0,0,0,0,0,,
2026onwsiat32,2026 ONWSIAT 32 (CanLII),2026-01-13,0,0,0,0,0,0,0,,
2026onwsiat33,2026 ONWSIAT 33 (CanLII),2026-01-13,0,0,0,0,0,0,0,,
2026onwsiat34,2026 ONWSIAT 34 (CanLII),2026-01-19,0,0,0,0,0,0,0,,
2026onwsiat35,2026 ONWSIAT 35 (CanLII),2026-01-13,0,0,0,0,0,0,0,,
2026onwsiat36,2026 ONWSIAT 36 (CanLII),2026-01-13,0,0,0,0,0,0,0,,
2026onwsiat37,2026 ONWSIAT 37 (CanLII),2026-01-14,0,0,0,0,0,0,0,,
2026onwsiat38,2026 ONWSIAT 38 (CanLII),2026-01-14,0,0,0,0,0,0,0,,
2026onwsiat39,2026 ONWSIAT 39 (CanLII),2026-01-14,0,0,0,0,0,0,1,,
2026onwsiat40,2026 ONWSIAT 40 (CanLII),2026-01-14,0,0,0,0,0,0,0,,
2026onwsiat41,2026 ONWSIAT 41 (CanLII),2026-01-14,0,0,0,0,0,0,0,,
2026onwsiat42,2026 ONWSIAT 42 (CanLII),2026-01-14,0,0,0,0,0,0,0,,
2026onwsiat43,2026 ONWSIAT 43 (CanLII),2026-01-15,0,0,0,0,0,0,0,,
2026onwsiat44,2026 ONWSIAT 44 (CanLII),2026-01-15,0,0,0,0,0,0,0,,
2026onwsiat45,2026 ONWSIAT 45 (CanLII),2026-01-15,0,0,0,0,0,0,1,,
2026onwsiat46,2026 ONWSIAT 46 (CanLII),2026-01-15,0,0,0,0,0,0,1,,
2026onwsiat47,2026 ONWSIAT 47 (CanLII),2026-01-16,0,0,0,0,0,0,0,,
2026onwsiat48,2026 ONWSIAT 48 (CanLII),2026-01-16,0,0,0,0,0,0,0,,
2026onwsiat49,2026 ONWSIAT 49 (CanLII),2026-01-16,0,0,0,0,0,0,0,,
2026onwsiat50,2026 ONWSIAT 50 (CanLII),2026-01-16,0,0,0,0,0,0,0,,
2026onwsiat51,2026 ONWSIAT 51 (CanLII),2026-01-16,0,0,0,0,0,0,1,,
2026onwsiat52,2026 ONWSIAT 52 (CanLII),2026-01-16,0,0,0,0,0,0,0,,
2026onwsiat53,2026 ONWSIAT 53 (CanLII),2026-01-16,0,0,0,0,0,0,0,,
2026onwsiat54,2026 ONWSIAT 54 (CanLII),2026-01-16,0,0,0,0,0,0,0,,
2026onwsiat55,2026 ONWSIAT 55 (CanLII),2026-01-16,0,0,0,0,0,0,0,,
2026onwsiat56,2026 ONWSIAT 56 (CanLII),2026-01-16,0,0,0,0,0,0,0,,
2026onwsiat57,2026 ONWSIAT 57 (CanLII),2026-01-16,0,0,0,0,0,0,0,,
2026onwsiat58,2026 ONWSIAT 58 (CanLII),2026-01-19,0,0,0,0,0,0,0,,
2026onwsiat59,2026 ONWSIAT 59 (CanLII),2026-01-19,0,0,0,0,0,0,0,,
2026onwsiat60,2026 ONWSIAT 60 (CanLII),2026-01-19,0,0,0,0,0,0,0,,
2026onwsiat61,2026 ONWSIAT 61 (CanLII),2026-01-19,0,0,0,0,0,0,0,,
2026onwsiat62,2026 ONWSIAT 62 (CanLII),2026-01-19,0,0,0,0,0,0,0,,
2026onwsiat63,2026 ONWSIAT 63 (CanLII),2026-01-19,0,0,0,0,0,0,1,,
2026onwsiat64,2026 ONWSIAT 64 (CanLII),2026-01-19,0,0,0,0,0,0,0,,
2026onwsiat66,2026 ONWSIAT 66 (CanLII),2026-01-19,0,0,0,0,0,0,1,,
2026onwsiat67,2026 ONWSIAT 67 (CanLII),2026-01-19,0,0,0,0,0,0,0,,
2026onwsiat68,2026 ONWSIAT 68 (CanLII),2026-01-20,0,0,0,0,0,0,0,,
2026onwsiat69,2026 ONWSIAT 69 (CanLII),2026-01-20,0,0,0,0,0,0,0,,
2026onwsiat70,2026 ONWSIAT 70 (CanLII),2026-01-20,0,0,0,0,0,0,0,,
2026onwsiat71,2026 ONWSIAT 71 (CanLII),2026-01-20,1,0,0,0,0,0,0,,
2026onwsiat72,2026 ONWSIAT 72 (CanLII),2026-01-20,0,0,0,0,0,0,0,,
2026onwsiat73,2026 ONWSIAT 73 (CanLII),2026-01-20,0,0,0,0,0,0,0,,
2026onwsiat74,2026 ONWSIAT 74 (CanLII),2026-01-20,0,0,0,0,0,0,0,,
2026onwsiat75,2026 ONWSIAT 75 (CanLII),2026-01-20,0,0,0,0,0,0,0,,
2026onwsiat76,2026 ONWSIAT 76 (CanLII),2026-01-20,0,0,0,0,0,0,0,,
2026onwsiat77,2026 ONWSIAT 77 (CanLII),2026-01-20,0,0,0,0,0,0,0,,
2026onwsiat78,2026 ONWSIAT 78 (CanLII),2026-01-20,0,0,0,0,0,0,0,,
2026onwsiat79,2026 ONWSIAT 79 (CanLII),2026-01-21,0,0,0,0,0,0,0,,
2026onwsiat80,2026 ONWSIAT 80 (CanLII),2026-01-21,0,0,0,0,0,0,1,,
2026onwsiat81,2026 ONWSIAT 81 (CanLII),2026-01-21,0,0,0,0,0,0,0,,
2026onwsiat82,2026 ONWSIAT 82 (CanLII),2026-01-21,0,0,0,0,0,0,0,,
2026onwsiat83,2026 ONWSIAT 83 (CanLII),2026-01-21,0,0,0,0,0,0,0,,
2026onwsiat84,2026 ONWSIAT 84 (CanLII),2026-01-22,0,0,0,0,0,0,0,,
2026onwsiat85,2026 ONWSIAT 85 (CanLII),2026-01-22,0,0,0,0,0,0,0,,
2026onwsiat86,2026 ONWSIAT 86 (CanLII),2026-01-22,0,0,0,0,0,0,0,,
2026onwsiat87,2026 ONWSIAT 87 (CanLII),2026-01-22,0,0,0,0,0,0,0,,
2026onwsiat88,2026 ONWSIAT 88 (CanLII),2026-01-22,0,0,0,0,0,0,0,,
2026onwsiat89,2026 ONWSIAT 89 (CanLII),2026-01-23,0,0,0,0,0,0,0,,
2026onwsiat90,2026 ONWSIAT 90 (CanLII),2026-01-23,0,0,0,0,0,0,0,,
2026onwsiat91,2026 ONWSIAT 91 (CanLII),2026-01-23,0,0,0,0,0,0,0,,
2026onwsiat92,2026 ONWSIAT 92 (CanLII),2026-01-23,0,0,0,0,0,0,0,,
2026onwsiat93,2026 ONWSIAT 93 (CanLII),2026-01-23,0,0,0,0,0,0,0,,
2026onwsiat94,2026 ONWSIAT 94 (CanLII),2026-01-23,0,0,0,0,0,0,0,,
2026onwsiat95,2026 ONWSIAT 95 (CanLII),2026-01-23,1,0,0,0,0,0,0,,
2026onwsiat96,2026 ONWSIAT 96 (CanLII),2026-01-26,0,0,0,0,0,0,0,,
2026onwsiat97,2026 ONWSIAT 97 (CanLII),2026-01-26,0,0,0,1,0,0,1,,
2026onwsiat98,2026 ONWSIAT 98 (CanLII),2026-01-26,0,0,0,0,0,0,0,,
2026onwsiat99,2026 ONWSIAT 99 (CanLII),2026-01-26,0,0,0,0,0,0,0,,
2026onwsiat100,2026 ONWSIAT 100 (CanLII),2026-01-27,0,0,0,0,0,0,0,,
2026onwsiat102,2026 ONWSIAT 102 (CanLII),2026-01-27,1,0,0,0,0,0,0,,
2026onwsiat103,2026 ONWSIAT 103 (CanLII),2026-01-27,0,0,0,0,0,0,0,,
2026onwsiat104,2026 ONWSIAT 104 (CanLII),2026-01-28,0,0,0,0,0,0,0,,
2026onwsiat105,2026 ONWSIAT 105 (CanLII),2026-01-28,0,0,0,0,0,0,0,,
2026onwsiat106,2026 ONWSIAT 106 (CanLII),2026-01-28,0,0,0,0,0,0,0,,
2026onwsiat107,2026 ONWSIAT 107 (CanLII),2026-01-28,1,0,0,0,0,0,0,,
2026onwsiat108,2026 ONWSIAT 108 (CanLII),2026-01-28,1,0,0,0,0,0,1,,
2026onwsiat109,2026 ONWSIAT 109 (CanLII),2026-01-28,0,0,0,0,0,0,0,,
2026onwsiat110,2026 ONWSIAT 110 (CanLII),2026-01-29,0,0,0,0,0,0,0,,
2026onwsiat111,2026 ONWSIAT 111 (CanLII),2026-01-29,1,0,0,0,0,0,0,,
2026onwsiat112,2026 ONWSIAT 112 (CanLII),2026-01-29,0,0,0,0,0,0,0,,
2026onwsiat113,2026 ONWSIAT 113 (CanLII),2026-01-29,0,0,0,0,0,0,0,,
2026onwsiat114,2026 ONWSIAT 114 (CanLII),2026-01-30,0,0,0,0,0,0,0,,
2026onwsiat115,2026 ONWSIAT 115 (CanLII),2026-01-30,1,0,0,0,0,0,0,,
2026onwsiat116,2026 ONWSIAT 116 (CanLII),2026-01-30,0,0,0,0,0,0,0,,
2026onwsiat117,2026 ONWSIAT 117 (CanLII),2026-01-30,0,0,0,0,0,0,1,,
2026onwsiat118,2026 ONWSIAT 118 (CanLII),2026-01-30,0,0,0,0,0,0,0,,
2026onwsiat119,2026 ONWSIAT 119 (CanLII),2026-01-30,0,0,0,0,0,0,0,,
2026onwsiat120,2026 ONWSIAT 120 (CanLII),2026-02-02,0,0,0,0,0,0,0,,
2026onwsiat121,2026 ONWSIAT 121 (CanLII),2026-02-02,0,0,0,0,0,0,1,,
2026onwsiat122,2026 ONWSIAT 122 (CanLII),2026-02-02,0,0,0,0,0,0,0,,
2026onwsiat123,2026 ONWSIAT 123 (CanLII),2026-02-02,0,0,0,0,0,0,1,,
2026onwsiat124,2026 ONWSIAT 124 (CanLII),2026-02-03,0,0,0,0,0,0,1,,
2026onwsiat125,2026 ONWSIAT 125 (CanLII),2026-02-03,0,0,0,0,0,0,0,,
2026onwsiat126,2026 ONWSIAT 126 (CanLII),2026-02-03,0,0,0,0,0,0,1,,
2026onwsiat127,2026 ONWSIAT 127 (CanLII),2026-02-03,1,0,0,0,0,0,0,,
2026onwsiat128,2026 ONWSIAT 128 (CanLII),2026-02-03,0,0,0,0,0,0,0,,
2026onwsiat129,2026 ONWSIAT 129 (CanLII),2026-02-03,0,0,0,0,0,0,1,,
2026onwsiat130,2026 ONWSIAT 130 (CanLII),2026-02-03,1,0,0,0,0,0,0,,
2026onwsiat131,2026 ONWSIAT 131 (CanLII),2026-02-04,1,0,0,0,0,0,0,,
2026onwsiat132,2026 ONWSIAT 132 (CanLII),2026-02-04,0,0,0,0,0,0,1,,
2026onwsiat133,2026 ONWSIAT 133 (CanLII),2026-02-04,0,0,0,0,0,0,0,,
2026onwsiat134,2026 ONWSIAT 134 (CanLII),2026-02-04,0,0,0,0,0,0,0,,
2026onwsiat135,2026 ONWSIAT 135 (CanLII),2026-02-05,0,0,0,0,0,0,0,,
2026onwsiat136,2026 ONWSIAT 136 (CanLII),2026-02-05,0,0,0,0,0,0,0,,
2026onwsiat137,2026 ONWSIAT 137 (CanLII),2026-02-05,0,0,0,0,0,0,0,,
2026onwsiat138,2026 ONWSIAT 138 (CanLII),2026-02-05,0,0,0,0,0,0,0,,
2026onwsiat139,2026 ONWSIAT 139 (CanLII),2026-02-06,0,0,0,0,1,0,0,,
2026onwsiat140,2026 ONWSIAT 140 (CanLII),2026-02-06,1,0,0,0,0,0,1,,
2026onwsiat141,2026 ONWSIAT 141 (CanLII),2026-02-06,0,0,0,0,0,0,0,,
2026onwsiat142,2026 ONWSIAT 142 (CanLII),2026-02-06,0,0,0,0,0,0,0,,
2026onwsiat143,2026 ONWSIAT 143 (CanLII),2026-02-06,0,0,0,0,0,0,1,,
2026onwsiat144,2026 ONWSIAT 144 (CanLII),2026-02-09,0,0,0,0,0,0,0,,
2026onwsiat145,2026 ONWSIAT 145 (CanLII),2026-02-09,0,0,0,0,0,0,0,,
2026onwsiat146,2026 ONWSIAT 146 (CanLII),2026-02-09,0,0,0,0,0,0,0,,
2026onwsiat147,2026 ONWSIAT 147 (CanLII),2026-02-09,0,0,0,0,0,0,0,,
2026onwsiat148,2026 ONWSIAT 148 (CanLII),2026-02-09,0,0,0,0,0,0,0,,